RecordNumber,EventRecordId,TimeCreated,EventId,Level,Provider,Channel,ProcessId,ThreadId,Computer,ChunkNumber,UserId,MapDescription,UserName,RemoteHost,PayloadData1,PayloadData2,PayloadData3,PayloadData4,PayloadData5,PayloadData6,ExecutableInfo,HiddenRecord,SourceFile,Keywords,ExtraDataOffset,Payload
1,9308,2021-11-03 08:15:14.7894479,7045,Info,Service Control Manager,System,484,2512,FS03.offsec.lan,0,S-1-5-21-4230534742-2542757381-3142984815-1111,A new service was installed in the system,,,Name: IyMjIyMjIyMjIyMjIyMjIyMjIyMjIyMjIyMjIyMjIyMjIyMjIyMjIyMjIyMjIyMjIyMjIyMjIyMjIyMjIyMjIyMjIyMjIyMjIyMjIyMjIyMjIyMjIyMjIyMjIyMjIyMjIw0KIyBUaGlzIFBvd2Vyc2,StartType: demand start,Account: LocalSystem,,,,"c:\windows\system32\cmd.exe /c powershell -command ""Get-Service ""seg1"" | select -Expand DisplayName |out-file -append tmp_payload.txt""",False,"EVTX-to-MITRE-Attack\TA0002-Execution\T1569.002-Service execution\ID7000,7009,7045-Payload deployed via service - Tchopper.evtx","Audit success, classic",0,"{""EventData"":{""Data"":[{""@Name"":""ServiceName"",""#text"":""IyMjIyMjIyMjIyMjIyMjIyMjIyMjIyMjIyMjIyMjIyMjIyMjIyMjIyMjIyMjIyMjIyMjIyMjIyMjIyMjIyMjIyMjIyMjIyMjIyMjIyMjIyMjIyMjIyMjIyMjIyMjIyMjIw0KIyBUaGlzIFBvd2Vyc2""},{""@Name"":""ImagePath"",""#text"":""c:\\windows\\system32\\cmd.exe /c powershell -command \""Get-Service \""seg1\"" | select -Expand DisplayName |out-file -append tmp_payload.txt\""""},{""@Name"":""ServiceType"",""#text"":""user mode service""},{""@Name"":""StartType"",""#text"":""demand start""},{""@Name"":""AccountName"",""#text"":""LocalSystem""}]}}"
2,9309,2021-11-03 08:15:15.2269567,7009,Error,Service Control Manager,System,484,2512,FS03.offsec.lan,0,,,,,,,,,,,,False,"EVTX-to-MITRE-Attack\TA0002-Execution\T1569.002-Service execution\ID7000,7009,7045-Payload deployed via service - Tchopper.evtx","Audit success, classic",0,"{""EventData"":{""Data"":[{""@Name"":""param1"",""#text"":""30000""},{""@Name"":""param2"",""#text"":""IyMjIyMjIyMjIyMjIyMjIyMjIyMjIyMjIyMjIyMjIyMjIyMjIyMjIyMjIyMjIyMjIyMjIyMjIyMjIyMjIyMjIyMjIyMjIyMjIyMjIyMjIyMjIyMjIyMjIyMjIyMjIyMjIw0KIyBUaGlzIFBvd2Vyc2""}],""Binary"":""73-00-65-00-67-00-31-00-00-00""}}"
3,9310,2021-11-03 08:15:15.2269567,7000,Error,Service Control Manager,System,484,2512,FS03.offsec.lan,0,,,,,,,,,,,,False,"EVTX-to-MITRE-Attack\TA0002-Execution\T1569.002-Service execution\ID7000,7009,7045-Payload deployed via service - Tchopper.evtx","Audit success, classic",0,"{""EventData"":{""Data"":[{""@Name"":""param1"",""#text"":""IyMjIyMjIyMjIyMjIyMjIyMjIyMjIyMjIyMjIyMjIyMjIyMjIyMjIyMjIyMjIyMjIyMjIyMjIyMjIyMjIyMjIyMjIyMjIyMjIyMjIyMjIyMjIyMjIyMjIyMjIyMjIyMjIw0KIyBUaGlzIFBvd2Vyc2""},{""@Name"":""param2"",""#text"":""%%1053""}],""Binary"":""73-00-65-00-67-00-31-00-00-00""}}"
4,9311,2021-11-03 08:15:16.2957947,7045,Info,Service Control Manager,System,484,2512,FS03.offsec.lan,0,S-1-5-21-4230534742-2542757381-3142984815-1111,A new service was installed in the system,,,Name: hlbGwgc2NyaXB0IGluY2x1ZGVzIHRocmVlIG9wdGlvbnMgZm9yIEVQUyBkYXRhIGNvbGxlY3Rpb246DQojDQojIE9wdGlvbiAxKSBTY2FuIHRoZSBldmVudCBsb2cocykgb2YgdGhlIGxvY2FsIFdp,StartType: demand start,Account: LocalSystem,,,,"c:\windows\system32\cmd.exe /c powershell -command ""Get-Service ""seg2"" | select -Expand DisplayName |out-file -append tmp_payload.txt""",False,"EVTX-to-MITRE-Attack\TA0002-Execution\T1569.002-Service execution\ID7000,7009,7045-Payload deployed via service - Tchopper.evtx","Audit success, classic",0,"{""EventData"":{""Data"":[{""@Name"":""ServiceName"",""#text"":""hlbGwgc2NyaXB0IGluY2x1ZGVzIHRocmVlIG9wdGlvbnMgZm9yIEVQUyBkYXRhIGNvbGxlY3Rpb246DQojDQojIE9wdGlvbiAxKSBTY2FuIHRoZSBldmVudCBsb2cocykgb2YgdGhlIGxvY2FsIFdp""},{""@Name"":""ImagePath"",""#text"":""c:\\windows\\system32\\cmd.exe /c powershell -command \""Get-Service \""seg2\"" | select -Expand DisplayName |out-file -append tmp_payload.txt\""""},{""@Name"":""ServiceType"",""#text"":""user mode service""},{""@Name"":""StartType"",""#text"":""demand start""},{""@Name"":""AccountName"",""#text"":""LocalSystem""}]}}"
5,9312,2021-11-03 08:15:16.7020326,7009,Error,Service Control Manager,System,484,2512,FS03.offsec.lan,0,,,,,,,,,,,,False,"EVTX-to-MITRE-Attack\TA0002-Execution\T1569.002-Service execution\ID7000,7009,7045-Payload deployed via service - Tchopper.evtx","Audit success, classic",0,"{""EventData"":{""Data"":[{""@Name"":""param1"",""#text"":""30000""},{""@Name"":""param2"",""#text"":""hlbGwgc2NyaXB0IGluY2x1ZGVzIHRocmVlIG9wdGlvbnMgZm9yIEVQUyBkYXRhIGNvbGxlY3Rpb246DQojDQojIE9wdGlvbiAxKSBTY2FuIHRoZSBldmVudCBsb2cocykgb2YgdGhlIGxvY2FsIFdp""}],""Binary"":""73-00-65-00-67-00-32-00-00-00""}}"
6,9313,2021-11-03 08:15:16.7020326,7000,Error,Service Control Manager,System,484,2512,FS03.offsec.lan,0,,,,,,,,,,,,False,"EVTX-to-MITRE-Attack\TA0002-Execution\T1569.002-Service execution\ID7000,7009,7045-Payload deployed via service - Tchopper.evtx","Audit success, classic",0,"{""EventData"":{""Data"":[{""@Name"":""param1"",""#text"":""hlbGwgc2NyaXB0IGluY2x1ZGVzIHRocmVlIG9wdGlvbnMgZm9yIEVQUyBkYXRhIGNvbGxlY3Rpb246DQojDQojIE9wdGlvbiAxKSBTY2FuIHRoZSBldmVudCBsb2cocykgb2YgdGhlIGxvY2FsIFdp""},{""@Name"":""param2"",""#text"":""%%1053""}],""Binary"":""73-00-65-00-67-00-32-00-00-00""}}"
7,9314,2021-11-03 08:15:17.7758982,7045,Info,Service Control Manager,System,484,2512,FS03.offsec.lan,0,S-1-5-21-4230534742-2542757381-3142984815-1111,A new service was installed in the system,,,Name: bmRvd3MgaG9zdCB0byBkZXRlcm1pbmUgdGhlIEV2ZW50cyBQZXIgU2Vjb25kIA0KIyAgICAgICAgICAgKEVQUykgcmF0ZS4NCiMgT3B0aW9uIDIpIFNjYW4gYSBsaXN0IG9mIElQIGFkZHJlc3Nlcy,StartType: demand start,Account: LocalSystem,,,,"c:\windows\system32\cmd.exe /c powershell -command ""Get-Service ""seg3"" | select -Expand DisplayName |out-file -append tmp_payload.txt""",False,"EVTX-to-MITRE-Attack\TA0002-Execution\T1569.002-Service execution\ID7000,7009,7045-Payload deployed via service - Tchopper.evtx","Audit success, classic",0,"{""EventData"":{""Data"":[{""@Name"":""ServiceName"",""#text"":""bmRvd3MgaG9zdCB0byBkZXRlcm1pbmUgdGhlIEV2ZW50cyBQZXIgU2Vjb25kIA0KIyAgICAgICAgICAgKEVQUykgcmF0ZS4NCiMgT3B0aW9uIDIpIFNjYW4gYSBsaXN0IG9mIElQIGFkZHJlc3Nlcy""},{""@Name"":""ImagePath"",""#text"":""c:\\windows\\system32\\cmd.exe /c powershell -command \""Get-Service \""seg3\"" | select -Expand DisplayName |out-file -append tmp_payload.txt\""""},{""@Name"":""ServiceType"",""#text"":""user mode service""},{""@Name"":""StartType"",""#text"":""demand start""},{""@Name"":""AccountName"",""#text"":""LocalSystem""}]}}"
8,9315,2021-11-03 08:15:18.1821501,7009,Error,Service Control Manager,System,484,2512,FS03.offsec.lan,0,,,,,,,,,,,,False,"EVTX-to-MITRE-Attack\TA0002-Execution\T1569.002-Service execution\ID7000,7009,7045-Payload deployed via service - Tchopper.evtx","Audit success, classic",0,"{""EventData"":{""Data"":[{""@Name"":""param1"",""#text"":""30000""},{""@Name"":""param2"",""#text"":""bmRvd3MgaG9zdCB0byBkZXRlcm1pbmUgdGhlIEV2ZW50cyBQZXIgU2Vjb25kIA0KIyAgICAgICAgICAgKEVQUykgcmF0ZS4NCiMgT3B0aW9uIDIpIFNjYW4gYSBsaXN0IG9mIElQIGFkZHJlc3Nlcy""}],""Binary"":""73-00-65-00-67-00-33-00-00-00""}}"
9,9316,2021-11-03 08:15:18.1821501,7000,Error,Service Control Manager,System,484,2512,FS03.offsec.lan,0,,,,,,,,,,,,False,"EVTX-to-MITRE-Attack\TA0002-Execution\T1569.002-Service execution\ID7000,7009,7045-Payload deployed via service - Tchopper.evtx","Audit success, classic",0,"{""EventData"":{""Data"":[{""@Name"":""param1"",""#text"":""bmRvd3MgaG9zdCB0byBkZXRlcm1pbmUgdGhlIEV2ZW50cyBQZXIgU2Vjb25kIA0KIyAgICAgICAgICAgKEVQUykgcmF0ZS4NCiMgT3B0aW9uIDIpIFNjYW4gYSBsaXN0IG9mIElQIGFkZHJlc3Nlcy""},{""@Name"":""param2"",""#text"":""%%1053""}],""Binary"":""73-00-65-00-67-00-33-00-00-00""}}"
10,9317,2021-11-03 08:15:19.2623289,7045,Info,Service Control Manager,System,484,2972,FS03.offsec.lan,0,S-1-5-21-4230534742-2542757381-3142984815-1111,A new service was installed in the system,,,Name: Bwcm92aWRlZCBieSB0aGUgdXNlci4gVGhlIHJlbW90ZSBzeXN0ZW1zIEV2ZW50IExvZyhzKSBhcmUgDQojICAgICAgICAgICBzY2FubmVkIHRvIGRldGVybWluZSB0aGUgRXZlbnRzIFBlciBTZWNv,StartType: demand start,Account: LocalSystem,,,,"c:\windows\system32\cmd.exe /c powershell -command ""Get-Service ""seg4"" | select -Expand DisplayName |out-file -append tmp_payload.txt""",False,"EVTX-to-MITRE-Attack\TA0002-Execution\T1569.002-Service execution\ID7000,7009,7045-Payload deployed via service - Tchopper.evtx","Audit success, classic",0,"{""EventData"":{""Data"":[{""@Name"":""ServiceName"",""#text"":""Bwcm92aWRlZCBieSB0aGUgdXNlci4gVGhlIHJlbW90ZSBzeXN0ZW1zIEV2ZW50IExvZyhzKSBhcmUgDQojICAgICAgICAgICBzY2FubmVkIHRvIGRldGVybWluZSB0aGUgRXZlbnRzIFBlciBTZWNv""},{""@Name"":""ImagePath"",""#text"":""c:\\windows\\system32\\cmd.exe /c powershell -command \""Get-Service \""seg4\"" | select -Expand DisplayName |out-file -append tmp_payload.txt\""""},{""@Name"":""ServiceType"",""#text"":""user mode service""},{""@Name"":""StartType"",""#text"":""demand start""},{""@Name"":""AccountName"",""#text"":""LocalSystem""}]}}"
11,9318,2021-11-03 08:15:19.6685887,7009,Error,Service Control Manager,System,484,2972,FS03.offsec.lan,0,,,,,,,,,,,,False,"EVTX-to-MITRE-Attack\TA0002-Execution\T1569.002-Service execution\ID7000,7009,7045-Payload deployed via service - Tchopper.evtx","Audit success, classic",0,"{""EventData"":{""Data"":[{""@Name"":""param1"",""#text"":""30000""},{""@Name"":""param2"",""#text"":""Bwcm92aWRlZCBieSB0aGUgdXNlci4gVGhlIHJlbW90ZSBzeXN0ZW1zIEV2ZW50IExvZyhzKSBhcmUgDQojICAgICAgICAgICBzY2FubmVkIHRvIGRldGVybWluZSB0aGUgRXZlbnRzIFBlciBTZWNv""}],""Binary"":""73-00-65-00-67-00-34-00-00-00""}}"
12,9319,2021-11-03 08:15:19.6685887,7000,Error,Service Control Manager,System,484,2972,FS03.offsec.lan,0,,,,,,,,,,,,False,"EVTX-to-MITRE-Attack\TA0002-Execution\T1569.002-Service execution\ID7000,7009,7045-Payload deployed via service - Tchopper.evtx","Audit success, classic",0,"{""EventData"":{""Data"":[{""@Name"":""param1"",""#text"":""Bwcm92aWRlZCBieSB0aGUgdXNlci4gVGhlIHJlbW90ZSBzeXN0ZW1zIEV2ZW50IExvZyhzKSBhcmUgDQojICAgICAgICAgICBzY2FubmVkIHRvIGRldGVybWluZSB0aGUgRXZlbnRzIFBlciBTZWNv""},{""@Name"":""param2"",""#text"":""%%1053""}],""Binary"":""73-00-65-00-67-00-34-00-00-00""}}"
13,9320,2021-11-03 08:15:20.7421001,7045,Info,Service Control Manager,System,484,2972,FS03.offsec.lan,0,S-1-5-21-4230534742-2542757381-3142984815-1111,A new service was installed in the system,,,Name: bmQgKEVQUykgcmF0ZSBvZiBlYWNoIGhvc3QgaW4gdGhlIGxpc3QuDQojIE9wdGlvbiAzKSBTY2FuIHRoZSBsb2NhbCBkb21haW4gd2hlcmUgdGhlIHNjcmlwdCBpcyBydW4gdG8gZGV0ZXJtaW5lIH,StartType: demand start,Account: LocalSystem,,,,"c:\windows\system32\cmd.exe /c powershell -command ""Get-Service ""seg5"" | select -Expand DisplayName |out-file -append tmp_payload.txt""",False,"EVTX-to-MITRE-Attack\TA0002-Execution\T1569.002-Service execution\ID7000,7009,7045-Payload deployed via service - Tchopper.evtx","Audit success, classic",0,"{""EventData"":{""Data"":[{""@Name"":""ServiceName"",""#text"":""bmQgKEVQUykgcmF0ZSBvZiBlYWNoIGhvc3QgaW4gdGhlIGxpc3QuDQojIE9wdGlvbiAzKSBTY2FuIHRoZSBsb2NhbCBkb21haW4gd2hlcmUgdGhlIHNjcmlwdCBpcyBydW4gdG8gZGV0ZXJtaW5lIH""},{""@Name"":""ImagePath"",""#text"":""c:\\windows\\system32\\cmd.exe /c powershell -command \""Get-Service \""seg5\"" | select -Expand DisplayName |out-file -append tmp_payload.txt\""""},{""@Name"":""ServiceType"",""#text"":""user mode service""},{""@Name"":""StartType"",""#text"":""demand start""},{""@Name"":""AccountName"",""#text"":""LocalSystem""}]}}"
14,9321,2021-11-03 08:15:21.1327818,7009,Error,Service Control Manager,System,484,2972,FS03.offsec.lan,0,,,,,,,,,,,,False,"EVTX-to-MITRE-Attack\TA0002-Execution\T1569.002-Service execution\ID7000,7009,7045-Payload deployed via service - Tchopper.evtx","Audit success, classic",0,"{""EventData"":{""Data"":[{""@Name"":""param1"",""#text"":""30000""},{""@Name"":""param2"",""#text"":""bmQgKEVQUykgcmF0ZSBvZiBlYWNoIGhvc3QgaW4gdGhlIGxpc3QuDQojIE9wdGlvbiAzKSBTY2FuIHRoZSBsb2NhbCBkb21haW4gd2hlcmUgdGhlIHNjcmlwdCBpcyBydW4gdG8gZGV0ZXJtaW5lIH""}],""Binary"":""73-00-65-00-67-00-35-00-00-00""}}"
15,9322,2021-11-03 08:15:21.1327818,7000,Error,Service Control Manager,System,484,2972,FS03.offsec.lan,0,,,,,,,,,,,,False,"EVTX-to-MITRE-Attack\TA0002-Execution\T1569.002-Service execution\ID7000,7009,7045-Payload deployed via service - Tchopper.evtx","Audit success, classic",0,"{""EventData"":{""Data"":[{""@Name"":""param1"",""#text"":""bmQgKEVQUykgcmF0ZSBvZiBlYWNoIGhvc3QgaW4gdGhlIGxpc3QuDQojIE9wdGlvbiAzKSBTY2FuIHRoZSBsb2NhbCBkb21haW4gd2hlcmUgdGhlIHNjcmlwdCBpcyBydW4gdG8gZGV0ZXJtaW5lIH""},{""@Name"":""param2"",""#text"":""%%1053""}],""Binary"":""73-00-65-00-67-00-35-00-00-00""}}"
16,9323,2021-11-03 08:15:22.2203741,7045,Info,Service Control Manager,System,484,2972,FS03.offsec.lan,0,S-1-5-21-4230534742-2542757381-3142984815-1111,A new service was installed in the system,,,Name: RoZSBFdmVudHMgUGVyIFNlY29uZCAoRVBTKSANCiMgICAgICAgICAgIHJhdGUgb2YgYWxsIFdpbmRvd3MgaG9zdHMgd2l0aGluIHRoZSBkb21haW4uDQojDQojIE5vdGU6IFBvd2VyU2hlbGwgbXVz,StartType: demand start,Account: LocalSystem,,,,"c:\windows\system32\cmd.exe /c powershell -command ""Get-Service ""seg6"" | select -Expand DisplayName |out-file -append tmp_payload.txt""",False,"EVTX-to-MITRE-Attack\TA0002-Execution\T1569.002-Service execution\ID7000,7009,7045-Payload deployed via service - Tchopper.evtx","Audit success, classic",0,"{""EventData"":{""Data"":[{""@Name"":""ServiceName"",""#text"":""RoZSBFdmVudHMgUGVyIFNlY29uZCAoRVBTKSANCiMgICAgICAgICAgIHJhdGUgb2YgYWxsIFdpbmRvd3MgaG9zdHMgd2l0aGluIHRoZSBkb21haW4uDQojDQojIE5vdGU6IFBvd2VyU2hlbGwgbXVz""},{""@Name"":""ImagePath"",""#text"":""c:\\windows\\system32\\cmd.exe /c powershell -command \""Get-Service \""seg6\"" | select -Expand DisplayName |out-file -append tmp_payload.txt\""""},{""@Name"":""ServiceType"",""#text"":""user mode service""},{""@Name"":""StartType"",""#text"":""demand start""},{""@Name"":""AccountName"",""#text"":""LocalSystem""}]}}"
17,9324,2021-11-03 08:15:22.6110213,7009,Error,Service Control Manager,System,484,2972,FS03.offsec.lan,0,,,,,,,,,,,,False,"EVTX-to-MITRE-Attack\TA0002-Execution\T1569.002-Service execution\ID7000,7009,7045-Payload deployed via service - Tchopper.evtx","Audit success, classic",0,"{""EventData"":{""Data"":[{""@Name"":""param1"",""#text"":""30000""},{""@Name"":""param2"",""#text"":""RoZSBFdmVudHMgUGVyIFNlY29uZCAoRVBTKSANCiMgICAgICAgICAgIHJhdGUgb2YgYWxsIFdpbmRvd3MgaG9zdHMgd2l0aGluIHRoZSBkb21haW4uDQojDQojIE5vdGU6IFBvd2VyU2hlbGwgbXVz""}],""Binary"":""73-00-65-00-67-00-36-00-00-00""}}"
18,9325,2021-11-03 08:15:22.6110213,7000,Error,Service Control Manager,System,484,2972,FS03.offsec.lan,0,,,,,,,,,,,,False,"EVTX-to-MITRE-Attack\TA0002-Execution\T1569.002-Service execution\ID7000,7009,7045-Payload deployed via service - Tchopper.evtx","Audit success, classic",0,"{""EventData"":{""Data"":[{""@Name"":""param1"",""#text"":""RoZSBFdmVudHMgUGVyIFNlY29uZCAoRVBTKSANCiMgICAgICAgICAgIHJhdGUgb2YgYWxsIFdpbmRvd3MgaG9zdHMgd2l0aGluIHRoZSBkb21haW4uDQojDQojIE5vdGU6IFBvd2VyU2hlbGwgbXVz""},{""@Name"":""param2"",""#text"":""%%1053""}],""Binary"":""73-00-65-00-67-00-36-00-00-00""}}"
19,9326,2021-11-03 08:15:23.6795638,7045,Info,Service Control Manager,System,484,2972,FS03.offsec.lan,0,S-1-5-21-4230534742-2542757381-3142984815-1111,A new service was installed in the system,,,Name: dCBiZSBydW4gYXMgbG9jYWwgYWRtaW4gJiB1c2VycyBtdXN0IHJ1biBTZXQtRXhlY3V0aW9uUG9saWN5IFJlbW90ZVNpZ25lZA0KIyAgICAgICBUbyB1c2UgT3B0aW9uIDMgZm9yIGRvbWFpbiBzY2,StartType: demand start,Account: LocalSystem,,,,"c:\windows\system32\cmd.exe /c powershell -command ""Get-Service ""seg7"" | select -Expand DisplayName |out-file -append tmp_payload.txt""",False,"EVTX-to-MITRE-Attack\TA0002-Execution\T1569.002-Service execution\ID7000,7009,7045-Payload deployed via service - Tchopper.evtx","Audit success, classic",0,"{""EventData"":{""Data"":[{""@Name"":""ServiceName"",""#text"":""dCBiZSBydW4gYXMgbG9jYWwgYWRtaW4gJiB1c2VycyBtdXN0IHJ1biBTZXQtRXhlY3V0aW9uUG9saWN5IFJlbW90ZVNpZ25lZA0KIyAgICAgICBUbyB1c2UgT3B0aW9uIDMgZm9yIGRvbWFpbiBzY2""},{""@Name"":""ImagePath"",""#text"":""c:\\windows\\system32\\cmd.exe /c powershell -command \""Get-Service \""seg7\"" | select -Expand DisplayName |out-file -append tmp_payload.txt\""""},{""@Name"":""ServiceType"",""#text"":""user mode service""},{""@Name"":""StartType"",""#text"":""demand start""},{""@Name"":""AccountName"",""#text"":""LocalSystem""}]}}"
20,9327,2021-11-03 08:15:24.0701909,7009,Error,Service Control Manager,System,484,2972,FS03.offsec.lan,0,,,,,,,,,,,,False,"EVTX-to-MITRE-Attack\TA0002-Execution\T1569.002-Service execution\ID7000,7009,7045-Payload deployed via service - Tchopper.evtx","Audit success, classic",0,"{""EventData"":{""Data"":[{""@Name"":""param1"",""#text"":""30000""},{""@Name"":""param2"",""#text"":""dCBiZSBydW4gYXMgbG9jYWwgYWRtaW4gJiB1c2VycyBtdXN0IHJ1biBTZXQtRXhlY3V0aW9uUG9saWN5IFJlbW90ZVNpZ25lZA0KIyAgICAgICBUbyB1c2UgT3B0aW9uIDMgZm9yIGRvbWFpbiBzY2""}],""Binary"":""73-00-65-00-67-00-37-00-00-00""}}"
21,9328,2021-11-03 08:15:24.0701909,7000,Error,Service Control Manager,System,484,2972,FS03.offsec.lan,0,,,,,,,,,,,,False,"EVTX-to-MITRE-Attack\TA0002-Execution\T1569.002-Service execution\ID7000,7009,7045-Payload deployed via service - Tchopper.evtx","Audit success, classic",0,"{""EventData"":{""Data"":[{""@Name"":""param1"",""#text"":""dCBiZSBydW4gYXMgbG9jYWwgYWRtaW4gJiB1c2VycyBtdXN0IHJ1biBTZXQtRXhlY3V0aW9uUG9saWN5IFJlbW90ZVNpZ25lZA0KIyAgICAgICBUbyB1c2UgT3B0aW9uIDMgZm9yIGRvbWFpbiBzY2""},{""@Name"":""param2"",""#text"":""%%1053""}],""Binary"":""73-00-65-00-67-00-37-00-00-00""}}"
22,9329,2021-11-03 08:15:25.1501265,7045,Info,Service Control Manager,System,484,2972,FS03.offsec.lan,0,S-1-5-21-4230534742-2542757381-3142984815-1111,A new service was installed in the system,,,Name: FucywgUG93ZXJzaGVsbCBkb21haW4gY21kbGV0cyBuZWVkIHRvIGJlIGluc3RhbGxlZC4NCiMNCiMgUHJlLXJlcXVpc2l0ZXM6IFRoaXMgc2NyaXB0IHJlcXVpcmVzIFBvd2Vyc2hlbGwgMy4wIG9y,StartType: demand start,Account: LocalSystem,,,,"c:\windows\system32\cmd.exe /c powershell -command ""Get-Service ""seg8"" | select -Expand DisplayName |out-file -append tmp_payload.txt""",False,"EVTX-to-MITRE-Attack\TA0002-Execution\T1569.002-Service execution\ID7000,7009,7045-Payload deployed via service - Tchopper.evtx","Audit success, classic",0,"{""EventData"":{""Data"":[{""@Name"":""ServiceName"",""#text"":""FucywgUG93ZXJzaGVsbCBkb21haW4gY21kbGV0cyBuZWVkIHRvIGJlIGluc3RhbGxlZC4NCiMNCiMgUHJlLXJlcXVpc2l0ZXM6IFRoaXMgc2NyaXB0IHJlcXVpcmVzIFBvd2Vyc2hlbGwgMy4wIG9y""},{""@Name"":""ImagePath"",""#text"":""c:\\windows\\system32\\cmd.exe /c powershell -command \""Get-Service \""seg8\"" | select -Expand DisplayName |out-file -append tmp_payload.txt\""""},{""@Name"":""ServiceType"",""#text"":""user mode service""},{""@Name"":""StartType"",""#text"":""demand start""},{""@Name"":""AccountName"",""#text"":""LocalSystem""}]}}"
23,9330,2021-11-03 08:15:25.5281522,7009,Error,Service Control Manager,System,484,2972,FS03.offsec.lan,0,,,,,,,,,,,,False,"EVTX-to-MITRE-Attack\TA0002-Execution\T1569.002-Service execution\ID7000,7009,7045-Payload deployed via service - Tchopper.evtx","Audit success, classic",0,"{""EventData"":{""Data"":[{""@Name"":""param1"",""#text"":""30000""},{""@Name"":""param2"",""#text"":""FucywgUG93ZXJzaGVsbCBkb21haW4gY21kbGV0cyBuZWVkIHRvIGJlIGluc3RhbGxlZC4NCiMNCiMgUHJlLXJlcXVpc2l0ZXM6IFRoaXMgc2NyaXB0IHJlcXVpcmVzIFBvd2Vyc2hlbGwgMy4wIG9y""}],""Binary"":""73-00-65-00-67-00-38-00-00-00""}}"
24,9331,2021-11-03 08:15:25.5281522,7000,Error,Service Control Manager,System,484,2972,FS03.offsec.lan,0,,,,,,,,,,,,False,"EVTX-to-MITRE-Attack\TA0002-Execution\T1569.002-Service execution\ID7000,7009,7045-Payload deployed via service - Tchopper.evtx","Audit success, classic",0,"{""EventData"":{""Data"":[{""@Name"":""param1"",""#text"":""FucywgUG93ZXJzaGVsbCBkb21haW4gY21kbGV0cyBuZWVkIHRvIGJlIGluc3RhbGxlZC4NCiMNCiMgUHJlLXJlcXVpc2l0ZXM6IFRoaXMgc2NyaXB0IHJlcXVpcmVzIFBvd2Vyc2hlbGwgMy4wIG9y""},{""@Name"":""param2"",""#text"":""%%1053""}],""Binary"":""73-00-65-00-67-00-38-00-00-00""}}"
25,9332,2021-11-03 08:15:26.6062830,7045,Info,Service Control Manager,System,484,2972,FS03.offsec.lan,0,S-1-5-21-4230534742-2542757381-3142984815-1111,A new service was installed in the system,,,Name: IDQuMC4gUG93ZXJzaGVsbCBpcyB0aGUgcHJvcGVydHkgb2YNCiMgICAgICAgICAgICAgICAgTWljcm9zb2Z0LiBGb3IgbW9yZSBpbmZvcm1hdGlvbiBvbiBQb3dlcnNoZWxsIG9yIGRvd25sb2Fkcy,StartType: demand start,Account: LocalSystem,,,,"c:\windows\system32\cmd.exe /c powershell -command ""Get-Service ""seg9"" | select -Expand DisplayName |out-file -append tmp_payload.txt""",False,"EVTX-to-MITRE-Attack\TA0002-Execution\T1569.002-Service execution\ID7000,7009,7045-Payload deployed via service - Tchopper.evtx","Audit success, classic",0,"{""EventData"":{""Data"":[{""@Name"":""ServiceName"",""#text"":""IDQuMC4gUG93ZXJzaGVsbCBpcyB0aGUgcHJvcGVydHkgb2YNCiMgICAgICAgICAgICAgICAgTWljcm9zb2Z0LiBGb3IgbW9yZSBpbmZvcm1hdGlvbiBvbiBQb3dlcnNoZWxsIG9yIGRvd25sb2Fkcy""},{""@Name"":""ImagePath"",""#text"":""c:\\windows\\system32\\cmd.exe /c powershell -command \""Get-Service \""seg9\"" | select -Expand DisplayName |out-file -append tmp_payload.txt\""""},{""@Name"":""ServiceType"",""#text"":""user mode service""},{""@Name"":""StartType"",""#text"":""demand start""},{""@Name"":""AccountName"",""#text"":""LocalSystem""}]}}"
26,9333,2021-11-03 08:15:26.9812900,7009,Error,Service Control Manager,System,484,2972,FS03.offsec.lan,0,,,,,,,,,,,,False,"EVTX-to-MITRE-Attack\TA0002-Execution\T1569.002-Service execution\ID7000,7009,7045-Payload deployed via service - Tchopper.evtx","Audit success, classic",0,"{""EventData"":{""Data"":[{""@Name"":""param1"",""#text"":""30000""},{""@Name"":""param2"",""#text"":""IDQuMC4gUG93ZXJzaGVsbCBpcyB0aGUgcHJvcGVydHkgb2YNCiMgICAgICAgICAgICAgICAgTWljcm9zb2Z0LiBGb3IgbW9yZSBpbmZvcm1hdGlvbiBvbiBQb3dlcnNoZWxsIG9yIGRvd25sb2Fkcy""}],""Binary"":""73-00-65-00-67-00-39-00-00-00""}}"
27,9334,2021-11-03 08:15:26.9812900,7000,Error,Service Control Manager,System,484,2972,FS03.offsec.lan,0,,,,,,,,,,,,False,"EVTX-to-MITRE-Attack\TA0002-Execution\T1569.002-Service execution\ID7000,7009,7045-Payload deployed via service - Tchopper.evtx","Audit success, classic",0,"{""EventData"":{""Data"":[{""@Name"":""param1"",""#text"":""IDQuMC4gUG93ZXJzaGVsbCBpcyB0aGUgcHJvcGVydHkgb2YNCiMgICAgICAgICAgICAgICAgTWljcm9zb2Z0LiBGb3IgbW9yZSBpbmZvcm1hdGlvbiBvbiBQb3dlcnNoZWxsIG9yIGRvd25sb2Fkcy""},{""@Name"":""param2"",""#text"":""%%1053""}],""Binary"":""73-00-65-00-67-00-39-00-00-00""}}"
28,9335,2021-11-03 08:15:28.0594441,7045,Info,Service Control Manager,System,484,2972,FS03.offsec.lan,0,S-1-5-21-4230534742-2542757381-3142984815-1111,A new service was installed in the system,,,Name: wgc2VlIHRoZSBmb2xsb3dpbmcNCiMgICAgICAgICAgICAgICAgd2Vic2l0ZTogaHR0cHM6Ly90ZWNobmV0Lm1pY3Jvc29mdC5jb20vZW4tdXMvc2NyaXB0Y2VudGVyL2RkNzQyNDE5LmFzcHgNCiMN,StartType: demand start,Account: LocalSystem,,,,"c:\windows\system32\cmd.exe /c powershell -command ""Get-Service ""seg10"" | select -Expand DisplayName |out-file -append tmp_payload.txt""",False,"EVTX-to-MITRE-Attack\TA0002-Execution\T1569.002-Service execution\ID7000,7009,7045-Payload deployed via service - Tchopper.evtx","Audit success, classic",0,"{""EventData"":{""Data"":[{""@Name"":""ServiceName"",""#text"":""wgc2VlIHRoZSBmb2xsb3dpbmcNCiMgICAgICAgICAgICAgICAgd2Vic2l0ZTogaHR0cHM6Ly90ZWNobmV0Lm1pY3Jvc29mdC5jb20vZW4tdXMvc2NyaXB0Y2VudGVyL2RkNzQyNDE5LmFzcHgNCiMN""},{""@Name"":""ImagePath"",""#text"":""c:\\windows\\system32\\cmd.exe /c powershell -command \""Get-Service \""seg10\"" | select -Expand DisplayName |out-file -append tmp_payload.txt\""""},{""@Name"":""ServiceType"",""#text"":""user mode service""},{""@Name"":""StartType"",""#text"":""demand start""},{""@Name"":""AccountName"",""#text"":""LocalSystem""}]}}"
29,9336,2021-11-03 08:15:28.4500680,7009,Error,Service Control Manager,System,484,2972,FS03.offsec.lan,0,,,,,,,,,,,,False,"EVTX-to-MITRE-Attack\TA0002-Execution\T1569.002-Service execution\ID7000,7009,7045-Payload deployed via service - Tchopper.evtx","Audit success, classic",0,"{""EventData"":{""Data"":[{""@Name"":""param1"",""#text"":""30000""},{""@Name"":""param2"",""#text"":""wgc2VlIHRoZSBmb2xsb3dpbmcNCiMgICAgICAgICAgICAgICAgd2Vic2l0ZTogaHR0cHM6Ly90ZWNobmV0Lm1pY3Jvc29mdC5jb20vZW4tdXMvc2NyaXB0Y2VudGVyL2RkNzQyNDE5LmFzcHgNCiMN""}],""Binary"":""73-00-65-00-67-00-31-00-30-00-00-00""}}"
30,9337,2021-11-03 08:15:28.4500680,7000,Error,Service Control Manager,System,484,2972,FS03.offsec.lan,0,,,,,,,,,,,,False,"EVTX-to-MITRE-Attack\TA0002-Execution\T1569.002-Service execution\ID7000,7009,7045-Payload deployed via service - Tchopper.evtx","Audit success, classic",0,"{""EventData"":{""Data"":[{""@Name"":""param1"",""#text"":""wgc2VlIHRoZSBmb2xsb3dpbmcNCiMgICAgICAgICAgICAgICAgd2Vic2l0ZTogaHR0cHM6Ly90ZWNobmV0Lm1pY3Jvc29mdC5jb20vZW4tdXMvc2NyaXB0Y2VudGVyL2RkNzQyNDE5LmFzcHgNCiMN""},{""@Name"":""param2"",""#text"":""%%1053""}],""Binary"":""73-00-65-00-67-00-31-00-30-00-00-00""}}"
31,9338,2021-11-03 08:15:29.5234009,7045,Info,Service Control Manager,System,484,2972,FS03.offsec.lan,0,S-1-5-21-4230534742-2542757381-3142984815-1111,A new service was installed in the system,,,Name: CiMNCiMgQXV0aG9yczogIEphbWllIFdoZWF0b24gLy8gV2lsbGlhbSBEZWxvbmcNCiMgDQojDQojIyMjIyMjIyMjIyMjIyMjIyMjIyMjIyMjIyMjIyMjIyMjIyMjIyMjIyMjIyMjIyMjIyMjIyMjIy,StartType: demand start,Account: LocalSystem,,,,"c:\windows\system32\cmd.exe /c powershell -command ""Get-Service ""seg11"" | select -Expand DisplayName |out-file -append tmp_payload.txt""",False,"EVTX-to-MITRE-Attack\TA0002-Execution\T1569.002-Service execution\ID7000,7009,7045-Payload deployed via service - Tchopper.evtx","Audit success, classic",0,"{""EventData"":{""Data"":[{""@Name"":""ServiceName"",""#text"":""CiMNCiMgQXV0aG9yczogIEphbWllIFdoZWF0b24gLy8gV2lsbGlhbSBEZWxvbmcNCiMgDQojDQojIyMjIyMjIyMjIyMjIyMjIyMjIyMjIyMjIyMjIyMjIyMjIyMjIyMjIyMjIyMjIyMjIyMjIyMjIy""},{""@Name"":""ImagePath"",""#text"":""c:\\windows\\system32\\cmd.exe /c powershell -command \""Get-Service \""seg11\"" | select -Expand DisplayName |out-file -append tmp_payload.txt\""""},{""@Name"":""ServiceType"",""#text"":""user mode service""},{""@Name"":""StartType"",""#text"":""demand start""},{""@Name"":""AccountName"",""#text"":""LocalSystem""}]}}"
32,9339,2021-11-03 08:15:29.8984191,7009,Error,Service Control Manager,System,484,2972,FS03.offsec.lan,0,,,,,,,,,,,,False,"EVTX-to-MITRE-Attack\TA0002-Execution\T1569.002-Service execution\ID7000,7009,7045-Payload deployed via service - Tchopper.evtx","Audit success, classic",0,"{""EventData"":{""Data"":[{""@Name"":""param1"",""#text"":""30000""},{""@Name"":""param2"",""#text"":""CiMNCiMgQXV0aG9yczogIEphbWllIFdoZWF0b24gLy8gV2lsbGlhbSBEZWxvbmcNCiMgDQojDQojIyMjIyMjIyMjIyMjIyMjIyMjIyMjIyMjIyMjIyMjIyMjIyMjIyMjIyMjIyMjIyMjIyMjIyMjIy""}],""Binary"":""73-00-65-00-67-00-31-00-31-00-00-00""}}"
33,9340,2021-11-03 08:15:29.8984191,7000,Error,Service Control Manager,System,484,2972,FS03.offsec.lan,0,,,,,,,,,,,,False,"EVTX-to-MITRE-Attack\TA0002-Execution\T1569.002-Service execution\ID7000,7009,7045-Payload deployed via service - Tchopper.evtx","Audit success, classic",0,"{""EventData"":{""Data"":[{""@Name"":""param1"",""#text"":""CiMNCiMgQXV0aG9yczogIEphbWllIFdoZWF0b24gLy8gV2lsbGlhbSBEZWxvbmcNCiMgDQojDQojIyMjIyMjIyMjIyMjIyMjIyMjIyMjIyMjIyMjIyMjIyMjIyMjIyMjIyMjIyMjIyMjIyMjIyMjIy""},{""@Name"":""param2"",""#text"":""%%1053""}],""Binary"":""73-00-65-00-67-00-31-00-31-00-00-00""}}"
34,9341,2021-11-03 08:15:30.9787555,7045,Info,Service Control Manager,System,484,2972,FS03.offsec.lan,0,S-1-5-21-4230534742-2542757381-3142984815-1111,A new service was installed in the system,,,Name: MjIyMjIyMjIyMjIyMjIyMjIyMjIyMjIyMjIyMjIyMjIyMjIyMjIyMjDQojDQojDQojIyMjIyMjIyMjIyMjIyMjIyMjIyMjIyMjIyMjIyMjIyMjIyMjIyMjIyMjIyMjIyMjIyMjIyMjIyMjIyMjIyMj,StartType: demand start,Account: LocalSystem,,,,"c:\windows\system32\cmd.exe /c powershell -command ""Get-Service ""seg12"" | select -Expand DisplayName |out-file -append tmp_payload.txt""",False,"EVTX-to-MITRE-Attack\TA0002-Execution\T1569.002-Service execution\ID7000,7009,7045-Payload deployed via service - Tchopper.evtx","Audit success, classic",0,"{""EventData"":{""Data"":[{""@Name"":""ServiceName"",""#text"":""MjIyMjIyMjIyMjIyMjIyMjIyMjIyMjIyMjIyMjIyMjIyMjIyMjIyMjDQojDQojDQojIyMjIyMjIyMjIyMjIyMjIyMjIyMjIyMjIyMjIyMjIyMjIyMjIyMjIyMjIyMjIyMjIyMjIyMjIyMjIyMjIyMj""},{""@Name"":""ImagePath"",""#text"":""c:\\windows\\system32\\cmd.exe /c powershell -command \""Get-Service \""seg12\"" | select -Expand DisplayName |out-file -append tmp_payload.txt\""""},{""@Name"":""ServiceType"",""#text"":""user mode service""},{""@Name"":""StartType"",""#text"":""demand start""},{""@Name"":""AccountName"",""#text"":""LocalSystem""}]}}"
35,9342,2021-11-03 08:15:31.3693858,7009,Error,Service Control Manager,System,484,2972,FS03.offsec.lan,0,,,,,,,,,,,,False,"EVTX-to-MITRE-Attack\TA0002-Execution\T1569.002-Service execution\ID7000,7009,7045-Payload deployed via service - Tchopper.evtx","Audit success, classic",0,"{""EventData"":{""Data"":[{""@Name"":""param1"",""#text"":""30000""},{""@Name"":""param2"",""#text"":""MjIyMjIyMjIyMjIyMjIyMjIyMjIyMjIyMjIyMjIyMjIyMjIyMjIyMjDQojDQojDQojIyMjIyMjIyMjIyMjIyMjIyMjIyMjIyMjIyMjIyMjIyMjIyMjIyMjIyMjIyMjIyMjIyMjIyMjIyMjIyMjIyMj""}],""Binary"":""73-00-65-00-67-00-31-00-32-00-00-00""}}"
36,9343,2021-11-03 08:15:31.3693858,7000,Error,Service Control Manager,System,484,2972,FS03.offsec.lan,0,,,,,,,,,,,,False,"EVTX-to-MITRE-Attack\TA0002-Execution\T1569.002-Service execution\ID7000,7009,7045-Payload deployed via service - Tchopper.evtx","Audit success, classic",0,"{""EventData"":{""Data"":[{""@Name"":""param1"",""#text"":""MjIyMjIyMjIyMjIyMjIyMjIyMjIyMjIyMjIyMjIyMjIyMjIyMjIyMjDQojDQojDQojIyMjIyMjIyMjIyMjIyMjIyMjIyMjIyMjIyMjIyMjIyMjIyMjIyMjIyMjIyMjIyMjIyMjIyMjIyMjIyMjIyMj""},{""@Name"":""param2"",""#text"":""%%1053""}],""Binary"":""73-00-65-00-67-00-31-00-32-00-00-00""}}"
37,9344,2021-11-03 08:15:32.4401950,7045,Info,Service Control Manager,System,484,2972,FS03.offsec.lan,0,S-1-5-21-4230534742-2542757381-3142984815-1111,A new service was installed in the system,,,Name: IyMjIyMjIyMjIyMjIyMjIyMjIyMjIyMjIyMjIyMjIyMjDQojRnVuY3Rpb24gd2lsbCBzY2FuIHRoZSBFdmVudCBMb2cocykgJiBkZXRlcm1pbmUgdGhlIEV2ZW50cyBQZXIgU2Vjb25kIChFUFMpLg,StartType: demand start,Account: LocalSystem,,,,"c:\windows\system32\cmd.exe /c powershell -command ""Get-Service ""seg13"" | select -Expand DisplayName |out-file -append tmp_payload.txt""",False,"EVTX-to-MITRE-Attack\TA0002-Execution\T1569.002-Service execution\ID7000,7009,7045-Payload deployed via service - Tchopper.evtx","Audit success, classic",0,"{""EventData"":{""Data"":[{""@Name"":""ServiceName"",""#text"":""IyMjIyMjIyMjIyMjIyMjIyMjIyMjIyMjIyMjIyMjIyMjDQojRnVuY3Rpb24gd2lsbCBzY2FuIHRoZSBFdmVudCBMb2cocykgJiBkZXRlcm1pbmUgdGhlIEV2ZW50cyBQZXIgU2Vjb25kIChFUFMpLg""},{""@Name"":""ImagePath"",""#text"":""c:\\windows\\system32\\cmd.exe /c powershell -command \""Get-Service \""seg13\"" | select -Expand DisplayName |out-file -append tmp_payload.txt\""""},{""@Name"":""ServiceType"",""#text"":""user mode service""},{""@Name"":""StartType"",""#text"":""demand start""},{""@Name"":""AccountName"",""#text"":""LocalSystem""}]}}"
38,9345,2021-11-03 08:15:32.8308314,7009,Error,Service Control Manager,System,484,2972,FS03.offsec.lan,0,,,,,,,,,,,,False,"EVTX-to-MITRE-Attack\TA0002-Execution\T1569.002-Service execution\ID7000,7009,7045-Payload deployed via service - Tchopper.evtx","Audit success, classic",0,"{""EventData"":{""Data"":[{""@Name"":""param1"",""#text"":""30000""},{""@Name"":""param2"",""#text"":""IyMjIyMjIyMjIyMjIyMjIyMjIyMjIyMjIyMjIyMjIyMjDQojRnVuY3Rpb24gd2lsbCBzY2FuIHRoZSBFdmVudCBMb2cocykgJiBkZXRlcm1pbmUgdGhlIEV2ZW50cyBQZXIgU2Vjb25kIChFUFMpLg""}],""Binary"":""73-00-65-00-67-00-31-00-33-00-00-00""}}"
39,9346,2021-11-03 08:15:32.8308314,7000,Error,Service Control Manager,System,484,2972,FS03.offsec.lan,0,,,,,,,,,,,,False,"EVTX-to-MITRE-Attack\TA0002-Execution\T1569.002-Service execution\ID7000,7009,7045-Payload deployed via service - Tchopper.evtx","Audit success, classic",0,"{""EventData"":{""Data"":[{""@Name"":""param1"",""#text"":""IyMjIyMjIyMjIyMjIyMjIyMjIyMjIyMjIyMjIyMjIyMjDQojRnVuY3Rpb24gd2lsbCBzY2FuIHRoZSBFdmVudCBMb2cocykgJiBkZXRlcm1pbmUgdGhlIEV2ZW50cyBQZXIgU2Vjb25kIChFUFMpLg""},{""@Name"":""param2"",""#text"":""%%1053""}],""Binary"":""73-00-65-00-67-00-31-00-33-00-00-00""}}"
40,9347,2021-11-03 08:15:33.9118840,7045,Info,Service Control Manager,System,484,2972,FS03.offsec.lan,0,S-1-5-21-4230534742-2542757381-3142984815-1111,A new service was installed in the system,,,Name: 0KIw0KI0BwYXJhbSAkQWdlbnQgICAgICAgICAgLT4gIFRoZSBDb21wdXRlciAvIElQDQojQHBhcmFtICRMb2dOYW1lICAgICAgICAtPiAgVGhlIEV2ZW50IExvZyB0aGF0IHdpbGwgYmUgZXZhbHVh,StartType: demand start,Account: LocalSystem,,,,"c:\windows\system32\cmd.exe /c powershell -command ""Get-Service ""seg14"" | select -Expand DisplayName |out-file -append tmp_payload.txt""",False,"EVTX-to-MITRE-Attack\TA0002-Execution\T1569.002-Service execution\ID7000,7009,7045-Payload deployed via service - Tchopper.evtx","Audit success, classic",0,"{""EventData"":{""Data"":[{""@Name"":""ServiceName"",""#text"":""0KIw0KI0BwYXJhbSAkQWdlbnQgICAgICAgICAgLT4gIFRoZSBDb21wdXRlciAvIElQDQojQHBhcmFtICRMb2dOYW1lICAgICAgICAtPiAgVGhlIEV2ZW50IExvZyB0aGF0IHdpbGwgYmUgZXZhbHVh""},{""@Name"":""ImagePath"",""#text"":""c:\\windows\\system32\\cmd.exe /c powershell -command \""Get-Service \""seg14\"" | select -Expand DisplayName |out-file -append tmp_payload.txt\""""},{""@Name"":""ServiceType"",""#text"":""user mode service""},{""@Name"":""StartType"",""#text"":""demand start""},{""@Name"":""AccountName"",""#text"":""LocalSystem""}]}}"
41,9348,2021-11-03 08:15:34.2868994,7009,Error,Service Control Manager,System,484,2972,FS03.offsec.lan,0,,,,,,,,,,,,False,"EVTX-to-MITRE-Attack\TA0002-Execution\T1569.002-Service execution\ID7000,7009,7045-Payload deployed via service - Tchopper.evtx","Audit success, classic",0,"{""EventData"":{""Data"":[{""@Name"":""param1"",""#text"":""30000""},{""@Name"":""param2"",""#text"":""0KIw0KI0BwYXJhbSAkQWdlbnQgICAgICAgICAgLT4gIFRoZSBDb21wdXRlciAvIElQDQojQHBhcmFtICRMb2dOYW1lICAgICAgICAtPiAgVGhlIEV2ZW50IExvZyB0aGF0IHdpbGwgYmUgZXZhbHVh""}],""Binary"":""73-00-65-00-67-00-31-00-34-00-00-00""}}"
42,9349,2021-11-03 08:15:34.2868994,7000,Error,Service Control Manager,System,484,2972,FS03.offsec.lan,0,,,,,,,,,,,,False,"EVTX-to-MITRE-Attack\TA0002-Execution\T1569.002-Service execution\ID7000,7009,7045-Payload deployed via service - Tchopper.evtx","Audit success, classic",0,"{""EventData"":{""Data"":[{""@Name"":""param1"",""#text"":""0KIw0KI0BwYXJhbSAkQWdlbnQgICAgICAgICAgLT4gIFRoZSBDb21wdXRlciAvIElQDQojQHBhcmFtICRMb2dOYW1lICAgICAgICAtPiAgVGhlIEV2ZW50IExvZyB0aGF0IHdpbGwgYmUgZXZhbHVh""},{""@Name"":""param2"",""#text"":""%%1053""}],""Binary"":""73-00-65-00-67-00-31-00-34-00-00-00""}}"
43,9350,2021-11-03 08:15:35.3650237,7045,Info,Service Control Manager,System,484,2972,FS03.offsec.lan,0,S-1-5-21-4230534742-2542757381-3142984815-1111,A new service was installed in the system,,,Name: dGVkIChTZWN1cml0eSwgQXBwbGljYXRpb24sIFN5c3RlbSkNCiNAcGFyYW0gJFJlbW90ZUNvbXB1dGVyIC0+ICBUaGUgdmFsdWUgdG8gdGVsbCBpZiB0aGUgY29tcHV0ZXIgaXMgcmVtb3RlIG9yIG,StartType: demand start,Account: LocalSystem,,,,"c:\windows\system32\cmd.exe /c powershell -command ""Get-Service ""seg15"" | select -Expand DisplayName |out-file -append tmp_payload.txt""",False,"EVTX-to-MITRE-Attack\TA0002-Execution\T1569.002-Service execution\ID7000,7009,7045-Payload deployed via service - Tchopper.evtx","Audit success, classic",0,"{""EventData"":{""Data"":[{""@Name"":""ServiceName"",""#text"":""dGVkIChTZWN1cml0eSwgQXBwbGljYXRpb24sIFN5c3RlbSkNCiNAcGFyYW0gJFJlbW90ZUNvbXB1dGVyIC0+ICBUaGUgdmFsdWUgdG8gdGVsbCBpZiB0aGUgY29tcHV0ZXIgaXMgcmVtb3RlIG9yIG""},{""@Name"":""ImagePath"",""#text"":""c:\\windows\\system32\\cmd.exe /c powershell -command \""Get-Service \""seg15\"" | select -Expand DisplayName |out-file -append tmp_payload.txt\""""},{""@Name"":""ServiceType"",""#text"":""user mode service""},{""@Name"":""StartType"",""#text"":""demand start""},{""@Name"":""AccountName"",""#text"":""LocalSystem""}]}}"
44,9351,2021-11-03 08:15:35.7400223,7009,Error,Service Control Manager,System,484,2972,FS03.offsec.lan,0,,,,,,,,,,,,False,"EVTX-to-MITRE-Attack\TA0002-Execution\T1569.002-Service execution\ID7000,7009,7045-Payload deployed via service - Tchopper.evtx","Audit success, classic",0,"{""EventData"":{""Data"":[{""@Name"":""param1"",""#text"":""30000""},{""@Name"":""param2"",""#text"":""dGVkIChTZWN1cml0eSwgQXBwbGljYXRpb24sIFN5c3RlbSkNCiNAcGFyYW0gJFJlbW90ZUNvbXB1dGVyIC0+ICBUaGUgdmFsdWUgdG8gdGVsbCBpZiB0aGUgY29tcHV0ZXIgaXMgcmVtb3RlIG9yIG""}],""Binary"":""73-00-65-00-67-00-31-00-35-00-00-00""}}"
45,9352,2021-11-03 08:15:35.7400223,7000,Error,Service Control Manager,System,484,2972,FS03.offsec.lan,0,,,,,,,,,,,,False,"EVTX-to-MITRE-Attack\TA0002-Execution\T1569.002-Service execution\ID7000,7009,7045-Payload deployed via service - Tchopper.evtx","Audit success, classic",0,"{""EventData"":{""Data"":[{""@Name"":""param1"",""#text"":""dGVkIChTZWN1cml0eSwgQXBwbGljYXRpb24sIFN5c3RlbSkNCiNAcGFyYW0gJFJlbW90ZUNvbXB1dGVyIC0+ICBUaGUgdmFsdWUgdG8gdGVsbCBpZiB0aGUgY29tcHV0ZXIgaXMgcmVtb3RlIG9yIG""},{""@Name"":""param2"",""#text"":""%%1053""}],""Binary"":""73-00-65-00-67-00-31-00-35-00-00-00""}}"
46,9353,2021-11-03 08:15:36.8204118,7045,Info,Service Control Manager,System,484,2972,FS03.offsec.lan,0,S-1-5-21-4230534742-2542757381-3142984815-1111,A new service was installed in the system,,,Name: xvY2FsICANCiMNCiMjIyMjIyMjIyMjIyMjIyMjIyMjIyMjIyMjIyMjIyMjIyMjIyMjIyMjIyMjIyMjIyMjIyMjIyMjIyMjIyMjIyMjIyMjIyMjIyMjIyMjIyMjIyMjIyMjIyMjIyMjIyMjIyMNCg0K,StartType: demand start,Account: LocalSystem,,,,"c:\windows\system32\cmd.exe /c powershell -command ""Get-Service ""seg16"" | select -Expand DisplayName |out-file -append tmp_payload.txt""",False,"EVTX-to-MITRE-Attack\TA0002-Execution\T1569.002-Service execution\ID7000,7009,7045-Payload deployed via service - Tchopper.evtx","Audit success, classic",0,"{""EventData"":{""Data"":[{""@Name"":""ServiceName"",""#text"":""xvY2FsICANCiMNCiMjIyMjIyMjIyMjIyMjIyMjIyMjIyMjIyMjIyMjIyMjIyMjIyMjIyMjIyMjIyMjIyMjIyMjIyMjIyMjIyMjIyMjIyMjIyMjIyMjIyMjIyMjIyMjIyMjIyMjIyMjIyMjIyMNCg0K""},{""@Name"":""ImagePath"",""#text"":""c:\\windows\\system32\\cmd.exe /c powershell -command \""Get-Service \""seg16\"" | select -Expand DisplayName |out-file -append tmp_payload.txt\""""},{""@Name"":""ServiceType"",""#text"":""user mode service""},{""@Name"":""StartType"",""#text"":""demand start""},{""@Name"":""AccountName"",""#text"":""LocalSystem""}]}}"
47,9354,2021-11-03 08:15:37.1954230,7009,Error,Service Control Manager,System,484,2972,FS03.offsec.lan,0,,,,,,,,,,,,False,"EVTX-to-MITRE-Attack\TA0002-Execution\T1569.002-Service execution\ID7000,7009,7045-Payload deployed via service - Tchopper.evtx","Audit success, classic",0,"{""EventData"":{""Data"":[{""@Name"":""param1"",""#text"":""30000""},{""@Name"":""param2"",""#text"":""xvY2FsICANCiMNCiMjIyMjIyMjIyMjIyMjIyMjIyMjIyMjIyMjIyMjIyMjIyMjIyMjIyMjIyMjIyMjIyMjIyMjIyMjIyMjIyMjIyMjIyMjIyMjIyMjIyMjIyMjIyMjIyMjIyMjIyMjIyMjIyMNCg0K""}],""Binary"":""73-00-65-00-67-00-31-00-36-00-00-00""}}"
48,9355,2021-11-03 08:15:37.1954230,7000,Error,Service Control Manager,System,484,2972,FS03.offsec.lan,0,,,,,,,,,,,,False,"EVTX-to-MITRE-Attack\TA0002-Execution\T1569.002-Service execution\ID7000,7009,7045-Payload deployed via service - Tchopper.evtx","Audit success, classic",0,"{""EventData"":{""Data"":[{""@Name"":""param1"",""#text"":""xvY2FsICANCiMNCiMjIyMjIyMjIyMjIyMjIyMjIyMjIyMjIyMjIyMjIyMjIyMjIyMjIyMjIyMjIyMjIyMjIyMjIyMjIyMjIyMjIyMjIyMjIyMjIyMjIyMjIyMjIyMjIyMjIyMjIyMjIyMjIyMNCg0K""},{""@Name"":""param2"",""#text"":""%%1053""}],""Binary"":""73-00-65-00-67-00-31-00-36-00-00-00""}}"
49,9356,2021-11-03 08:15:38.2739154,7045,Info,Service Control Manager,System,484,2972,FS03.offsec.lan,0,S-1-5-21-4230534742-2542757381-3142984815-1111,A new service was installed in the system,,,Name: ZnVuY3Rpb24gR2V0LUV2ZW50TG9nSW5mbyB7IHBhcmFtKCRBZ2VudCwgJExvZ05hbWUsICRSZW1vdGVDb21wdXRlciwgJE9TKQ0KDQogICAgJExvZ0luZm8gPSBAe30gICAgICAgIA0KDQogICAgIH,StartType: demand start,Account: LocalSystem,,,,"c:\windows\system32\cmd.exe /c powershell -command ""Get-Service ""seg17"" | select -Expand DisplayName |out-file -append tmp_payload.txt""",False,"EVTX-to-MITRE-Attack\TA0002-Execution\T1569.002-Service execution\ID7000,7009,7045-Payload deployed via service - Tchopper.evtx","Audit success, classic",0,"{""EventData"":{""Data"":[{""@Name"":""ServiceName"",""#text"":""ZnVuY3Rpb24gR2V0LUV2ZW50TG9nSW5mbyB7IHBhcmFtKCRBZ2VudCwgJExvZ05hbWUsICRSZW1vdGVDb21wdXRlciwgJE9TKQ0KDQogICAgJExvZ0luZm8gPSBAe30gICAgICAgIA0KDQogICAgIH""},{""@Name"":""ImagePath"",""#text"":""c:\\windows\\system32\\cmd.exe /c powershell -command \""Get-Service \""seg17\"" | select -Expand DisplayName |out-file -append tmp_payload.txt\""""},{""@Name"":""ServiceType"",""#text"":""user mode service""},{""@Name"":""StartType"",""#text"":""demand start""},{""@Name"":""AccountName"",""#text"":""LocalSystem""}]}}"
50,9357,2021-11-03 08:15:38.6489270,7009,Error,Service Control Manager,System,484,2972,FS03.offsec.lan,0,,,,,,,,,,,,False,"EVTX-to-MITRE-Attack\TA0002-Execution\T1569.002-Service execution\ID7000,7009,7045-Payload deployed via service - Tchopper.evtx","Audit success, classic",0,"{""EventData"":{""Data"":[{""@Name"":""param1"",""#text"":""30000""},{""@Name"":""param2"",""#text"":""ZnVuY3Rpb24gR2V0LUV2ZW50TG9nSW5mbyB7IHBhcmFtKCRBZ2VudCwgJExvZ05hbWUsICRSZW1vdGVDb21wdXRlciwgJE9TKQ0KDQogICAgJExvZ0luZm8gPSBAe30gICAgICAgIA0KDQogICAgIH""}],""Binary"":""73-00-65-00-67-00-31-00-37-00-00-00""}}"
51,9358,2021-11-03 08:15:38.6489270,7000,Error,Service Control Manager,System,484,2972,FS03.offsec.lan,0,,,,,,,,,,,,False,"EVTX-to-MITRE-Attack\TA0002-Execution\T1569.002-Service execution\ID7000,7009,7045-Payload deployed via service - Tchopper.evtx","Audit success, classic",0,"{""EventData"":{""Data"":[{""@Name"":""param1"",""#text"":""ZnVuY3Rpb24gR2V0LUV2ZW50TG9nSW5mbyB7IHBhcmFtKCRBZ2VudCwgJExvZ05hbWUsICRSZW1vdGVDb21wdXRlciwgJE9TKQ0KDQogICAgJExvZ0luZm8gPSBAe30gICAgICAgIA0KDQogICAgIH""},{""@Name"":""param2"",""#text"":""%%1053""}],""Binary"":""73-00-65-00-67-00-31-00-37-00-00-00""}}"
52,9359,2021-11-03 08:15:39.7114471,7045,Info,Service Control Manager,System,484,2972,FS03.offsec.lan,0,S-1-5-21-4230534742-2542757381-3142984815-1111,A new service was installed in the system,,,Name: RyeSB7ICAgICANCiAgICAgICAgICAgICAgICAgICAgICAgICAgDQogICAgICAgICMgSnVzdCBsb2NhbGhvc3QNCiAgICAgICAgSWYgKCEkUmVtb3RlQ29tcHV0ZXIpIHsgICAgICAgICANCg0KICAg,StartType: demand start,Account: LocalSystem,,,,"c:\windows\system32\cmd.exe /c powershell -command ""Get-Service ""seg18"" | select -Expand DisplayName |out-file -append tmp_payload.txt""",False,"EVTX-to-MITRE-Attack\TA0002-Execution\T1569.002-Service execution\ID7000,7009,7045-Payload deployed via service - Tchopper.evtx","Audit success, classic",0,"{""EventData"":{""Data"":[{""@Name"":""ServiceName"",""#text"":""RyeSB7ICAgICANCiAgICAgICAgICAgICAgICAgICAgICAgICAgDQogICAgICAgICMgSnVzdCBsb2NhbGhvc3QNCiAgICAgICAgSWYgKCEkUmVtb3RlQ29tcHV0ZXIpIHsgICAgICAgICANCg0KICAg""},{""@Name"":""ImagePath"",""#text"":""c:\\windows\\system32\\cmd.exe /c powershell -command \""Get-Service \""seg18\"" | select -Expand DisplayName |out-file -append tmp_payload.txt\""""},{""@Name"":""ServiceType"",""#text"":""user mode service""},{""@Name"":""StartType"",""#text"":""demand start""},{""@Name"":""AccountName"",""#text"":""LocalSystem""}]}}"
53,9360,2021-11-03 08:15:40.0925083,7009,Error,Service Control Manager,System,484,2972,FS03.offsec.lan,0,,,,,,,,,,,,False,"EVTX-to-MITRE-Attack\TA0002-Execution\T1569.002-Service execution\ID7000,7009,7045-Payload deployed via service - Tchopper.evtx","Audit success, classic",0,"{""EventData"":{""Data"":[{""@Name"":""param1"",""#text"":""30000""},{""@Name"":""param2"",""#text"":""RyeSB7ICAgICANCiAgICAgICAgICAgICAgICAgICAgICAgICAgDQogICAgICAgICMgSnVzdCBsb2NhbGhvc3QNCiAgICAgICAgSWYgKCEkUmVtb3RlQ29tcHV0ZXIpIHsgICAgICAgICANCg0KICAg""}],""Binary"":""73-00-65-00-67-00-31-00-38-00-00-00""}}"
54,9361,2021-11-03 08:15:40.0925083,7000,Error,Service Control Manager,System,484,2972,FS03.offsec.lan,0,,,,,,,,,,,,False,"EVTX-to-MITRE-Attack\TA0002-Execution\T1569.002-Service execution\ID7000,7009,7045-Payload deployed via service - Tchopper.evtx","Audit success, classic",0,"{""EventData"":{""Data"":[{""@Name"":""param1"",""#text"":""RyeSB7ICAgICANCiAgICAgICAgICAgICAgICAgICAgICAgICAgDQogICAgICAgICMgSnVzdCBsb2NhbGhvc3QNCiAgICAgICAgSWYgKCEkUmVtb3RlQ29tcHV0ZXIpIHsgICAgICAgICANCg0KICAg""},{""@Name"":""param2"",""#text"":""%%1053""}],""Binary"":""73-00-65-00-67-00-31-00-38-00-00-00""}}"
55,9362,2021-11-03 08:15:41.1777040,7045,Info,Service Control Manager,System,484,2972,FS03.offsec.lan,0,S-1-5-21-4230534742-2542757381-3142984815-1111,A new service was installed in the system,,,Name: ICAgICAgICAgJFRvdGFsTG9nRXZlbnRzID0gKEdldC1XaW5FdmVudCAtTGlzdExvZyAkTG9nTmFtZSkuUmVjb3JkQ291bnQNCg0KICAgICAgICAgICAgJExvZ1NpemUgPSAoR2V0LVdpbkV2ZW50IC,StartType: demand start,Account: LocalSystem,,,,"c:\windows\system32\cmd.exe /c powershell -command ""Get-Service ""seg19"" | select -Expand DisplayName |out-file -append tmp_payload.txt""",False,"EVTX-to-MITRE-Attack\TA0002-Execution\T1569.002-Service execution\ID7000,7009,7045-Payload deployed via service - Tchopper.evtx","Audit success, classic",0,"{""EventData"":{""Data"":[{""@Name"":""ServiceName"",""#text"":""ICAgICAgICAgJFRvdGFsTG9nRXZlbnRzID0gKEdldC1XaW5FdmVudCAtTGlzdExvZyAkTG9nTmFtZSkuUmVjb3JkQ291bnQNCg0KICAgICAgICAgICAgJExvZ1NpemUgPSAoR2V0LVdpbkV2ZW50IC""},{""@Name"":""ImagePath"",""#text"":""c:\\windows\\system32\\cmd.exe /c powershell -command \""Get-Service \""seg19\"" | select -Expand DisplayName |out-file -append tmp_payload.txt\""""},{""@Name"":""ServiceType"",""#text"":""user mode service""},{""@Name"":""StartType"",""#text"":""demand start""},{""@Name"":""AccountName"",""#text"":""LocalSystem""}]}}"
56,9363,2021-11-03 08:15:41.5683218,7009,Error,Service Control Manager,System,484,2972,FS03.offsec.lan,0,,,,,,,,,,,,False,"EVTX-to-MITRE-Attack\TA0002-Execution\T1569.002-Service execution\ID7000,7009,7045-Payload deployed via service - Tchopper.evtx","Audit success, classic",0,"{""EventData"":{""Data"":[{""@Name"":""param1"",""#text"":""30000""},{""@Name"":""param2"",""#text"":""ICAgICAgICAgJFRvdGFsTG9nRXZlbnRzID0gKEdldC1XaW5FdmVudCAtTGlzdExvZyAkTG9nTmFtZSkuUmVjb3JkQ291bnQNCg0KICAgICAgICAgICAgJExvZ1NpemUgPSAoR2V0LVdpbkV2ZW50IC""}],""Binary"":""73-00-65-00-67-00-31-00-39-00-00-00""}}"
57,9364,2021-11-03 08:15:41.5683218,7000,Error,Service Control Manager,System,484,2972,FS03.offsec.lan,0,,,,,,,,,,,,False,"EVTX-to-MITRE-Attack\TA0002-Execution\T1569.002-Service execution\ID7000,7009,7045-Payload deployed via service - Tchopper.evtx","Audit success, classic",0,"{""EventData"":{""Data"":[{""@Name"":""param1"",""#text"":""ICAgICAgICAgJFRvdGFsTG9nRXZlbnRzID0gKEdldC1XaW5FdmVudCAtTGlzdExvZyAkTG9nTmFtZSkuUmVjb3JkQ291bnQNCg0KICAgICAgICAgICAgJExvZ1NpemUgPSAoR2V0LVdpbkV2ZW50IC""},{""@Name"":""param2"",""#text"":""%%1053""}],""Binary"":""73-00-65-00-67-00-31-00-39-00-00-00""}}"
58,9365,2021-11-03 08:15:42.6316862,7045,Info,Service Control Manager,System,484,2972,FS03.offsec.lan,0,S-1-5-21-4230534742-2542757381-3142984815-1111,A new service was installed in the system,,,Name: 1MaXN0TG9nICRMb2dOYW1lKS5GaWxlU2l6ZSAvIDEwMDAwMDAgIyBTZXQgdG8gTUINCiAgICAgICAgICAgIA0KICAgICAgICAgICAgJExvZ1NpemUgPSBbbWF0aF06OlJvdW5kKCgkTG9nU2l6ZSks,StartType: demand start,Account: LocalSystem,,,,"c:\windows\system32\cmd.exe /c powershell -command ""Get-Service ""seg20"" | select -Expand DisplayName |out-file -append tmp_payload.txt""",False,"EVTX-to-MITRE-Attack\TA0002-Execution\T1569.002-Service execution\ID7000,7009,7045-Payload deployed via service - Tchopper.evtx","Audit success, classic",0,"{""EventData"":{""Data"":[{""@Name"":""ServiceName"",""#text"":""1MaXN0TG9nICRMb2dOYW1lKS5GaWxlU2l6ZSAvIDEwMDAwMDAgIyBTZXQgdG8gTUINCiAgICAgICAgICAgIA0KICAgICAgICAgICAgJExvZ1NpemUgPSBbbWF0aF06OlJvdW5kKCgkTG9nU2l6ZSks""},{""@Name"":""ImagePath"",""#text"":""c:\\windows\\system32\\cmd.exe /c powershell -command \""Get-Service \""seg20\"" | select -Expand DisplayName |out-file -append tmp_payload.txt\""""},{""@Name"":""ServiceType"",""#text"":""user mode service""},{""@Name"":""StartType"",""#text"":""demand start""},{""@Name"":""AccountName"",""#text"":""LocalSystem""}]}}"
59,9366,2021-11-03 08:15:43.0223026,7009,Error,Service Control Manager,System,484,2972,FS03.offsec.lan,0,,,,,,,,,,,,False,"EVTX-to-MITRE-Attack\TA0002-Execution\T1569.002-Service execution\ID7000,7009,7045-Payload deployed via service - Tchopper.evtx","Audit success, classic",0,"{""EventData"":{""Data"":[{""@Name"":""param1"",""#text"":""30000""},{""@Name"":""param2"",""#text"":""1MaXN0TG9nICRMb2dOYW1lKS5GaWxlU2l6ZSAvIDEwMDAwMDAgIyBTZXQgdG8gTUINCiAgICAgICAgICAgIA0KICAgICAgICAgICAgJExvZ1NpemUgPSBbbWF0aF06OlJvdW5kKCgkTG9nU2l6ZSks""}],""Binary"":""73-00-65-00-67-00-32-00-30-00-00-00""}}"
60,9367,2021-11-03 08:15:43.0223026,7000,Error,Service Control Manager,System,484,2972,FS03.offsec.lan,0,,,,,,,,,,,,False,"EVTX-to-MITRE-Attack\TA0002-Execution\T1569.002-Service execution\ID7000,7009,7045-Payload deployed via service - Tchopper.evtx","Audit success, classic",0,"{""EventData"":{""Data"":[{""@Name"":""param1"",""#text"":""1MaXN0TG9nICRMb2dOYW1lKS5GaWxlU2l6ZSAvIDEwMDAwMDAgIyBTZXQgdG8gTUINCiAgICAgICAgICAgIA0KICAgICAgICAgICAgJExvZ1NpemUgPSBbbWF0aF06OlJvdW5kKCgkTG9nU2l6ZSks""},{""@Name"":""param2"",""#text"":""%%1053""}],""Binary"":""73-00-65-00-67-00-32-00-30-00-00-00""}}"
61,9368,2021-11-03 08:15:44.0990960,7045,Info,Service Control Manager,System,484,2972,FS03.offsec.lan,0,S-1-5-21-4230534742-2542757381-3142984815-1111,A new service was installed in the system,,,Name: IDEpDQogICAgIA0KICAgICAgICAgICAgJE9sZGVzdEV2ZW50VGltZSA9IChHZXQtV2luRXZlbnQgJExvZ05hbWUgLU9sZGVzdCAtbWF4ZXZlbnRzIDEpLlRpbWVDcmVhdGVkICAgICAgICANCg0KIC,StartType: demand start,Account: LocalSystem,,,,"c:\windows\system32\cmd.exe /c powershell -command ""Get-Service ""seg21"" | select -Expand DisplayName |out-file -append tmp_payload.txt""",False,"EVTX-to-MITRE-Attack\TA0002-Execution\T1569.002-Service execution\ID7000,7009,7045-Payload deployed via service - Tchopper.evtx","Audit success, classic",0,"{""EventData"":{""Data"":[{""@Name"":""ServiceName"",""#text"":""IDEpDQogICAgIA0KICAgICAgICAgICAgJE9sZGVzdEV2ZW50VGltZSA9IChHZXQtV2luRXZlbnQgJExvZ05hbWUgLU9sZGVzdCAtbWF4ZXZlbnRzIDEpLlRpbWVDcmVhdGVkICAgICAgICANCg0KIC""},{""@Name"":""ImagePath"",""#text"":""c:\\windows\\system32\\cmd.exe /c powershell -command \""Get-Service \""seg21\"" | select -Expand DisplayName |out-file -append tmp_payload.txt\""""},{""@Name"":""ServiceType"",""#text"":""user mode service""},{""@Name"":""StartType"",""#text"":""demand start""},{""@Name"":""AccountName"",""#text"":""LocalSystem""}]}}"
62,9369,2021-11-03 08:15:44.4741179,7009,Error,Service Control Manager,System,484,2972,FS03.offsec.lan,0,,,,,,,,,,,,False,"EVTX-to-MITRE-Attack\TA0002-Execution\T1569.002-Service execution\ID7000,7009,7045-Payload deployed via service - Tchopper.evtx","Audit success, classic",0,"{""EventData"":{""Data"":[{""@Name"":""param1"",""#text"":""30000""},{""@Name"":""param2"",""#text"":""IDEpDQogICAgIA0KICAgICAgICAgICAgJE9sZGVzdEV2ZW50VGltZSA9IChHZXQtV2luRXZlbnQgJExvZ05hbWUgLU9sZGVzdCAtbWF4ZXZlbnRzIDEpLlRpbWVDcmVhdGVkICAgICAgICANCg0KIC""}],""Binary"":""73-00-65-00-67-00-32-00-31-00-00-00""}}"
63,9370,2021-11-03 08:15:44.4741179,7000,Error,Service Control Manager,System,484,2972,FS03.offsec.lan,0,,,,,,,,,,,,False,"EVTX-to-MITRE-Attack\TA0002-Execution\T1569.002-Service execution\ID7000,7009,7045-Payload deployed via service - Tchopper.evtx","Audit success, classic",0,"{""EventData"":{""Data"":[{""@Name"":""param1"",""#text"":""IDEpDQogICAgIA0KICAgICAgICAgICAgJE9sZGVzdEV2ZW50VGltZSA9IChHZXQtV2luRXZlbnQgJExvZ05hbWUgLU9sZGVzdCAtbWF4ZXZlbnRzIDEpLlRpbWVDcmVhdGVkICAgICAgICANCg0KIC""},{""@Name"":""param2"",""#text"":""%%1053""}],""Binary"":""73-00-65-00-67-00-32-00-31-00-00-00""}}"
64,9371,2021-11-03 08:15:44.8491403,7036,Info,Service Control Manager,System,484,2972,FS03.offsec.lan,0,,Service started or stopped,,,Name: WinHTTP Web Proxy Auto-Discovery Service | WinHTTP Web Proxy Auto-Discovery Service,Status: running,,,,,,False,"EVTX-to-MITRE-Attack\TA0002-Execution\T1569.002-Service execution\ID7000,7009,7045-Payload deployed via service - Tchopper.evtx","Audit success, classic",0,"{""EventData"":{""Data"":[{""@Name"":""param1"",""#text"":""WinHTTP Web Proxy Auto-Discovery Service""},{""@Name"":""param2"",""#text"":""running""}],""Binary"":""57-00-69-00-6E-00-48-00-74-00-74-00-70-00-41-00-75-00-74-00-6F-00-50-00-72-00-6F-00-78-00-79-00-53-00-76-00-63-00-2F-00-34-00-00-00""}}"
65,9372,2021-11-03 08:15:45.5547050,7045,Info,Service Control Manager,System,484,2972,FS03.offsec.lan,0,S-1-5-21-4230534742-2542757381-3142984815-1111,A new service was installed in the system,,,Name: AgICAgICAgICAgJE5ld2VzdEV2ZW50VGltZSA9IChHZXQtV2luRXZlbnQgJExvZ05hbWUgLW1heGV2ZW50cyAxKS5UaW1lQ3JlYXRlZA0KICAgICAgICANCiAgICAgICAgICAgICRUb3RhbFRpbWUg,StartType: demand start,Account: LocalSystem,,,,"c:\windows\system32\cmd.exe /c powershell -command ""Get-Service ""seg22"" | select -Expand DisplayName |out-file -append tmp_payload.txt""",False,"EVTX-to-MITRE-Attack\TA0002-Execution\T1569.002-Service execution\ID7000,7009,7045-Payload deployed via service - Tchopper.evtx","Audit success, classic",0,"{""EventData"":{""Data"":[{""@Name"":""ServiceName"",""#text"":""AgICAgICAgICAgJE5ld2VzdEV2ZW50VGltZSA9IChHZXQtV2luRXZlbnQgJExvZ05hbWUgLW1heGV2ZW50cyAxKS5UaW1lQ3JlYXRlZA0KICAgICAgICANCiAgICAgICAgICAgICRUb3RhbFRpbWUg""},{""@Name"":""ImagePath"",""#text"":""c:\\windows\\system32\\cmd.exe /c powershell -command \""Get-Service \""seg22\"" | select -Expand DisplayName |out-file -append tmp_payload.txt\""""},{""@Name"":""ServiceType"",""#text"":""user mode service""},{""@Name"":""StartType"",""#text"":""demand start""},{""@Name"":""AccountName"",""#text"":""LocalSystem""}]}}"
66,9373,2021-11-03 08:15:45.9453214,7009,Error,Service Control Manager,System,484,2972,FS03.offsec.lan,0,,,,,,,,,,,,False,"EVTX-to-MITRE-Attack\TA0002-Execution\T1569.002-Service execution\ID7000,7009,7045-Payload deployed via service - Tchopper.evtx","Audit success, classic",0,"{""EventData"":{""Data"":[{""@Name"":""param1"",""#text"":""30000""},{""@Name"":""param2"",""#text"":""AgICAgICAgICAgJE5ld2VzdEV2ZW50VGltZSA9IChHZXQtV2luRXZlbnQgJExvZ05hbWUgLW1heGV2ZW50cyAxKS5UaW1lQ3JlYXRlZA0KICAgICAgICANCiAgICAgICAgICAgICRUb3RhbFRpbWUg""}],""Binary"":""73-00-65-00-67-00-32-00-32-00-00-00""}}"
67,9374,2021-11-03 08:15:45.9453214,7000,Error,Service Control Manager,System,484,2972,FS03.offsec.lan,0,,,,,,,,,,,,False,"EVTX-to-MITRE-Attack\TA0002-Execution\T1569.002-Service execution\ID7000,7009,7045-Payload deployed via service - Tchopper.evtx","Audit success, classic",0,"{""EventData"":{""Data"":[{""@Name"":""param1"",""#text"":""AgICAgICAgICAgJE5ld2VzdEV2ZW50VGltZSA9IChHZXQtV2luRXZlbnQgJExvZ05hbWUgLW1heGV2ZW50cyAxKS5UaW1lQ3JlYXRlZA0KICAgICAgICANCiAgICAgICAgICAgICRUb3RhbFRpbWUg""},{""@Name"":""param2"",""#text"":""%%1053""}],""Binary"":""73-00-65-00-67-00-32-00-32-00-00-00""}}"
68,9375,2021-11-03 08:15:47.0280544,7045,Info,Service Control Manager,System,484,2972,FS03.offsec.lan,0,S-1-5-21-4230534742-2542757381-3142984815-1111,A new service was installed in the system,,,Name: PSAoR2V0LURhdGUpLlN1YnRyYWN0KCRPbGRlc3RFdmVudFRpbWUpLlRvdGFsU2Vjb25kcw0KDQogICAgICAgICAgICAkQXZnRXZlbnRzUGVyU2Vjb25kID0gJFRvdGFsTG9nRXZlbnRzIC8gJFRvdG,StartType: demand start,Account: LocalSystem,,,,"c:\windows\system32\cmd.exe /c powershell -command ""Get-Service ""seg23"" | select -Expand DisplayName |out-file -append tmp_payload.txt""",False,"EVTX-to-MITRE-Attack\TA0002-Execution\T1569.002-Service execution\ID7000,7009,7045-Payload deployed via service - Tchopper.evtx","Audit success, classic",0,"{""EventData"":{""Data"":[{""@Name"":""ServiceName"",""#text"":""PSAoR2V0LURhdGUpLlN1YnRyYWN0KCRPbGRlc3RFdmVudFRpbWUpLlRvdGFsU2Vjb25kcw0KDQogICAgICAgICAgICAkQXZnRXZlbnRzUGVyU2Vjb25kID0gJFRvdGFsTG9nRXZlbnRzIC8gJFRvdG""},{""@Name"":""ImagePath"",""#text"":""c:\\windows\\system32\\cmd.exe /c powershell -command \""Get-Service \""seg23\"" | select -Expand DisplayName |out-file -append tmp_payload.txt\""""},{""@Name"":""ServiceType"",""#text"":""user mode service""},{""@Name"":""StartType"",""#text"":""demand start""},{""@Name"":""AccountName"",""#text"":""LocalSystem""}]}}"
69,9376,2021-11-03 08:15:47.4343034,7009,Error,Service Control Manager,System,484,2972,FS03.offsec.lan,0,,,,,,,,,,,,False,"EVTX-to-MITRE-Attack\TA0002-Execution\T1569.002-Service execution\ID7000,7009,7045-Payload deployed via service - Tchopper.evtx","Audit success, classic",0,"{""EventData"":{""Data"":[{""@Name"":""param1"",""#text"":""30000""},{""@Name"":""param2"",""#text"":""PSAoR2V0LURhdGUpLlN1YnRyYWN0KCRPbGRlc3RFdmVudFRpbWUpLlRvdGFsU2Vjb25kcw0KDQogICAgICAgICAgICAkQXZnRXZlbnRzUGVyU2Vjb25kID0gJFRvdGFsTG9nRXZlbnRzIC8gJFRvdG""}],""Binary"":""73-00-65-00-67-00-32-00-33-00-00-00""}}"
70,9377,2021-11-03 08:15:47.4343034,7000,Error,Service Control Manager,System,484,2972,FS03.offsec.lan,0,,,,,,,,,,,,False,"EVTX-to-MITRE-Attack\TA0002-Execution\T1569.002-Service execution\ID7000,7009,7045-Payload deployed via service - Tchopper.evtx","Audit success, classic",0,"{""EventData"":{""Data"":[{""@Name"":""param1"",""#text"":""PSAoR2V0LURhdGUpLlN1YnRyYWN0KCRPbGRlc3RFdmVudFRpbWUpLlRvdGFsU2Vjb25kcw0KDQogICAgICAgICAgICAkQXZnRXZlbnRzUGVyU2Vjb25kID0gJFRvdGFsTG9nRXZlbnRzIC8gJFRvdG""},{""@Name"":""param2"",""#text"":""%%1053""}],""Binary"":""73-00-65-00-67-00-32-00-33-00-00-00""}}"
71,9378,2021-11-03 08:15:48.4984572,7045,Info,Service Control Manager,System,484,2972,FS03.offsec.lan,0,S-1-5-21-4230534742-2542757381-3142984815-1111,A new service was installed in the system,,,Name: FsVGltZSAgICAgICANCiAgICAgICAgDQogICAgICAgICAgICAkQXZnRXZlbnRzUGVyU2Vjb25kID0gW21hdGhdOjpSb3VuZCgkQXZnRXZlbnRzUGVyU2Vjb25kLCA1KSANCiAgICAgICAgICAgICAg,StartType: demand start,Account: LocalSystem,,,,"c:\windows\system32\cmd.exe /c powershell -command ""Get-Service ""seg24"" | select -Expand DisplayName |out-file -append tmp_payload.txt""",False,"EVTX-to-MITRE-Attack\TA0002-Execution\T1569.002-Service execution\ID7000,7009,7045-Payload deployed via service - Tchopper.evtx","Audit success, classic",0,"{""EventData"":{""Data"":[{""@Name"":""ServiceName"",""#text"":""FsVGltZSAgICAgICANCiAgICAgICAgDQogICAgICAgICAgICAkQXZnRXZlbnRzUGVyU2Vjb25kID0gW21hdGhdOjpSb3VuZCgkQXZnRXZlbnRzUGVyU2Vjb25kLCA1KSANCiAgICAgICAgICAgICAg""},{""@Name"":""ImagePath"",""#text"":""c:\\windows\\system32\\cmd.exe /c powershell -command \""Get-Service \""seg24\"" | select -Expand DisplayName |out-file -append tmp_payload.txt\""""},{""@Name"":""ServiceType"",""#text"":""user mode service""},{""@Name"":""StartType"",""#text"":""demand start""},{""@Name"":""AccountName"",""#text"":""LocalSystem""}]}}"
72,9379,2021-11-03 08:15:48.8764950,7009,Error,Service Control Manager,System,484,2972,FS03.offsec.lan,0,,,,,,,,,,,,False,"EVTX-to-MITRE-Attack\TA0002-Execution\T1569.002-Service execution\ID7000,7009,7045-Payload deployed via service - Tchopper.evtx","Audit success, classic",0,"{""EventData"":{""Data"":[{""@Name"":""param1"",""#text"":""30000""},{""@Name"":""param2"",""#text"":""FsVGltZSAgICAgICANCiAgICAgICAgDQogICAgICAgICAgICAkQXZnRXZlbnRzUGVyU2Vjb25kID0gW21hdGhdOjpSb3VuZCgkQXZnRXZlbnRzUGVyU2Vjb25kLCA1KSANCiAgICAgICAgICAgICAg""}],""Binary"":""73-00-65-00-67-00-32-00-34-00-00-00""}}"
73,9380,2021-11-03 08:15:48.8764950,7000,Error,Service Control Manager,System,484,2972,FS03.offsec.lan,0,,,,,,,,,,,,False,"EVTX-to-MITRE-Attack\TA0002-Execution\T1569.002-Service execution\ID7000,7009,7045-Payload deployed via service - Tchopper.evtx","Audit success, classic",0,"{""EventData"":{""Data"":[{""@Name"":""param1"",""#text"":""FsVGltZSAgICAgICANCiAgICAgICAgDQogICAgICAgICAgICAkQXZnRXZlbnRzUGVyU2Vjb25kID0gW21hdGhdOjpSb3VuZCgkQXZnRXZlbnRzUGVyU2Vjb25kLCA1KSANCiAgICAgICAgICAgICAg""},{""@Name"":""param2"",""#text"":""%%1053""}],""Binary"":""73-00-65-00-67-00-32-00-34-00-00-00""}}"
74,9381,2021-11-03 08:15:49.9564698,7045,Info,Service Control Manager,System,484,2972,FS03.offsec.lan,0,S-1-5-21-4230534742-2542757381-3142984815-1111,A new service was installed in the system,,,Name: ICAgICAgICAgICAgICAgICAgICAgICAgICAgICAgICAgICAgDQogICAgICAgIH0NCiAgICAgICAgDQogICAgICAgICMgUmVtb3RlIGJveA0KICAgICAgICBFbHNlIHsNCg0KICAgICAgICAgICAgaW,StartType: demand start,Account: LocalSystem,,,,"c:\windows\system32\cmd.exe /c powershell -command ""Get-Service ""seg25"" | select -Expand DisplayName |out-file -append tmp_payload.txt""",False,"EVTX-to-MITRE-Attack\TA0002-Execution\T1569.002-Service execution\ID7000,7009,7045-Payload deployed via service - Tchopper.evtx","Audit success, classic",0,"{""EventData"":{""Data"":[{""@Name"":""ServiceName"",""#text"":""ICAgICAgICAgICAgICAgICAgICAgICAgICAgICAgICAgICAgDQogICAgICAgIH0NCiAgICAgICAgDQogICAgICAgICMgUmVtb3RlIGJveA0KICAgICAgICBFbHNlIHsNCg0KICAgICAgICAgICAgaW""},{""@Name"":""ImagePath"",""#text"":""c:\\windows\\system32\\cmd.exe /c powershell -command \""Get-Service \""seg25\"" | select -Expand DisplayName |out-file -append tmp_payload.txt\""""},{""@Name"":""ServiceType"",""#text"":""user mode service""},{""@Name"":""StartType"",""#text"":""demand start""},{""@Name"":""AccountName"",""#text"":""LocalSystem""}]}}"
75,9382,2021-11-03 08:15:50.3379681,7009,Error,Service Control Manager,System,484,2972,FS03.offsec.lan,0,,,,,,,,,,,,False,"EVTX-to-MITRE-Attack\TA0002-Execution\T1569.002-Service execution\ID7000,7009,7045-Payload deployed via service - Tchopper.evtx","Audit success, classic",0,"{""EventData"":{""Data"":[{""@Name"":""param1"",""#text"":""30000""},{""@Name"":""param2"",""#text"":""ICAgICAgICAgICAgICAgICAgICAgICAgICAgICAgICAgICAgDQogICAgICAgIH0NCiAgICAgICAgDQogICAgICAgICMgUmVtb3RlIGJveA0KICAgICAgICBFbHNlIHsNCg0KICAgICAgICAgICAgaW""}],""Binary"":""73-00-65-00-67-00-32-00-35-00-00-00""}}"
76,9383,2021-11-03 08:15:50.3379681,7000,Error,Service Control Manager,System,484,2972,FS03.offsec.lan,0,,,,,,,,,,,,False,"EVTX-to-MITRE-Attack\TA0002-Execution\T1569.002-Service execution\ID7000,7009,7045-Payload deployed via service - Tchopper.evtx","Audit success, classic",0,"{""EventData"":{""Data"":[{""@Name"":""param1"",""#text"":""ICAgICAgICAgICAgICAgICAgICAgICAgICAgICAgICAgICAgDQogICAgICAgIH0NCiAgICAgICAgDQogICAgICAgICMgUmVtb3RlIGJveA0KICAgICAgICBFbHNlIHsNCg0KICAgICAgICAgICAgaW""},{""@Name"":""param2"",""#text"":""%%1053""}],""Binary"":""73-00-65-00-67-00-32-00-35-00-00-00""}}"
77,9384,2021-11-03 08:15:51.4023516,7045,Info,Service Control Manager,System,484,2972,FS03.offsec.lan,0,S-1-5-21-4230534742-2542757381-3142984815-1111,A new service was installed in the system,,,Name: YgKCRPUyAtbGlrZSAiKlNlcnZlciAyMDAzKiIgLW9yICRPUyAtbGlrZSAiKldpbmRvd3MgWFAqIil7DQoNCiAgICAgICAgICAgICAgICBXcml0ZS1Ib3N0ICIkT1MgaXMgYW4gb2xkIE9wZXJhdGlu,StartType: demand start,Account: LocalSystem,,,,"c:\windows\system32\cmd.exe /c powershell -command ""Get-Service ""seg26"" | select -Expand DisplayName |out-file -append tmp_payload.txt""",False,"EVTX-to-MITRE-Attack\TA0002-Execution\T1569.002-Service execution\ID7000,7009,7045-Payload deployed via service - Tchopper.evtx","Audit success, classic",0,"{""EventData"":{""Data"":[{""@Name"":""ServiceName"",""#text"":""YgKCRPUyAtbGlrZSAiKlNlcnZlciAyMDAzKiIgLW9yICRPUyAtbGlrZSAiKldpbmRvd3MgWFAqIil7DQoNCiAgICAgICAgICAgICAgICBXcml0ZS1Ib3N0ICIkT1MgaXMgYW4gb2xkIE9wZXJhdGlu""},{""@Name"":""ImagePath"",""#text"":""c:\\windows\\system32\\cmd.exe /c powershell -command \""Get-Service \""seg26\"" | select -Expand DisplayName |out-file -append tmp_payload.txt\""""},{""@Name"":""ServiceType"",""#text"":""user mode service""},{""@Name"":""StartType"",""#text"":""demand start""},{""@Name"":""AccountName"",""#text"":""LocalSystem""}]}}"
78,9385,2021-11-03 08:15:51.7773498,7009,Error,Service Control Manager,System,484,2972,FS03.offsec.lan,0,,,,,,,,,,,,False,"EVTX-to-MITRE-Attack\TA0002-Execution\T1569.002-Service execution\ID7000,7009,7045-Payload deployed via service - Tchopper.evtx","Audit success, classic",0,"{""EventData"":{""Data"":[{""@Name"":""param1"",""#text"":""30000""},{""@Name"":""param2"",""#text"":""YgKCRPUyAtbGlrZSAiKlNlcnZlciAyMDAzKiIgLW9yICRPUyAtbGlrZSAiKldpbmRvd3MgWFAqIil7DQoNCiAgICAgICAgICAgICAgICBXcml0ZS1Ib3N0ICIkT1MgaXMgYW4gb2xkIE9wZXJhdGlu""}],""Binary"":""73-00-65-00-67-00-32-00-36-00-00-00""}}"
79,9386,2021-11-03 08:15:51.7773498,7000,Error,Service Control Manager,System,484,2972,FS03.offsec.lan,0,,,,,,,,,,,,False,"EVTX-to-MITRE-Attack\TA0002-Execution\T1569.002-Service execution\ID7000,7009,7045-Payload deployed via service - Tchopper.evtx","Audit success, classic",0,"{""EventData"":{""Data"":[{""@Name"":""param1"",""#text"":""YgKCRPUyAtbGlrZSAiKlNlcnZlciAyMDAzKiIgLW9yICRPUyAtbGlrZSAiKldpbmRvd3MgWFAqIil7DQoNCiAgICAgICAgICAgICAgICBXcml0ZS1Ib3N0ICIkT1MgaXMgYW4gb2xkIE9wZXJhdGlu""},{""@Name"":""param2"",""#text"":""%%1053""}],""Binary"":""73-00-65-00-67-00-32-00-36-00-00-00""}}"
80,9387,2021-11-03 08:15:52.8527196,7045,Info,Service Control Manager,System,484,2972,FS03.offsec.lan,0,S-1-5-21-4230534742-2542757381-3142984815-1111,A new service was installed in the system,,,Name: ZyBTeXN0ZW0sIENvbGxlY3RpbmcgJExvZ05hbWUgRXZlbnQgTG9nIEluZm9ybWF0aW9uIHZpYSBXTUksIHRoaXMgbWF5IHRha2Ugc29tZSB0aW1lIg0KDQogICAgICAgICAgICAgICAgJHdtaV9ldm,StartType: demand start,Account: LocalSystem,,,,"c:\windows\system32\cmd.exe /c powershell -command ""Get-Service ""seg27"" | select -Expand DisplayName |out-file -append tmp_payload.txt""",False,"EVTX-to-MITRE-Attack\TA0002-Execution\T1569.002-Service execution\ID7000,7009,7045-Payload deployed via service - Tchopper.evtx","Audit success, classic",0,"{""EventData"":{""Data"":[{""@Name"":""ServiceName"",""#text"":""ZyBTeXN0ZW0sIENvbGxlY3RpbmcgJExvZ05hbWUgRXZlbnQgTG9nIEluZm9ybWF0aW9uIHZpYSBXTUksIHRoaXMgbWF5IHRha2Ugc29tZSB0aW1lIg0KDQogICAgICAgICAgICAgICAgJHdtaV9ldm""},{""@Name"":""ImagePath"",""#text"":""c:\\windows\\system32\\cmd.exe /c powershell -command \""Get-Service \""seg27\"" | select -Expand DisplayName |out-file -append tmp_payload.txt\""""},{""@Name"":""ServiceType"",""#text"":""user mode service""},{""@Name"":""StartType"",""#text"":""demand start""},{""@Name"":""AccountName"",""#text"":""LocalSystem""}]}}"
81,9388,2021-11-03 08:15:53.2276949,7009,Error,Service Control Manager,System,484,2972,FS03.offsec.lan,0,,,,,,,,,,,,False,"EVTX-to-MITRE-Attack\TA0002-Execution\T1569.002-Service execution\ID7000,7009,7045-Payload deployed via service - Tchopper.evtx","Audit success, classic",0,"{""EventData"":{""Data"":[{""@Name"":""param1"",""#text"":""30000""},{""@Name"":""param2"",""#text"":""ZyBTeXN0ZW0sIENvbGxlY3RpbmcgJExvZ05hbWUgRXZlbnQgTG9nIEluZm9ybWF0aW9uIHZpYSBXTUksIHRoaXMgbWF5IHRha2Ugc29tZSB0aW1lIg0KDQogICAgICAgICAgICAgICAgJHdtaV9ldm""}],""Binary"":""73-00-65-00-67-00-32-00-37-00-00-00""}}"
82,9389,2021-11-03 08:15:53.2276949,7000,Error,Service Control Manager,System,484,2972,FS03.offsec.lan,0,,,,,,,,,,,,False,"EVTX-to-MITRE-Attack\TA0002-Execution\T1569.002-Service execution\ID7000,7009,7045-Payload deployed via service - Tchopper.evtx","Audit success, classic",0,"{""EventData"":{""Data"":[{""@Name"":""param1"",""#text"":""ZyBTeXN0ZW0sIENvbGxlY3RpbmcgJExvZ05hbWUgRXZlbnQgTG9nIEluZm9ybWF0aW9uIHZpYSBXTUksIHRoaXMgbWF5IHRha2Ugc29tZSB0aW1lIg0KDQogICAgICAgICAgICAgICAgJHdtaV9ldm""},{""@Name"":""param2"",""#text"":""%%1053""}],""Binary"":""73-00-65-00-67-00-32-00-37-00-00-00""}}"
83,9390,2021-11-03 08:15:54.3146125,7045,Info,Service Control Manager,System,484,2972,FS03.offsec.lan,0,S-1-5-21-4230534742-2542757381-3142984815-1111,A new service was installed in the system,,,Name: VudGxvZ3N1bW1hcnkgPSBHZXQtV21pT2JqZWN0IC1DbGFzcyBXaW4zMl9OVEV2ZW50TG9nRmlsZSAtY29tcHV0ZXJuYW1lICRBZ2VudCAtQ3JlZGVudGlhbCAkR2xvYmFsOkNyZWQgLWZpbHRlciAi,StartType: demand start,Account: LocalSystem,,,,"c:\windows\system32\cmd.exe /c powershell -command ""Get-Service ""seg28"" | select -Expand DisplayName |out-file -append tmp_payload.txt""",False,"EVTX-to-MITRE-Attack\TA0002-Execution\T1569.002-Service execution\ID7000,7009,7045-Payload deployed via service - Tchopper.evtx","Audit success, classic",0,"{""EventData"":{""Data"":[{""@Name"":""ServiceName"",""#text"":""VudGxvZ3N1bW1hcnkgPSBHZXQtV21pT2JqZWN0IC1DbGFzcyBXaW4zMl9OVEV2ZW50TG9nRmlsZSAtY29tcHV0ZXJuYW1lICRBZ2VudCAtQ3JlZGVudGlhbCAkR2xvYmFsOkNyZWQgLWZpbHRlciAi""},{""@Name"":""ImagePath"",""#text"":""c:\\windows\\system32\\cmd.exe /c powershell -command \""Get-Service \""seg28\"" | select -Expand DisplayName |out-file -append tmp_payload.txt\""""},{""@Name"":""ServiceType"",""#text"":""user mode service""},{""@Name"":""StartType"",""#text"":""demand start""},{""@Name"":""AccountName"",""#text"":""LocalSystem""}]}}"
84,9391,2021-11-03 08:15:54.6828677,7009,Error,Service Control Manager,System,484,2972,FS03.offsec.lan,0,,,,,,,,,,,,False,"EVTX-to-MITRE-Attack\TA0002-Execution\T1569.002-Service execution\ID7000,7009,7045-Payload deployed via service - Tchopper.evtx","Audit success, classic",0,"{""EventData"":{""Data"":[{""@Name"":""param1"",""#text"":""30000""},{""@Name"":""param2"",""#text"":""VudGxvZ3N1bW1hcnkgPSBHZXQtV21pT2JqZWN0IC1DbGFzcyBXaW4zMl9OVEV2ZW50TG9nRmlsZSAtY29tcHV0ZXJuYW1lICRBZ2VudCAtQ3JlZGVudGlhbCAkR2xvYmFsOkNyZWQgLWZpbHRlciAi""}],""Binary"":""73-00-65-00-67-00-32-00-38-00-00-00""}}"
85,9392,2021-11-03 08:15:54.6828677,7000,Error,Service Control Manager,System,484,2972,FS03.offsec.lan,0,,,,,,,,,,,,False,"EVTX-to-MITRE-Attack\TA0002-Execution\T1569.002-Service execution\ID7000,7009,7045-Payload deployed via service - Tchopper.evtx","Audit success, classic",0,"{""EventData"":{""Data"":[{""@Name"":""param1"",""#text"":""VudGxvZ3N1bW1hcnkgPSBHZXQtV21pT2JqZWN0IC1DbGFzcyBXaW4zMl9OVEV2ZW50TG9nRmlsZSAtY29tcHV0ZXJuYW1lICRBZ2VudCAtQ3JlZGVudGlhbCAkR2xvYmFsOkNyZWQgLWZpbHRlciAi""},{""@Name"":""param2"",""#text"":""%%1053""}],""Binary"":""73-00-65-00-67-00-32-00-38-00-00-00""}}"
86,9393,2021-11-03 08:15:55.7664656,7045,Info,Service Control Manager,System,484,2972,FS03.offsec.lan,0,S-1-5-21-4230534742-2542757381-3142984815-1111,A new service was installed in the system,,,Name: TG9nRmlsZU5hbWUgPSAnJExvZ05hbWUnIg0KICAgICAgICAgICAgICAgIA0KICAgICAgICAgICAgICAgICRUb3RhbExvZ0V2ZW50cyA9ICR3bWlfZXZlbnRsb2dzdW1tYXJ5Lk51bWJlck9mUmVjb3,StartType: demand start,Account: LocalSystem,,,,"c:\windows\system32\cmd.exe /c powershell -command ""Get-Service ""seg29"" | select -Expand DisplayName |out-file -append tmp_payload.txt""",False,"EVTX-to-MITRE-Attack\TA0002-Execution\T1569.002-Service execution\ID7000,7009,7045-Payload deployed via service - Tchopper.evtx","Audit success, classic",0,"{""EventData"":{""Data"":[{""@Name"":""ServiceName"",""#text"":""TG9nRmlsZU5hbWUgPSAnJExvZ05hbWUnIg0KICAgICAgICAgICAgICAgIA0KICAgICAgICAgICAgICAgICRUb3RhbExvZ0V2ZW50cyA9ICR3bWlfZXZlbnRsb2dzdW1tYXJ5Lk51bWJlck9mUmVjb3""},{""@Name"":""ImagePath"",""#text"":""c:\\windows\\system32\\cmd.exe /c powershell -command \""Get-Service \""seg29\"" | select -Expand DisplayName |out-file -append tmp_payload.txt\""""},{""@Name"":""ServiceType"",""#text"":""user mode service""},{""@Name"":""StartType"",""#text"":""demand start""},{""@Name"":""AccountName"",""#text"":""LocalSystem""}]}}"
87,9394,2021-11-03 08:15:56.1258450,7009,Error,Service Control Manager,System,484,2972,FS03.offsec.lan,0,,,,,,,,,,,,False,"EVTX-to-MITRE-Attack\TA0002-Execution\T1569.002-Service execution\ID7000,7009,7045-Payload deployed via service - Tchopper.evtx","Audit success, classic",0,"{""EventData"":{""Data"":[{""@Name"":""param1"",""#text"":""30000""},{""@Name"":""param2"",""#text"":""TG9nRmlsZU5hbWUgPSAnJExvZ05hbWUnIg0KICAgICAgICAgICAgICAgIA0KICAgICAgICAgICAgICAgICRUb3RhbExvZ0V2ZW50cyA9ICR3bWlfZXZlbnRsb2dzdW1tYXJ5Lk51bWJlck9mUmVjb3""}],""Binary"":""73-00-65-00-67-00-32-00-39-00-00-00""}}"
88,9395,2021-11-03 08:15:56.1258450,7000,Error,Service Control Manager,System,484,2972,FS03.offsec.lan,0,,,,,,,,,,,,False,"EVTX-to-MITRE-Attack\TA0002-Execution\T1569.002-Service execution\ID7000,7009,7045-Payload deployed via service - Tchopper.evtx","Audit success, classic",0,"{""EventData"":{""Data"":[{""@Name"":""param1"",""#text"":""TG9nRmlsZU5hbWUgPSAnJExvZ05hbWUnIg0KICAgICAgICAgICAgICAgIA0KICAgICAgICAgICAgICAgICRUb3RhbExvZ0V2ZW50cyA9ICR3bWlfZXZlbnRsb2dzdW1tYXJ5Lk51bWJlck9mUmVjb3""},{""@Name"":""param2"",""#text"":""%%1053""}],""Binary"":""73-00-65-00-67-00-32-00-39-00-00-00""}}"
89,9396,2021-11-03 08:15:57.2098068,7045,Info,Service Control Manager,System,484,2972,FS03.offsec.lan,0,S-1-5-21-4230534742-2542757381-3142984815-1111,A new service was installed in the system,,,Name: Jkcw0KDQogICAgICAgICAgICAgICAgJExvZ1NpemUgPSAoJHdtaV9ldmVudGxvZ3N1bW1hcnkuRmlsZVNpemUgLyAxTUIpDQogICAgIA0KICAgICAgICAgICAgICAgICR3bWlfZXZlbnRsb2dkYXRh,StartType: demand start,Account: LocalSystem,,,,"c:\windows\system32\cmd.exe /c powershell -command ""Get-Service ""seg30"" | select -Expand DisplayName |out-file -append tmp_payload.txt""",False,"EVTX-to-MITRE-Attack\TA0002-Execution\T1569.002-Service execution\ID7000,7009,7045-Payload deployed via service - Tchopper.evtx","Audit success, classic",0,"{""EventData"":{""Data"":[{""@Name"":""ServiceName"",""#text"":""Jkcw0KDQogICAgICAgICAgICAgICAgJExvZ1NpemUgPSAoJHdtaV9ldmVudGxvZ3N1bW1hcnkuRmlsZVNpemUgLyAxTUIpDQogICAgIA0KICAgICAgICAgICAgICAgICR3bWlfZXZlbnRsb2dkYXRh""},{""@Name"":""ImagePath"",""#text"":""c:\\windows\\system32\\cmd.exe /c powershell -command \""Get-Service \""seg30\"" | select -Expand DisplayName |out-file -append tmp_payload.txt\""""},{""@Name"":""ServiceType"",""#text"":""user mode service""},{""@Name"":""StartType"",""#text"":""demand start""},{""@Name"":""AccountName"",""#text"":""LocalSystem""}]}}"
90,9397,2021-11-03 08:15:57.5760359,7009,Error,Service Control Manager,System,484,2972,FS03.offsec.lan,0,,,,,,,,,,,,False,"EVTX-to-MITRE-Attack\TA0002-Execution\T1569.002-Service execution\ID7000,7009,7045-Payload deployed via service - Tchopper.evtx","Audit success, classic",0,"{""EventData"":{""Data"":[{""@Name"":""param1"",""#text"":""30000""},{""@Name"":""param2"",""#text"":""Jkcw0KDQogICAgICAgICAgICAgICAgJExvZ1NpemUgPSAoJHdtaV9ldmVudGxvZ3N1bW1hcnkuRmlsZVNpemUgLyAxTUIpDQogICAgIA0KICAgICAgICAgICAgICAgICR3bWlfZXZlbnRsb2dkYXRh""}],""Binary"":""73-00-65-00-67-00-33-00-30-00-00-00""}}"
91,9398,2021-11-03 08:15:57.5760359,7000,Error,Service Control Manager,System,484,2972,FS03.offsec.lan,0,,,,,,,,,,,,False,"EVTX-to-MITRE-Attack\TA0002-Execution\T1569.002-Service execution\ID7000,7009,7045-Payload deployed via service - Tchopper.evtx","Audit success, classic",0,"{""EventData"":{""Data"":[{""@Name"":""param1"",""#text"":""Jkcw0KDQogICAgICAgICAgICAgICAgJExvZ1NpemUgPSAoJHdtaV9ldmVudGxvZ3N1bW1hcnkuRmlsZVNpemUgLyAxTUIpDQogICAgIA0KICAgICAgICAgICAgICAgICR3bWlfZXZlbnRsb2dkYXRh""},{""@Name"":""param2"",""#text"":""%%1053""}],""Binary"":""73-00-65-00-67-00-33-00-30-00-00-00""}}"
92,9399,2021-11-03 08:15:58.6469587,7045,Info,Service Control Manager,System,484,2972,FS03.offsec.lan,0,S-1-5-21-4230534742-2542757381-3142984815-1111,A new service was installed in the system,,,Name: ID0gR2V0LVdNSW9iamVjdCAtQ29tcHV0ZXJOYW1lICRjb21wdXRlciAtQ3JlZGVudGlhbCAkY3JlZCAtcXVlcnkgIlNlbGVjdCAqIGZyb20gV2luMzJfTlRMb2dFdmVudCBXaGVyZSBMb2dmaWxlID,StartType: demand start,Account: LocalSystem,,,,"c:\windows\system32\cmd.exe /c powershell -command ""Get-Service ""seg31"" | select -Expand DisplayName |out-file -append tmp_payload.txt""",False,"EVTX-to-MITRE-Attack\TA0002-Execution\T1569.002-Service execution\ID7000,7009,7045-Payload deployed via service - Tchopper.evtx","Audit success, classic",0,"{""EventData"":{""Data"":[{""@Name"":""ServiceName"",""#text"":""ID0gR2V0LVdNSW9iamVjdCAtQ29tcHV0ZXJOYW1lICRjb21wdXRlciAtQ3JlZGVudGlhbCAkY3JlZCAtcXVlcnkgIlNlbGVjdCAqIGZyb20gV2luMzJfTlRMb2dFdmVudCBXaGVyZSBMb2dmaWxlID""},{""@Name"":""ImagePath"",""#text"":""c:\\windows\\system32\\cmd.exe /c powershell -command \""Get-Service \""seg31\"" | select -Expand DisplayName |out-file -append tmp_payload.txt\""""},{""@Name"":""ServiceType"",""#text"":""user mode service""},{""@Name"":""StartType"",""#text"":""demand start""},{""@Name"":""AccountName"",""#text"":""LocalSystem""}]}}"
93,9400,2021-11-03 08:15:59.0219508,7009,Error,Service Control Manager,System,484,2972,FS03.offsec.lan,0,,,,,,,,,,,,False,"EVTX-to-MITRE-Attack\TA0002-Execution\T1569.002-Service execution\ID7000,7009,7045-Payload deployed via service - Tchopper.evtx","Audit success, classic",0,"{""EventData"":{""Data"":[{""@Name"":""param1"",""#text"":""30000""},{""@Name"":""param2"",""#text"":""ID0gR2V0LVdNSW9iamVjdCAtQ29tcHV0ZXJOYW1lICRjb21wdXRlciAtQ3JlZGVudGlhbCAkY3JlZCAtcXVlcnkgIlNlbGVjdCAqIGZyb20gV2luMzJfTlRMb2dFdmVudCBXaGVyZSBMb2dmaWxlID""}],""Binary"":""73-00-65-00-67-00-33-00-31-00-00-00""}}"
94,9401,2021-11-03 08:15:59.0219508,7000,Error,Service Control Manager,System,484,2972,FS03.offsec.lan,0,,,,,,,,,,,,False,"EVTX-to-MITRE-Attack\TA0002-Execution\T1569.002-Service execution\ID7000,7009,7045-Payload deployed via service - Tchopper.evtx","Audit success, classic",0,"{""EventData"":{""Data"":[{""@Name"":""param1"",""#text"":""ID0gR2V0LVdNSW9iamVjdCAtQ29tcHV0ZXJOYW1lICRjb21wdXRlciAtQ3JlZGVudGlhbCAkY3JlZCAtcXVlcnkgIlNlbGVjdCAqIGZyb20gV2luMzJfTlRMb2dFdmVudCBXaGVyZSBMb2dmaWxlID""},{""@Name"":""param2"",""#text"":""%%1053""}],""Binary"":""73-00-65-00-67-00-33-00-31-00-00-00""}}"
95,9402,2021-11-03 08:16:00.1000648,7045,Info,Service Control Manager,System,484,2972,FS03.offsec.lan,0,S-1-5-21-4230534742-2542757381-3142984815-1111,A new service was installed in the system,,,Name: 0gJ2FwcGxpY2F0aW9uJyINCg0KICAgICAgICAgICAgICAgICRnZXR3bWlvbGRldmVudCA9ICAkd21pX2V2ZW50bG9nZGF0YXwgc2VsZWN0IC1sYXN0IDENCg0KICAgICAgICAgICAgICAgICRnZXR3,StartType: demand start,Account: LocalSystem,,,,"c:\windows\system32\cmd.exe /c powershell -command ""Get-Service ""seg32"" | select -Expand DisplayName |out-file -append tmp_payload.txt""",False,"EVTX-to-MITRE-Attack\TA0002-Execution\T1569.002-Service execution\ID7000,7009,7045-Payload deployed via service - Tchopper.evtx","Audit success, classic",0,"{""EventData"":{""Data"":[{""@Name"":""ServiceName"",""#text"":""0gJ2FwcGxpY2F0aW9uJyINCg0KICAgICAgICAgICAgICAgICRnZXR3bWlvbGRldmVudCA9ICAkd21pX2V2ZW50bG9nZGF0YXwgc2VsZWN0IC1sYXN0IDENCg0KICAgICAgICAgICAgICAgICRnZXR3""},{""@Name"":""ImagePath"",""#text"":""c:\\windows\\system32\\cmd.exe /c powershell -command \""Get-Service \""seg32\"" | select -Expand DisplayName |out-file -append tmp_payload.txt\""""},{""@Name"":""ServiceType"",""#text"":""user mode service""},{""@Name"":""StartType"",""#text"":""demand start""},{""@Name"":""AccountName"",""#text"":""LocalSystem""}]}}"
96,9403,2021-11-03 08:16:00.4750783,7009,Error,Service Control Manager,System,484,2972,FS03.offsec.lan,0,,,,,,,,,,,,False,"EVTX-to-MITRE-Attack\TA0002-Execution\T1569.002-Service execution\ID7000,7009,7045-Payload deployed via service - Tchopper.evtx","Audit success, classic",0,"{""EventData"":{""Data"":[{""@Name"":""param1"",""#text"":""30000""},{""@Name"":""param2"",""#text"":""0gJ2FwcGxpY2F0aW9uJyINCg0KICAgICAgICAgICAgICAgICRnZXR3bWlvbGRldmVudCA9ICAkd21pX2V2ZW50bG9nZGF0YXwgc2VsZWN0IC1sYXN0IDENCg0KICAgICAgICAgICAgICAgICRnZXR3""}],""Binary"":""73-00-65-00-67-00-33-00-32-00-00-00""}}"
97,9404,2021-11-03 08:16:00.4750783,7000,Error,Service Control Manager,System,484,2972,FS03.offsec.lan,0,,,,,,,,,,,,False,"EVTX-to-MITRE-Attack\TA0002-Execution\T1569.002-Service execution\ID7000,7009,7045-Payload deployed via service - Tchopper.evtx","Audit success, classic",0,"{""EventData"":{""Data"":[{""@Name"":""param1"",""#text"":""0gJ2FwcGxpY2F0aW9uJyINCg0KICAgICAgICAgICAgICAgICRnZXR3bWlvbGRldmVudCA9ICAkd21pX2V2ZW50bG9nZGF0YXwgc2VsZWN0IC1sYXN0IDENCg0KICAgICAgICAgICAgICAgICRnZXR3""},{""@Name"":""param2"",""#text"":""%%1053""}],""Binary"":""73-00-65-00-67-00-33-00-32-00-00-00""}}"
98,9405,2021-11-03 08:16:01.5523727,7045,Info,Service Control Manager,System,484,2972,FS03.offsec.lan,1,S-1-5-21-4230534742-2542757381-3142984815-1111,A new service was installed in the system,,,Name: bWluZXdlc3QgPSAkd21pX2V2ZW50bG9nZGF0YSB8IHNlbGVjdCAtZmlyc3QgMQ0KICAgICAgICAgICAgICAgIA0KICAgICAgICAgICAgICAgICRPbGRlc3RFdmVudFRpbWUgPSBbbWFuYWdlbWVudC,StartType: demand start,Account: LocalSystem,,,,"c:\windows\system32\cmd.exe /c powershell -command ""Get-Service ""seg33"" | select -Expand DisplayName |out-file -append tmp_payload.txt""",False,"EVTX-to-MITRE-Attack\TA0002-Execution\T1569.002-Service execution\ID7000,7009,7045-Payload deployed via service - Tchopper.evtx","Audit success, classic",0,"{""EventData"":{""Data"":[{""@Name"":""ServiceName"",""#text"":""bWluZXdlc3QgPSAkd21pX2V2ZW50bG9nZGF0YSB8IHNlbGVjdCAtZmlyc3QgMQ0KICAgICAgICAgICAgICAgIA0KICAgICAgICAgICAgICAgICRPbGRlc3RFdmVudFRpbWUgPSBbbWFuYWdlbWVudC""},{""@Name"":""ImagePath"",""#text"":""c:\\windows\\system32\\cmd.exe /c powershell -command \""Get-Service \""seg33\"" | select -Expand DisplayName |out-file -append tmp_payload.txt\""""},{""@Name"":""ServiceType"",""#text"":""user mode service""},{""@Name"":""StartType"",""#text"":""demand start""},{""@Name"":""AccountName"",""#text"":""LocalSystem""}]}}"
99,9406,2021-11-03 08:16:01.9273806,7009,Error,Service Control Manager,System,484,2972,FS03.offsec.lan,1,,,,,,,,,,,,False,"EVTX-to-MITRE-Attack\TA0002-Execution\T1569.002-Service execution\ID7000,7009,7045-Payload deployed via service - Tchopper.evtx","Audit success, classic",0,"{""EventData"":{""Data"":[{""@Name"":""param1"",""#text"":""30000""},{""@Name"":""param2"",""#text"":""bWluZXdlc3QgPSAkd21pX2V2ZW50bG9nZGF0YSB8IHNlbGVjdCAtZmlyc3QgMQ0KICAgICAgICAgICAgICAgIA0KICAgICAgICAgICAgICAgICRPbGRlc3RFdmVudFRpbWUgPSBbbWFuYWdlbWVudC""}],""Binary"":""73-00-65-00-67-00-33-00-33-00-00-00""}}"
100,9407,2021-11-03 08:16:01.9273806,7000,Error,Service Control Manager,System,484,2972,FS03.offsec.lan,1,,,,,,,,,,,,False,"EVTX-to-MITRE-Attack\TA0002-Execution\T1569.002-Service execution\ID7000,7009,7045-Payload deployed via service - Tchopper.evtx","Audit success, classic",0,"{""EventData"":{""Data"":[{""@Name"":""param1"",""#text"":""bWluZXdlc3QgPSAkd21pX2V2ZW50bG9nZGF0YSB8IHNlbGVjdCAtZmlyc3QgMQ0KICAgICAgICAgICAgICAgIA0KICAgICAgICAgICAgICAgICRPbGRlc3RFdmVudFRpbWUgPSBbbWFuYWdlbWVudC""},{""@Name"":""param2"",""#text"":""%%1053""}],""Binary"":""73-00-65-00-67-00-33-00-33-00-00-00""}}"
101,9408,2021-11-03 08:16:02.9921179,7045,Info,Service Control Manager,System,484,2972,FS03.offsec.lan,1,S-1-5-21-4230534742-2542757381-3142984815-1111,A new service was installed in the system,,,Name: 5tYW5hZ2VtZW50RGF0ZVRpbWVDb252ZXJ0ZXJdOjpUb0RhdGVUaW1lKCRnZXR3bWlvbGRldmVudC5UaW1lR2VuZXJhdGVkKSAgICAgICAgDQoNCiAgICAgICAgICAgICAgICAkTmV3ZXN0RXZlbnRU,StartType: demand start,Account: LocalSystem,,,,"c:\windows\system32\cmd.exe /c powershell -command ""Get-Service ""seg34"" | select -Expand DisplayName |out-file -append tmp_payload.txt""",False,"EVTX-to-MITRE-Attack\TA0002-Execution\T1569.002-Service execution\ID7000,7009,7045-Payload deployed via service - Tchopper.evtx","Audit success, classic",0,"{""EventData"":{""Data"":[{""@Name"":""ServiceName"",""#text"":""5tYW5hZ2VtZW50RGF0ZVRpbWVDb252ZXJ0ZXJdOjpUb0RhdGVUaW1lKCRnZXR3bWlvbGRldmVudC5UaW1lR2VuZXJhdGVkKSAgICAgICAgDQoNCiAgICAgICAgICAgICAgICAkTmV3ZXN0RXZlbnRU""},{""@Name"":""ImagePath"",""#text"":""c:\\windows\\system32\\cmd.exe /c powershell -command \""Get-Service \""seg34\"" | select -Expand DisplayName |out-file -append tmp_payload.txt\""""},{""@Name"":""ServiceType"",""#text"":""user mode service""},{""@Name"":""StartType"",""#text"":""demand start""},{""@Name"":""AccountName"",""#text"":""LocalSystem""}]}}"
102,9409,2021-11-03 08:16:03.3827431,7009,Error,Service Control Manager,System,484,2972,FS03.offsec.lan,1,,,,,,,,,,,,False,"EVTX-to-MITRE-Attack\TA0002-Execution\T1569.002-Service execution\ID7000,7009,7045-Payload deployed via service - Tchopper.evtx","Audit success, classic",528,"{""EventData"":{""Data"":[{""@Name"":""param1"",""#text"":""30000""},{""@Name"":""param2"",""#text"":""5tYW5hZ2VtZW50RGF0ZVRpbWVDb252ZXJ0ZXJdOjpUb0RhdGVUaW1lKCRnZXR3bWlvbGRldmVudC5UaW1lR2VuZXJhdGVkKSAgICAgICAgDQoNCiAgICAgICAgICAgICAgICAkTmV3ZXN0RXZlbnRU""}],""Binary"":""73-00-65-00-67-00-33-00-34-00-00-00""}}"
103,9410,2021-11-03 08:16:03.3827431,7000,Error,Service Control Manager,System,484,2972,FS03.offsec.lan,1,,,,,,,,,,,,False,"EVTX-to-MITRE-Attack\TA0002-Execution\T1569.002-Service execution\ID7000,7009,7045-Payload deployed via service - Tchopper.evtx","Audit success, classic",528,"{""EventData"":{""Data"":[{""@Name"":""param1"",""#text"":""5tYW5hZ2VtZW50RGF0ZVRpbWVDb252ZXJ0ZXJdOjpUb0RhdGVUaW1lKCRnZXR3bWlvbGRldmVudC5UaW1lR2VuZXJhdGVkKSAgICAgICAgDQoNCiAgICAgICAgICAgICAgICAkTmV3ZXN0RXZlbnRU""},{""@Name"":""param2"",""#text"":""%%1053""}],""Binary"":""73-00-65-00-67-00-33-00-34-00-00-00""}}"
104,9411,2021-11-03 08:16:04.4566166,7045,Info,Service Control Manager,System,484,2972,FS03.offsec.lan,1,S-1-5-21-4230534742-2542757381-3142984815-1111,A new service was installed in the system,,,Name: aW1lID0gW21hbmFnZW1lbnQubWFuYWdlbWVudERhdGVUaW1lQ29udmVydGVyXTo6VG9EYXRlVGltZSgkZ2V0d21pbmV3ZXN0LlRpbWVHZW5lcmF0ZWQpDQoNCg0KICAgICAgICAgICAgICAgIH0NCg,StartType: demand start,Account: LocalSystem,,,,"c:\windows\system32\cmd.exe /c powershell -command ""Get-Service ""seg35"" | select -Expand DisplayName |out-file -append tmp_payload.txt""",False,"EVTX-to-MITRE-Attack\TA0002-Execution\T1569.002-Service execution\ID7000,7009,7045-Payload deployed via service - Tchopper.evtx","Audit success, classic",0,"{""EventData"":{""Data"":[{""@Name"":""ServiceName"",""#text"":""aW1lID0gW21hbmFnZW1lbnQubWFuYWdlbWVudERhdGVUaW1lQ29udmVydGVyXTo6VG9EYXRlVGltZSgkZ2V0d21pbmV3ZXN0LlRpbWVHZW5lcmF0ZWQpDQoNCg0KICAgICAgICAgICAgICAgIH0NCg""},{""@Name"":""ImagePath"",""#text"":""c:\\windows\\system32\\cmd.exe /c powershell -command \""Get-Service \""seg35\"" | select -Expand DisplayName |out-file -append tmp_payload.txt\""""},{""@Name"":""ServiceType"",""#text"":""user mode service""},{""@Name"":""StartType"",""#text"":""demand start""},{""@Name"":""AccountName"",""#text"":""LocalSystem""}]}}"
105,9412,2021-11-03 08:16:04.8316240,7009,Error,Service Control Manager,System,484,2972,FS03.offsec.lan,1,,,,,,,,,,,,False,"EVTX-to-MITRE-Attack\TA0002-Execution\T1569.002-Service execution\ID7000,7009,7045-Payload deployed via service - Tchopper.evtx","Audit success, classic",0,"{""EventData"":{""Data"":[{""@Name"":""param1"",""#text"":""30000""},{""@Name"":""param2"",""#text"":""aW1lID0gW21hbmFnZW1lbnQubWFuYWdlbWVudERhdGVUaW1lQ29udmVydGVyXTo6VG9EYXRlVGltZSgkZ2V0d21pbmV3ZXN0LlRpbWVHZW5lcmF0ZWQpDQoNCg0KICAgICAgICAgICAgICAgIH0NCg""}],""Binary"":""73-00-65-00-67-00-33-00-35-00-00-00""}}"
106,9413,2021-11-03 08:16:04.8316240,7000,Error,Service Control Manager,System,484,2972,FS03.offsec.lan,1,,,,,,,,,,,,False,"EVTX-to-MITRE-Attack\TA0002-Execution\T1569.002-Service execution\ID7000,7009,7045-Payload deployed via service - Tchopper.evtx","Audit success, classic",0,"{""EventData"":{""Data"":[{""@Name"":""param1"",""#text"":""aW1lID0gW21hbmFnZW1lbnQubWFuYWdlbWVudERhdGVUaW1lQ29udmVydGVyXTo6VG9EYXRlVGltZSgkZ2V0d21pbmV3ZXN0LlRpbWVHZW5lcmF0ZWQpDQoNCg0KICAgICAgICAgICAgICAgIH0NCg""},{""@Name"":""param2"",""#text"":""%%1053""}],""Binary"":""73-00-65-00-67-00-33-00-35-00-00-00""}}"
107,9414,2021-11-03 08:16:05.8977616,7045,Info,Service Control Manager,System,484,2972,FS03.offsec.lan,1,S-1-5-21-4230534742-2542757381-3142984815-1111,A new service was installed in the system,,,Name: 0KICAgICAgICAgICAgZWxzZSB7DQoNCiAgICAgICAgICAgICRUb3RhbExvZ0V2ZW50cyA9IChHZXQtV2luRXZlbnQgLUxpc3RMb2cgJExvZ05hbWUgLUNvbXB1dGVyTmFtZSAkQWdlbnQgLUNyZWRl,StartType: demand start,Account: LocalSystem,,,,"c:\windows\system32\cmd.exe /c powershell -command ""Get-Service ""seg36"" | select -Expand DisplayName |out-file -append tmp_payload.txt""",False,"EVTX-to-MITRE-Attack\TA0002-Execution\T1569.002-Service execution\ID7000,7009,7045-Payload deployed via service - Tchopper.evtx","Audit success, classic",0,"{""EventData"":{""Data"":[{""@Name"":""ServiceName"",""#text"":""0KICAgICAgICAgICAgZWxzZSB7DQoNCiAgICAgICAgICAgICRUb3RhbExvZ0V2ZW50cyA9IChHZXQtV2luRXZlbnQgLUxpc3RMb2cgJExvZ05hbWUgLUNvbXB1dGVyTmFtZSAkQWdlbnQgLUNyZWRl""},{""@Name"":""ImagePath"",""#text"":""c:\\windows\\system32\\cmd.exe /c powershell -command \""Get-Service \""seg36\"" | select -Expand DisplayName |out-file -append tmp_payload.txt\""""},{""@Name"":""ServiceType"",""#text"":""user mode service""},{""@Name"":""StartType"",""#text"":""demand start""},{""@Name"":""AccountName"",""#text"":""LocalSystem""}]}}"
108,9415,2021-11-03 08:16:06.2844948,7009,Error,Service Control Manager,System,484,2972,FS03.offsec.lan,1,,,,,,,,,,,,False,"EVTX-to-MITRE-Attack\TA0002-Execution\T1569.002-Service execution\ID7000,7009,7045-Payload deployed via service - Tchopper.evtx","Audit success, classic",0,"{""EventData"":{""Data"":[{""@Name"":""param1"",""#text"":""30000""},{""@Name"":""param2"",""#text"":""0KICAgICAgICAgICAgZWxzZSB7DQoNCiAgICAgICAgICAgICRUb3RhbExvZ0V2ZW50cyA9IChHZXQtV2luRXZlbnQgLUxpc3RMb2cgJExvZ05hbWUgLUNvbXB1dGVyTmFtZSAkQWdlbnQgLUNyZWRl""}],""Binary"":""73-00-65-00-67-00-33-00-36-00-00-00""}}"
109,9416,2021-11-03 08:16:06.2844948,7000,Error,Service Control Manager,System,484,2972,FS03.offsec.lan,1,,,,,,,,,,,,False,"EVTX-to-MITRE-Attack\TA0002-Execution\T1569.002-Service execution\ID7000,7009,7045-Payload deployed via service - Tchopper.evtx","Audit success, classic",0,"{""EventData"":{""Data"":[{""@Name"":""param1"",""#text"":""0KICAgICAgICAgICAgZWxzZSB7DQoNCiAgICAgICAgICAgICRUb3RhbExvZ0V2ZW50cyA9IChHZXQtV2luRXZlbnQgLUxpc3RMb2cgJExvZ05hbWUgLUNvbXB1dGVyTmFtZSAkQWdlbnQgLUNyZWRl""},{""@Name"":""param2"",""#text"":""%%1053""}],""Binary"":""73-00-65-00-67-00-33-00-36-00-00-00""}}"
110,9417,2021-11-03 08:16:07.3512783,7045,Info,Service Control Manager,System,484,2972,FS03.offsec.lan,1,S-1-5-21-4230534742-2542757381-3142984815-1111,A new service was installed in the system,,,Name: bnRpYWwgJEdsb2JhbDpDcmVkKS5SZWNvcmRDb3VudA0KDQogICAgICAgICAgICAkTG9nU2l6ZSA9ICgoR2V0LVdpbkV2ZW50IC1MaXN0TG9nICRMb2dOYW1lIC1Db21wdXRlck5hbWUgJEFnZW50IC,StartType: demand start,Account: LocalSystem,,,,"c:\windows\system32\cmd.exe /c powershell -command ""Get-Service ""seg37"" | select -Expand DisplayName |out-file -append tmp_payload.txt""",False,"EVTX-to-MITRE-Attack\TA0002-Execution\T1569.002-Service execution\ID7000,7009,7045-Payload deployed via service - Tchopper.evtx","Audit success, classic",0,"{""EventData"":{""Data"":[{""@Name"":""ServiceName"",""#text"":""bnRpYWwgJEdsb2JhbDpDcmVkKS5SZWNvcmRDb3VudA0KDQogICAgICAgICAgICAkTG9nU2l6ZSA9ICgoR2V0LVdpbkV2ZW50IC1MaXN0TG9nICRMb2dOYW1lIC1Db21wdXRlck5hbWUgJEFnZW50IC""},{""@Name"":""ImagePath"",""#text"":""c:\\windows\\system32\\cmd.exe /c powershell -command \""Get-Service \""seg37\"" | select -Expand DisplayName |out-file -append tmp_payload.txt\""""},{""@Name"":""ServiceType"",""#text"":""user mode service""},{""@Name"":""StartType"",""#text"":""demand start""},{""@Name"":""AccountName"",""#text"":""LocalSystem""}]}}"
111,9418,2021-11-03 08:16:07.7263402,7009,Error,Service Control Manager,System,484,2972,FS03.offsec.lan,1,,,,,,,,,,,,False,"EVTX-to-MITRE-Attack\TA0002-Execution\T1569.002-Service execution\ID7000,7009,7045-Payload deployed via service - Tchopper.evtx","Audit success, classic",0,"{""EventData"":{""Data"":[{""@Name"":""param1"",""#text"":""30000""},{""@Name"":""param2"",""#text"":""bnRpYWwgJEdsb2JhbDpDcmVkKS5SZWNvcmRDb3VudA0KDQogICAgICAgICAgICAkTG9nU2l6ZSA9ICgoR2V0LVdpbkV2ZW50IC1MaXN0TG9nICRMb2dOYW1lIC1Db21wdXRlck5hbWUgJEFnZW50IC""}],""Binary"":""73-00-65-00-67-00-33-00-37-00-00-00""}}"
112,9419,2021-11-03 08:16:07.7263402,7000,Error,Service Control Manager,System,484,2972,FS03.offsec.lan,1,,,,,,,,,,,,False,"EVTX-to-MITRE-Attack\TA0002-Execution\T1569.002-Service execution\ID7000,7009,7045-Payload deployed via service - Tchopper.evtx","Audit success, classic",0,"{""EventData"":{""Data"":[{""@Name"":""param1"",""#text"":""bnRpYWwgJEdsb2JhbDpDcmVkKS5SZWNvcmRDb3VudA0KDQogICAgICAgICAgICAkTG9nU2l6ZSA9ICgoR2V0LVdpbkV2ZW50IC1MaXN0TG9nICRMb2dOYW1lIC1Db21wdXRlck5hbWUgJEFnZW50IC""},{""@Name"":""param2"",""#text"":""%%1053""}],""Binary"":""73-00-65-00-67-00-33-00-37-00-00-00""}}"
113,9420,2021-11-03 08:16:08.7976312,7045,Info,Service Control Manager,System,484,2972,FS03.offsec.lan,1,S-1-5-21-4230534742-2542757381-3142984815-1111,A new service was installed in the system,,,Name: 1DcmVkZW50aWFsICRHbG9iYWw6Q3JlZCkuRmlsZVNpemUgLyAxTUIpICMgU2V0IHRvIE1CDQogICAgICAgICAgICANCiAgICAgICAgICAgICMkTG9nU2l6ZSA9IFttYXRoXTo6Um91bmQoKCRMb2dT,StartType: demand start,Account: LocalSystem,,,,"c:\windows\system32\cmd.exe /c powershell -command ""Get-Service ""seg38"" | select -Expand DisplayName |out-file -append tmp_payload.txt""",False,"EVTX-to-MITRE-Attack\TA0002-Execution\T1569.002-Service execution\ID7000,7009,7045-Payload deployed via service - Tchopper.evtx","Audit success, classic",0,"{""EventData"":{""Data"":[{""@Name"":""ServiceName"",""#text"":""1DcmVkZW50aWFsICRHbG9iYWw6Q3JlZCkuRmlsZVNpemUgLyAxTUIpICMgU2V0IHRvIE1CDQogICAgICAgICAgICANCiAgICAgICAgICAgICMkTG9nU2l6ZSA9IFttYXRoXTo6Um91bmQoKCRMb2dT""},{""@Name"":""ImagePath"",""#text"":""c:\\windows\\system32\\cmd.exe /c powershell -command \""Get-Service \""seg38\"" | select -Expand DisplayName |out-file -append tmp_payload.txt\""""},{""@Name"":""ServiceType"",""#text"":""user mode service""},{""@Name"":""StartType"",""#text"":""demand start""},{""@Name"":""AccountName"",""#text"":""LocalSystem""}]}}"
114,9421,2021-11-03 08:16:09.2820279,7009,Error,Service Control Manager,System,484,2972,FS03.offsec.lan,1,,,,,,,,,,,,False,"EVTX-to-MITRE-Attack\TA0002-Execution\T1569.002-Service execution\ID7000,7009,7045-Payload deployed via service - Tchopper.evtx","Audit success, classic",0,"{""EventData"":{""Data"":[{""@Name"":""param1"",""#text"":""30000""},{""@Name"":""param2"",""#text"":""1DcmVkZW50aWFsICRHbG9iYWw6Q3JlZCkuRmlsZVNpemUgLyAxTUIpICMgU2V0IHRvIE1CDQogICAgICAgICAgICANCiAgICAgICAgICAgICMkTG9nU2l6ZSA9IFttYXRoXTo6Um91bmQoKCRMb2dT""}],""Binary"":""73-00-65-00-67-00-33-00-38-00-00-00""}}"
115,9422,2021-11-03 08:16:09.2820279,7000,Error,Service Control Manager,System,484,2972,FS03.offsec.lan,1,,,,,,,,,,,,False,"EVTX-to-MITRE-Attack\TA0002-Execution\T1569.002-Service execution\ID7000,7009,7045-Payload deployed via service - Tchopper.evtx","Audit success, classic",0,"{""EventData"":{""Data"":[{""@Name"":""param1"",""#text"":""1DcmVkZW50aWFsICRHbG9iYWw6Q3JlZCkuRmlsZVNpemUgLyAxTUIpICMgU2V0IHRvIE1CDQogICAgICAgICAgICANCiAgICAgICAgICAgICMkTG9nU2l6ZSA9IFttYXRoXTo6Um91bmQoKCRMb2dT""},{""@Name"":""param2"",""#text"":""%%1053""}],""Binary"":""73-00-65-00-67-00-33-00-38-00-00-00""}}"
116,9423,2021-11-03 08:16:10.3445134,7045,Info,Service Control Manager,System,484,2972,FS03.offsec.lan,1,S-1-5-21-4230534742-2542757381-3142984815-1111,A new service was installed in the system,,,Name: aXplKSwgMSkNCiAgICAgDQogICAgICAgICAgICBpZiAoJFRvdGFsTG9nRXZlbnRzIC1lcSAwKSB7DQogICAgICAgICAgICANCiAgICAgICAgICAgICAgICBXcml0ZS1Mb2cgJEVSUk9SX0xPRyAiVG,StartType: demand start,Account: LocalSystem,,,,"c:\windows\system32\cmd.exe /c powershell -command ""Get-Service ""seg39"" | select -Expand DisplayName |out-file -append tmp_payload.txt""",False,"EVTX-to-MITRE-Attack\TA0002-Execution\T1569.002-Service execution\ID7000,7009,7045-Payload deployed via service - Tchopper.evtx","Audit success, classic",0,"{""EventData"":{""Data"":[{""@Name"":""ServiceName"",""#text"":""aXplKSwgMSkNCiAgICAgDQogICAgICAgICAgICBpZiAoJFRvdGFsTG9nRXZlbnRzIC1lcSAwKSB7DQogICAgICAgICAgICANCiAgICAgICAgICAgICAgICBXcml0ZS1Mb2cgJEVSUk9SX0xPRyAiVG""},{""@Name"":""ImagePath"",""#text"":""c:\\windows\\system32\\cmd.exe /c powershell -command \""Get-Service \""seg39\"" | select -Expand DisplayName |out-file -append tmp_payload.txt\""""},{""@Name"":""ServiceType"",""#text"":""user mode service""},{""@Name"":""StartType"",""#text"":""demand start""},{""@Name"":""AccountName"",""#text"":""LocalSystem""}]}}"
117,9424,2021-11-03 08:16:10.7507662,7009,Error,Service Control Manager,System,484,2972,FS03.offsec.lan,1,,,,,,,,,,,,False,"EVTX-to-MITRE-Attack\TA0002-Execution\T1569.002-Service execution\ID7000,7009,7045-Payload deployed via service - Tchopper.evtx","Audit success, classic",0,"{""EventData"":{""Data"":[{""@Name"":""param1"",""#text"":""30000""},{""@Name"":""param2"",""#text"":""aXplKSwgMSkNCiAgICAgDQogICAgICAgICAgICBpZiAoJFRvdGFsTG9nRXZlbnRzIC1lcSAwKSB7DQogICAgICAgICAgICANCiAgICAgICAgICAgICAgICBXcml0ZS1Mb2cgJEVSUk9SX0xPRyAiVG""}],""Binary"":""73-00-65-00-67-00-33-00-39-00-00-00""}}"
118,9425,2021-11-03 08:16:10.7507662,7000,Error,Service Control Manager,System,484,2972,FS03.offsec.lan,1,,,,,,,,,,,,False,"EVTX-to-MITRE-Attack\TA0002-Execution\T1569.002-Service execution\ID7000,7009,7045-Payload deployed via service - Tchopper.evtx","Audit success, classic",0,"{""EventData"":{""Data"":[{""@Name"":""param1"",""#text"":""aXplKSwgMSkNCiAgICAgDQogICAgICAgICAgICBpZiAoJFRvdGFsTG9nRXZlbnRzIC1lcSAwKSB7DQogICAgICAgICAgICANCiAgICAgICAgICAgICAgICBXcml0ZS1Mb2cgJEVSUk9SX0xPRyAiVG""},{""@Name"":""param2"",""#text"":""%%1053""}],""Binary"":""73-00-65-00-67-00-33-00-39-00-00-00""}}"
119,9426,2021-11-03 08:16:11.8173097,7045,Info,Service Control Manager,System,484,2972,FS03.offsec.lan,1,S-1-5-21-4230534742-2542757381-3142984815-1111,A new service was installed in the system,,,Name: hlcmUgYXJlIDAgJExvZ05hbWUgRXZlbnRzIg0KICAgICAgICAgICAgIA0KICAgICAgICAgICAgICAgICAgICRPbGRlc3RFdmVudFRpbWUgPSAwDQogICAgICAgICAgICAgICAgICAgJE5ld2VzdEV2,StartType: demand start,Account: LocalSystem,,,,"c:\windows\system32\cmd.exe /c powershell -command ""Get-Service ""seg40"" | select -Expand DisplayName |out-file -append tmp_payload.txt""",False,"EVTX-to-MITRE-Attack\TA0002-Execution\T1569.002-Service execution\ID7000,7009,7045-Payload deployed via service - Tchopper.evtx","Audit success, classic",0,"{""EventData"":{""Data"":[{""@Name"":""ServiceName"",""#text"":""hlcmUgYXJlIDAgJExvZ05hbWUgRXZlbnRzIg0KICAgICAgICAgICAgIA0KICAgICAgICAgICAgICAgICAgICRPbGRlc3RFdmVudFRpbWUgPSAwDQogICAgICAgICAgICAgICAgICAgJE5ld2VzdEV2""},{""@Name"":""ImagePath"",""#text"":""c:\\windows\\system32\\cmd.exe /c powershell -command \""Get-Service \""seg40\"" | select -Expand DisplayName |out-file -append tmp_payload.txt\""""},{""@Name"":""ServiceType"",""#text"":""user mode service""},{""@Name"":""StartType"",""#text"":""demand start""},{""@Name"":""AccountName"",""#text"":""LocalSystem""}]}}"
120,9427,2021-11-03 08:16:12.1923129,7009,Error,Service Control Manager,System,484,2972,FS03.offsec.lan,1,,,,,,,,,,,,False,"EVTX-to-MITRE-Attack\TA0002-Execution\T1569.002-Service execution\ID7000,7009,7045-Payload deployed via service - Tchopper.evtx","Audit success, classic",0,"{""EventData"":{""Data"":[{""@Name"":""param1"",""#text"":""30000""},{""@Name"":""param2"",""#text"":""hlcmUgYXJlIDAgJExvZ05hbWUgRXZlbnRzIg0KICAgICAgICAgICAgIA0KICAgICAgICAgICAgICAgICAgICRPbGRlc3RFdmVudFRpbWUgPSAwDQogICAgICAgICAgICAgICAgICAgJE5ld2VzdEV2""}],""Binary"":""73-00-65-00-67-00-34-00-30-00-00-00""}}"
121,9428,2021-11-03 08:16:12.1923129,7000,Error,Service Control Manager,System,484,2972,FS03.offsec.lan,1,,,,,,,,,,,,False,"EVTX-to-MITRE-Attack\TA0002-Execution\T1569.002-Service execution\ID7000,7009,7045-Payload deployed via service - Tchopper.evtx","Audit success, classic",0,"{""EventData"":{""Data"":[{""@Name"":""param1"",""#text"":""hlcmUgYXJlIDAgJExvZ05hbWUgRXZlbnRzIg0KICAgICAgICAgICAgIA0KICAgICAgICAgICAgICAgICAgICRPbGRlc3RFdmVudFRpbWUgPSAwDQogICAgICAgICAgICAgICAgICAgJE5ld2VzdEV2""},{""@Name"":""param2"",""#text"":""%%1053""}],""Binary"":""73-00-65-00-67-00-34-00-30-00-00-00""}}"
122,9429,2021-11-03 08:16:13.2808265,7045,Info,Service Control Manager,System,484,2972,FS03.offsec.lan,1,S-1-5-21-4230534742-2542757381-3142984815-1111,A new service was installed in the system,,,Name: ZW50VGltZSA9IDANCiAgICAgICAgICAgICAgICAgICAkVG90YWxUaW1lID0gMA0KICAgICAgICAgICAgICAgICAgICRBdmdFdmVudHNQZXJTZWNvbmQgPSAwDQogICAgICAgICAgICAgICAgICAgJE,StartType: demand start,Account: LocalSystem,,,,"c:\windows\system32\cmd.exe /c powershell -command ""Get-Service ""seg41"" | select -Expand DisplayName |out-file -append tmp_payload.txt""",False,"EVTX-to-MITRE-Attack\TA0002-Execution\T1569.002-Service execution\ID7000,7009,7045-Payload deployed via service - Tchopper.evtx","Audit success, classic",0,"{""EventData"":{""Data"":[{""@Name"":""ServiceName"",""#text"":""ZW50VGltZSA9IDANCiAgICAgICAgICAgICAgICAgICAkVG90YWxUaW1lID0gMA0KICAgICAgICAgICAgICAgICAgICRBdmdFdmVudHNQZXJTZWNvbmQgPSAwDQogICAgICAgICAgICAgICAgICAgJE""},{""@Name"":""ImagePath"",""#text"":""c:\\windows\\system32\\cmd.exe /c powershell -command \""Get-Service \""seg41\"" | select -Expand DisplayName |out-file -append tmp_payload.txt\""""},{""@Name"":""ServiceType"",""#text"":""user mode service""},{""@Name"":""StartType"",""#text"":""demand start""},{""@Name"":""AccountName"",""#text"":""LocalSystem""}]}}"
123,9430,2021-11-03 08:16:13.6558279,7009,Error,Service Control Manager,System,484,2972,FS03.offsec.lan,1,,,,,,,,,,,,False,"EVTX-to-MITRE-Attack\TA0002-Execution\T1569.002-Service execution\ID7000,7009,7045-Payload deployed via service - Tchopper.evtx","Audit success, classic",0,"{""EventData"":{""Data"":[{""@Name"":""param1"",""#text"":""30000""},{""@Name"":""param2"",""#text"":""ZW50VGltZSA9IDANCiAgICAgICAgICAgICAgICAgICAkVG90YWxUaW1lID0gMA0KICAgICAgICAgICAgICAgICAgICRBdmdFdmVudHNQZXJTZWNvbmQgPSAwDQogICAgICAgICAgICAgICAgICAgJE""}],""Binary"":""73-00-65-00-67-00-34-00-31-00-00-00""}}"
124,9431,2021-11-03 08:16:13.6558279,7000,Error,Service Control Manager,System,484,2972,FS03.offsec.lan,1,,,,,,,,,,,,False,"EVTX-to-MITRE-Attack\TA0002-Execution\T1569.002-Service execution\ID7000,7009,7045-Payload deployed via service - Tchopper.evtx","Audit success, classic",0,"{""EventData"":{""Data"":[{""@Name"":""param1"",""#text"":""ZW50VGltZSA9IDANCiAgICAgICAgICAgICAgICAgICAkVG90YWxUaW1lID0gMA0KICAgICAgICAgICAgICAgICAgICRBdmdFdmVudHNQZXJTZWNvbmQgPSAwDQogICAgICAgICAgICAgICAgICAgJE""},{""@Name"":""param2"",""#text"":""%%1053""}],""Binary"":""73-00-65-00-67-00-34-00-31-00-00-00""}}"
125,9432,2021-11-03 08:16:14.7305882,7045,Info,Service Control Manager,System,484,2972,FS03.offsec.lan,1,S-1-5-21-4230534742-2542757381-3142984815-1111,A new service was installed in the system,,,Name: F2Z0V2ZW50c1BlclNlY29uZCA9IDANCg0KICAgICAgICAgICAgICAgIH0gDQoNCiAgICAgICAgICAgICAgICBlbHNlIHsNCg0KICAgICAgICAgICAgICAgICAgICAgICAgJE9sZGVzdEV2ZW50VGlt,StartType: demand start,Account: LocalSystem,,,,"c:\windows\system32\cmd.exe /c powershell -command ""Get-Service ""seg42"" | select -Expand DisplayName |out-file -append tmp_payload.txt""",False,"EVTX-to-MITRE-Attack\TA0002-Execution\T1569.002-Service execution\ID7000,7009,7045-Payload deployed via service - Tchopper.evtx","Audit success, classic",0,"{""EventData"":{""Data"":[{""@Name"":""ServiceName"",""#text"":""F2Z0V2ZW50c1BlclNlY29uZCA9IDANCg0KICAgICAgICAgICAgICAgIH0gDQoNCiAgICAgICAgICAgICAgICBlbHNlIHsNCg0KICAgICAgICAgICAgICAgICAgICAgICAgJE9sZGVzdEV2ZW50VGlt""},{""@Name"":""ImagePath"",""#text"":""c:\\windows\\system32\\cmd.exe /c powershell -command \""Get-Service \""seg42\"" | select -Expand DisplayName |out-file -append tmp_payload.txt\""""},{""@Name"":""ServiceType"",""#text"":""user mode service""},{""@Name"":""StartType"",""#text"":""demand start""},{""@Name"":""AccountName"",""#text"":""LocalSystem""}]}}"
126,9433,2021-11-03 08:16:15.1263804,7009,Error,Service Control Manager,System,484,2972,FS03.offsec.lan,1,,,,,,,,,,,,False,"EVTX-to-MITRE-Attack\TA0002-Execution\T1569.002-Service execution\ID7000,7009,7045-Payload deployed via service - Tchopper.evtx","Audit success, classic",0,"{""EventData"":{""Data"":[{""@Name"":""param1"",""#text"":""30000""},{""@Name"":""param2"",""#text"":""F2Z0V2ZW50c1BlclNlY29uZCA9IDANCg0KICAgICAgICAgICAgICAgIH0gDQoNCiAgICAgICAgICAgICAgICBlbHNlIHsNCg0KICAgICAgICAgICAgICAgICAgICAgICAgJE9sZGVzdEV2ZW50VGlt""}],""Binary"":""73-00-65-00-67-00-34-00-32-00-00-00""}}"
127,9434,2021-11-03 08:16:15.1263804,7000,Error,Service Control Manager,System,484,2972,FS03.offsec.lan,1,,,,,,,,,,,,False,"EVTX-to-MITRE-Attack\TA0002-Execution\T1569.002-Service execution\ID7000,7009,7045-Payload deployed via service - Tchopper.evtx","Audit success, classic",0,"{""EventData"":{""Data"":[{""@Name"":""param1"",""#text"":""F2Z0V2ZW50c1BlclNlY29uZCA9IDANCg0KICAgICAgICAgICAgICAgIH0gDQoNCiAgICAgICAgICAgICAgICBlbHNlIHsNCg0KICAgICAgICAgICAgICAgICAgICAgICAgJE9sZGVzdEV2ZW50VGlt""},{""@Name"":""param2"",""#text"":""%%1053""}],""Binary"":""73-00-65-00-67-00-34-00-32-00-00-00""}}"
128,9435,2021-11-03 08:16:16.1830476,7045,Info,Service Control Manager,System,484,2972,FS03.offsec.lan,1,S-1-5-21-4230534742-2542757381-3142984815-1111,A new service was installed in the system,,,Name: ZSA9IChHZXQtV2luRXZlbnQgJExvZ05hbWUgLUNvbXB1dGVyTmFtZSAkQWdlbnQgLUNyZWRlbnRpYWwgJEdsb2JhbDpDcmVkIC1PbGRlc3QgLU1heGV2ZW50cyAxKS5UaW1lQ3JlYXRlZCAgICAgIC,StartType: demand start,Account: LocalSystem,,,,"c:\windows\system32\cmd.exe /c powershell -command ""Get-Service ""seg43"" | select -Expand DisplayName |out-file -append tmp_payload.txt""",False,"EVTX-to-MITRE-Attack\TA0002-Execution\T1569.002-Service execution\ID7000,7009,7045-Payload deployed via service - Tchopper.evtx","Audit success, classic",0,"{""EventData"":{""Data"":[{""@Name"":""ServiceName"",""#text"":""ZSA9IChHZXQtV2luRXZlbnQgJExvZ05hbWUgLUNvbXB1dGVyTmFtZSAkQWdlbnQgLUNyZWRlbnRpYWwgJEdsb2JhbDpDcmVkIC1PbGRlc3QgLU1heGV2ZW50cyAxKS5UaW1lQ3JlYXRlZCAgICAgIC""},{""@Name"":""ImagePath"",""#text"":""c:\\windows\\system32\\cmd.exe /c powershell -command \""Get-Service \""seg43\"" | select -Expand DisplayName |out-file -append tmp_payload.txt\""""},{""@Name"":""ServiceType"",""#text"":""user mode service""},{""@Name"":""StartType"",""#text"":""demand start""},{""@Name"":""AccountName"",""#text"":""LocalSystem""}]}}"
129,9436,2021-11-03 08:16:16.5736761,7009,Error,Service Control Manager,System,484,2972,FS03.offsec.lan,1,,,,,,,,,,,,False,"EVTX-to-MITRE-Attack\TA0002-Execution\T1569.002-Service execution\ID7000,7009,7045-Payload deployed via service - Tchopper.evtx","Audit success, classic",0,"{""EventData"":{""Data"":[{""@Name"":""param1"",""#text"":""30000""},{""@Name"":""param2"",""#text"":""ZSA9IChHZXQtV2luRXZlbnQgJExvZ05hbWUgLUNvbXB1dGVyTmFtZSAkQWdlbnQgLUNyZWRlbnRpYWwgJEdsb2JhbDpDcmVkIC1PbGRlc3QgLU1heGV2ZW50cyAxKS5UaW1lQ3JlYXRlZCAgICAgIC""}],""Binary"":""73-00-65-00-67-00-34-00-33-00-00-00""}}"
130,9437,2021-11-03 08:16:16.5736761,7000,Error,Service Control Manager,System,484,2972,FS03.offsec.lan,1,,,,,,,,,,,,False,"EVTX-to-MITRE-Attack\TA0002-Execution\T1569.002-Service execution\ID7000,7009,7045-Payload deployed via service - Tchopper.evtx","Audit success, classic",0,"{""EventData"":{""Data"":[{""@Name"":""param1"",""#text"":""ZSA9IChHZXQtV2luRXZlbnQgJExvZ05hbWUgLUNvbXB1dGVyTmFtZSAkQWdlbnQgLUNyZWRlbnRpYWwgJEdsb2JhbDpDcmVkIC1PbGRlc3QgLU1heGV2ZW50cyAxKS5UaW1lQ3JlYXRlZCAgICAgIC""},{""@Name"":""param2"",""#text"":""%%1053""}],""Binary"":""73-00-65-00-67-00-34-00-33-00-00-00""}}"
131,9438,2021-11-03 08:16:17.6535446,7045,Info,Service Control Manager,System,484,2972,FS03.offsec.lan,1,S-1-5-21-4230534742-2542757381-3142984815-1111,A new service was installed in the system,,,Name: AgDQogICAgDQogICAgICAgICAgICAgICAgICAgICAgICAkTmV3ZXN0RXZlbnRUaW1lID0gKEdldC1XaW5FdmVudCAkTG9nTmFtZSAtQ29tcHV0ZXJOYW1lICRBZ2VudCAtQ3JlZGVudGlhbCAkR2xv,StartType: demand start,Account: LocalSystem,,,,"c:\windows\system32\cmd.exe /c powershell -command ""Get-Service ""seg44"" | select -Expand DisplayName |out-file -append tmp_payload.txt""",False,"EVTX-to-MITRE-Attack\TA0002-Execution\T1569.002-Service execution\ID7000,7009,7045-Payload deployed via service - Tchopper.evtx","Audit success, classic",0,"{""EventData"":{""Data"":[{""@Name"":""ServiceName"",""#text"":""AgDQogICAgDQogICAgICAgICAgICAgICAgICAgICAgICAkTmV3ZXN0RXZlbnRUaW1lID0gKEdldC1XaW5FdmVudCAkTG9nTmFtZSAtQ29tcHV0ZXJOYW1lICRBZ2VudCAtQ3JlZGVudGlhbCAkR2xv""},{""@Name"":""ImagePath"",""#text"":""c:\\windows\\system32\\cmd.exe /c powershell -command \""Get-Service \""seg44\"" | select -Expand DisplayName |out-file -append tmp_payload.txt\""""},{""@Name"":""ServiceType"",""#text"":""user mode service""},{""@Name"":""StartType"",""#text"":""demand start""},{""@Name"":""AccountName"",""#text"":""LocalSystem""}]}}"
132,9439,2021-11-03 08:16:18.0285688,7009,Error,Service Control Manager,System,484,2972,FS03.offsec.lan,1,,,,,,,,,,,,False,"EVTX-to-MITRE-Attack\TA0002-Execution\T1569.002-Service execution\ID7000,7009,7045-Payload deployed via service - Tchopper.evtx","Audit success, classic",0,"{""EventData"":{""Data"":[{""@Name"":""param1"",""#text"":""30000""},{""@Name"":""param2"",""#text"":""AgDQogICAgDQogICAgICAgICAgICAgICAgICAgICAgICAkTmV3ZXN0RXZlbnRUaW1lID0gKEdldC1XaW5FdmVudCAkTG9nTmFtZSAtQ29tcHV0ZXJOYW1lICRBZ2VudCAtQ3JlZGVudGlhbCAkR2xv""}],""Binary"":""73-00-65-00-67-00-34-00-34-00-00-00""}}"
133,9440,2021-11-03 08:16:18.0285688,7000,Error,Service Control Manager,System,484,2972,FS03.offsec.lan,1,,,,,,,,,,,,False,"EVTX-to-MITRE-Attack\TA0002-Execution\T1569.002-Service execution\ID7000,7009,7045-Payload deployed via service - Tchopper.evtx","Audit success, classic",0,"{""EventData"":{""Data"":[{""@Name"":""param1"",""#text"":""AgDQogICAgDQogICAgICAgICAgICAgICAgICAgICAgICAkTmV3ZXN0RXZlbnRUaW1lID0gKEdldC1XaW5FdmVudCAkTG9nTmFtZSAtQ29tcHV0ZXJOYW1lICRBZ2VudCAtQ3JlZGVudGlhbCAkR2xv""},{""@Name"":""param2"",""#text"":""%%1053""}],""Binary"":""73-00-65-00-67-00-34-00-34-00-00-00""}}"
134,9441,2021-11-03 08:16:19.0998756,7045,Info,Service Control Manager,System,484,2972,FS03.offsec.lan,1,S-1-5-21-4230534742-2542757381-3142984815-1111,A new service was installed in the system,,,Name: YmFsOkNyZWQgLU1heGV2ZW50cyAxKS5UaW1lQ3JlYXRlZA0KICAgICAgICAgICAgICAgICAgICAgICAgICAgICAgICAgICAgICAgICAgICAgICAgDQogICAgICAgICAgICAgICAgICAgICAgICAkVG,StartType: demand start,Account: LocalSystem,,,,"c:\windows\system32\cmd.exe /c powershell -command ""Get-Service ""seg45"" | select -Expand DisplayName |out-file -append tmp_payload.txt""",False,"EVTX-to-MITRE-Attack\TA0002-Execution\T1569.002-Service execution\ID7000,7009,7045-Payload deployed via service - Tchopper.evtx","Audit success, classic",0,"{""EventData"":{""Data"":[{""@Name"":""ServiceName"",""#text"":""YmFsOkNyZWQgLU1heGV2ZW50cyAxKS5UaW1lQ3JlYXRlZA0KICAgICAgICAgICAgICAgICAgICAgICAgICAgICAgICAgICAgICAgICAgICAgICAgDQogICAgICAgICAgICAgICAgICAgICAgICAkVG""},{""@Name"":""ImagePath"",""#text"":""c:\\windows\\system32\\cmd.exe /c powershell -command \""Get-Service \""seg45\"" | select -Expand DisplayName |out-file -append tmp_payload.txt\""""},{""@Name"":""ServiceType"",""#text"":""user mode service""},{""@Name"":""StartType"",""#text"":""demand start""},{""@Name"":""AccountName"",""#text"":""LocalSystem""}]}}"
135,9442,2021-11-03 08:16:19.4934576,7009,Error,Service Control Manager,System,484,2972,FS03.offsec.lan,1,,,,,,,,,,,,False,"EVTX-to-MITRE-Attack\TA0002-Execution\T1569.002-Service execution\ID7000,7009,7045-Payload deployed via service - Tchopper.evtx","Audit success, classic",0,"{""EventData"":{""Data"":[{""@Name"":""param1"",""#text"":""30000""},{""@Name"":""param2"",""#text"":""YmFsOkNyZWQgLU1heGV2ZW50cyAxKS5UaW1lQ3JlYXRlZA0KICAgICAgICAgICAgICAgICAgICAgICAgICAgICAgICAgICAgICAgICAgICAgICAgDQogICAgICAgICAgICAgICAgICAgICAgICAkVG""}],""Binary"":""73-00-65-00-67-00-34-00-35-00-00-00""}}"
136,9443,2021-11-03 08:16:19.4934576,7000,Error,Service Control Manager,System,484,2972,FS03.offsec.lan,1,,,,,,,,,,,,False,"EVTX-to-MITRE-Attack\TA0002-Execution\T1569.002-Service execution\ID7000,7009,7045-Payload deployed via service - Tchopper.evtx","Audit success, classic",0,"{""EventData"":{""Data"":[{""@Name"":""param1"",""#text"":""YmFsOkNyZWQgLU1heGV2ZW50cyAxKS5UaW1lQ3JlYXRlZA0KICAgICAgICAgICAgICAgICAgICAgICAgICAgICAgICAgICAgICAgICAgICAgICAgDQogICAgICAgICAgICAgICAgICAgICAgICAkVG""},{""@Name"":""param2"",""#text"":""%%1053""}],""Binary"":""73-00-65-00-67-00-34-00-35-00-00-00""}}"
137,9444,2021-11-03 08:16:20.5737958,7045,Info,Service Control Manager,System,484,2972,FS03.offsec.lan,1,S-1-5-21-4230534742-2542757381-3142984815-1111,A new service was installed in the system,,,Name: 90YWxUaW1lID0gKEdldC1EYXRlKS5TdWJ0cmFjdCgkT2xkZXN0RXZlbnRUaW1lKS5Ub3RhbFNlY29uZHMNCiAgICAgICAgICAgICAgICAgICAgICAgIA0KICAgICAgICAgICAgICAgICAgICAgICAg,StartType: demand start,Account: LocalSystem,,,,"c:\windows\system32\cmd.exe /c powershell -command ""Get-Service ""seg46"" | select -Expand DisplayName |out-file -append tmp_payload.txt""",False,"EVTX-to-MITRE-Attack\TA0002-Execution\T1569.002-Service execution\ID7000,7009,7045-Payload deployed via service - Tchopper.evtx","Audit success, classic",0,"{""EventData"":{""Data"":[{""@Name"":""ServiceName"",""#text"":""90YWxUaW1lID0gKEdldC1EYXRlKS5TdWJ0cmFjdCgkT2xkZXN0RXZlbnRUaW1lKS5Ub3RhbFNlY29uZHMNCiAgICAgICAgICAgICAgICAgICAgICAgIA0KICAgICAgICAgICAgICAgICAgICAgICAg""},{""@Name"":""ImagePath"",""#text"":""c:\\windows\\system32\\cmd.exe /c powershell -command \""Get-Service \""seg46\"" | select -Expand DisplayName |out-file -append tmp_payload.txt\""""},{""@Name"":""ServiceType"",""#text"":""user mode service""},{""@Name"":""StartType"",""#text"":""demand start""},{""@Name"":""AccountName"",""#text"":""LocalSystem""}]}}"
138,9445,2021-11-03 08:16:20.9684687,7009,Error,Service Control Manager,System,484,2972,FS03.offsec.lan,1,,,,,,,,,,,,False,"EVTX-to-MITRE-Attack\TA0002-Execution\T1569.002-Service execution\ID7000,7009,7045-Payload deployed via service - Tchopper.evtx","Audit success, classic",0,"{""EventData"":{""Data"":[{""@Name"":""param1"",""#text"":""30000""},{""@Name"":""param2"",""#text"":""90YWxUaW1lID0gKEdldC1EYXRlKS5TdWJ0cmFjdCgkT2xkZXN0RXZlbnRUaW1lKS5Ub3RhbFNlY29uZHMNCiAgICAgICAgICAgICAgICAgICAgICAgIA0KICAgICAgICAgICAgICAgICAgICAgICAg""}],""Binary"":""73-00-65-00-67-00-34-00-36-00-00-00""}}"
139,9446,2021-11-03 08:16:20.9684687,7000,Error,Service Control Manager,System,484,2972,FS03.offsec.lan,1,,,,,,,,,,,,False,"EVTX-to-MITRE-Attack\TA0002-Execution\T1569.002-Service execution\ID7000,7009,7045-Payload deployed via service - Tchopper.evtx","Audit success, classic",0,"{""EventData"":{""Data"":[{""@Name"":""param1"",""#text"":""90YWxUaW1lID0gKEdldC1EYXRlKS5TdWJ0cmFjdCgkT2xkZXN0RXZlbnRUaW1lKS5Ub3RhbFNlY29uZHMNCiAgICAgICAgICAgICAgICAgICAgICAgIA0KICAgICAgICAgICAgICAgICAgICAgICAg""},{""@Name"":""param2"",""#text"":""%%1053""}],""Binary"":""73-00-65-00-67-00-34-00-36-00-00-00""}}"
140,9447,2021-11-03 08:16:22.0404050,7045,Info,Service Control Manager,System,484,2972,FS03.offsec.lan,1,S-1-5-21-4230534742-2542757381-3142984815-1111,A new service was installed in the system,,,Name: JEF2Z0V2ZW50c1BlclNlY29uZCA9ICRUb3RhbExvZ0V2ZW50cyAvICRUb3RhbFRpbWUgICAgICAgDQogICAgICAgIA0KICAgICAgICAgICAgICAgICAgICAgICAgJEF2Z0V2ZW50c1BlclNlY29uZC,StartType: demand start,Account: LocalSystem,,,,"c:\windows\system32\cmd.exe /c powershell -command ""Get-Service ""seg47"" | select -Expand DisplayName |out-file -append tmp_payload.txt""",False,"EVTX-to-MITRE-Attack\TA0002-Execution\T1569.002-Service execution\ID7000,7009,7045-Payload deployed via service - Tchopper.evtx","Audit success, classic",0,"{""EventData"":{""Data"":[{""@Name"":""ServiceName"",""#text"":""JEF2Z0V2ZW50c1BlclNlY29uZCA9ICRUb3RhbExvZ0V2ZW50cyAvICRUb3RhbFRpbWUgICAgICAgDQogICAgICAgIA0KICAgICAgICAgICAgICAgICAgICAgICAgJEF2Z0V2ZW50c1BlclNlY29uZC""},{""@Name"":""ImagePath"",""#text"":""c:\\windows\\system32\\cmd.exe /c powershell -command \""Get-Service \""seg47\"" | select -Expand DisplayName |out-file -append tmp_payload.txt\""""},{""@Name"":""ServiceType"",""#text"":""user mode service""},{""@Name"":""StartType"",""#text"":""demand start""},{""@Name"":""AccountName"",""#text"":""LocalSystem""}]}}"
141,9448,2021-11-03 08:16:22.4154125,7009,Error,Service Control Manager,System,484,2972,FS03.offsec.lan,1,,,,,,,,,,,,False,"EVTX-to-MITRE-Attack\TA0002-Execution\T1569.002-Service execution\ID7000,7009,7045-Payload deployed via service - Tchopper.evtx","Audit success, classic",0,"{""EventData"":{""Data"":[{""@Name"":""param1"",""#text"":""30000""},{""@Name"":""param2"",""#text"":""JEF2Z0V2ZW50c1BlclNlY29uZCA9ICRUb3RhbExvZ0V2ZW50cyAvICRUb3RhbFRpbWUgICAgICAgDQogICAgICAgIA0KICAgICAgICAgICAgICAgICAgICAgICAgJEF2Z0V2ZW50c1BlclNlY29uZC""}],""Binary"":""73-00-65-00-67-00-34-00-37-00-00-00""}}"
142,9449,2021-11-03 08:16:22.4154125,7000,Error,Service Control Manager,System,484,2972,FS03.offsec.lan,1,,,,,,,,,,,,False,"EVTX-to-MITRE-Attack\TA0002-Execution\T1569.002-Service execution\ID7000,7009,7045-Payload deployed via service - Tchopper.evtx","Audit success, classic",0,"{""EventData"":{""Data"":[{""@Name"":""param1"",""#text"":""JEF2Z0V2ZW50c1BlclNlY29uZCA9ICRUb3RhbExvZ0V2ZW50cyAvICRUb3RhbFRpbWUgICAgICAgDQogICAgICAgIA0KICAgICAgICAgICAgICAgICAgICAgICAgJEF2Z0V2ZW50c1BlclNlY29uZC""},{""@Name"":""param2"",""#text"":""%%1053""}],""Binary"":""73-00-65-00-67-00-34-00-37-00-00-00""}}"
143,9450,2021-11-03 08:16:23.4780220,7045,Info,Service Control Manager,System,484,2972,FS03.offsec.lan,1,S-1-5-21-4230534742-2542757381-3142984815-1111,A new service was installed in the system,,,Name: A9IFttYXRoXTo6Um91bmQoJEF2Z0V2ZW50c1BlclNlY29uZCwgNSkgDQogICAgICAgICAgICAgICAgDQoNCiAgICAgICAgICAgICAgICAgICAgIH0NCg0KICAgICAgICAgICAgfQ0KDQogICAgICAg,StartType: demand start,Account: LocalSystem,,,,"c:\windows\system32\cmd.exe /c powershell -command ""Get-Service ""seg48"" | select -Expand DisplayName |out-file -append tmp_payload.txt""",False,"EVTX-to-MITRE-Attack\TA0002-Execution\T1569.002-Service execution\ID7000,7009,7045-Payload deployed via service - Tchopper.evtx","Audit success, classic",0,"{""EventData"":{""Data"":[{""@Name"":""ServiceName"",""#text"":""A9IFttYXRoXTo6Um91bmQoJEF2Z0V2ZW50c1BlclNlY29uZCwgNSkgDQogICAgICAgICAgICAgICAgDQoNCiAgICAgICAgICAgICAgICAgICAgIH0NCg0KICAgICAgICAgICAgfQ0KDQogICAgICAg""},{""@Name"":""ImagePath"",""#text"":""c:\\windows\\system32\\cmd.exe /c powershell -command \""Get-Service \""seg48\"" | select -Expand DisplayName |out-file -append tmp_payload.txt\""""},{""@Name"":""ServiceType"",""#text"":""user mode service""},{""@Name"":""StartType"",""#text"":""demand start""},{""@Name"":""AccountName"",""#text"":""LocalSystem""}]}}"
144,9451,2021-11-03 08:16:23.8842655,7009,Error,Service Control Manager,System,484,2972,FS03.offsec.lan,1,,,,,,,,,,,,False,"EVTX-to-MITRE-Attack\TA0002-Execution\T1569.002-Service execution\ID7000,7009,7045-Payload deployed via service - Tchopper.evtx","Audit success, classic",0,"{""EventData"":{""Data"":[{""@Name"":""param1"",""#text"":""30000""},{""@Name"":""param2"",""#text"":""A9IFttYXRoXTo6Um91bmQoJEF2Z0V2ZW50c1BlclNlY29uZCwgNSkgDQogICAgICAgICAgICAgICAgDQoNCiAgICAgICAgICAgICAgICAgICAgIH0NCg0KICAgICAgICAgICAgfQ0KDQogICAgICAg""}],""Binary"":""73-00-65-00-67-00-34-00-38-00-00-00""}}"
145,9452,2021-11-03 08:16:23.8842655,7000,Error,Service Control Manager,System,484,2972,FS03.offsec.lan,1,,,,,,,,,,,,False,"EVTX-to-MITRE-Attack\TA0002-Execution\T1569.002-Service execution\ID7000,7009,7045-Payload deployed via service - Tchopper.evtx","Audit success, classic",0,"{""EventData"":{""Data"":[{""@Name"":""param1"",""#text"":""A9IFttYXRoXTo6Um91bmQoJEF2Z0V2ZW50c1BlclNlY29uZCwgNSkgDQogICAgICAgICAgICAgICAgDQoNCiAgICAgICAgICAgICAgICAgICAgIH0NCg0KICAgICAgICAgICAgfQ0KDQogICAgICAg""},{""@Name"":""param2"",""#text"":""%%1053""}],""Binary"":""73-00-65-00-67-00-34-00-38-00-00-00""}}"
146,9453,2021-11-03 08:16:24.9547121,7045,Info,Service Control Manager,System,484,2972,FS03.offsec.lan,1,S-1-5-21-4230534742-2542757381-3142984815-1111,A new service was installed in the system,,,Name: ICAgICAgICAgICAgICAgICAgICAgICANCiAgICAgICAgfQ0KICAgICAgICANCiAgICAgICAgDQoNCiAgICAgICAgJExvZ0luZm8uQWRkKCJTdGFydFRpbWUiLCAkT2xkZXN0RXZlbnRUaW1lKQ0KIC,StartType: demand start,Account: LocalSystem,,,,"c:\windows\system32\cmd.exe /c powershell -command ""Get-Service ""seg49"" | select -Expand DisplayName |out-file -append tmp_payload.txt""",False,"EVTX-to-MITRE-Attack\TA0002-Execution\T1569.002-Service execution\ID7000,7009,7045-Payload deployed via service - Tchopper.evtx","Audit success, classic",0,"{""EventData"":{""Data"":[{""@Name"":""ServiceName"",""#text"":""ICAgICAgICAgICAgICAgICAgICAgICANCiAgICAgICAgfQ0KICAgICAgICANCiAgICAgICAgDQoNCiAgICAgICAgJExvZ0luZm8uQWRkKCJTdGFydFRpbWUiLCAkT2xkZXN0RXZlbnRUaW1lKQ0KIC""},{""@Name"":""ImagePath"",""#text"":""c:\\windows\\system32\\cmd.exe /c powershell -command \""Get-Service \""seg49\"" | select -Expand DisplayName |out-file -append tmp_payload.txt\""""},{""@Name"":""ServiceType"",""#text"":""user mode service""},{""@Name"":""StartType"",""#text"":""demand start""},{""@Name"":""AccountName"",""#text"":""LocalSystem""}]}}"
147,9454,2021-11-03 08:16:25.3297149,7009,Error,Service Control Manager,System,484,2972,FS03.offsec.lan,1,,,,,,,,,,,,False,"EVTX-to-MITRE-Attack\TA0002-Execution\T1569.002-Service execution\ID7000,7009,7045-Payload deployed via service - Tchopper.evtx","Audit success, classic",0,"{""EventData"":{""Data"":[{""@Name"":""param1"",""#text"":""30000""},{""@Name"":""param2"",""#text"":""ICAgICAgICAgICAgICAgICAgICAgICANCiAgICAgICAgfQ0KICAgICAgICANCiAgICAgICAgDQoNCiAgICAgICAgJExvZ0luZm8uQWRkKCJTdGFydFRpbWUiLCAkT2xkZXN0RXZlbnRUaW1lKQ0KIC""}],""Binary"":""73-00-65-00-67-00-34-00-39-00-00-00""}}"
148,9455,2021-11-03 08:16:25.3297149,7000,Error,Service Control Manager,System,484,2972,FS03.offsec.lan,1,,,,,,,,,,,,False,"EVTX-to-MITRE-Attack\TA0002-Execution\T1569.002-Service execution\ID7000,7009,7045-Payload deployed via service - Tchopper.evtx","Audit success, classic",0,"{""EventData"":{""Data"":[{""@Name"":""param1"",""#text"":""ICAgICAgICAgICAgICAgICAgICAgICANCiAgICAgICAgfQ0KICAgICAgICANCiAgICAgICAgDQoNCiAgICAgICAgJExvZ0luZm8uQWRkKCJTdGFydFRpbWUiLCAkT2xkZXN0RXZlbnRUaW1lKQ0KIC""},{""@Name"":""param2"",""#text"":""%%1053""}],""Binary"":""73-00-65-00-67-00-34-00-39-00-00-00""}}"
149,9456,2021-11-03 08:16:26.3986055,7045,Info,Service Control Manager,System,484,2972,FS03.offsec.lan,1,S-1-5-21-4230534742-2542757381-3142984815-1111,A new service was installed in the system,,,Name: AgICAgICAkTG9nSW5mby5BZGQoIkVuZFRpbWUiLCAkTmV3ZXN0RXZlbnRUaW1lKQ0KDQogICAgICAgICRMb2dJbmZvLkFkZCgiTG9nU2l6ZSIsICRMb2dTaXplKQ0KICAgICAgICAjJExvZ0luZm8u,StartType: demand start,Account: LocalSystem,,,,"c:\windows\system32\cmd.exe /c powershell -command ""Get-Service ""seg50"" | select -Expand DisplayName |out-file -append tmp_payload.txt""",False,"EVTX-to-MITRE-Attack\TA0002-Execution\T1569.002-Service execution\ID7000,7009,7045-Payload deployed via service - Tchopper.evtx","Audit success, classic",0,"{""EventData"":{""Data"":[{""@Name"":""ServiceName"",""#text"":""AgICAgICAkTG9nSW5mby5BZGQoIkVuZFRpbWUiLCAkTmV3ZXN0RXZlbnRUaW1lKQ0KDQogICAgICAgICRMb2dJbmZvLkFkZCgiTG9nU2l6ZSIsICRMb2dTaXplKQ0KICAgICAgICAjJExvZ0luZm8u""},{""@Name"":""ImagePath"",""#text"":""c:\\windows\\system32\\cmd.exe /c powershell -command \""Get-Service \""seg50\"" | select -Expand DisplayName |out-file -append tmp_payload.txt\""""},{""@Name"":""ServiceType"",""#text"":""user mode service""},{""@Name"":""StartType"",""#text"":""demand start""},{""@Name"":""AccountName"",""#text"":""LocalSystem""}]}}"
150,9457,2021-11-03 08:16:26.7793344,7009,Error,Service Control Manager,System,484,2972,FS03.offsec.lan,1,,,,,,,,,,,,False,"EVTX-to-MITRE-Attack\TA0002-Execution\T1569.002-Service execution\ID7000,7009,7045-Payload deployed via service - Tchopper.evtx","Audit success, classic",0,"{""EventData"":{""Data"":[{""@Name"":""param1"",""#text"":""30000""},{""@Name"":""param2"",""#text"":""AgICAgICAkTG9nSW5mby5BZGQoIkVuZFRpbWUiLCAkTmV3ZXN0RXZlbnRUaW1lKQ0KDQogICAgICAgICRMb2dJbmZvLkFkZCgiTG9nU2l6ZSIsICRMb2dTaXplKQ0KICAgICAgICAjJExvZ0luZm8u""}],""Binary"":""73-00-65-00-67-00-35-00-30-00-00-00""}}"
151,9458,2021-11-03 08:16:26.7793344,7000,Error,Service Control Manager,System,484,2972,FS03.offsec.lan,1,,,,,,,,,,,,False,"EVTX-to-MITRE-Attack\TA0002-Execution\T1569.002-Service execution\ID7000,7009,7045-Payload deployed via service - Tchopper.evtx","Audit success, classic",0,"{""EventData"":{""Data"":[{""@Name"":""param1"",""#text"":""AgICAgICAkTG9nSW5mby5BZGQoIkVuZFRpbWUiLCAkTmV3ZXN0RXZlbnRUaW1lKQ0KDQogICAgICAgICRMb2dJbmZvLkFkZCgiTG9nU2l6ZSIsICRMb2dTaXplKQ0KICAgICAgICAjJExvZ0luZm8u""},{""@Name"":""param2"",""#text"":""%%1053""}],""Binary"":""73-00-65-00-67-00-35-00-30-00-00-00""}}"
152,9459,2021-11-03 08:16:27.8539512,7045,Info,Service Control Manager,System,484,2972,FS03.offsec.lan,1,S-1-5-21-4230534742-2542757381-3142984815-1111,A new service was installed in the system,,,Name: QWRkKCJPU1ZlcnNpb24iLCAkT1NWZXJzaW9uKQ0KDQogICAgICAgICRMb2dJbmZvLkFkZCgiVG90YWxFdmVudHMiLCAkVG90YWxMb2dFdmVudHMpDQoNCiAgICAgICAgJExvZ0luZm8uQWRkKCJBdm,StartType: demand start,Account: LocalSystem,,,,"c:\windows\system32\cmd.exe /c powershell -command ""Get-Service ""seg51"" | select -Expand DisplayName |out-file -append tmp_payload.txt""",False,"EVTX-to-MITRE-Attack\TA0002-Execution\T1569.002-Service execution\ID7000,7009,7045-Payload deployed via service - Tchopper.evtx","Audit success, classic",0,"{""EventData"":{""Data"":[{""@Name"":""ServiceName"",""#text"":""QWRkKCJPU1ZlcnNpb24iLCAkT1NWZXJzaW9uKQ0KDQogICAgICAgICRMb2dJbmZvLkFkZCgiVG90YWxFdmVudHMiLCAkVG90YWxMb2dFdmVudHMpDQoNCiAgICAgICAgJExvZ0luZm8uQWRkKCJBdm""},{""@Name"":""ImagePath"",""#text"":""c:\\windows\\system32\\cmd.exe /c powershell -command \""Get-Service \""seg51\"" | select -Expand DisplayName |out-file -append tmp_payload.txt\""""},{""@Name"":""ServiceType"",""#text"":""user mode service""},{""@Name"":""StartType"",""#text"":""demand start""},{""@Name"":""AccountName"",""#text"":""LocalSystem""}]}}"
153,9460,2021-11-03 08:16:28.2289512,7009,Error,Service Control Manager,System,484,2972,FS03.offsec.lan,1,,,,,,,,,,,,False,"EVTX-to-MITRE-Attack\TA0002-Execution\T1569.002-Service execution\ID7000,7009,7045-Payload deployed via service - Tchopper.evtx","Audit success, classic",0,"{""EventData"":{""Data"":[{""@Name"":""param1"",""#text"":""30000""},{""@Name"":""param2"",""#text"":""QWRkKCJPU1ZlcnNpb24iLCAkT1NWZXJzaW9uKQ0KDQogICAgICAgICRMb2dJbmZvLkFkZCgiVG90YWxFdmVudHMiLCAkVG90YWxMb2dFdmVudHMpDQoNCiAgICAgICAgJExvZ0luZm8uQWRkKCJBdm""}],""Binary"":""73-00-65-00-67-00-35-00-31-00-00-00""}}"
154,9461,2021-11-03 08:16:28.2289512,7000,Error,Service Control Manager,System,484,2972,FS03.offsec.lan,1,,,,,,,,,,,,False,"EVTX-to-MITRE-Attack\TA0002-Execution\T1569.002-Service execution\ID7000,7009,7045-Payload deployed via service - Tchopper.evtx","Audit success, classic",0,"{""EventData"":{""Data"":[{""@Name"":""param1"",""#text"":""QWRkKCJPU1ZlcnNpb24iLCAkT1NWZXJzaW9uKQ0KDQogICAgICAgICRMb2dJbmZvLkFkZCgiVG90YWxFdmVudHMiLCAkVG90YWxMb2dFdmVudHMpDQoNCiAgICAgICAgJExvZ0luZm8uQWRkKCJBdm""},{""@Name"":""param2"",""#text"":""%%1053""}],""Binary"":""73-00-65-00-67-00-35-00-31-00-00-00""}}"
155,9462,2021-11-03 08:16:29.2976843,7045,Info,Service Control Manager,System,484,2972,FS03.offsec.lan,1,S-1-5-21-4230534742-2542757381-3142984815-1111,A new service was installed in the system,,,Name: VyYWdlRXZlbnRzIiwgJEF2Z0V2ZW50c1BlclNlY29uZCkNCg0KICAgICAgICBSZXR1cm4gJExvZ0luZm8NCiAgICAgICAgICAgICAgICAgICAgICAgICAgICAgICAgDQogICAgIH0NCiAgICAgDQog,StartType: demand start,Account: LocalSystem,,,,"c:\windows\system32\cmd.exe /c powershell -command ""Get-Service ""seg52"" | select -Expand DisplayName |out-file -append tmp_payload.txt""",False,"EVTX-to-MITRE-Attack\TA0002-Execution\T1569.002-Service execution\ID7000,7009,7045-Payload deployed via service - Tchopper.evtx","Audit success, classic",0,"{""EventData"":{""Data"":[{""@Name"":""ServiceName"",""#text"":""VyYWdlRXZlbnRzIiwgJEF2Z0V2ZW50c1BlclNlY29uZCkNCg0KICAgICAgICBSZXR1cm4gJExvZ0luZm8NCiAgICAgICAgICAgICAgICAgICAgICAgICAgICAgICAgDQogICAgIH0NCiAgICAgDQog""},{""@Name"":""ImagePath"",""#text"":""c:\\windows\\system32\\cmd.exe /c powershell -command \""Get-Service \""seg52\"" | select -Expand DisplayName |out-file -append tmp_payload.txt\""""},{""@Name"":""ServiceType"",""#text"":""user mode service""},{""@Name"":""StartType"",""#text"":""demand start""},{""@Name"":""AccountName"",""#text"":""LocalSystem""}]}}"
156,9463,2021-11-03 08:16:29.6883058,7009,Error,Service Control Manager,System,484,2972,FS03.offsec.lan,1,,,,,,,,,,,,False,"EVTX-to-MITRE-Attack\TA0002-Execution\T1569.002-Service execution\ID7000,7009,7045-Payload deployed via service - Tchopper.evtx","Audit success, classic",0,"{""EventData"":{""Data"":[{""@Name"":""param1"",""#text"":""30000""},{""@Name"":""param2"",""#text"":""VyYWdlRXZlbnRzIiwgJEF2Z0V2ZW50c1BlclNlY29uZCkNCg0KICAgICAgICBSZXR1cm4gJExvZ0luZm8NCiAgICAgICAgICAgICAgICAgICAgICAgICAgICAgICAgDQogICAgIH0NCiAgICAgDQog""}],""Binary"":""73-00-65-00-67-00-35-00-32-00-00-00""}}"
157,9464,2021-11-03 08:16:29.6883058,7000,Error,Service Control Manager,System,484,2972,FS03.offsec.lan,1,,,,,,,,,,,,False,"EVTX-to-MITRE-Attack\TA0002-Execution\T1569.002-Service execution\ID7000,7009,7045-Payload deployed via service - Tchopper.evtx","Audit success, classic",0,"{""EventData"":{""Data"":[{""@Name"":""param1"",""#text"":""VyYWdlRXZlbnRzIiwgJEF2Z0V2ZW50c1BlclNlY29uZCkNCg0KICAgICAgICBSZXR1cm4gJExvZ0luZm8NCiAgICAgICAgICAgICAgICAgICAgICAgICAgICAgICAgDQogICAgIH0NCiAgICAgDQog""},{""@Name"":""param2"",""#text"":""%%1053""}],""Binary"":""73-00-65-00-67-00-35-00-32-00-00-00""}}"
158,9465,2021-11-03 08:16:30.7664390,7045,Info,Service Control Manager,System,484,2972,FS03.offsec.lan,1,S-1-5-21-4230534742-2542757381-3142984815-1111,A new service was installed in the system,,,Name: ICAgIGNhdGNoIHsNCg0KICAgICAgICBXcml0ZS1Mb2cgJEVSUk9SX0xPRyAiVW5hYmxlIHRvIHNjYW4gJEFnZW50IGV2ZW50IGxvZ3MiDQoNCiAgICAgICAgV3JpdGUtTG9nICRFUlJPUl9MT0cgJE,StartType: demand start,Account: LocalSystem,,,,"c:\windows\system32\cmd.exe /c powershell -command ""Get-Service ""seg53"" | select -Expand DisplayName |out-file -append tmp_payload.txt""",False,"EVTX-to-MITRE-Attack\TA0002-Execution\T1569.002-Service execution\ID7000,7009,7045-Payload deployed via service - Tchopper.evtx","Audit success, classic",0,"{""EventData"":{""Data"":[{""@Name"":""ServiceName"",""#text"":""ICAgIGNhdGNoIHsNCg0KICAgICAgICBXcml0ZS1Mb2cgJEVSUk9SX0xPRyAiVW5hYmxlIHRvIHNjYW4gJEFnZW50IGV2ZW50IGxvZ3MiDQoNCiAgICAgICAgV3JpdGUtTG9nICRFUlJPUl9MT0cgJE""},{""@Name"":""ImagePath"",""#text"":""c:\\windows\\system32\\cmd.exe /c powershell -command \""Get-Service \""seg53\"" | select -Expand DisplayName |out-file -append tmp_payload.txt\""""},{""@Name"":""ServiceType"",""#text"":""user mode service""},{""@Name"":""StartType"",""#text"":""demand start""},{""@Name"":""AccountName"",""#text"":""LocalSystem""}]}}"
159,9466,2021-11-03 08:16:31.1414409,7009,Error,Service Control Manager,System,484,2972,FS03.offsec.lan,1,,,,,,,,,,,,False,"EVTX-to-MITRE-Attack\TA0002-Execution\T1569.002-Service execution\ID7000,7009,7045-Payload deployed via service - Tchopper.evtx","Audit success, classic",0,"{""EventData"":{""Data"":[{""@Name"":""param1"",""#text"":""30000""},{""@Name"":""param2"",""#text"":""ICAgIGNhdGNoIHsNCg0KICAgICAgICBXcml0ZS1Mb2cgJEVSUk9SX0xPRyAiVW5hYmxlIHRvIHNjYW4gJEFnZW50IGV2ZW50IGxvZ3MiDQoNCiAgICAgICAgV3JpdGUtTG9nICRFUlJPUl9MT0cgJE""}],""Binary"":""73-00-65-00-67-00-35-00-33-00-00-00""}}"
160,9467,2021-11-03 08:16:31.1414409,7000,Error,Service Control Manager,System,484,2972,FS03.offsec.lan,1,,,,,,,,,,,,False,"EVTX-to-MITRE-Attack\TA0002-Execution\T1569.002-Service execution\ID7000,7009,7045-Payload deployed via service - Tchopper.evtx","Audit success, classic",0,"{""EventData"":{""Data"":[{""@Name"":""param1"",""#text"":""ICAgIGNhdGNoIHsNCg0KICAgICAgICBXcml0ZS1Mb2cgJEVSUk9SX0xPRyAiVW5hYmxlIHRvIHNjYW4gJEFnZW50IGV2ZW50IGxvZ3MiDQoNCiAgICAgICAgV3JpdGUtTG9nICRFUlJPUl9MT0cgJE""},{""@Name"":""param2"",""#text"":""%%1053""}],""Binary"":""73-00-65-00-67-00-35-00-33-00-00-00""}}"
161,9468,2021-11-03 08:16:32.2277461,7045,Info,Service Control Manager,System,484,2972,FS03.offsec.lan,1,S-1-5-21-4230534742-2542757381-3142984815-1111,A new service was installed in the system,,,Name: Vycm9yWzBdDQoNCiAgICAgICAgJEVycm9yTGluZU51bWJlciA9ICRFcnJvclswXS5JbnZvY2F0aW9uSW5mby5zY3JpcHRsaW5lbnVtYmVyDQoNCiAgICAgICAgV3JpdGUtTG9nICRFUlJPUl9MT0cg,StartType: demand start,Account: LocalSystem,,,,"c:\windows\system32\cmd.exe /c powershell -command ""Get-Service ""seg54"" | select -Expand DisplayName |out-file -append tmp_payload.txt""",False,"EVTX-to-MITRE-Attack\TA0002-Execution\T1569.002-Service execution\ID7000,7009,7045-Payload deployed via service - Tchopper.evtx","Audit success, classic",0,"{""EventData"":{""Data"":[{""@Name"":""ServiceName"",""#text"":""Vycm9yWzBdDQoNCiAgICAgICAgJEVycm9yTGluZU51bWJlciA9ICRFcnJvclswXS5JbnZvY2F0aW9uSW5mby5zY3JpcHRsaW5lbnVtYmVyDQoNCiAgICAgICAgV3JpdGUtTG9nICRFUlJPUl9MT0cg""},{""@Name"":""ImagePath"",""#text"":""c:\\windows\\system32\\cmd.exe /c powershell -command \""Get-Service \""seg54\"" | select -Expand DisplayName |out-file -append tmp_payload.txt\""""},{""@Name"":""ServiceType"",""#text"":""user mode service""},{""@Name"":""StartType"",""#text"":""demand start""},{""@Name"":""AccountName"",""#text"":""LocalSystem""}]}}"
162,9469,2021-11-03 08:16:32.6027392,7009,Error,Service Control Manager,System,484,2972,FS03.offsec.lan,1,,,,,,,,,,,,False,"EVTX-to-MITRE-Attack\TA0002-Execution\T1569.002-Service execution\ID7000,7009,7045-Payload deployed via service - Tchopper.evtx","Audit success, classic",0,"{""EventData"":{""Data"":[{""@Name"":""param1"",""#text"":""30000""},{""@Name"":""param2"",""#text"":""Vycm9yWzBdDQoNCiAgICAgICAgJEVycm9yTGluZU51bWJlciA9ICRFcnJvclswXS5JbnZvY2F0aW9uSW5mby5zY3JpcHRsaW5lbnVtYmVyDQoNCiAgICAgICAgV3JpdGUtTG9nICRFUlJPUl9MT0cg""}],""Binary"":""73-00-65-00-67-00-35-00-34-00-00-00""}}"
163,9470,2021-11-03 08:16:32.6027392,7000,Error,Service Control Manager,System,484,2972,FS03.offsec.lan,1,,,,,,,,,,,,False,"EVTX-to-MITRE-Attack\TA0002-Execution\T1569.002-Service execution\ID7000,7009,7045-Payload deployed via service - Tchopper.evtx","Audit success, classic",0,"{""EventData"":{""Data"":[{""@Name"":""param1"",""#text"":""Vycm9yWzBdDQoNCiAgICAgICAgJEVycm9yTGluZU51bWJlciA9ICRFcnJvclswXS5JbnZvY2F0aW9uSW5mby5zY3JpcHRsaW5lbnVtYmVyDQoNCiAgICAgICAgV3JpdGUtTG9nICRFUlJPUl9MT0cg""},{""@Name"":""param2"",""#text"":""%%1053""}],""Binary"":""73-00-65-00-67-00-35-00-34-00-00-00""}}"
164,9471,2021-11-03 08:16:33.6801565,7045,Info,Service Control Manager,System,484,2972,FS03.offsec.lan,1,S-1-5-21-4230534742-2542757381-3142984815-1111,A new service was installed in the system,,,Name: IkNhdWdodCBvbiBsaW5lIG51bWJlcjogJEVycm9yTGluZU51bWJlciINCg0KICAgICAgICBjb250aW51ZQ0KICAgIH0NCn0NCg0KDQojIyMjIyMjIyMjIyMjIyMjIyMjIyMjIyMjIyMjIyMjIyMjIy,StartType: demand start,Account: LocalSystem,,,,"c:\windows\system32\cmd.exe /c powershell -command ""Get-Service ""seg55"" | select -Expand DisplayName |out-file -append tmp_payload.txt""",False,"EVTX-to-MITRE-Attack\TA0002-Execution\T1569.002-Service execution\ID7000,7009,7045-Payload deployed via service - Tchopper.evtx","Audit success, classic",0,"{""EventData"":{""Data"":[{""@Name"":""ServiceName"",""#text"":""IkNhdWdodCBvbiBsaW5lIG51bWJlcjogJEVycm9yTGluZU51bWJlciINCg0KICAgICAgICBjb250aW51ZQ0KICAgIH0NCn0NCg0KDQojIyMjIyMjIyMjIyMjIyMjIyMjIyMjIyMjIyMjIyMjIyMjIy""},{""@Name"":""ImagePath"",""#text"":""c:\\windows\\system32\\cmd.exe /c powershell -command \""Get-Service \""seg55\"" | select -Expand DisplayName |out-file -append tmp_payload.txt\""""},{""@Name"":""ServiceType"",""#text"":""user mode service""},{""@Name"":""StartType"",""#text"":""demand start""},{""@Name"":""AccountName"",""#text"":""LocalSystem""}]}}"
165,9472,2021-11-03 08:16:34.1176561,7009,Error,Service Control Manager,System,484,2972,FS03.offsec.lan,1,,,,,,,,,,,,False,"EVTX-to-MITRE-Attack\TA0002-Execution\T1569.002-Service execution\ID7000,7009,7045-Payload deployed via service - Tchopper.evtx","Audit success, classic",0,"{""EventData"":{""Data"":[{""@Name"":""param1"",""#text"":""30000""},{""@Name"":""param2"",""#text"":""IkNhdWdodCBvbiBsaW5lIG51bWJlcjogJEVycm9yTGluZU51bWJlciINCg0KICAgICAgICBjb250aW51ZQ0KICAgIH0NCn0NCg0KDQojIyMjIyMjIyMjIyMjIyMjIyMjIyMjIyMjIyMjIyMjIyMjIy""}],""Binary"":""73-00-65-00-67-00-35-00-35-00-00-00""}}"
166,9473,2021-11-03 08:16:34.1176561,7000,Error,Service Control Manager,System,484,2972,FS03.offsec.lan,1,,,,,,,,,,,,False,"EVTX-to-MITRE-Attack\TA0002-Execution\T1569.002-Service execution\ID7000,7009,7045-Payload deployed via service - Tchopper.evtx","Audit success, classic",0,"{""EventData"":{""Data"":[{""@Name"":""param1"",""#text"":""IkNhdWdodCBvbiBsaW5lIG51bWJlcjogJEVycm9yTGluZU51bWJlciINCg0KICAgICAgICBjb250aW51ZQ0KICAgIH0NCn0NCg0KDQojIyMjIyMjIyMjIyMjIyMjIyMjIyMjIyMjIyMjIyMjIyMjIy""},{""@Name"":""param2"",""#text"":""%%1053""}],""Binary"":""73-00-65-00-67-00-35-00-35-00-00-00""}}"
167,9474,2021-11-03 08:16:35.1898264,7045,Info,Service Control Manager,System,484,2972,FS03.offsec.lan,1,S-1-5-21-4230534742-2542757381-3142984815-1111,A new service was installed in the system,,,Name: MjIyMjIyMjIyMjIyMjIyMjIyMjIyMjIyMjIyMjIyMjIyMjIyMjIyMjIyMjIyMjIyMjIyMjIyMjIyMjIyMjDQojRnVuY3Rpb24gd2lsbCBnZW5lcmF0ZSBvdXRwdXQgaW5mbyBmb3IgdGhlIGdpdmVu,StartType: demand start,Account: LocalSystem,,,,"c:\windows\system32\cmd.exe /c powershell -command ""Get-Service ""seg56"" | select -Expand DisplayName |out-file -append tmp_payload.txt""",False,"EVTX-to-MITRE-Attack\TA0002-Execution\T1569.002-Service execution\ID7000,7009,7045-Payload deployed via service - Tchopper.evtx","Audit success, classic",0,"{""EventData"":{""Data"":[{""@Name"":""ServiceName"",""#text"":""MjIyMjIyMjIyMjIyMjIyMjIyMjIyMjIyMjIyMjIyMjIyMjIyMjIyMjIyMjIyMjIyMjIyMjIyMjIyMjIyMjDQojRnVuY3Rpb24gd2lsbCBnZW5lcmF0ZSBvdXRwdXQgaW5mbyBmb3IgdGhlIGdpdmVu""},{""@Name"":""ImagePath"",""#text"":""c:\\windows\\system32\\cmd.exe /c powershell -command \""Get-Service \""seg56\"" | select -Expand DisplayName |out-file -append tmp_payload.txt\""""},{""@Name"":""ServiceType"",""#text"":""user mode service""},{""@Name"":""StartType"",""#text"":""demand start""},{""@Name"":""AccountName"",""#text"":""LocalSystem""}]}}"
168,9475,2021-11-03 08:16:35.5650240,7009,Error,Service Control Manager,System,484,2972,FS03.offsec.lan,1,,,,,,,,,,,,False,"EVTX-to-MITRE-Attack\TA0002-Execution\T1569.002-Service execution\ID7000,7009,7045-Payload deployed via service - Tchopper.evtx","Audit success, classic",0,"{""EventData"":{""Data"":[{""@Name"":""param1"",""#text"":""30000""},{""@Name"":""param2"",""#text"":""MjIyMjIyMjIyMjIyMjIyMjIyMjIyMjIyMjIyMjIyMjIyMjIyMjIyMjIyMjIyMjIyMjIyMjIyMjIyMjIyMjDQojRnVuY3Rpb24gd2lsbCBnZW5lcmF0ZSBvdXRwdXQgaW5mbyBmb3IgdGhlIGdpdmVu""}],""Binary"":""73-00-65-00-67-00-35-00-36-00-00-00""}}"
169,9476,2021-11-03 08:16:35.5650240,7000,Error,Service Control Manager,System,484,2972,FS03.offsec.lan,1,,,,,,,,,,,,False,"EVTX-to-MITRE-Attack\TA0002-Execution\T1569.002-Service execution\ID7000,7009,7045-Payload deployed via service - Tchopper.evtx","Audit success, classic",0,"{""EventData"":{""Data"":[{""@Name"":""param1"",""#text"":""MjIyMjIyMjIyMjIyMjIyMjIyMjIyMjIyMjIyMjIyMjIyMjIyMjIyMjIyMjIyMjIyMjIyMjIyMjIyMjIyMjDQojRnVuY3Rpb24gd2lsbCBnZW5lcmF0ZSBvdXRwdXQgaW5mbyBmb3IgdGhlIGdpdmVu""},{""@Name"":""param2"",""#text"":""%%1053""}],""Binary"":""73-00-65-00-67-00-35-00-36-00-00-00""}}"
170,9477,2021-11-03 08:16:36.6413188,7045,Info,Service Control Manager,System,484,2972,FS03.offsec.lan,1,S-1-5-21-4230534742-2542757381-3142984815-1111,A new service was installed in the system,,,Name: IGxvZyBldmVudHMgcGVyIHNlY29uZA0KDQojQHBhcmFtICRUb3RhbExvZ0V2ZW50cyAtPiAgVGhlIHRvdGFsICMgb2YgZXZlbnRzIGZvciB0aGUgZ2l2ZW4gbG9nDQoNCiMjIyMjIyMjIyMjIyMjIy,StartType: demand start,Account: LocalSystem,,,,"c:\windows\system32\cmd.exe /c powershell -command ""Get-Service ""seg57"" | select -Expand DisplayName |out-file -append tmp_payload.txt""",False,"EVTX-to-MITRE-Attack\TA0002-Execution\T1569.002-Service execution\ID7000,7009,7045-Payload deployed via service - Tchopper.evtx","Audit success, classic",0,"{""EventData"":{""Data"":[{""@Name"":""ServiceName"",""#text"":""IGxvZyBldmVudHMgcGVyIHNlY29uZA0KDQojQHBhcmFtICRUb3RhbExvZ0V2ZW50cyAtPiAgVGhlIHRvdGFsICMgb2YgZXZlbnRzIGZvciB0aGUgZ2l2ZW4gbG9nDQoNCiMjIyMjIyMjIyMjIyMjIy""},{""@Name"":""ImagePath"",""#text"":""c:\\windows\\system32\\cmd.exe /c powershell -command \""Get-Service \""seg57\"" | select -Expand DisplayName |out-file -append tmp_payload.txt\""""},{""@Name"":""ServiceType"",""#text"":""user mode service""},{""@Name"":""StartType"",""#text"":""demand start""},{""@Name"":""AccountName"",""#text"":""LocalSystem""}]}}"
171,9478,2021-11-03 08:16:37.0163258,7009,Error,Service Control Manager,System,484,2972,FS03.offsec.lan,1,,,,,,,,,,,,False,"EVTX-to-MITRE-Attack\TA0002-Execution\T1569.002-Service execution\ID7000,7009,7045-Payload deployed via service - Tchopper.evtx","Audit success, classic",0,"{""EventData"":{""Data"":[{""@Name"":""param1"",""#text"":""30000""},{""@Name"":""param2"",""#text"":""IGxvZyBldmVudHMgcGVyIHNlY29uZA0KDQojQHBhcmFtICRUb3RhbExvZ0V2ZW50cyAtPiAgVGhlIHRvdGFsICMgb2YgZXZlbnRzIGZvciB0aGUgZ2l2ZW4gbG9nDQoNCiMjIyMjIyMjIyMjIyMjIy""}],""Binary"":""73-00-65-00-67-00-35-00-37-00-00-00""}}"
172,9479,2021-11-03 08:16:37.0163258,7000,Error,Service Control Manager,System,484,2972,FS03.offsec.lan,1,,,,,,,,,,,,False,"EVTX-to-MITRE-Attack\TA0002-Execution\T1569.002-Service execution\ID7000,7009,7045-Payload deployed via service - Tchopper.evtx","Audit success, classic",0,"{""EventData"":{""Data"":[{""@Name"":""param1"",""#text"":""IGxvZyBldmVudHMgcGVyIHNlY29uZA0KDQojQHBhcmFtICRUb3RhbExvZ0V2ZW50cyAtPiAgVGhlIHRvdGFsICMgb2YgZXZlbnRzIGZvciB0aGUgZ2l2ZW4gbG9nDQoNCiMjIyMjIyMjIyMjIyMjIy""},{""@Name"":""param2"",""#text"":""%%1053""}],""Binary"":""73-00-65-00-67-00-35-00-37-00-00-00""}}"
173,9480,2021-11-03 08:16:38.0896457,7045,Info,Service Control Manager,System,484,2972,FS03.offsec.lan,1,S-1-5-21-4230534742-2542757381-3142984815-1111,A new service was installed in the system,,,Name: MjIyMjIyMjIyMjIyMjIyMjIyMjIyMjIyMjIyMjIyMjIyMjIyMjIyMjIyMjIyMjIyMjIyMjIyMjIyMjIyMjIyMjIyMjIyMjIyMjIyMjIyMjIyMNCg0KZnVuY3Rpb24gR2V0LVByb2ZpbGVTdWdnZXN0,StartType: demand start,Account: LocalSystem,,,,"c:\windows\system32\cmd.exe /c powershell -command ""Get-Service ""seg58"" | select -Expand DisplayName |out-file -append tmp_payload.txt""",False,"EVTX-to-MITRE-Attack\TA0002-Execution\T1569.002-Service execution\ID7000,7009,7045-Payload deployed via service - Tchopper.evtx","Audit success, classic",0,"{""EventData"":{""Data"":[{""@Name"":""ServiceName"",""#text"":""MjIyMjIyMjIyMjIyMjIyMjIyMjIyMjIyMjIyMjIyMjIyMjIyMjIyMjIyMjIyMjIyMjIyMjIyMjIyMjIyMjIyMjIyMjIyMjIyMjIyMjIyMjIyMNCg0KZnVuY3Rpb24gR2V0LVByb2ZpbGVTdWdnZXN0""},{""@Name"":""ImagePath"",""#text"":""c:\\windows\\system32\\cmd.exe /c powershell -command \""Get-Service \""seg58\"" | select -Expand DisplayName |out-file -append tmp_payload.txt\""""},{""@Name"":""ServiceType"",""#text"":""user mode service""},{""@Name"":""StartType"",""#text"":""demand start""},{""@Name"":""AccountName"",""#text"":""LocalSystem""}]}}"
174,9481,2021-11-03 08:16:38.4757908,7009,Error,Service Control Manager,System,484,2972,FS03.offsec.lan,1,,,,,,,,,,,,False,"EVTX-to-MITRE-Attack\TA0002-Execution\T1569.002-Service execution\ID7000,7009,7045-Payload deployed via service - Tchopper.evtx","Audit success, classic",0,"{""EventData"":{""Data"":[{""@Name"":""param1"",""#text"":""30000""},{""@Name"":""param2"",""#text"":""MjIyMjIyMjIyMjIyMjIyMjIyMjIyMjIyMjIyMjIyMjIyMjIyMjIyMjIyMjIyMjIyMjIyMjIyMjIyMjIyMjIyMjIyMjIyMjIyMjIyMjIyMjIyMNCg0KZnVuY3Rpb24gR2V0LVByb2ZpbGVTdWdnZXN0""}],""Binary"":""73-00-65-00-67-00-35-00-38-00-00-00""}}"
175,9482,2021-11-03 08:16:38.4757908,7000,Error,Service Control Manager,System,484,2972,FS03.offsec.lan,1,,,,,,,,,,,,False,"EVTX-to-MITRE-Attack\TA0002-Execution\T1569.002-Service execution\ID7000,7009,7045-Payload deployed via service - Tchopper.evtx","Audit success, classic",0,"{""EventData"":{""Data"":[{""@Name"":""param1"",""#text"":""MjIyMjIyMjIyMjIyMjIyMjIyMjIyMjIyMjIyMjIyMjIyMjIyMjIyMjIyMjIyMjIyMjIyMjIyMjIyMjIyMjIyMjIyMjIyMjIyMjIyMjIyMjIyMNCg0KZnVuY3Rpb24gR2V0LVByb2ZpbGVTdWdnZXN0""},{""@Name"":""param2"",""#text"":""%%1053""}],""Binary"":""73-00-65-00-67-00-35-00-38-00-00-00""}}"
176,9483,2021-11-03 08:16:39.5556314,7045,Info,Service Control Manager,System,484,2972,FS03.offsec.lan,1,S-1-5-21-4230534742-2542757381-3142984815-1111,A new service was installed in the system,,,Name: aW9uIHsgcGFyYW0oJEF2Z0V2ZW50c1BlclNlY29uZCkNCg0KICAgIHRyeSB7DQoNCiAgICAgICAgICNQcm9maWxlIHN1Z2VzdGlvbg0KICAgICAgICAgJExvZ1N0YXRzQW5kSW5mbyA9ICIiDQoNCg,StartType: demand start,Account: LocalSystem,,,,"c:\windows\system32\cmd.exe /c powershell -command ""Get-Service ""seg59"" | select -Expand DisplayName |out-file -append tmp_payload.txt""",False,"EVTX-to-MITRE-Attack\TA0002-Execution\T1569.002-Service execution\ID7000,7009,7045-Payload deployed via service - Tchopper.evtx","Audit success, classic",0,"{""EventData"":{""Data"":[{""@Name"":""ServiceName"",""#text"":""aW9uIHsgcGFyYW0oJEF2Z0V2ZW50c1BlclNlY29uZCkNCg0KICAgIHRyeSB7DQoNCiAgICAgICAgICNQcm9maWxlIHN1Z2VzdGlvbg0KICAgICAgICAgJExvZ1N0YXRzQW5kSW5mbyA9ICIiDQoNCg""},{""@Name"":""ImagePath"",""#text"":""c:\\windows\\system32\\cmd.exe /c powershell -command \""Get-Service \""seg59\"" | select -Expand DisplayName |out-file -append tmp_payload.txt\""""},{""@Name"":""ServiceType"",""#text"":""user mode service""},{""@Name"":""StartType"",""#text"":""demand start""},{""@Name"":""AccountName"",""#text"":""LocalSystem""}]}}"
177,9484,2021-11-03 08:16:39.9462580,7009,Error,Service Control Manager,System,484,2972,FS03.offsec.lan,1,,,,,,,,,,,,False,"EVTX-to-MITRE-Attack\TA0002-Execution\T1569.002-Service execution\ID7000,7009,7045-Payload deployed via service - Tchopper.evtx","Audit success, classic",0,"{""EventData"":{""Data"":[{""@Name"":""param1"",""#text"":""30000""},{""@Name"":""param2"",""#text"":""aW9uIHsgcGFyYW0oJEF2Z0V2ZW50c1BlclNlY29uZCkNCg0KICAgIHRyeSB7DQoNCiAgICAgICAgICNQcm9maWxlIHN1Z2VzdGlvbg0KICAgICAgICAgJExvZ1N0YXRzQW5kSW5mbyA9ICIiDQoNCg""}],""Binary"":""73-00-65-00-67-00-35-00-39-00-00-00""}}"
178,9485,2021-11-03 08:16:39.9462580,7000,Error,Service Control Manager,System,484,2972,FS03.offsec.lan,1,,,,,,,,,,,,False,"EVTX-to-MITRE-Attack\TA0002-Execution\T1569.002-Service execution\ID7000,7009,7045-Payload deployed via service - Tchopper.evtx","Audit success, classic",0,"{""EventData"":{""Data"":[{""@Name"":""param1"",""#text"":""aW9uIHsgcGFyYW0oJEF2Z0V2ZW50c1BlclNlY29uZCkNCg0KICAgIHRyeSB7DQoNCiAgICAgICAgICNQcm9maWxlIHN1Z2VzdGlvbg0KICAgICAgICAgJExvZ1N0YXRzQW5kSW5mbyA9ICIiDQoNCg""},{""@Name"":""param2"",""#text"":""%%1053""}],""Binary"":""73-00-65-00-67-00-35-00-39-00-00-00""}}"
179,9486,2021-11-03 08:16:41.0210593,7045,Info,Service Control Manager,System,484,2972,FS03.offsec.lan,1,S-1-5-21-4230534742-2542757381-3142984815-1111,A new service was installed in the system,,,Name: 0KICAgICAgICBJZiAoJEF2Z0V2ZW50c1BlclNlY29uZCAtR0UgMCAtYW5kICRBdmdFdmVudHNQZXJTZWNvbmQgLUxFIDEwMCkgew0KICAgICAgICAgDQogICAgICAgICAgICAkTG9nU3RhdHNBbmRJ,StartType: demand start,Account: LocalSystem,,,,"c:\windows\system32\cmd.exe /c powershell -command ""Get-Service ""seg60"" | select -Expand DisplayName |out-file -append tmp_payload.txt""",False,"EVTX-to-MITRE-Attack\TA0002-Execution\T1569.002-Service execution\ID7000,7009,7045-Payload deployed via service - Tchopper.evtx","Audit success, classic",0,"{""EventData"":{""Data"":[{""@Name"":""ServiceName"",""#text"":""0KICAgICAgICBJZiAoJEF2Z0V2ZW50c1BlclNlY29uZCAtR0UgMCAtYW5kICRBdmdFdmVudHNQZXJTZWNvbmQgLUxFIDEwMCkgew0KICAgICAgICAgDQogICAgICAgICAgICAkTG9nU3RhdHNBbmRJ""},{""@Name"":""ImagePath"",""#text"":""c:\\windows\\system32\\cmd.exe /c powershell -command \""Get-Service \""seg60\"" | select -Expand DisplayName |out-file -append tmp_payload.txt\""""},{""@Name"":""ServiceType"",""#text"":""user mode service""},{""@Name"":""StartType"",""#text"":""demand start""},{""@Name"":""AccountName"",""#text"":""LocalSystem""}]}}"
180,9487,2021-11-03 08:16:41.3960668,7009,Error,Service Control Manager,System,484,2972,FS03.offsec.lan,1,,,,,,,,,,,,False,"EVTX-to-MITRE-Attack\TA0002-Execution\T1569.002-Service execution\ID7000,7009,7045-Payload deployed via service - Tchopper.evtx","Audit success, classic",0,"{""EventData"":{""Data"":[{""@Name"":""param1"",""#text"":""30000""},{""@Name"":""param2"",""#text"":""0KICAgICAgICBJZiAoJEF2Z0V2ZW50c1BlclNlY29uZCAtR0UgMCAtYW5kICRBdmdFdmVudHNQZXJTZWNvbmQgLUxFIDEwMCkgew0KICAgICAgICAgDQogICAgICAgICAgICAkTG9nU3RhdHNBbmRJ""}],""Binary"":""73-00-65-00-67-00-36-00-30-00-00-00""}}"
181,9488,2021-11-03 08:16:41.3960668,7000,Error,Service Control Manager,System,484,2972,FS03.offsec.lan,1,,,,,,,,,,,,False,"EVTX-to-MITRE-Attack\TA0002-Execution\T1569.002-Service execution\ID7000,7009,7045-Payload deployed via service - Tchopper.evtx","Audit success, classic",0,"{""EventData"":{""Data"":[{""@Name"":""param1"",""#text"":""0KICAgICAgICBJZiAoJEF2Z0V2ZW50c1BlclNlY29uZCAtR0UgMCAtYW5kICRBdmdFdmVudHNQZXJTZWNvbmQgLUxFIDEwMCkgew0KICAgICAgICAgDQogICAgICAgICAgICAkTG9nU3RhdHNBbmRJ""},{""@Name"":""param2"",""#text"":""%%1053""}],""Binary"":""73-00-65-00-67-00-36-00-30-00-00-00""}}"
182,9489,2021-11-03 08:16:42.4741873,7045,Info,Service Control Manager,System,484,2972,FS03.offsec.lan,1,S-1-5-21-4230534742-2542757381-3142984815-1111,A new service was installed in the system,,,Name: bmZvICs9ICJNU1JQQyAoMC0xMDApIEVQUyBvciBXaW5Db2xsZWN0IERlZmF1bHQgKEVuZHBvaW50KSAoMC01MCkgRVBTYG4iICAgICAgICAgDQogICAgICAgICB9DQogICAgICAgICANCiAgICAgIC,StartType: demand start,Account: LocalSystem,,,,"c:\windows\system32\cmd.exe /c powershell -command ""Get-Service ""seg61"" | select -Expand DisplayName |out-file -append tmp_payload.txt""",False,"EVTX-to-MITRE-Attack\TA0002-Execution\T1569.002-Service execution\ID7000,7009,7045-Payload deployed via service - Tchopper.evtx","Audit success, classic",0,"{""EventData"":{""Data"":[{""@Name"":""ServiceName"",""#text"":""bmZvICs9ICJNU1JQQyAoMC0xMDApIEVQUyBvciBXaW5Db2xsZWN0IERlZmF1bHQgKEVuZHBvaW50KSAoMC01MCkgRVBTYG4iICAgICAgICAgDQogICAgICAgICB9DQogICAgICAgICANCiAgICAgIC""},{""@Name"":""ImagePath"",""#text"":""c:\\windows\\system32\\cmd.exe /c powershell -command \""Get-Service \""seg61\"" | select -Expand DisplayName |out-file -append tmp_payload.txt\""""},{""@Name"":""ServiceType"",""#text"":""user mode service""},{""@Name"":""StartType"",""#text"":""demand start""},{""@Name"":""AccountName"",""#text"":""LocalSystem""}]}}"
183,9490,2021-11-03 08:16:42.8741716,7009,Error,Service Control Manager,System,484,2972,FS03.offsec.lan,1,,,,,,,,,,,,False,"EVTX-to-MITRE-Attack\TA0002-Execution\T1569.002-Service execution\ID7000,7009,7045-Payload deployed via service - Tchopper.evtx","Audit success, classic",0,"{""EventData"":{""Data"":[{""@Name"":""param1"",""#text"":""30000""},{""@Name"":""param2"",""#text"":""bmZvICs9ICJNU1JQQyAoMC0xMDApIEVQUyBvciBXaW5Db2xsZWN0IERlZmF1bHQgKEVuZHBvaW50KSAoMC01MCkgRVBTYG4iICAgICAgICAgDQogICAgICAgICB9DQogICAgICAgICANCiAgICAgIC""}],""Binary"":""73-00-65-00-67-00-36-00-31-00-00-00""}}"
184,9491,2021-11-03 08:16:42.8741716,7000,Error,Service Control Manager,System,484,2972,FS03.offsec.lan,1,,,,,,,,,,,,False,"EVTX-to-MITRE-Attack\TA0002-Execution\T1569.002-Service execution\ID7000,7009,7045-Payload deployed via service - Tchopper.evtx","Audit success, classic",0,"{""EventData"":{""Data"":[{""@Name"":""param1"",""#text"":""bmZvICs9ICJNU1JQQyAoMC0xMDApIEVQUyBvciBXaW5Db2xsZWN0IERlZmF1bHQgKEVuZHBvaW50KSAoMC01MCkgRVBTYG4iICAgICAgICAgDQogICAgICAgICB9DQogICAgICAgICANCiAgICAgIC""},{""@Name"":""param2"",""#text"":""%%1053""}],""Binary"":""73-00-65-00-67-00-36-00-31-00-00-00""}}"
185,9492,2021-11-03 08:16:43.9389158,7045,Info,Service Control Manager,System,484,2972,FS03.offsec.lan,1,S-1-5-21-4230534742-2542757381-3142984815-1111,A new service was installed in the system,,,Name: AgIyBBYm92ZSBIaWdoIEhhdGUNCiAgICAgICAgIElmICgkQXZnRXZlbnRzUGVyU2Vjb25kIC1HVCA2MjUpIHsgDQogICAgICAgICAgICANCiAgICAgICAgICAgICRMb2dTdGF0c0FuZEluZm8gKz0g,StartType: demand start,Account: LocalSystem,,,,"c:\windows\system32\cmd.exe /c powershell -command ""Get-Service ""seg62"" | select -Expand DisplayName |out-file -append tmp_payload.txt""",False,"EVTX-to-MITRE-Attack\TA0002-Execution\T1569.002-Service execution\ID7000,7009,7045-Payload deployed via service - Tchopper.evtx","Audit success, classic",0,"{""EventData"":{""Data"":[{""@Name"":""ServiceName"",""#text"":""AgIyBBYm92ZSBIaWdoIEhhdGUNCiAgICAgICAgIElmICgkQXZnRXZlbnRzUGVyU2Vjb25kIC1HVCA2MjUpIHsgDQogICAgICAgICAgICANCiAgICAgICAgICAgICRMb2dTdGF0c0FuZEluZm8gKz0g""},{""@Name"":""ImagePath"",""#text"":""c:\\windows\\system32\\cmd.exe /c powershell -command \""Get-Service \""seg62\"" | select -Expand DisplayName |out-file -append tmp_payload.txt\""""},{""@Name"":""ServiceType"",""#text"":""user mode service""},{""@Name"":""StartType"",""#text"":""demand start""},{""@Name"":""AccountName"",""#text"":""LocalSystem""}]}}"
186,9493,2021-11-03 08:16:44.3451626,7009,Error,Service Control Manager,System,484,2972,FS03.offsec.lan,1,,,,,,,,,,,,False,"EVTX-to-MITRE-Attack\TA0002-Execution\T1569.002-Service execution\ID7000,7009,7045-Payload deployed via service - Tchopper.evtx","Audit success, classic",0,"{""EventData"":{""Data"":[{""@Name"":""param1"",""#text"":""30000""},{""@Name"":""param2"",""#text"":""AgIyBBYm92ZSBIaWdoIEhhdGUNCiAgICAgICAgIElmICgkQXZnRXZlbnRzUGVyU2Vjb25kIC1HVCA2MjUpIHsgDQogICAgICAgICAgICANCiAgICAgICAgICAgICRMb2dTdGF0c0FuZEluZm8gKz0g""}],""Binary"":""73-00-65-00-67-00-36-00-32-00-00-00""}}"
187,9494,2021-11-03 08:16:44.3451626,7000,Error,Service Control Manager,System,484,2972,FS03.offsec.lan,1,,,,,,,,,,,,False,"EVTX-to-MITRE-Attack\TA0002-Execution\T1569.002-Service execution\ID7000,7009,7045-Payload deployed via service - Tchopper.evtx","Audit success, classic",0,"{""EventData"":{""Data"":[{""@Name"":""param1"",""#text"":""AgIyBBYm92ZSBIaWdoIEhhdGUNCiAgICAgICAgIElmICgkQXZnRXZlbnRzUGVyU2Vjb25kIC1HVCA2MjUpIHsgDQogICAgICAgICAgICANCiAgICAgICAgICAgICRMb2dTdGF0c0FuZEluZm8gKz0g""},{""@Name"":""param2"",""#text"":""%%1053""}],""Binary"":""73-00-65-00-67-00-36-00-32-00-00-00""}}"
188,9495,2021-11-03 08:16:45.4417104,7045,Info,Service Control Manager,System,484,2972,FS03.offsec.lan,1,S-1-5-21-4230534742-2542757381-3142984815-1111,A new service was installed in the system,,,Name: IlN1Z2dlc3RlZCBQcm9maWxlOiBIaWdoIEV2ZW50IFJhdGUgU2VydmVyICgyNTEtNjI1KSBFUFMiDQogICAgICAgICAgICAjJExvZ1N0YXRzQW5kSW5mbyArPSAiTk9URTogTG9nIEV2ZW50IFJhdG,StartType: demand start,Account: LocalSystem,,,,"c:\windows\system32\cmd.exe /c powershell -command ""Get-Service ""seg63"" | select -Expand DisplayName |out-file -append tmp_payload.txt""",False,"EVTX-to-MITRE-Attack\TA0002-Execution\T1569.002-Service execution\ID7000,7009,7045-Payload deployed via service - Tchopper.evtx","Audit success, classic",0,"{""EventData"":{""Data"":[{""@Name"":""ServiceName"",""#text"":""IlN1Z2dlc3RlZCBQcm9maWxlOiBIaWdoIEV2ZW50IFJhdGUgU2VydmVyICgyNTEtNjI1KSBFUFMiDQogICAgICAgICAgICAjJExvZ1N0YXRzQW5kSW5mbyArPSAiTk9URTogTG9nIEV2ZW50IFJhdG""},{""@Name"":""ImagePath"",""#text"":""c:\\windows\\system32\\cmd.exe /c powershell -command \""Get-Service \""seg63\"" | select -Expand DisplayName |out-file -append tmp_payload.txt\""""},{""@Name"":""ServiceType"",""#text"":""user mode service""},{""@Name"":""StartType"",""#text"":""demand start""},{""@Name"":""AccountName"",""#text"":""LocalSystem""}]}}"
189,9496,2021-11-03 08:16:45.8167160,7009,Error,Service Control Manager,System,484,2972,FS03.offsec.lan,1,,,,,,,,,,,,False,"EVTX-to-MITRE-Attack\TA0002-Execution\T1569.002-Service execution\ID7000,7009,7045-Payload deployed via service - Tchopper.evtx","Audit success, classic",0,"{""EventData"":{""Data"":[{""@Name"":""param1"",""#text"":""30000""},{""@Name"":""param2"",""#text"":""IlN1Z2dlc3RlZCBQcm9maWxlOiBIaWdoIEV2ZW50IFJhdGUgU2VydmVyICgyNTEtNjI1KSBFUFMiDQogICAgICAgICAgICAjJExvZ1N0YXRzQW5kSW5mbyArPSAiTk9URTogTG9nIEV2ZW50IFJhdG""}],""Binary"":""73-00-65-00-67-00-36-00-33-00-00-00""}}"
190,9497,2021-11-03 08:16:45.8167160,7000,Error,Service Control Manager,System,484,2972,FS03.offsec.lan,1,,,,,,,,,,,,False,"EVTX-to-MITRE-Attack\TA0002-Execution\T1569.002-Service execution\ID7000,7009,7045-Payload deployed via service - Tchopper.evtx","Audit success, classic",0,"{""EventData"":{""Data"":[{""@Name"":""param1"",""#text"":""IlN1Z2dlc3RlZCBQcm9maWxlOiBIaWdoIEV2ZW50IFJhdGUgU2VydmVyICgyNTEtNjI1KSBFUFMiDQogICAgICAgICAgICAjJExvZ1N0YXRzQW5kSW5mbyArPSAiTk9URTogTG9nIEV2ZW50IFJhdG""},{""@Name"":""param2"",""#text"":""%%1053""}],""Binary"":""73-00-65-00-67-00-36-00-33-00-00-00""}}"
191,9498,2021-11-03 08:16:46.9133575,7045,Info,Service Control Manager,System,484,2972,FS03.offsec.lan,1,S-1-5-21-4230534742-2542757381-3142984815-1111,A new service was installed in the system,,,Name: UgSGlnaGVyIFRoZW4gUHJvZmlsZSBSYW5nZWBuIiANCiAgICAgICAgICAgICANCiAgICAgICAgIH0NCiAgICAgICAgIA0KICAgICAgICAgIy0gSGlnaCBFdmVudCBSYXRlIFNlcnZlciAxMjUwLTE4,StartType: demand start,Account: LocalSystem,,,,"c:\windows\system32\cmd.exe /c powershell -command ""Get-Service ""seg64"" | select -Expand DisplayName |out-file -append tmp_payload.txt""",False,"EVTX-to-MITRE-Attack\TA0002-Execution\T1569.002-Service execution\ID7000,7009,7045-Payload deployed via service - Tchopper.evtx","Audit success, classic",0,"{""EventData"":{""Data"":[{""@Name"":""ServiceName"",""#text"":""UgSGlnaGVyIFRoZW4gUHJvZmlsZSBSYW5nZWBuIiANCiAgICAgICAgICAgICANCiAgICAgICAgIH0NCiAgICAgICAgIA0KICAgICAgICAgIy0gSGlnaCBFdmVudCBSYXRlIFNlcnZlciAxMjUwLTE4""},{""@Name"":""ImagePath"",""#text"":""c:\\windows\\system32\\cmd.exe /c powershell -command \""Get-Service \""seg64\"" | select -Expand DisplayName |out-file -append tmp_payload.txt\""""},{""@Name"":""ServiceType"",""#text"":""user mode service""},{""@Name"":""StartType"",""#text"":""demand start""},{""@Name"":""AccountName"",""#text"":""LocalSystem""}]}}"
192,9499,2021-11-03 08:16:47.2893789,7009,Error,Service Control Manager,System,484,2972,FS03.offsec.lan,1,,,,,,,,,,,,False,"EVTX-to-MITRE-Attack\TA0002-Execution\T1569.002-Service execution\ID7000,7009,7045-Payload deployed via service - Tchopper.evtx","Audit success, classic",0,"{""EventData"":{""Data"":[{""@Name"":""param1"",""#text"":""30000""},{""@Name"":""param2"",""#text"":""UgSGlnaGVyIFRoZW4gUHJvZmlsZSBSYW5nZWBuIiANCiAgICAgICAgICAgICANCiAgICAgICAgIH0NCiAgICAgICAgIA0KICAgICAgICAgIy0gSGlnaCBFdmVudCBSYXRlIFNlcnZlciAxMjUwLTE4""}],""Binary"":""73-00-65-00-67-00-36-00-34-00-00-00""}}"
193,9500,2021-11-03 08:16:47.2893789,7000,Error,Service Control Manager,System,484,2972,FS03.offsec.lan,1,,,,,,,,,,,,False,"EVTX-to-MITRE-Attack\TA0002-Execution\T1569.002-Service execution\ID7000,7009,7045-Payload deployed via service - Tchopper.evtx","Audit success, classic",0,"{""EventData"":{""Data"":[{""@Name"":""param1"",""#text"":""UgSGlnaGVyIFRoZW4gUHJvZmlsZSBSYW5nZWBuIiANCiAgICAgICAgICAgICANCiAgICAgICAgIH0NCiAgICAgICAgIA0KICAgICAgICAgIy0gSGlnaCBFdmVudCBSYXRlIFNlcnZlciAxMjUwLTE4""},{""@Name"":""param2"",""#text"":""%%1053""}],""Binary"":""73-00-65-00-67-00-36-00-34-00-00-00""}}"
194,9501,2021-11-03 08:16:48.3607202,7045,Info,Service Control Manager,System,484,2972,FS03.offsec.lan,2,S-1-5-21-4230534742-2542757381-3142984815-1111,A new service was installed in the system,,,Name: NzUgKDQxNi02MjUpDQogICAgICAgICBFbHNlSWYgICgkQXZnRXZlbnRzUGVyU2Vjb25kIC1HRSAyNTApIHsgDQogICAgICAgICANCiAgICAgICAgICAgICRMb2dTdGF0c0FuZEluZm8gKz0gIkhpZ2,StartType: demand start,Account: LocalSystem,,,,"c:\windows\system32\cmd.exe /c powershell -command ""Get-Service ""seg65"" | select -Expand DisplayName |out-file -append tmp_payload.txt""",False,"EVTX-to-MITRE-Attack\TA0002-Execution\T1569.002-Service execution\ID7000,7009,7045-Payload deployed via service - Tchopper.evtx","Audit success, classic",0,"{""EventData"":{""Data"":[{""@Name"":""ServiceName"",""#text"":""NzUgKDQxNi02MjUpDQogICAgICAgICBFbHNlSWYgICgkQXZnRXZlbnRzUGVyU2Vjb25kIC1HRSAyNTApIHsgDQogICAgICAgICANCiAgICAgICAgICAgICRMb2dTdGF0c0FuZEluZm8gKz0gIkhpZ2""},{""@Name"":""ImagePath"",""#text"":""c:\\windows\\system32\\cmd.exe /c powershell -command \""Get-Service \""seg65\"" | select -Expand DisplayName |out-file -append tmp_payload.txt\""""},{""@Name"":""ServiceType"",""#text"":""user mode service""},{""@Name"":""StartType"",""#text"":""demand start""},{""@Name"":""AccountName"",""#text"":""LocalSystem""}]}}"
195,9502,2021-11-03 08:16:48.7441873,7009,Error,Service Control Manager,System,484,2972,FS03.offsec.lan,2,,,,,,,,,,,,False,"EVTX-to-MITRE-Attack\TA0002-Execution\T1569.002-Service execution\ID7000,7009,7045-Payload deployed via service - Tchopper.evtx","Audit success, classic",0,"{""EventData"":{""Data"":[{""@Name"":""param1"",""#text"":""30000""},{""@Name"":""param2"",""#text"":""NzUgKDQxNi02MjUpDQogICAgICAgICBFbHNlSWYgICgkQXZnRXZlbnRzUGVyU2Vjb25kIC1HRSAyNTApIHsgDQogICAgICAgICANCiAgICAgICAgICAgICRMb2dTdGF0c0FuZEluZm8gKz0gIkhpZ2""}],""Binary"":""73-00-65-00-67-00-36-00-35-00-00-00""}}"
196,9503,2021-11-03 08:16:48.7441873,7000,Error,Service Control Manager,System,484,2972,FS03.offsec.lan,2,,,,,,,,,,,,False,"EVTX-to-MITRE-Attack\TA0002-Execution\T1569.002-Service execution\ID7000,7009,7045-Payload deployed via service - Tchopper.evtx","Audit success, classic",0,"{""EventData"":{""Data"":[{""@Name"":""param1"",""#text"":""NzUgKDQxNi02MjUpDQogICAgICAgICBFbHNlSWYgICgkQXZnRXZlbnRzUGVyU2Vjb25kIC1HRSAyNTApIHsgDQogICAgICAgICANCiAgICAgICAgICAgICRMb2dTdGF0c0FuZEluZm8gKz0gIkhpZ2""},{""@Name"":""param2"",""#text"":""%%1053""}],""Binary"":""73-00-65-00-67-00-36-00-35-00-00-00""}}"
197,9504,2021-11-03 08:16:49.8066845,7045,Info,Service Control Manager,System,484,2972,FS03.offsec.lan,2,S-1-5-21-4230534742-2542757381-3142984815-1111,A new service was installed in the system,,,Name: ggRXZlbnQgUmF0ZSBTZXJ2ZXIgKDI1MS02MjUpIEVQUyINCiAgICAgICAgIH0NCiAgICAgICAgIA0KICAgICAgICAgIy0gVHlwaWNhbCBTZXJ2ZXIgNTAwLTc1MCAoMTY2LTI1MCkNCiAgICAgICAg,StartType: demand start,Account: LocalSystem,,,,"c:\windows\system32\cmd.exe /c powershell -command ""Get-Service ""seg66"" | select -Expand DisplayName |out-file -append tmp_payload.txt""",False,"EVTX-to-MITRE-Attack\TA0002-Execution\T1569.002-Service execution\ID7000,7009,7045-Payload deployed via service - Tchopper.evtx","Audit success, classic",0,"{""EventData"":{""Data"":[{""@Name"":""ServiceName"",""#text"":""ggRXZlbnQgUmF0ZSBTZXJ2ZXIgKDI1MS02MjUpIEVQUyINCiAgICAgICAgIH0NCiAgICAgICAgIA0KICAgICAgICAgIy0gVHlwaWNhbCBTZXJ2ZXIgNTAwLTc1MCAoMTY2LTI1MCkNCiAgICAgICAg""},{""@Name"":""ImagePath"",""#text"":""c:\\windows\\system32\\cmd.exe /c powershell -command \""Get-Service \""seg66\"" | select -Expand DisplayName |out-file -append tmp_payload.txt\""""},{""@Name"":""ServiceType"",""#text"":""user mode service""},{""@Name"":""StartType"",""#text"":""demand start""},{""@Name"":""AccountName"",""#text"":""LocalSystem""}]}}"
198,9505,2021-11-03 08:16:50.1903651,7009,Error,Service Control Manager,System,484,2972,FS03.offsec.lan,2,,,,,,,,,,,,False,"EVTX-to-MITRE-Attack\TA0002-Execution\T1569.002-Service execution\ID7000,7009,7045-Payload deployed via service - Tchopper.evtx","Audit success, classic",528,"{""EventData"":{""Data"":[{""@Name"":""param1"",""#text"":""30000""},{""@Name"":""param2"",""#text"":""ggRXZlbnQgUmF0ZSBTZXJ2ZXIgKDI1MS02MjUpIEVQUyINCiAgICAgICAgIH0NCiAgICAgICAgIA0KICAgICAgICAgIy0gVHlwaWNhbCBTZXJ2ZXIgNTAwLTc1MCAoMTY2LTI1MCkNCiAgICAgICAg""}],""Binary"":""73-00-65-00-67-00-36-00-36-00-00-00""}}"
199,9506,2021-11-03 08:16:50.1903651,7000,Error,Service Control Manager,System,484,2972,FS03.offsec.lan,2,,,,,,,,,,,,False,"EVTX-to-MITRE-Attack\TA0002-Execution\T1569.002-Service execution\ID7000,7009,7045-Payload deployed via service - Tchopper.evtx","Audit success, classic",528,"{""EventData"":{""Data"":[{""@Name"":""param1"",""#text"":""ggRXZlbnQgUmF0ZSBTZXJ2ZXIgKDI1MS02MjUpIEVQUyINCiAgICAgICAgIH0NCiAgICAgICAgIA0KICAgICAgICAgIy0gVHlwaWNhbCBTZXJ2ZXIgNTAwLTc1MCAoMTY2LTI1MCkNCiAgICAgICAg""},{""@Name"":""param2"",""#text"":""%%1053""}],""Binary"":""73-00-65-00-67-00-36-00-36-00-00-00""}}"
200,9507,2021-11-03 08:16:51.2694172,7045,Info,Service Control Manager,System,484,2972,FS03.offsec.lan,2,S-1-5-21-4230534742-2542757381-3142984815-1111,A new service was installed in the system,,,Name: IEVsc2VJZiAgKCRBdmdFdmVudHNQZXJTZWNvbmQgLUdFIDUwKSB7IA0KICAgICAgICAgIA0KICAgICAgICAgICAgJExvZ1N0YXRzQW5kSW5mbyArPSAiVHlwaWNhbCBTZXJ2ZXIgKDUxLTI1MCkgRV,StartType: demand start,Account: LocalSystem,,,,"c:\windows\system32\cmd.exe /c powershell -command ""Get-Service ""seg67"" | select -Expand DisplayName |out-file -append tmp_payload.txt""",False,"EVTX-to-MITRE-Attack\TA0002-Execution\T1569.002-Service execution\ID7000,7009,7045-Payload deployed via service - Tchopper.evtx","Audit success, classic",0,"{""EventData"":{""Data"":[{""@Name"":""ServiceName"",""#text"":""IEVsc2VJZiAgKCRBdmdFdmVudHNQZXJTZWNvbmQgLUdFIDUwKSB7IA0KICAgICAgICAgIA0KICAgICAgICAgICAgJExvZ1N0YXRzQW5kSW5mbyArPSAiVHlwaWNhbCBTZXJ2ZXIgKDUxLTI1MCkgRV""},{""@Name"":""ImagePath"",""#text"":""c:\\windows\\system32\\cmd.exe /c powershell -command \""Get-Service \""seg67\"" | select -Expand DisplayName |out-file -append tmp_payload.txt\""""},{""@Name"":""ServiceType"",""#text"":""user mode service""},{""@Name"":""StartType"",""#text"":""demand start""},{""@Name"":""AccountName"",""#text"":""LocalSystem""}]}}"
201,9508,2021-11-03 08:16:51.6288106,7009,Error,Service Control Manager,System,484,2972,FS03.offsec.lan,2,,,,,,,,,,,,False,"EVTX-to-MITRE-Attack\TA0002-Execution\T1569.002-Service execution\ID7000,7009,7045-Payload deployed via service - Tchopper.evtx","Audit success, classic",0,"{""EventData"":{""Data"":[{""@Name"":""param1"",""#text"":""30000""},{""@Name"":""param2"",""#text"":""IEVsc2VJZiAgKCRBdmdFdmVudHNQZXJTZWNvbmQgLUdFIDUwKSB7IA0KICAgICAgICAgIA0KICAgICAgICAgICAgJExvZ1N0YXRzQW5kSW5mbyArPSAiVHlwaWNhbCBTZXJ2ZXIgKDUxLTI1MCkgRV""}],""Binary"":""73-00-65-00-67-00-36-00-37-00-00-00""}}"
202,9509,2021-11-03 08:16:51.6288106,7000,Error,Service Control Manager,System,484,2972,FS03.offsec.lan,2,,,,,,,,,,,,False,"EVTX-to-MITRE-Attack\TA0002-Execution\T1569.002-Service execution\ID7000,7009,7045-Payload deployed via service - Tchopper.evtx","Audit success, classic",0,"{""EventData"":{""Data"":[{""@Name"":""param1"",""#text"":""IEVsc2VJZiAgKCRBdmdFdmVudHNQZXJTZWNvbmQgLUdFIDUwKSB7IA0KICAgICAgICAgIA0KICAgICAgICAgICAgJExvZ1N0YXRzQW5kSW5mbyArPSAiVHlwaWNhbCBTZXJ2ZXIgKDUxLTI1MCkgRV""},{""@Name"":""param2"",""#text"":""%%1053""}],""Binary"":""73-00-65-00-67-00-36-00-37-00-00-00""}}"
203,9510,2021-11-03 08:16:52.7168079,7045,Info,Service Control Manager,System,484,2972,FS03.offsec.lan,2,S-1-5-21-4230534742-2542757381-3142984815-1111,A new service was installed in the system,,,Name: BTIg0KICAgICAgICAgfQ0KICAgICAgICAgDQogICAgICAgICAjLSBEZWZhdWx0IChFbmRwb2ludCkgMTAwLTE1MCAoMzMtNTApDQogICAgICAgICBFbHNlSWYgICgkQXZnRXZlbnRzUGVyU2Vjb25k,StartType: demand start,Account: LocalSystem,,,,"c:\windows\system32\cmd.exe /c powershell -command ""Get-Service ""seg68"" | select -Expand DisplayName |out-file -append tmp_payload.txt""",False,"EVTX-to-MITRE-Attack\TA0002-Execution\T1569.002-Service execution\ID7000,7009,7045-Payload deployed via service - Tchopper.evtx","Audit success, classic",0,"{""EventData"":{""Data"":[{""@Name"":""ServiceName"",""#text"":""BTIg0KICAgICAgICAgfQ0KICAgICAgICAgDQogICAgICAgICAjLSBEZWZhdWx0IChFbmRwb2ludCkgMTAwLTE1MCAoMzMtNTApDQogICAgICAgICBFbHNlSWYgICgkQXZnRXZlbnRzUGVyU2Vjb25k""},{""@Name"":""ImagePath"",""#text"":""c:\\windows\\system32\\cmd.exe /c powershell -command \""Get-Service \""seg68\"" | select -Expand DisplayName |out-file -append tmp_payload.txt\""""},{""@Name"":""ServiceType"",""#text"":""user mode service""},{""@Name"":""StartType"",""#text"":""demand start""},{""@Name"":""AccountName"",""#text"":""LocalSystem""}]}}"
204,9511,2021-11-03 08:16:53.0918065,7009,Error,Service Control Manager,System,484,2972,FS03.offsec.lan,2,,,,,,,,,,,,False,"EVTX-to-MITRE-Attack\TA0002-Execution\T1569.002-Service execution\ID7000,7009,7045-Payload deployed via service - Tchopper.evtx","Audit success, classic",0,"{""EventData"":{""Data"":[{""@Name"":""param1"",""#text"":""30000""},{""@Name"":""param2"",""#text"":""BTIg0KICAgICAgICAgfQ0KICAgICAgICAgDQogICAgICAgICAjLSBEZWZhdWx0IChFbmRwb2ludCkgMTAwLTE1MCAoMzMtNTApDQogICAgICAgICBFbHNlSWYgICgkQXZnRXZlbnRzUGVyU2Vjb25k""}],""Binary"":""73-00-65-00-67-00-36-00-38-00-00-00""}}"
205,9512,2021-11-03 08:16:53.0918065,7000,Error,Service Control Manager,System,484,2972,FS03.offsec.lan,2,,,,,,,,,,,,False,"EVTX-to-MITRE-Attack\TA0002-Execution\T1569.002-Service execution\ID7000,7009,7045-Payload deployed via service - Tchopper.evtx","Audit success, classic",0,"{""EventData"":{""Data"":[{""@Name"":""param1"",""#text"":""BTIg0KICAgICAgICAgfQ0KICAgICAgICAgDQogICAgICAgICAjLSBEZWZhdWx0IChFbmRwb2ludCkgMTAwLTE1MCAoMzMtNTApDQogICAgICAgICBFbHNlSWYgICgkQXZnRXZlbnRzUGVyU2Vjb25k""},{""@Name"":""param2"",""#text"":""%%1053""}],""Binary"":""73-00-65-00-67-00-36-00-38-00-00-00""}}"
206,9513,2021-11-03 08:16:54.1701857,7045,Info,Service Control Manager,System,484,2972,FS03.offsec.lan,2,S-1-5-21-4230534742-2542757381-3142984815-1111,A new service was installed in the system,,,Name: IC1HRSAwKSB7IA0KDQogICAgICAgICAgICAkTG9nU3RhdHNBbmRJbmZvICs9ICJXaW5Db2xsZWN0IERlZmF1bHQgKEVuZHBvaW50KSAoMC01MCkgRVBTIg0KICAgICAgICAgfQ0KICAgICAgICAgDQ,StartType: demand start,Account: LocalSystem,,,,"c:\windows\system32\cmd.exe /c powershell -command ""Get-Service ""seg69"" | select -Expand DisplayName |out-file -append tmp_payload.txt""",False,"EVTX-to-MITRE-Attack\TA0002-Execution\T1569.002-Service execution\ID7000,7009,7045-Payload deployed via service - Tchopper.evtx","Audit success, classic",0,"{""EventData"":{""Data"":[{""@Name"":""ServiceName"",""#text"":""IC1HRSAwKSB7IA0KDQogICAgICAgICAgICAkTG9nU3RhdHNBbmRJbmZvICs9ICJXaW5Db2xsZWN0IERlZmF1bHQgKEVuZHBvaW50KSAoMC01MCkgRVBTIg0KICAgICAgICAgfQ0KICAgICAgICAgDQ""},{""@Name"":""ImagePath"",""#text"":""c:\\windows\\system32\\cmd.exe /c powershell -command \""Get-Service \""seg69\"" | select -Expand DisplayName |out-file -append tmp_payload.txt\""""},{""@Name"":""ServiceType"",""#text"":""user mode service""},{""@Name"":""StartType"",""#text"":""demand start""},{""@Name"":""AccountName"",""#text"":""LocalSystem""}]}}"
207,9514,2021-11-03 08:16:54.5295889,7009,Error,Service Control Manager,System,484,2972,FS03.offsec.lan,2,,,,,,,,,,,,False,"EVTX-to-MITRE-Attack\TA0002-Execution\T1569.002-Service execution\ID7000,7009,7045-Payload deployed via service - Tchopper.evtx","Audit success, classic",0,"{""EventData"":{""Data"":[{""@Name"":""param1"",""#text"":""30000""},{""@Name"":""param2"",""#text"":""IC1HRSAwKSB7IA0KDQogICAgICAgICAgICAkTG9nU3RhdHNBbmRJbmZvICs9ICJXaW5Db2xsZWN0IERlZmF1bHQgKEVuZHBvaW50KSAoMC01MCkgRVBTIg0KICAgICAgICAgfQ0KICAgICAgICAgDQ""}],""Binary"":""73-00-65-00-67-00-36-00-39-00-00-00""}}"
208,9515,2021-11-03 08:16:54.5295889,7000,Error,Service Control Manager,System,484,2972,FS03.offsec.lan,2,,,,,,,,,,,,False,"EVTX-to-MITRE-Attack\TA0002-Execution\T1569.002-Service execution\ID7000,7009,7045-Payload deployed via service - Tchopper.evtx","Audit success, classic",0,"{""EventData"":{""Data"":[{""@Name"":""param1"",""#text"":""IC1HRSAwKSB7IA0KDQogICAgICAgICAgICAkTG9nU3RhdHNBbmRJbmZvICs9ICJXaW5Db2xsZWN0IERlZmF1bHQgKEVuZHBvaW50KSAoMC01MCkgRVBTIg0KICAgICAgICAgfQ0KICAgICAgICAgDQ""},{""@Name"":""param2"",""#text"":""%%1053""}],""Binary"":""73-00-65-00-67-00-36-00-39-00-00-00""}}"
209,9516,2021-11-03 08:16:55.6049354,7045,Info,Service Control Manager,System,484,2972,FS03.offsec.lan,2,S-1-5-21-4230534742-2542757381-3142984815-1111,A new service was installed in the system,,,Name: ogICAgICAgICAjIE5lZ2l0aXZlIG9yIHVucmVhZGJsZSBhbmQgY2FudCBiZSBkZXRlcm1pbmVkIA0KICAgICAgICAgRWxzZSB7DQogICAgICAgICANCiAgICAgICAgICAgIFdyaXRlLUxvZyAkRVJS,StartType: demand start,Account: LocalSystem,,,,"c:\windows\system32\cmd.exe /c powershell -command ""Get-Service ""seg70"" | select -Expand DisplayName |out-file -append tmp_payload.txt""",False,"EVTX-to-MITRE-Attack\TA0002-Execution\T1569.002-Service execution\ID7000,7009,7045-Payload deployed via service - Tchopper.evtx","Audit success, classic",0,"{""EventData"":{""Data"":[{""@Name"":""ServiceName"",""#text"":""ogICAgICAgICAjIE5lZ2l0aXZlIG9yIHVucmVhZGJsZSBhbmQgY2FudCBiZSBkZXRlcm1pbmVkIA0KICAgICAgICAgRWxzZSB7DQogICAgICAgICANCiAgICAgICAgICAgIFdyaXRlLUxvZyAkRVJS""},{""@Name"":""ImagePath"",""#text"":""c:\\windows\\system32\\cmd.exe /c powershell -command \""Get-Service \""seg70\"" | select -Expand DisplayName |out-file -append tmp_payload.txt\""""},{""@Name"":""ServiceType"",""#text"":""user mode service""},{""@Name"":""StartType"",""#text"":""demand start""},{""@Name"":""AccountName"",""#text"":""LocalSystem""}]}}"
210,9517,2021-11-03 08:16:55.9799279,7009,Error,Service Control Manager,System,484,2972,FS03.offsec.lan,2,,,,,,,,,,,,False,"EVTX-to-MITRE-Attack\TA0002-Execution\T1569.002-Service execution\ID7000,7009,7045-Payload deployed via service - Tchopper.evtx","Audit success, classic",0,"{""EventData"":{""Data"":[{""@Name"":""param1"",""#text"":""30000""},{""@Name"":""param2"",""#text"":""ogICAgICAgICAjIE5lZ2l0aXZlIG9yIHVucmVhZGJsZSBhbmQgY2FudCBiZSBkZXRlcm1pbmVkIA0KICAgICAgICAgRWxzZSB7DQogICAgICAgICANCiAgICAgICAgICAgIFdyaXRlLUxvZyAkRVJS""}],""Binary"":""73-00-65-00-67-00-37-00-30-00-00-00""}}"
211,9518,2021-11-03 08:16:55.9799279,7000,Error,Service Control Manager,System,484,2972,FS03.offsec.lan,2,,,,,,,,,,,,False,"EVTX-to-MITRE-Attack\TA0002-Execution\T1569.002-Service execution\ID7000,7009,7045-Payload deployed via service - Tchopper.evtx","Audit success, classic",0,"{""EventData"":{""Data"":[{""@Name"":""param1"",""#text"":""ogICAgICAgICAjIE5lZ2l0aXZlIG9yIHVucmVhZGJsZSBhbmQgY2FudCBiZSBkZXRlcm1pbmVkIA0KICAgICAgICAgRWxzZSB7DQogICAgICAgICANCiAgICAgICAgICAgIFdyaXRlLUxvZyAkRVJS""},{""@Name"":""param2"",""#text"":""%%1053""}],""Binary"":""73-00-65-00-67-00-37-00-30-00-00-00""}}"
212,9519,2021-11-03 08:16:57.0532716,7045,Info,Service Control Manager,System,484,2972,FS03.offsec.lan,2,S-1-5-21-4230534742-2542757381-3142984815-1111,A new service was installed in the system,,,Name: T1JfTE9HICJVbmFibGUgdG8gU3VnZ2VzdCBQcm9maWxlIg0KICAgICAgICAgICAgDQogICAgICAgICAgICBleGl0DQogICAgICAgICB9ICAgICAgICANCiANCiAgICAgICAgIA0KICAgICAgICAgJE,StartType: demand start,Account: LocalSystem,,,,"c:\windows\system32\cmd.exe /c powershell -command ""Get-Service ""seg71"" | select -Expand DisplayName |out-file -append tmp_payload.txt""",False,"EVTX-to-MITRE-Attack\TA0002-Execution\T1569.002-Service execution\ID7000,7009,7045-Payload deployed via service - Tchopper.evtx","Audit success, classic",0,"{""EventData"":{""Data"":[{""@Name"":""ServiceName"",""#text"":""T1JfTE9HICJVbmFibGUgdG8gU3VnZ2VzdCBQcm9maWxlIg0KICAgICAgICAgICAgDQogICAgICAgICAgICBleGl0DQogICAgICAgICB9ICAgICAgICANCiANCiAgICAgICAgIA0KICAgICAgICAgJE""},{""@Name"":""ImagePath"",""#text"":""c:\\windows\\system32\\cmd.exe /c powershell -command \""Get-Service \""seg71\"" | select -Expand DisplayName |out-file -append tmp_payload.txt\""""},{""@Name"":""ServiceType"",""#text"":""user mode service""},{""@Name"":""StartType"",""#text"":""demand start""},{""@Name"":""AccountName"",""#text"":""LocalSystem""}]}}"
213,9520,2021-11-03 08:16:57.4439122,7009,Error,Service Control Manager,System,484,2972,FS03.offsec.lan,2,,,,,,,,,,,,False,"EVTX-to-MITRE-Attack\TA0002-Execution\T1569.002-Service execution\ID7000,7009,7045-Payload deployed via service - Tchopper.evtx","Audit success, classic",0,"{""EventData"":{""Data"":[{""@Name"":""param1"",""#text"":""30000""},{""@Name"":""param2"",""#text"":""T1JfTE9HICJVbmFibGUgdG8gU3VnZ2VzdCBQcm9maWxlIg0KICAgICAgICAgICAgDQogICAgICAgICAgICBleGl0DQogICAgICAgICB9ICAgICAgICANCiANCiAgICAgICAgIA0KICAgICAgICAgJE""}],""Binary"":""73-00-65-00-67-00-37-00-31-00-00-00""}}"
214,9521,2021-11-03 08:16:57.4439122,7000,Error,Service Control Manager,System,484,2972,FS03.offsec.lan,2,,,,,,,,,,,,False,"EVTX-to-MITRE-Attack\TA0002-Execution\T1569.002-Service execution\ID7000,7009,7045-Payload deployed via service - Tchopper.evtx","Audit success, classic",0,"{""EventData"":{""Data"":[{""@Name"":""param1"",""#text"":""T1JfTE9HICJVbmFibGUgdG8gU3VnZ2VzdCBQcm9maWxlIg0KICAgICAgICAgICAgDQogICAgICAgICAgICBleGl0DQogICAgICAgICB9ICAgICAgICANCiANCiAgICAgICAgIA0KICAgICAgICAgJE""},{""@Name"":""param2"",""#text"":""%%1053""}],""Binary"":""73-00-65-00-67-00-37-00-31-00-00-00""}}"
215,9522,2021-11-03 08:16:58.5147568,7045,Info,Service Control Manager,System,484,2972,FS03.offsec.lan,2,S-1-5-21-4230534742-2542757381-3142984815-1111,A new service was installed in the system,,,Name: xvZ1N0YXRzQW5kSW5mbw0KDQogICAgDQogICAgfQ0KDQogICAgY2F0Y2ggew0KDQogICAgICAgIFdyaXRlLUxvZyAkRVJST1JfTE9HICJVbmFibGUgdG8gZ2V0IHByb2ZpbGUgc3VnZ2VzdGlvbiIN,StartType: demand start,Account: LocalSystem,,,,"c:\windows\system32\cmd.exe /c powershell -command ""Get-Service ""seg72"" | select -Expand DisplayName |out-file -append tmp_payload.txt""",False,"EVTX-to-MITRE-Attack\TA0002-Execution\T1569.002-Service execution\ID7000,7009,7045-Payload deployed via service - Tchopper.evtx","Audit success, classic",0,"{""EventData"":{""Data"":[{""@Name"":""ServiceName"",""#text"":""xvZ1N0YXRzQW5kSW5mbw0KDQogICAgDQogICAgfQ0KDQogICAgY2F0Y2ggew0KDQogICAgICAgIFdyaXRlLUxvZyAkRVJST1JfTE9HICJVbmFibGUgdG8gZ2V0IHByb2ZpbGUgc3VnZ2VzdGlvbiIN""},{""@Name"":""ImagePath"",""#text"":""c:\\windows\\system32\\cmd.exe /c powershell -command \""Get-Service \""seg72\"" | select -Expand DisplayName |out-file -append tmp_payload.txt\""""},{""@Name"":""ServiceType"",""#text"":""user mode service""},{""@Name"":""StartType"",""#text"":""demand start""},{""@Name"":""AccountName"",""#text"":""LocalSystem""}]}}"
216,9523,2021-11-03 08:16:58.9053545,7009,Error,Service Control Manager,System,484,2972,FS03.offsec.lan,2,,,,,,,,,,,,False,"EVTX-to-MITRE-Attack\TA0002-Execution\T1569.002-Service execution\ID7000,7009,7045-Payload deployed via service - Tchopper.evtx","Audit success, classic",0,"{""EventData"":{""Data"":[{""@Name"":""param1"",""#text"":""30000""},{""@Name"":""param2"",""#text"":""xvZ1N0YXRzQW5kSW5mbw0KDQogICAgDQogICAgfQ0KDQogICAgY2F0Y2ggew0KDQogICAgICAgIFdyaXRlLUxvZyAkRVJST1JfTE9HICJVbmFibGUgdG8gZ2V0IHByb2ZpbGUgc3VnZ2VzdGlvbiIN""}],""Binary"":""73-00-65-00-67-00-37-00-32-00-00-00""}}"
217,9524,2021-11-03 08:16:58.9053545,7000,Error,Service Control Manager,System,484,2972,FS03.offsec.lan,2,,,,,,,,,,,,False,"EVTX-to-MITRE-Attack\TA0002-Execution\T1569.002-Service execution\ID7000,7009,7045-Payload deployed via service - Tchopper.evtx","Audit success, classic",0,"{""EventData"":{""Data"":[{""@Name"":""param1"",""#text"":""xvZ1N0YXRzQW5kSW5mbw0KDQogICAgDQogICAgfQ0KDQogICAgY2F0Y2ggew0KDQogICAgICAgIFdyaXRlLUxvZyAkRVJST1JfTE9HICJVbmFibGUgdG8gZ2V0IHByb2ZpbGUgc3VnZ2VzdGlvbiIN""},{""@Name"":""param2"",""#text"":""%%1053""}],""Binary"":""73-00-65-00-67-00-37-00-32-00-00-00""}}"
218,9525,2021-11-03 08:16:59.9756403,7045,Info,Service Control Manager,System,484,2972,FS03.offsec.lan,2,S-1-5-21-4230534742-2542757381-3142984815-1111,A new service was installed in the system,,,Name: Cg0KICAgICAgICBXcml0ZS1Mb2cgJEVSUk9SX0xPRyAkRXJyb3JbMF0NCg0KICAgICAgICAkRXJyb3JMaW5lTnVtYmVyID0gJEVycm9yWzBdLkludm9jYXRpb25JbmZvLnNjcmlwdGxpbmVudW1iZX,StartType: demand start,Account: LocalSystem,,,,"c:\windows\system32\cmd.exe /c powershell -command ""Get-Service ""seg73"" | select -Expand DisplayName |out-file -append tmp_payload.txt""",False,"EVTX-to-MITRE-Attack\TA0002-Execution\T1569.002-Service execution\ID7000,7009,7045-Payload deployed via service - Tchopper.evtx","Audit success, classic",0,"{""EventData"":{""Data"":[{""@Name"":""ServiceName"",""#text"":""Cg0KICAgICAgICBXcml0ZS1Mb2cgJEVSUk9SX0xPRyAkRXJyb3JbMF0NCg0KICAgICAgICAkRXJyb3JMaW5lTnVtYmVyID0gJEVycm9yWzBdLkludm9jYXRpb25JbmZvLnNjcmlwdGxpbmVudW1iZX""},{""@Name"":""ImagePath"",""#text"":""c:\\windows\\system32\\cmd.exe /c powershell -command \""Get-Service \""seg73\"" | select -Expand DisplayName |out-file -append tmp_payload.txt\""""},{""@Name"":""ServiceType"",""#text"":""user mode service""},{""@Name"":""StartType"",""#text"":""demand start""},{""@Name"":""AccountName"",""#text"":""LocalSystem""}]}}"
219,9526,2021-11-03 08:17:00.3506403,7009,Error,Service Control Manager,System,484,2972,FS03.offsec.lan,2,,,,,,,,,,,,False,"EVTX-to-MITRE-Attack\TA0002-Execution\T1569.002-Service execution\ID7000,7009,7045-Payload deployed via service - Tchopper.evtx","Audit success, classic",0,"{""EventData"":{""Data"":[{""@Name"":""param1"",""#text"":""30000""},{""@Name"":""param2"",""#text"":""Cg0KICAgICAgICBXcml0ZS1Mb2cgJEVSUk9SX0xPRyAkRXJyb3JbMF0NCg0KICAgICAgICAkRXJyb3JMaW5lTnVtYmVyID0gJEVycm9yWzBdLkludm9jYXRpb25JbmZvLnNjcmlwdGxpbmVudW1iZX""}],""Binary"":""73-00-65-00-67-00-37-00-33-00-00-00""}}"
220,9527,2021-11-03 08:17:00.3506403,7000,Error,Service Control Manager,System,484,2972,FS03.offsec.lan,2,,,,,,,,,,,,False,"EVTX-to-MITRE-Attack\TA0002-Execution\T1569.002-Service execution\ID7000,7009,7045-Payload deployed via service - Tchopper.evtx","Audit success, classic",0,"{""EventData"":{""Data"":[{""@Name"":""param1"",""#text"":""Cg0KICAgICAgICBXcml0ZS1Mb2cgJEVSUk9SX0xPRyAkRXJyb3JbMF0NCg0KICAgICAgICAkRXJyb3JMaW5lTnVtYmVyID0gJEVycm9yWzBdLkludm9jYXRpb25JbmZvLnNjcmlwdGxpbmVudW1iZX""},{""@Name"":""param2"",""#text"":""%%1053""}],""Binary"":""73-00-65-00-67-00-37-00-33-00-00-00""}}"
221,9528,2021-11-03 08:17:01.4288424,7045,Info,Service Control Manager,System,484,2972,FS03.offsec.lan,2,S-1-5-21-4230534742-2542757381-3142984815-1111,A new service was installed in the system,,,Name: INCg0KICAgICAgICBXcml0ZS1Mb2cgJEVSUk9SX0xPRyAiQ2F1Z2h0IG9uIGxpbmUgbnVtYmVyOiAkRXJyb3JMaW5lTnVtYmVyIg0KDQogICAgICAgIGV4aXQNCiAgICB9DQp9DQoNCiMjIyMjIyMj,StartType: demand start,Account: LocalSystem,,,,"c:\windows\system32\cmd.exe /c powershell -command ""Get-Service ""seg74"" | select -Expand DisplayName |out-file -append tmp_payload.txt""",False,"EVTX-to-MITRE-Attack\TA0002-Execution\T1569.002-Service execution\ID7000,7009,7045-Payload deployed via service - Tchopper.evtx","Audit success, classic",0,"{""EventData"":{""Data"":[{""@Name"":""ServiceName"",""#text"":""INCg0KICAgICAgICBXcml0ZS1Mb2cgJEVSUk9SX0xPRyAiQ2F1Z2h0IG9uIGxpbmUgbnVtYmVyOiAkRXJyb3JMaW5lTnVtYmVyIg0KDQogICAgICAgIGV4aXQNCiAgICB9DQp9DQoNCiMjIyMjIyMj""},{""@Name"":""ImagePath"",""#text"":""c:\\windows\\system32\\cmd.exe /c powershell -command \""Get-Service \""seg74\"" | select -Expand DisplayName |out-file -append tmp_payload.txt\""""},{""@Name"":""ServiceType"",""#text"":""user mode service""},{""@Name"":""StartType"",""#text"":""demand start""},{""@Name"":""AccountName"",""#text"":""LocalSystem""}]}}"
222,9529,2021-11-03 08:17:01.8195031,7009,Error,Service Control Manager,System,484,2972,FS03.offsec.lan,2,,,,,,,,,,,,False,"EVTX-to-MITRE-Attack\TA0002-Execution\T1569.002-Service execution\ID7000,7009,7045-Payload deployed via service - Tchopper.evtx","Audit success, classic",0,"{""EventData"":{""Data"":[{""@Name"":""param1"",""#text"":""30000""},{""@Name"":""param2"",""#text"":""INCg0KICAgICAgICBXcml0ZS1Mb2cgJEVSUk9SX0xPRyAiQ2F1Z2h0IG9uIGxpbmUgbnVtYmVyOiAkRXJyb3JMaW5lTnVtYmVyIg0KDQogICAgICAgIGV4aXQNCiAgICB9DQp9DQoNCiMjIyMjIyMj""}],""Binary"":""73-00-65-00-67-00-37-00-34-00-00-00""}}"
223,9530,2021-11-03 08:17:01.8195031,7000,Error,Service Control Manager,System,484,2972,FS03.offsec.lan,2,,,,,,,,,,,,False,"EVTX-to-MITRE-Attack\TA0002-Execution\T1569.002-Service execution\ID7000,7009,7045-Payload deployed via service - Tchopper.evtx","Audit success, classic",0,"{""EventData"":{""Data"":[{""@Name"":""param1"",""#text"":""INCg0KICAgICAgICBXcml0ZS1Mb2cgJEVSUk9SX0xPRyAiQ2F1Z2h0IG9uIGxpbmUgbnVtYmVyOiAkRXJyb3JMaW5lTnVtYmVyIg0KDQogICAgICAgIGV4aXQNCiAgICB9DQp9DQoNCiMjIyMjIyMj""},{""@Name"":""param2"",""#text"":""%%1053""}],""Binary"":""73-00-65-00-67-00-37-00-34-00-00-00""}}"
224,9531,2021-11-03 08:17:02.8920112,7045,Info,Service Control Manager,System,484,2972,FS03.offsec.lan,2,S-1-5-21-4230534742-2542757381-3142984815-1111,A new service was installed in the system,,,Name: IyMjIyMjIyMjIyMjIyMjIyMjIyMjIyMjIyMjIyMjIyMjIyMjIyMjIyMjIyMjIyMjIyMjIyMjIyMjIyMjIyMjIyMjIyMjIyMjIyMjIyMjIyMjIyMjIyMjIyMNCiNGdW5jdGlvbiB3aWxsIHRlc3QgY2,StartType: demand start,Account: LocalSystem,,,,"c:\windows\system32\cmd.exe /c powershell -command ""Get-Service ""seg75"" | select -Expand DisplayName |out-file -append tmp_payload.txt""",False,"EVTX-to-MITRE-Attack\TA0002-Execution\T1569.002-Service execution\ID7000,7009,7045-Payload deployed via service - Tchopper.evtx","Audit success, classic",0,"{""EventData"":{""Data"":[{""@Name"":""ServiceName"",""#text"":""IyMjIyMjIyMjIyMjIyMjIyMjIyMjIyMjIyMjIyMjIyMjIyMjIyMjIyMjIyMjIyMjIyMjIyMjIyMjIyMjIyMjIyMjIyMjIyMjIyMjIyMjIyMjIyMjIyMjIyMNCiNGdW5jdGlvbiB3aWxsIHRlc3QgY2""},{""@Name"":""ImagePath"",""#text"":""c:\\windows\\system32\\cmd.exe /c powershell -command \""Get-Service \""seg75\"" | select -Expand DisplayName |out-file -append tmp_payload.txt\""""},{""@Name"":""ServiceType"",""#text"":""user mode service""},{""@Name"":""StartType"",""#text"":""demand start""},{""@Name"":""AccountName"",""#text"":""LocalSystem""}]}}"
225,9532,2021-11-03 08:17:03.2826257,7009,Error,Service Control Manager,System,484,2972,FS03.offsec.lan,2,,,,,,,,,,,,False,"EVTX-to-MITRE-Attack\TA0002-Execution\T1569.002-Service execution\ID7000,7009,7045-Payload deployed via service - Tchopper.evtx","Audit success, classic",0,"{""EventData"":{""Data"":[{""@Name"":""param1"",""#text"":""30000""},{""@Name"":""param2"",""#text"":""IyMjIyMjIyMjIyMjIyMjIyMjIyMjIyMjIyMjIyMjIyMjIyMjIyMjIyMjIyMjIyMjIyMjIyMjIyMjIyMjIyMjIyMjIyMjIyMjIyMjIyMjIyMjIyMjIyMjIyMNCiNGdW5jdGlvbiB3aWxsIHRlc3QgY2""}],""Binary"":""73-00-65-00-67-00-37-00-35-00-00-00""}}"
226,9533,2021-11-03 08:17:03.2826257,7000,Error,Service Control Manager,System,484,2972,FS03.offsec.lan,2,,,,,,,,,,,,False,"EVTX-to-MITRE-Attack\TA0002-Execution\T1569.002-Service execution\ID7000,7009,7045-Payload deployed via service - Tchopper.evtx","Audit success, classic",0,"{""EventData"":{""Data"":[{""@Name"":""param1"",""#text"":""IyMjIyMjIyMjIyMjIyMjIyMjIyMjIyMjIyMjIyMjIyMjIyMjIyMjIyMjIyMjIyMjIyMjIyMjIyMjIyMjIyMjIyMjIyMjIyMjIyMjIyMjIyMjIyMjIyMjIyMNCiNGdW5jdGlvbiB3aWxsIHRlc3QgY2""},{""@Name"":""param2"",""#text"":""%%1053""}],""Binary"":""73-00-65-00-67-00-37-00-35-00-00-00""}}"
227,9534,2021-11-03 08:17:04.3646113,7045,Info,Service Control Manager,System,484,2972,FS03.offsec.lan,2,S-1-5-21-4230534742-2542757381-3142984815-1111,A new service was installed in the system,,,Name: 9ubmVjdGlvbg0KDQojQHBhcmFtICRDcmVkICAgICAtPiAgVGhlIEV2ZW50IExvZw0KI0BwYXJhbSAkQ29tcHV0ZXIgLT4gIFRoZSBhdmcgZXZlbnRzIHBlciBzZWNvbmQgZm9yIHRoZSBnaXZlbiBs,StartType: demand start,Account: LocalSystem,,,,"c:\windows\system32\cmd.exe /c powershell -command ""Get-Service ""seg76"" | select -Expand DisplayName |out-file -append tmp_payload.txt""",False,"EVTX-to-MITRE-Attack\TA0002-Execution\T1569.002-Service execution\ID7000,7009,7045-Payload deployed via service - Tchopper.evtx","Audit success, classic",0,"{""EventData"":{""Data"":[{""@Name"":""ServiceName"",""#text"":""9ubmVjdGlvbg0KDQojQHBhcmFtICRDcmVkICAgICAtPiAgVGhlIEV2ZW50IExvZw0KI0BwYXJhbSAkQ29tcHV0ZXIgLT4gIFRoZSBhdmcgZXZlbnRzIHBlciBzZWNvbmQgZm9yIHRoZSBnaXZlbiBs""},{""@Name"":""ImagePath"",""#text"":""c:\\windows\\system32\\cmd.exe /c powershell -command \""Get-Service \""seg76\"" | select -Expand DisplayName |out-file -append tmp_payload.txt\""""},{""@Name"":""ServiceType"",""#text"":""user mode service""},{""@Name"":""StartType"",""#text"":""demand start""},{""@Name"":""AccountName"",""#text"":""LocalSystem""}]}}"
228,9535,2021-11-03 08:17:04.7395157,7009,Error,Service Control Manager,System,484,2972,FS03.offsec.lan,2,,,,,,,,,,,,False,"EVTX-to-MITRE-Attack\TA0002-Execution\T1569.002-Service execution\ID7000,7009,7045-Payload deployed via service - Tchopper.evtx","Audit success, classic",0,"{""EventData"":{""Data"":[{""@Name"":""param1"",""#text"":""30000""},{""@Name"":""param2"",""#text"":""9ubmVjdGlvbg0KDQojQHBhcmFtICRDcmVkICAgICAtPiAgVGhlIEV2ZW50IExvZw0KI0BwYXJhbSAkQ29tcHV0ZXIgLT4gIFRoZSBhdmcgZXZlbnRzIHBlciBzZWNvbmQgZm9yIHRoZSBnaXZlbiBs""}],""Binary"":""73-00-65-00-67-00-37-00-36-00-00-00""}}"
229,9536,2021-11-03 08:17:04.7395157,7000,Error,Service Control Manager,System,484,2972,FS03.offsec.lan,2,,,,,,,,,,,,False,"EVTX-to-MITRE-Attack\TA0002-Execution\T1569.002-Service execution\ID7000,7009,7045-Payload deployed via service - Tchopper.evtx","Audit success, classic",0,"{""EventData"":{""Data"":[{""@Name"":""param1"",""#text"":""9ubmVjdGlvbg0KDQojQHBhcmFtICRDcmVkICAgICAtPiAgVGhlIEV2ZW50IExvZw0KI0BwYXJhbSAkQ29tcHV0ZXIgLT4gIFRoZSBhdmcgZXZlbnRzIHBlciBzZWNvbmQgZm9yIHRoZSBnaXZlbiBs""},{""@Name"":""param2"",""#text"":""%%1053""}],""Binary"":""73-00-65-00-67-00-37-00-36-00-00-00""}}"
230,9537,2021-11-03 08:17:05.8176503,7045,Info,Service Control Manager,System,484,2972,FS03.offsec.lan,2,S-1-5-21-4230534742-2542757381-3142984815-1111,A new service was installed in the system,,,Name: b2cNCg0KIyMjIyMjIyMjIyMjIyMjIyMjIyMjIyMjIyMjIyMjIyMjIyMjIyMjIyMjIyMjIyMjIyMjIyMjIyMjIyMjIyMjIyMjIyMjIyMjIyMjIyMjIyMjIyMjIyMjIyMjIyMjIyMjIw0KDQpmdW5jdG,StartType: demand start,Account: LocalSystem,,,,"c:\windows\system32\cmd.exe /c powershell -command ""Get-Service ""seg77"" | select -Expand DisplayName |out-file -append tmp_payload.txt""",False,"EVTX-to-MITRE-Attack\TA0002-Execution\T1569.002-Service execution\ID7000,7009,7045-Payload deployed via service - Tchopper.evtx","Audit success, classic",0,"{""EventData"":{""Data"":[{""@Name"":""ServiceName"",""#text"":""b2cNCg0KIyMjIyMjIyMjIyMjIyMjIyMjIyMjIyMjIyMjIyMjIyMjIyMjIyMjIyMjIyMjIyMjIyMjIyMjIyMjIyMjIyMjIyMjIyMjIyMjIyMjIyMjIyMjIyMjIyMjIyMjIyMjIyMjIw0KDQpmdW5jdG""},{""@Name"":""ImagePath"",""#text"":""c:\\windows\\system32\\cmd.exe /c powershell -command \""Get-Service \""seg77\"" | select -Expand DisplayName |out-file -append tmp_payload.txt\""""},{""@Name"":""ServiceType"",""#text"":""user mode service""},{""@Name"":""StartType"",""#text"":""demand start""},{""@Name"":""AccountName"",""#text"":""LocalSystem""}]}}"
231,9538,2021-11-03 08:17:06.1926400,7009,Error,Service Control Manager,System,484,2972,FS03.offsec.lan,2,,,,,,,,,,,,False,"EVTX-to-MITRE-Attack\TA0002-Execution\T1569.002-Service execution\ID7000,7009,7045-Payload deployed via service - Tchopper.evtx","Audit success, classic",0,"{""EventData"":{""Data"":[{""@Name"":""param1"",""#text"":""30000""},{""@Name"":""param2"",""#text"":""b2cNCg0KIyMjIyMjIyMjIyMjIyMjIyMjIyMjIyMjIyMjIyMjIyMjIyMjIyMjIyMjIyMjIyMjIyMjIyMjIyMjIyMjIyMjIyMjIyMjIyMjIyMjIyMjIyMjIyMjIyMjIyMjIyMjIyMjIw0KDQpmdW5jdG""}],""Binary"":""73-00-65-00-67-00-37-00-37-00-00-00""}}"
232,9539,2021-11-03 08:17:06.1926400,7000,Error,Service Control Manager,System,484,2972,FS03.offsec.lan,2,,,,,,,,,,,,False,"EVTX-to-MITRE-Attack\TA0002-Execution\T1569.002-Service execution\ID7000,7009,7045-Payload deployed via service - Tchopper.evtx","Audit success, classic",0,"{""EventData"":{""Data"":[{""@Name"":""param1"",""#text"":""b2cNCg0KIyMjIyMjIyMjIyMjIyMjIyMjIyMjIyMjIyMjIyMjIyMjIyMjIyMjIyMjIyMjIyMjIyMjIyMjIyMjIyMjIyMjIyMjIyMjIyMjIyMjIyMjIyMjIyMjIyMjIyMjIyMjIyMjIw0KDQpmdW5jdG""},{""@Name"":""param2"",""#text"":""%%1053""}],""Binary"":""73-00-65-00-67-00-37-00-37-00-00-00""}}"
233,9540,2021-11-03 08:17:07.2563325,7045,Info,Service Control Manager,System,484,2972,FS03.offsec.lan,2,S-1-5-21-4230534742-2542757381-3142984815-1111,A new service was installed in the system,,,Name: lvbiBUZXN0LUhvc3RDb25uZWN0aW9uIHsgcGFyYW0oJENvbXB1dGVyKSAgICANCg0KICAgIHRyeSB7DQoNCiAgICAgICAgaWYgKChUZXN0LUNvbm5lY3Rpb24gLUNvbXB1dGVyTmFtZSAkQ29tcHV0,StartType: demand start,Account: LocalSystem,,,,"c:\windows\system32\cmd.exe /c powershell -command ""Get-Service ""seg78"" | select -Expand DisplayName |out-file -append tmp_payload.txt""",False,"EVTX-to-MITRE-Attack\TA0002-Execution\T1569.002-Service execution\ID7000,7009,7045-Payload deployed via service - Tchopper.evtx","Audit success, classic",0,"{""EventData"":{""Data"":[{""@Name"":""ServiceName"",""#text"":""lvbiBUZXN0LUhvc3RDb25uZWN0aW9uIHsgcGFyYW0oJENvbXB1dGVyKSAgICANCg0KICAgIHRyeSB7DQoNCiAgICAgICAgaWYgKChUZXN0LUNvbm5lY3Rpb24gLUNvbXB1dGVyTmFtZSAkQ29tcHV0""},{""@Name"":""ImagePath"",""#text"":""c:\\windows\\system32\\cmd.exe /c powershell -command \""Get-Service \""seg78\"" | select -Expand DisplayName |out-file -append tmp_payload.txt\""""},{""@Name"":""ServiceType"",""#text"":""user mode service""},{""@Name"":""StartType"",""#text"":""demand start""},{""@Name"":""AccountName"",""#text"":""LocalSystem""}]}}"
234,9541,2021-11-03 08:17:07.6313255,7009,Error,Service Control Manager,System,484,2972,FS03.offsec.lan,2,,,,,,,,,,,,False,"EVTX-to-MITRE-Attack\TA0002-Execution\T1569.002-Service execution\ID7000,7009,7045-Payload deployed via service - Tchopper.evtx","Audit success, classic",0,"{""EventData"":{""Data"":[{""@Name"":""param1"",""#text"":""30000""},{""@Name"":""param2"",""#text"":""lvbiBUZXN0LUhvc3RDb25uZWN0aW9uIHsgcGFyYW0oJENvbXB1dGVyKSAgICANCg0KICAgIHRyeSB7DQoNCiAgICAgICAgaWYgKChUZXN0LUNvbm5lY3Rpb24gLUNvbXB1dGVyTmFtZSAkQ29tcHV0""}],""Binary"":""73-00-65-00-67-00-37-00-38-00-00-00""}}"
235,9542,2021-11-03 08:17:07.6313255,7000,Error,Service Control Manager,System,484,2972,FS03.offsec.lan,2,,,,,,,,,,,,False,"EVTX-to-MITRE-Attack\TA0002-Execution\T1569.002-Service execution\ID7000,7009,7045-Payload deployed via service - Tchopper.evtx","Audit success, classic",0,"{""EventData"":{""Data"":[{""@Name"":""param1"",""#text"":""lvbiBUZXN0LUhvc3RDb25uZWN0aW9uIHsgcGFyYW0oJENvbXB1dGVyKSAgICANCg0KICAgIHRyeSB7DQoNCiAgICAgICAgaWYgKChUZXN0LUNvbm5lY3Rpb24gLUNvbXB1dGVyTmFtZSAkQ29tcHV0""},{""@Name"":""param2"",""#text"":""%%1053""}],""Binary"":""73-00-65-00-67-00-37-00-38-00-00-00""}}"
236,9543,2021-11-03 08:17:08.7094731,7045,Info,Service Control Manager,System,484,2972,FS03.offsec.lan,2,S-1-5-21-4230534742-2542757381-3142984815-1111,A new service was installed in the system,,,Name: ZXIgLWNvdW50IDEgLXF1aWV0KSkgew0KDQogICAgICAgICAgICByZXR1cm4gJHRydWUNCiAgICAgICAgfQ0KDQogICAgICAgIGVsc2Ugew0KDQoNCiAgICAgICAgICAgIFdyaXRlLUxvZyAkRVJST1,StartType: demand start,Account: LocalSystem,,,,"c:\windows\system32\cmd.exe /c powershell -command ""Get-Service ""seg79"" | select -Expand DisplayName |out-file -append tmp_payload.txt""",False,"EVTX-to-MITRE-Attack\TA0002-Execution\T1569.002-Service execution\ID7000,7009,7045-Payload deployed via service - Tchopper.evtx","Audit success, classic",0,"{""EventData"":{""Data"":[{""@Name"":""ServiceName"",""#text"":""ZXIgLWNvdW50IDEgLXF1aWV0KSkgew0KDQogICAgICAgICAgICByZXR1cm4gJHRydWUNCiAgICAgICAgfQ0KDQogICAgICAgIGVsc2Ugew0KDQoNCiAgICAgICAgICAgIFdyaXRlLUxvZyAkRVJST1""},{""@Name"":""ImagePath"",""#text"":""c:\\windows\\system32\\cmd.exe /c powershell -command \""Get-Service \""seg79\"" | select -Expand DisplayName |out-file -append tmp_payload.txt\""""},{""@Name"":""ServiceType"",""#text"":""user mode service""},{""@Name"":""StartType"",""#text"":""demand start""},{""@Name"":""AccountName"",""#text"":""LocalSystem""}]}}"
237,9544,2021-11-03 08:17:09.1157152,7009,Error,Service Control Manager,System,484,2972,FS03.offsec.lan,2,,,,,,,,,,,,False,"EVTX-to-MITRE-Attack\TA0002-Execution\T1569.002-Service execution\ID7000,7009,7045-Payload deployed via service - Tchopper.evtx","Audit success, classic",0,"{""EventData"":{""Data"":[{""@Name"":""param1"",""#text"":""30000""},{""@Name"":""param2"",""#text"":""ZXIgLWNvdW50IDEgLXF1aWV0KSkgew0KDQogICAgICAgICAgICByZXR1cm4gJHRydWUNCiAgICAgICAgfQ0KDQogICAgICAgIGVsc2Ugew0KDQoNCiAgICAgICAgICAgIFdyaXRlLUxvZyAkRVJST1""}],""Binary"":""73-00-65-00-67-00-37-00-39-00-00-00""}}"
238,9545,2021-11-03 08:17:09.1157152,7000,Error,Service Control Manager,System,484,2972,FS03.offsec.lan,2,,,,,,,,,,,,False,"EVTX-to-MITRE-Attack\TA0002-Execution\T1569.002-Service execution\ID7000,7009,7045-Payload deployed via service - Tchopper.evtx","Audit success, classic",0,"{""EventData"":{""Data"":[{""@Name"":""param1"",""#text"":""ZXIgLWNvdW50IDEgLXF1aWV0KSkgew0KDQogICAgICAgICAgICByZXR1cm4gJHRydWUNCiAgICAgICAgfQ0KDQogICAgICAgIGVsc2Ugew0KDQoNCiAgICAgICAgICAgIFdyaXRlLUxvZyAkRVJST1""},{""@Name"":""param2"",""#text"":""%%1053""}],""Binary"":""73-00-65-00-67-00-37-00-39-00-00-00""}}"
239,9546,2021-11-03 08:17:10.2194100,7045,Info,Service Control Manager,System,484,2972,FS03.offsec.lan,2,S-1-5-21-4230534742-2542757381-3142984815-1111,A new service was installed in the system,,,Name: JfTE9HICJVbmFibGUgdG8gY29udGFjdCAkQ29tcHV0ZXIuIFBsZWFzZSB2ZXJpZnkgaXRzIG5ldHdvcmsgY29ubmVjdGl2aXR5IGFuZCB0cnkgYWdhaW4iDQoNCiAgICAgICAgICAgICRHbG9iYWw6,StartType: demand start,Account: LocalSystem,,,,"c:\windows\system32\cmd.exe /c powershell -command ""Get-Service ""seg80"" | select -Expand DisplayName |out-file -append tmp_payload.txt""",False,"EVTX-to-MITRE-Attack\TA0002-Execution\T1569.002-Service execution\ID7000,7009,7045-Payload deployed via service - Tchopper.evtx","Audit success, classic",0,"{""EventData"":{""Data"":[{""@Name"":""ServiceName"",""#text"":""JfTE9HICJVbmFibGUgdG8gY29udGFjdCAkQ29tcHV0ZXIuIFBsZWFzZSB2ZXJpZnkgaXRzIG5ldHdvcmsgY29ubmVjdGl2aXR5IGFuZCB0cnkgYWdhaW4iDQoNCiAgICAgICAgICAgICRHbG9iYWw6""},{""@Name"":""ImagePath"",""#text"":""c:\\windows\\system32\\cmd.exe /c powershell -command \""Get-Service \""seg80\"" | select -Expand DisplayName |out-file -append tmp_payload.txt\""""},{""@Name"":""ServiceType"",""#text"":""user mode service""},{""@Name"":""StartType"",""#text"":""demand start""},{""@Name"":""AccountName"",""#text"":""LocalSystem""}]}}"
240,9547,2021-11-03 08:17:10.6256479,7009,Error,Service Control Manager,System,484,2972,FS03.offsec.lan,2,,,,,,,,,,,,False,"EVTX-to-MITRE-Attack\TA0002-Execution\T1569.002-Service execution\ID7000,7009,7045-Payload deployed via service - Tchopper.evtx","Audit success, classic",0,"{""EventData"":{""Data"":[{""@Name"":""param1"",""#text"":""30000""},{""@Name"":""param2"",""#text"":""JfTE9HICJVbmFibGUgdG8gY29udGFjdCAkQ29tcHV0ZXIuIFBsZWFzZSB2ZXJpZnkgaXRzIG5ldHdvcmsgY29ubmVjdGl2aXR5IGFuZCB0cnkgYWdhaW4iDQoNCiAgICAgICAgICAgICRHbG9iYWw6""}],""Binary"":""73-00-65-00-67-00-38-00-30-00-00-00""}}"
241,9548,2021-11-03 08:17:10.6256479,7000,Error,Service Control Manager,System,484,2972,FS03.offsec.lan,2,,,,,,,,,,,,False,"EVTX-to-MITRE-Attack\TA0002-Execution\T1569.002-Service execution\ID7000,7009,7045-Payload deployed via service - Tchopper.evtx","Audit success, classic",0,"{""EventData"":{""Data"":[{""@Name"":""param1"",""#text"":""JfTE9HICJVbmFibGUgdG8gY29udGFjdCAkQ29tcHV0ZXIuIFBsZWFzZSB2ZXJpZnkgaXRzIG5ldHdvcmsgY29ubmVjdGl2aXR5IGFuZCB0cnkgYWdhaW4iDQoNCiAgICAgICAgICAgICRHbG9iYWw6""},{""@Name"":""param2"",""#text"":""%%1053""}],""Binary"":""73-00-65-00-67-00-38-00-30-00-00-00""}}"
242,9549,2021-11-03 08:17:11.7126838,7045,Info,Service Control Manager,System,484,2972,FS03.offsec.lan,2,S-1-5-21-4230534742-2542757381-3142984815-1111,A new service was installed in the system,,,Name: Q29ubmVjdGlvbklzc3VlcyA9ICRHbG9iYWw6Q29ubmVjdGlvbklzc3VlcyArIDENCg0KICAgICAgICAgICAgcmV0dXJuICRmYWxzZQ0KICAgICAgICB9ICAgICAgICANCiAgICB9DQoNCiAgICBjYX,StartType: demand start,Account: LocalSystem,,,,"c:\windows\system32\cmd.exe /c powershell -command ""Get-Service ""seg81"" | select -Expand DisplayName |out-file -append tmp_payload.txt""",False,"EVTX-to-MITRE-Attack\TA0002-Execution\T1569.002-Service execution\ID7000,7009,7045-Payload deployed via service - Tchopper.evtx","Audit success, classic",0,"{""EventData"":{""Data"":[{""@Name"":""ServiceName"",""#text"":""Q29ubmVjdGlvbklzc3VlcyA9ICRHbG9iYWw6Q29ubmVjdGlvbklzc3VlcyArIDENCg0KICAgICAgICAgICAgcmV0dXJuICRmYWxzZQ0KICAgICAgICB9ICAgICAgICANCiAgICB9DQoNCiAgICBjYX""},{""@Name"":""ImagePath"",""#text"":""c:\\windows\\system32\\cmd.exe /c powershell -command \""Get-Service \""seg81\"" | select -Expand DisplayName |out-file -append tmp_payload.txt\""""},{""@Name"":""ServiceType"",""#text"":""user mode service""},{""@Name"":""StartType"",""#text"":""demand start""},{""@Name"":""AccountName"",""#text"":""LocalSystem""}]}}"
243,9550,2021-11-03 08:17:12.0720553,7009,Error,Service Control Manager,System,484,2972,FS03.offsec.lan,2,,,,,,,,,,,,False,"EVTX-to-MITRE-Attack\TA0002-Execution\T1569.002-Service execution\ID7000,7009,7045-Payload deployed via service - Tchopper.evtx","Audit success, classic",0,"{""EventData"":{""Data"":[{""@Name"":""param1"",""#text"":""30000""},{""@Name"":""param2"",""#text"":""Q29ubmVjdGlvbklzc3VlcyA9ICRHbG9iYWw6Q29ubmVjdGlvbklzc3VlcyArIDENCg0KICAgICAgICAgICAgcmV0dXJuICRmYWxzZQ0KICAgICAgICB9ICAgICAgICANCiAgICB9DQoNCiAgICBjYX""}],""Binary"":""73-00-65-00-67-00-38-00-31-00-00-00""}}"
244,9551,2021-11-03 08:17:12.0720553,7000,Error,Service Control Manager,System,484,2972,FS03.offsec.lan,2,,,,,,,,,,,,False,"EVTX-to-MITRE-Attack\TA0002-Execution\T1569.002-Service execution\ID7000,7009,7045-Payload deployed via service - Tchopper.evtx","Audit success, classic",0,"{""EventData"":{""Data"":[{""@Name"":""param1"",""#text"":""Q29ubmVjdGlvbklzc3VlcyA9ICRHbG9iYWw6Q29ubmVjdGlvbklzc3VlcyArIDENCg0KICAgICAgICAgICAgcmV0dXJuICRmYWxzZQ0KICAgICAgICB9ICAgICAgICANCiAgICB9DQoNCiAgICBjYX""},{""@Name"":""param2"",""#text"":""%%1053""}],""Binary"":""73-00-65-00-67-00-38-00-31-00-00-00""}}"
245,9552,2021-11-03 08:17:13.1572371,7045,Info,Service Control Manager,System,484,2972,FS03.offsec.lan,2,S-1-5-21-4230534742-2542757381-3142984815-1111,A new service was installed in the system,,,Name: RjaCB7DQoNCiAgICAgICAgV3JpdGUtTG9nICRFUlJPUl9MT0cgIlVuYWJsZSBjb25lY3QgdG8gSG9zdCINCg0KICAgICAgICBXcml0ZS1Mb2cgJEVSUk9SX0xPRyAkRXJyb3JbMF0NCg0KICAgICAg,StartType: demand start,Account: LocalSystem,,,,"c:\windows\system32\cmd.exe /c powershell -command ""Get-Service ""seg82"" | select -Expand DisplayName |out-file -append tmp_payload.txt""",False,"EVTX-to-MITRE-Attack\TA0002-Execution\T1569.002-Service execution\ID7000,7009,7045-Payload deployed via service - Tchopper.evtx","Audit success, classic",0,"{""EventData"":{""Data"":[{""@Name"":""ServiceName"",""#text"":""RjaCB7DQoNCiAgICAgICAgV3JpdGUtTG9nICRFUlJPUl9MT0cgIlVuYWJsZSBjb25lY3QgdG8gSG9zdCINCg0KICAgICAgICBXcml0ZS1Mb2cgJEVSUk9SX0xPRyAkRXJyb3JbMF0NCg0KICAgICAg""},{""@Name"":""ImagePath"",""#text"":""c:\\windows\\system32\\cmd.exe /c powershell -command \""Get-Service \""seg82\"" | select -Expand DisplayName |out-file -append tmp_payload.txt\""""},{""@Name"":""ServiceType"",""#text"":""user mode service""},{""@Name"":""StartType"",""#text"":""demand start""},{""@Name"":""AccountName"",""#text"":""LocalSystem""}]}}"
246,9553,2021-11-03 08:17:13.5322297,7009,Error,Service Control Manager,System,484,2972,FS03.offsec.lan,2,,,,,,,,,,,,False,"EVTX-to-MITRE-Attack\TA0002-Execution\T1569.002-Service execution\ID7000,7009,7045-Payload deployed via service - Tchopper.evtx","Audit success, classic",0,"{""EventData"":{""Data"":[{""@Name"":""param1"",""#text"":""30000""},{""@Name"":""param2"",""#text"":""RjaCB7DQoNCiAgICAgICAgV3JpdGUtTG9nICRFUlJPUl9MT0cgIlVuYWJsZSBjb25lY3QgdG8gSG9zdCINCg0KICAgICAgICBXcml0ZS1Mb2cgJEVSUk9SX0xPRyAkRXJyb3JbMF0NCg0KICAgICAg""}],""Binary"":""73-00-65-00-67-00-38-00-32-00-00-00""}}"
247,9554,2021-11-03 08:17:13.5322297,7000,Error,Service Control Manager,System,484,2972,FS03.offsec.lan,2,,,,,,,,,,,,False,"EVTX-to-MITRE-Attack\TA0002-Execution\T1569.002-Service execution\ID7000,7009,7045-Payload deployed via service - Tchopper.evtx","Audit success, classic",0,"{""EventData"":{""Data"":[{""@Name"":""param1"",""#text"":""RjaCB7DQoNCiAgICAgICAgV3JpdGUtTG9nICRFUlJPUl9MT0cgIlVuYWJsZSBjb25lY3QgdG8gSG9zdCINCg0KICAgICAgICBXcml0ZS1Mb2cgJEVSUk9SX0xPRyAkRXJyb3JbMF0NCg0KICAgICAg""},{""@Name"":""param2"",""#text"":""%%1053""}],""Binary"":""73-00-65-00-67-00-38-00-32-00-00-00""}}"
248,9555,2021-11-03 08:17:14.6103568,7045,Info,Service Control Manager,System,484,2972,FS03.offsec.lan,2,S-1-5-21-4230534742-2542757381-3142984815-1111,A new service was installed in the system,,,Name: ICAkRXJyb3JMaW5lTnVtYmVyID0gJEVycm9yWzBdLkludm9jYXRpb25JbmZvLnNjcmlwdGxpbmVudW1iZXINCg0KICAgICAgICBXcml0ZS1Mb2cgJEVSUk9SX0xPRyAiQ2F1Z2h0IG9uIGxpbmUgbn,StartType: demand start,Account: LocalSystem,,,,"c:\windows\system32\cmd.exe /c powershell -command ""Get-Service ""seg83"" | select -Expand DisplayName |out-file -append tmp_payload.txt""",False,"EVTX-to-MITRE-Attack\TA0002-Execution\T1569.002-Service execution\ID7000,7009,7045-Payload deployed via service - Tchopper.evtx","Audit success, classic",0,"{""EventData"":{""Data"":[{""@Name"":""ServiceName"",""#text"":""ICAkRXJyb3JMaW5lTnVtYmVyID0gJEVycm9yWzBdLkludm9jYXRpb25JbmZvLnNjcmlwdGxpbmVudW1iZXINCg0KICAgICAgICBXcml0ZS1Mb2cgJEVSUk9SX0xPRyAiQ2F1Z2h0IG9uIGxpbmUgbn""},{""@Name"":""ImagePath"",""#text"":""c:\\windows\\system32\\cmd.exe /c powershell -command \""Get-Service \""seg83\"" | select -Expand DisplayName |out-file -append tmp_payload.txt\""""},{""@Name"":""ServiceType"",""#text"":""user mode service""},{""@Name"":""StartType"",""#text"":""demand start""},{""@Name"":""AccountName"",""#text"":""LocalSystem""}]}}"
249,9556,2021-11-03 08:17:14.9853637,7009,Error,Service Control Manager,System,484,2972,FS03.offsec.lan,2,,,,,,,,,,,,False,"EVTX-to-MITRE-Attack\TA0002-Execution\T1569.002-Service execution\ID7000,7009,7045-Payload deployed via service - Tchopper.evtx","Audit success, classic",0,"{""EventData"":{""Data"":[{""@Name"":""param1"",""#text"":""30000""},{""@Name"":""param2"",""#text"":""ICAkRXJyb3JMaW5lTnVtYmVyID0gJEVycm9yWzBdLkludm9jYXRpb25JbmZvLnNjcmlwdGxpbmVudW1iZXINCg0KICAgICAgICBXcml0ZS1Mb2cgJEVSUk9SX0xPRyAiQ2F1Z2h0IG9uIGxpbmUgbn""}],""Binary"":""73-00-65-00-67-00-38-00-33-00-00-00""}}"
250,9557,2021-11-03 08:17:14.9853637,7000,Error,Service Control Manager,System,484,2972,FS03.offsec.lan,2,,,,,,,,,,,,False,"EVTX-to-MITRE-Attack\TA0002-Execution\T1569.002-Service execution\ID7000,7009,7045-Payload deployed via service - Tchopper.evtx","Audit success, classic",0,"{""EventData"":{""Data"":[{""@Name"":""param1"",""#text"":""ICAkRXJyb3JMaW5lTnVtYmVyID0gJEVycm9yWzBdLkludm9jYXRpb25JbmZvLnNjcmlwdGxpbmVudW1iZXINCg0KICAgICAgICBXcml0ZS1Mb2cgJEVSUk9SX0xPRyAiQ2F1Z2h0IG9uIGxpbmUgbn""},{""@Name"":""param2"",""#text"":""%%1053""}],""Binary"":""73-00-65-00-67-00-38-00-33-00-00-00""}}"
251,9558,2021-11-03 08:17:16.0582265,7045,Info,Service Control Manager,System,484,2972,FS03.offsec.lan,2,S-1-5-21-4230534742-2542757381-3142984815-1111,A new service was installed in the system,,,Name: VtYmVyOiAkRXJyb3JMaW5lTnVtYmVyIg0KDQogICAgICAgIGV4aXQNCg0KICAgIH0NCn0NCg0KDQojIyMjIyMjIyMjIyMjIyMjIyMjIyMjIyMjIyMjIyMjIyMjIyMjIyMjIyMjIyMjIyMjIyMjIyMj,StartType: demand start,Account: LocalSystem,,,,"c:\windows\system32\cmd.exe /c powershell -command ""Get-Service ""seg84"" | select -Expand DisplayName |out-file -append tmp_payload.txt""",False,"EVTX-to-MITRE-Attack\TA0002-Execution\T1569.002-Service execution\ID7000,7009,7045-Payload deployed via service - Tchopper.evtx","Audit success, classic",0,"{""EventData"":{""Data"":[{""@Name"":""ServiceName"",""#text"":""VtYmVyOiAkRXJyb3JMaW5lTnVtYmVyIg0KDQogICAgICAgIGV4aXQNCg0KICAgIH0NCn0NCg0KDQojIyMjIyMjIyMjIyMjIyMjIyMjIyMjIyMjIyMjIyMjIyMjIyMjIyMjIyMjIyMjIyMjIyMjIyMj""},{""@Name"":""ImagePath"",""#text"":""c:\\windows\\system32\\cmd.exe /c powershell -command \""Get-Service \""seg84\"" | select -Expand DisplayName |out-file -append tmp_payload.txt\""""},{""@Name"":""ServiceType"",""#text"":""user mode service""},{""@Name"":""StartType"",""#text"":""demand start""},{""@Name"":""AccountName"",""#text"":""LocalSystem""}]}}"
252,9559,2021-11-03 08:17:16.4332302,7009,Error,Service Control Manager,System,484,2972,FS03.offsec.lan,2,,,,,,,,,,,,False,"EVTX-to-MITRE-Attack\TA0002-Execution\T1569.002-Service execution\ID7000,7009,7045-Payload deployed via service - Tchopper.evtx","Audit success, classic",0,"{""EventData"":{""Data"":[{""@Name"":""param1"",""#text"":""30000""},{""@Name"":""param2"",""#text"":""VtYmVyOiAkRXJyb3JMaW5lTnVtYmVyIg0KDQogICAgICAgIGV4aXQNCg0KICAgIH0NCn0NCg0KDQojIyMjIyMjIyMjIyMjIyMjIyMjIyMjIyMjIyMjIyMjIyMjIyMjIyMjIyMjIyMjIyMjIyMjIyMj""}],""Binary"":""73-00-65-00-67-00-38-00-34-00-00-00""}}"
253,9560,2021-11-03 08:17:16.4332302,7000,Error,Service Control Manager,System,484,2972,FS03.offsec.lan,2,,,,,,,,,,,,False,"EVTX-to-MITRE-Attack\TA0002-Execution\T1569.002-Service execution\ID7000,7009,7045-Payload deployed via service - Tchopper.evtx","Audit success, classic",0,"{""EventData"":{""Data"":[{""@Name"":""param1"",""#text"":""VtYmVyOiAkRXJyb3JMaW5lTnVtYmVyIg0KDQogICAgICAgIGV4aXQNCg0KICAgIH0NCn0NCg0KDQojIyMjIyMjIyMjIyMjIyMjIyMjIyMjIyMjIyMjIyMjIyMjIyMjIyMjIyMjIyMjIyMjIyMjIyMj""},{""@Name"":""param2"",""#text"":""%%1053""}],""Binary"":""73-00-65-00-67-00-38-00-34-00-00-00""}}"
254,9561,2021-11-03 08:17:17.5080068,7045,Info,Service Control Manager,System,484,2972,FS03.offsec.lan,2,S-1-5-21-4230534742-2542757381-3142984815-1111,A new service was installed in the system,,,Name: IyMjIyMjIyMjIyMjIyMjIyMjIyMjIyMjIyMjIyMjIyMjIyMjIyMjIyMjDQojRnVuY3Rpb24gQ3JlYXRlIGEgbG9nIHJlcG9ydCBmb3IgdGhlIGVhY2ggY29tcHV0ZXIgaW4gdGhlIGNvbXB1dGVyIG,StartType: demand start,Account: LocalSystem,,,,"c:\windows\system32\cmd.exe /c powershell -command ""Get-Service ""seg85"" | select -Expand DisplayName |out-file -append tmp_payload.txt""",False,"EVTX-to-MITRE-Attack\TA0002-Execution\T1569.002-Service execution\ID7000,7009,7045-Payload deployed via service - Tchopper.evtx","Audit success, classic",0,"{""EventData"":{""Data"":[{""@Name"":""ServiceName"",""#text"":""IyMjIyMjIyMjIyMjIyMjIyMjIyMjIyMjIyMjIyMjIyMjIyMjIyMjIyMjDQojRnVuY3Rpb24gQ3JlYXRlIGEgbG9nIHJlcG9ydCBmb3IgdGhlIGVhY2ggY29tcHV0ZXIgaW4gdGhlIGNvbXB1dGVyIG""},{""@Name"":""ImagePath"",""#text"":""c:\\windows\\system32\\cmd.exe /c powershell -command \""Get-Service \""seg85\"" | select -Expand DisplayName |out-file -append tmp_payload.txt\""""},{""@Name"":""ServiceType"",""#text"":""user mode service""},{""@Name"":""StartType"",""#text"":""demand start""},{""@Name"":""AccountName"",""#text"":""LocalSystem""}]}}"
255,9562,2021-11-03 08:17:17.8830003,7009,Error,Service Control Manager,System,484,2972,FS03.offsec.lan,2,,,,,,,,,,,,False,"EVTX-to-MITRE-Attack\TA0002-Execution\T1569.002-Service execution\ID7000,7009,7045-Payload deployed via service - Tchopper.evtx","Audit success, classic",0,"{""EventData"":{""Data"":[{""@Name"":""param1"",""#text"":""30000""},{""@Name"":""param2"",""#text"":""IyMjIyMjIyMjIyMjIyMjIyMjIyMjIyMjIyMjIyMjIyMjIyMjIyMjIyMjDQojRnVuY3Rpb24gQ3JlYXRlIGEgbG9nIHJlcG9ydCBmb3IgdGhlIGVhY2ggY29tcHV0ZXIgaW4gdGhlIGNvbXB1dGVyIG""}],""Binary"":""73-00-65-00-67-00-38-00-35-00-00-00""}}"
256,9563,2021-11-03 08:17:17.8830003,7000,Error,Service Control Manager,System,484,2972,FS03.offsec.lan,2,,,,,,,,,,,,False,"EVTX-to-MITRE-Attack\TA0002-Execution\T1569.002-Service execution\ID7000,7009,7045-Payload deployed via service - Tchopper.evtx","Audit success, classic",0,"{""EventData"":{""Data"":[{""@Name"":""param1"",""#text"":""IyMjIyMjIyMjIyMjIyMjIyMjIyMjIyMjIyMjIyMjIyMjIyMjIyMjIyMjDQojRnVuY3Rpb24gQ3JlYXRlIGEgbG9nIHJlcG9ydCBmb3IgdGhlIGVhY2ggY29tcHV0ZXIgaW4gdGhlIGNvbXB1dGVyIG""},{""@Name"":""param2"",""#text"":""%%1053""}],""Binary"":""73-00-65-00-67-00-38-00-35-00-00-00""}}"
257,9564,2021-11-03 08:17:18.9611325,7045,Info,Service Control Manager,System,484,2972,FS03.offsec.lan,2,S-1-5-21-4230534742-2542757381-3142984815-1111,A new service was installed in the system,,,Name: xpc3QNCg0KI0BwYXJhbSAkTG9nTmFtZSAgICAgICAgICAgIC0+ICBUaGUgRXZlbnQgTG9nDQojQHBhcmFtICRBdmdFdmVudHNQZXJTZWNvbmQgLT4gIFRoZSBhdmcgZXZlbnRzIHBlciBzZWNvbmQg,StartType: demand start,Account: LocalSystem,,,,"c:\windows\system32\cmd.exe /c powershell -command ""Get-Service ""seg86"" | select -Expand DisplayName |out-file -append tmp_payload.txt""",False,"EVTX-to-MITRE-Attack\TA0002-Execution\T1569.002-Service execution\ID7000,7009,7045-Payload deployed via service - Tchopper.evtx","Audit success, classic",0,"{""EventData"":{""Data"":[{""@Name"":""ServiceName"",""#text"":""xpc3QNCg0KI0BwYXJhbSAkTG9nTmFtZSAgICAgICAgICAgIC0+ICBUaGUgRXZlbnQgTG9nDQojQHBhcmFtICRBdmdFdmVudHNQZXJTZWNvbmQgLT4gIFRoZSBhdmcgZXZlbnRzIHBlciBzZWNvbmQg""},{""@Name"":""ImagePath"",""#text"":""c:\\windows\\system32\\cmd.exe /c powershell -command \""Get-Service \""seg86\"" | select -Expand DisplayName |out-file -append tmp_payload.txt\""""},{""@Name"":""ServiceType"",""#text"":""user mode service""},{""@Name"":""StartType"",""#text"":""demand start""},{""@Name"":""AccountName"",""#text"":""LocalSystem""}]}}"
258,9565,2021-11-03 08:17:19.3517624,7009,Error,Service Control Manager,System,484,2972,FS03.offsec.lan,2,,,,,,,,,,,,False,"EVTX-to-MITRE-Attack\TA0002-Execution\T1569.002-Service execution\ID7000,7009,7045-Payload deployed via service - Tchopper.evtx","Audit success, classic",0,"{""EventData"":{""Data"":[{""@Name"":""param1"",""#text"":""30000""},{""@Name"":""param2"",""#text"":""xpc3QNCg0KI0BwYXJhbSAkTG9nTmFtZSAgICAgICAgICAgIC0+ICBUaGUgRXZlbnQgTG9nDQojQHBhcmFtICRBdmdFdmVudHNQZXJTZWNvbmQgLT4gIFRoZSBhdmcgZXZlbnRzIHBlciBzZWNvbmQg""}],""Binary"":""73-00-65-00-67-00-38-00-36-00-00-00""}}"
259,9566,2021-11-03 08:17:19.3517624,7000,Error,Service Control Manager,System,484,2972,FS03.offsec.lan,2,,,,,,,,,,,,False,"EVTX-to-MITRE-Attack\TA0002-Execution\T1569.002-Service execution\ID7000,7009,7045-Payload deployed via service - Tchopper.evtx","Audit success, classic",0,"{""EventData"":{""Data"":[{""@Name"":""param1"",""#text"":""xpc3QNCg0KI0BwYXJhbSAkTG9nTmFtZSAgICAgICAgICAgIC0+ICBUaGUgRXZlbnQgTG9nDQojQHBhcmFtICRBdmdFdmVudHNQZXJTZWNvbmQgLT4gIFRoZSBhdmcgZXZlbnRzIHBlciBzZWNvbmQg""},{""@Name"":""param2"",""#text"":""%%1053""}],""Binary"":""73-00-65-00-67-00-38-00-36-00-00-00""}}"
260,9567,2021-11-03 08:17:20.4142722,7045,Info,Service Control Manager,System,484,2972,FS03.offsec.lan,2,S-1-5-21-4230534742-2542757381-3142984815-1111,A new service was installed in the system,,,Name: Zm9yIHRoZSBnaXZlbiBsb2cNCiNAcGFyYW0gJFRvdGFsTG9nRXZlbnRzICAgICAtPiAgVGhlIHRvdGFsICMgb2YgZXZlbnRzIGZvciB0aGUgZ2l2ZW4gbG9nDQoNCiMjIyMjIyMjIyMjIyMjIyMjIy,StartType: demand start,Account: LocalSystem,,,,"c:\windows\system32\cmd.exe /c powershell -command ""Get-Service ""seg87"" | select -Expand DisplayName |out-file -append tmp_payload.txt""",False,"EVTX-to-MITRE-Attack\TA0002-Execution\T1569.002-Service execution\ID7000,7009,7045-Payload deployed via service - Tchopper.evtx","Audit success, classic",0,"{""EventData"":{""Data"":[{""@Name"":""ServiceName"",""#text"":""Zm9yIHRoZSBnaXZlbiBsb2cNCiNAcGFyYW0gJFRvdGFsTG9nRXZlbnRzICAgICAtPiAgVGhlIHRvdGFsICMgb2YgZXZlbnRzIGZvciB0aGUgZ2l2ZW4gbG9nDQoNCiMjIyMjIyMjIyMjIyMjIyMjIy""},{""@Name"":""ImagePath"",""#text"":""c:\\windows\\system32\\cmd.exe /c powershell -command \""Get-Service \""seg87\"" | select -Expand DisplayName |out-file -append tmp_payload.txt\""""},{""@Name"":""ServiceType"",""#text"":""user mode service""},{""@Name"":""StartType"",""#text"":""demand start""},{""@Name"":""AccountName"",""#text"":""LocalSystem""}]}}"
261,9568,2021-11-03 08:17:20.7892671,7009,Error,Service Control Manager,System,484,2972,FS03.offsec.lan,2,,,,,,,,,,,,False,"EVTX-to-MITRE-Attack\TA0002-Execution\T1569.002-Service execution\ID7000,7009,7045-Payload deployed via service - Tchopper.evtx","Audit success, classic",0,"{""EventData"":{""Data"":[{""@Name"":""param1"",""#text"":""30000""},{""@Name"":""param2"",""#text"":""Zm9yIHRoZSBnaXZlbiBsb2cNCiNAcGFyYW0gJFRvdGFsTG9nRXZlbnRzICAgICAtPiAgVGhlIHRvdGFsICMgb2YgZXZlbnRzIGZvciB0aGUgZ2l2ZW4gbG9nDQoNCiMjIyMjIyMjIyMjIyMjIyMjIy""}],""Binary"":""73-00-65-00-67-00-38-00-37-00-00-00""}}"
262,9569,2021-11-03 08:17:20.7892671,7000,Error,Service Control Manager,System,484,2972,FS03.offsec.lan,2,,,,,,,,,,,,False,"EVTX-to-MITRE-Attack\TA0002-Execution\T1569.002-Service execution\ID7000,7009,7045-Payload deployed via service - Tchopper.evtx","Audit success, classic",0,"{""EventData"":{""Data"":[{""@Name"":""param1"",""#text"":""Zm9yIHRoZSBnaXZlbiBsb2cNCiNAcGFyYW0gJFRvdGFsTG9nRXZlbnRzICAgICAtPiAgVGhlIHRvdGFsICMgb2YgZXZlbnRzIGZvciB0aGUgZ2l2ZW4gbG9nDQoNCiMjIyMjIyMjIyMjIyMjIyMjIy""},{""@Name"":""param2"",""#text"":""%%1053""}],""Binary"":""73-00-65-00-67-00-38-00-37-00-00-00""}}"
263,9570,2021-11-03 08:17:21.8674711,7045,Info,Service Control Manager,System,484,2972,FS03.offsec.lan,2,S-1-5-21-4230534742-2542757381-3142984815-1111,A new service was installed in the system,,,Name: MjIyMjIyMjIyMjIyMjIyMjIyMjIyMjIyMjIyMjIyMjIyMjIyMjIyMjIyMjIyMjIyMjIyMjIyMjIyMjIyMjIyMjIyMjIyMjIyMjIyMjIyMNCg0KZnVuY3Rpb24gQ3JlYXRlLUxvZ1JlcG9ydCB7IHBh,StartType: demand start,Account: LocalSystem,,,,"c:\windows\system32\cmd.exe /c powershell -command ""Get-Service ""seg88"" | select -Expand DisplayName |out-file -append tmp_payload.txt""",False,"EVTX-to-MITRE-Attack\TA0002-Execution\T1569.002-Service execution\ID7000,7009,7045-Payload deployed via service - Tchopper.evtx","Audit success, classic",0,"{""EventData"":{""Data"":[{""@Name"":""ServiceName"",""#text"":""MjIyMjIyMjIyMjIyMjIyMjIyMjIyMjIyMjIyMjIyMjIyMjIyMjIyMjIyMjIyMjIyMjIyMjIyMjIyMjIyMjIyMjIyMjIyMjIyMjIyMjIyMNCg0KZnVuY3Rpb24gQ3JlYXRlLUxvZ1JlcG9ydCB7IHBh""},{""@Name"":""ImagePath"",""#text"":""c:\\windows\\system32\\cmd.exe /c powershell -command \""Get-Service \""seg88\"" | select -Expand DisplayName |out-file -append tmp_payload.txt\""""},{""@Name"":""ServiceType"",""#text"":""user mode service""},{""@Name"":""StartType"",""#text"":""demand start""},{""@Name"":""AccountName"",""#text"":""LocalSystem""}]}}"
264,9571,2021-11-03 08:17:22.2424729,7009,Error,Service Control Manager,System,484,2972,FS03.offsec.lan,2,,,,,,,,,,,,False,"EVTX-to-MITRE-Attack\TA0002-Execution\T1569.002-Service execution\ID7000,7009,7045-Payload deployed via service - Tchopper.evtx","Audit success, classic",0,"{""EventData"":{""Data"":[{""@Name"":""param1"",""#text"":""30000""},{""@Name"":""param2"",""#text"":""MjIyMjIyMjIyMjIyMjIyMjIyMjIyMjIyMjIyMjIyMjIyMjIyMjIyMjIyMjIyMjIyMjIyMjIyMjIyMjIyMjIyMjIyMjIyMjIyMjIyMjIyMNCg0KZnVuY3Rpb24gQ3JlYXRlLUxvZ1JlcG9ydCB7IHBh""}],""Binary"":""73-00-65-00-67-00-38-00-38-00-00-00""}}"
265,9572,2021-11-03 08:17:22.2424729,7000,Error,Service Control Manager,System,484,2972,FS03.offsec.lan,2,,,,,,,,,,,,False,"EVTX-to-MITRE-Attack\TA0002-Execution\T1569.002-Service execution\ID7000,7009,7045-Payload deployed via service - Tchopper.evtx","Audit success, classic",0,"{""EventData"":{""Data"":[{""@Name"":""param1"",""#text"":""MjIyMjIyMjIyMjIyMjIyMjIyMjIyMjIyMjIyMjIyMjIyMjIyMjIyMjIyMjIyMjIyMjIyMjIyMjIyMjIyMjIyMjIyMjIyMjIyMjIyMjIyMNCg0KZnVuY3Rpb24gQ3JlYXRlLUxvZ1JlcG9ydCB7IHBh""},{""@Name"":""param2"",""#text"":""%%1053""}],""Binary"":""73-00-65-00-67-00-38-00-38-00-00-00""}}"
266,9573,2021-11-03 08:17:23.3252628,7045,Info,Service Control Manager,System,484,2972,FS03.offsec.lan,2,S-1-5-21-4230534742-2542757381-3142984815-1111,A new service was installed in the system,,,Name: cmFtKCRDb21wdXRlcmxpc3QsICRDb21wdXRlckNvdW50LCAkQ29tcHV0ZXJMaXN0VHlwZSwgJE9TKSAgICANCg0KICAgIHRyeSB7DQogICAgICAgIA0KICAgICAgICAkUmVwb3J0ID0gQHt9DQogIC,StartType: demand start,Account: LocalSystem,,,,"c:\windows\system32\cmd.exe /c powershell -command ""Get-Service ""seg89"" | select -Expand DisplayName |out-file -append tmp_payload.txt""",False,"EVTX-to-MITRE-Attack\TA0002-Execution\T1569.002-Service execution\ID7000,7009,7045-Payload deployed via service - Tchopper.evtx","Audit success, classic",0,"{""EventData"":{""Data"":[{""@Name"":""ServiceName"",""#text"":""cmFtKCRDb21wdXRlcmxpc3QsICRDb21wdXRlckNvdW50LCAkQ29tcHV0ZXJMaXN0VHlwZSwgJE9TKSAgICANCg0KICAgIHRyeSB7DQogICAgICAgIA0KICAgICAgICAkUmVwb3J0ID0gQHt9DQogIC""},{""@Name"":""ImagePath"",""#text"":""c:\\windows\\system32\\cmd.exe /c powershell -command \""Get-Service \""seg89\"" | select -Expand DisplayName |out-file -append tmp_payload.txt\""""},{""@Name"":""ServiceType"",""#text"":""user mode service""},{""@Name"":""StartType"",""#text"":""demand start""},{""@Name"":""AccountName"",""#text"":""LocalSystem""}]}}"
267,9574,2021-11-03 08:17:23.6846291,7009,Error,Service Control Manager,System,484,2972,FS03.offsec.lan,2,,,,,,,,,,,,False,"EVTX-to-MITRE-Attack\TA0002-Execution\T1569.002-Service execution\ID7000,7009,7045-Payload deployed via service - Tchopper.evtx","Audit success, classic",0,"{""EventData"":{""Data"":[{""@Name"":""param1"",""#text"":""30000""},{""@Name"":""param2"",""#text"":""cmFtKCRDb21wdXRlcmxpc3QsICRDb21wdXRlckNvdW50LCAkQ29tcHV0ZXJMaXN0VHlwZSwgJE9TKSAgICANCg0KICAgIHRyeSB7DQogICAgICAgIA0KICAgICAgICAkUmVwb3J0ID0gQHt9DQogIC""}],""Binary"":""73-00-65-00-67-00-38-00-39-00-00-00""}}"
268,9575,2021-11-03 08:17:23.6846291,7000,Error,Service Control Manager,System,484,2972,FS03.offsec.lan,2,,,,,,,,,,,,False,"EVTX-to-MITRE-Attack\TA0002-Execution\T1569.002-Service execution\ID7000,7009,7045-Payload deployed via service - Tchopper.evtx","Audit success, classic",0,"{""EventData"":{""Data"":[{""@Name"":""param1"",""#text"":""cmFtKCRDb21wdXRlcmxpc3QsICRDb21wdXRlckNvdW50LCAkQ29tcHV0ZXJMaXN0VHlwZSwgJE9TKSAgICANCg0KICAgIHRyeSB7DQogICAgICAgIA0KICAgICAgICAkUmVwb3J0ID0gQHt9DQogIC""},{""@Name"":""param2"",""#text"":""%%1053""}],""Binary"":""73-00-65-00-67-00-38-00-39-00-00-00""}}"
269,9576,2021-11-03 08:17:24.7623970,7045,Info,Service Control Manager,System,484,2972,FS03.offsec.lan,2,S-1-5-21-4230534742-2542757381-3142984815-1111,A new service was installed in the system,,,Name: AgICAgICRQcm9ncmVzc0NvdW50ID0gMDsgICAgICAgIA0KDQogICAgICAgIGlmICgkQ29tcHV0ZXJMaXN0VHlwZSAtTkUgJExPQ0FMSE9TVF9PUFQpIHsNCg0KICAgICAgICAgICAgJEdsb2JhbDpD,StartType: demand start,Account: LocalSystem,,,,"c:\windows\system32\cmd.exe /c powershell -command ""Get-Service ""seg90"" | select -Expand DisplayName |out-file -append tmp_payload.txt""",False,"EVTX-to-MITRE-Attack\TA0002-Execution\T1569.002-Service execution\ID7000,7009,7045-Payload deployed via service - Tchopper.evtx","Audit success, classic",0,"{""EventData"":{""Data"":[{""@Name"":""ServiceName"",""#text"":""AgICAgICRQcm9ncmVzc0NvdW50ID0gMDsgICAgICAgIA0KDQogICAgICAgIGlmICgkQ29tcHV0ZXJMaXN0VHlwZSAtTkUgJExPQ0FMSE9TVF9PUFQpIHsNCg0KICAgICAgICAgICAgJEdsb2JhbDpD""},{""@Name"":""ImagePath"",""#text"":""c:\\windows\\system32\\cmd.exe /c powershell -command \""Get-Service \""seg90\"" | select -Expand DisplayName |out-file -append tmp_payload.txt\""""},{""@Name"":""ServiceType"",""#text"":""user mode service""},{""@Name"":""StartType"",""#text"":""demand start""},{""@Name"":""AccountName"",""#text"":""LocalSystem""}]}}"
270,9577,2021-11-03 08:17:25.1504699,7009,Error,Service Control Manager,System,484,2972,FS03.offsec.lan,2,,,,,,,,,,,,False,"EVTX-to-MITRE-Attack\TA0002-Execution\T1569.002-Service execution\ID7000,7009,7045-Payload deployed via service - Tchopper.evtx","Audit success, classic",0,"{""EventData"":{""Data"":[{""@Name"":""param1"",""#text"":""30000""},{""@Name"":""param2"",""#text"":""AgICAgICRQcm9ncmVzc0NvdW50ID0gMDsgICAgICAgIA0KDQogICAgICAgIGlmICgkQ29tcHV0ZXJMaXN0VHlwZSAtTkUgJExPQ0FMSE9TVF9PUFQpIHsNCg0KICAgICAgICAgICAgJEdsb2JhbDpD""}],""Binary"":""73-00-65-00-67-00-39-00-30-00-00-00""}}"
271,9578,2021-11-03 08:17:25.1504699,7000,Error,Service Control Manager,System,484,2972,FS03.offsec.lan,2,,,,,,,,,,,,False,"EVTX-to-MITRE-Attack\TA0002-Execution\T1569.002-Service execution\ID7000,7009,7045-Payload deployed via service - Tchopper.evtx","Audit success, classic",0,"{""EventData"":{""Data"":[{""@Name"":""param1"",""#text"":""AgICAgICRQcm9ncmVzc0NvdW50ID0gMDsgICAgICAgIA0KDQogICAgICAgIGlmICgkQ29tcHV0ZXJMaXN0VHlwZSAtTkUgJExPQ0FMSE9TVF9PUFQpIHsNCg0KICAgICAgICAgICAgJEdsb2JhbDpD""},{""@Name"":""param2"",""#text"":""%%1053""}],""Binary"":""73-00-65-00-67-00-39-00-30-00-00-00""}}"
272,9579,2021-11-03 08:17:26.2292639,7045,Info,Service Control Manager,System,484,2972,FS03.offsec.lan,2,S-1-5-21-4230534742-2542757381-3142984815-1111,A new service was installed in the system,,,Name: cmVkID0gR2V0LUNyZWRlbnRpYWwgLU1lc3NhZ2UgIkVudGVyIGFuIGFjY291bnQgd2hpY2ggaGFzIGFjY2VzcyB0byB0aGUgV2luZG93cyBFdmVudCBMb2dzIg0KICAgICAgICB9DQoNCiAgICAgIC,StartType: demand start,Account: LocalSystem,,,,"c:\windows\system32\cmd.exe /c powershell -command ""Get-Service ""seg91"" | select -Expand DisplayName |out-file -append tmp_payload.txt""",False,"EVTX-to-MITRE-Attack\TA0002-Execution\T1569.002-Service execution\ID7000,7009,7045-Payload deployed via service - Tchopper.evtx","Audit success, classic",0,"{""EventData"":{""Data"":[{""@Name"":""ServiceName"",""#text"":""cmVkID0gR2V0LUNyZWRlbnRpYWwgLU1lc3NhZ2UgIkVudGVyIGFuIGFjY291bnQgd2hpY2ggaGFzIGFjY2VzcyB0byB0aGUgV2luZG93cyBFdmVudCBMb2dzIg0KICAgICAgICB9DQoNCiAgICAgIC""},{""@Name"":""ImagePath"",""#text"":""c:\\windows\\system32\\cmd.exe /c powershell -command \""Get-Service \""seg91\"" | select -Expand DisplayName |out-file -append tmp_payload.txt\""""},{""@Name"":""ServiceType"",""#text"":""user mode service""},{""@Name"":""StartType"",""#text"":""demand start""},{""@Name"":""AccountName"",""#text"":""LocalSystem""}]}}"
273,9580,2021-11-03 08:17:26.6198775,7009,Error,Service Control Manager,System,484,2972,FS03.offsec.lan,2,,,,,,,,,,,,False,"EVTX-to-MITRE-Attack\TA0002-Execution\T1569.002-Service execution\ID7000,7009,7045-Payload deployed via service - Tchopper.evtx","Audit success, classic",0,"{""EventData"":{""Data"":[{""@Name"":""param1"",""#text"":""30000""},{""@Name"":""param2"",""#text"":""cmVkID0gR2V0LUNyZWRlbnRpYWwgLU1lc3NhZ2UgIkVudGVyIGFuIGFjY291bnQgd2hpY2ggaGFzIGFjY2VzcyB0byB0aGUgV2luZG93cyBFdmVudCBMb2dzIg0KICAgICAgICB9DQoNCiAgICAgIC""}],""Binary"":""73-00-65-00-67-00-39-00-31-00-00-00""}}"
274,9581,2021-11-03 08:17:26.6198775,7000,Error,Service Control Manager,System,484,2972,FS03.offsec.lan,2,,,,,,,,,,,,False,"EVTX-to-MITRE-Attack\TA0002-Execution\T1569.002-Service execution\ID7000,7009,7045-Payload deployed via service - Tchopper.evtx","Audit success, classic",0,"{""EventData"":{""Data"":[{""@Name"":""param1"",""#text"":""cmVkID0gR2V0LUNyZWRlbnRpYWwgLU1lc3NhZ2UgIkVudGVyIGFuIGFjY291bnQgd2hpY2ggaGFzIGFjY2VzcyB0byB0aGUgV2luZG93cyBFdmVudCBMb2dzIg0KICAgICAgICB9DQoNCiAgICAgIC""},{""@Name"":""param2"",""#text"":""%%1053""}],""Binary"":""73-00-65-00-67-00-39-00-31-00-00-00""}}"
275,9582,2021-11-03 08:17:27.6830177,7045,Info,Service Control Manager,System,484,2972,FS03.offsec.lan,2,S-1-5-21-4230534742-2542757381-3142984815-1111,A new service was installed in the system,,,Name: AgICAgICAgICAgICAgICAgICAgICAgICAgIA0KICAgICAgICBGb3JFYWNoICgkQ29tcHV0ZXIgaW4gJENvbXB1dGVybGlzdCkgew0KICAgICAgICAgICAgDQogICAgICAgICAgICAkUHJvZ3Jlc3ND,StartType: demand start,Account: LocalSystem,,,,"c:\windows\system32\cmd.exe /c powershell -command ""Get-Service ""seg92"" | select -Expand DisplayName |out-file -append tmp_payload.txt""",False,"EVTX-to-MITRE-Attack\TA0002-Execution\T1569.002-Service execution\ID7000,7009,7045-Payload deployed via service - Tchopper.evtx","Audit success, classic",0,"{""EventData"":{""Data"":[{""@Name"":""ServiceName"",""#text"":""AgICAgICAgICAgICAgICAgICAgICAgICAgIA0KICAgICAgICBGb3JFYWNoICgkQ29tcHV0ZXIgaW4gJENvbXB1dGVybGlzdCkgew0KICAgICAgICAgICAgDQogICAgICAgICAgICAkUHJvZ3Jlc3ND""},{""@Name"":""ImagePath"",""#text"":""c:\\windows\\system32\\cmd.exe /c powershell -command \""Get-Service \""seg92\"" | select -Expand DisplayName |out-file -append tmp_payload.txt\""""},{""@Name"":""ServiceType"",""#text"":""user mode service""},{""@Name"":""StartType"",""#text"":""demand start""},{""@Name"":""AccountName"",""#text"":""LocalSystem""}]}}"
276,9583,2021-11-03 08:17:28.0736351,7009,Error,Service Control Manager,System,484,2972,FS03.offsec.lan,2,,,,,,,,,,,,False,"EVTX-to-MITRE-Attack\TA0002-Execution\T1569.002-Service execution\ID7000,7009,7045-Payload deployed via service - Tchopper.evtx","Audit success, classic",0,"{""EventData"":{""Data"":[{""@Name"":""param1"",""#text"":""30000""},{""@Name"":""param2"",""#text"":""AgICAgICAgICAgICAgICAgICAgICAgICAgIA0KICAgICAgICBGb3JFYWNoICgkQ29tcHV0ZXIgaW4gJENvbXB1dGVybGlzdCkgew0KICAgICAgICAgICAgDQogICAgICAgICAgICAkUHJvZ3Jlc3ND""}],""Binary"":""73-00-65-00-67-00-39-00-32-00-00-00""}}"
277,9584,2021-11-03 08:17:28.0736351,7000,Error,Service Control Manager,System,484,2972,FS03.offsec.lan,2,,,,,,,,,,,,False,"EVTX-to-MITRE-Attack\TA0002-Execution\T1569.002-Service execution\ID7000,7009,7045-Payload deployed via service - Tchopper.evtx","Audit success, classic",0,"{""EventData"":{""Data"":[{""@Name"":""param1"",""#text"":""AgICAgICAgICAgICAgICAgICAgICAgICAgIA0KICAgICAgICBGb3JFYWNoICgkQ29tcHV0ZXIgaW4gJENvbXB1dGVybGlzdCkgew0KICAgICAgICAgICAgDQogICAgICAgICAgICAkUHJvZ3Jlc3ND""},{""@Name"":""param2"",""#text"":""%%1053""}],""Binary"":""73-00-65-00-67-00-39-00-32-00-00-00""}}"
278,9585,2021-11-03 08:17:29.1547981,7045,Info,Service Control Manager,System,484,2972,FS03.offsec.lan,2,S-1-5-21-4230534742-2542757381-3142984815-1111,A new service was installed in the system,,,Name: b3VudCA9ICRQcm9ncmVzc0NvdW50ICsgMQ0KDQogICAgICAgICAgICAkUmVtb3RlQ29tcHV0ZXIgPSAkZmFsc2UNCg0KICAgICAgICAgICAgaWYoJFByb2dyZXNzQ291bnQgLUVRIDEpIHsNCiAgIC,StartType: demand start,Account: LocalSystem,,,,"c:\windows\system32\cmd.exe /c powershell -command ""Get-Service ""seg93"" | select -Expand DisplayName |out-file -append tmp_payload.txt""",False,"EVTX-to-MITRE-Attack\TA0002-Execution\T1569.002-Service execution\ID7000,7009,7045-Payload deployed via service - Tchopper.evtx","Audit success, classic",0,"{""EventData"":{""Data"":[{""@Name"":""ServiceName"",""#text"":""b3VudCA9ICRQcm9ncmVzc0NvdW50ICsgMQ0KDQogICAgICAgICAgICAkUmVtb3RlQ29tcHV0ZXIgPSAkZmFsc2UNCg0KICAgICAgICAgICAgaWYoJFByb2dyZXNzQ291bnQgLUVRIDEpIHsNCiAgIC""},{""@Name"":""ImagePath"",""#text"":""c:\\windows\\system32\\cmd.exe /c powershell -command \""Get-Service \""seg93\"" | select -Expand DisplayName |out-file -append tmp_payload.txt\""""},{""@Name"":""ServiceType"",""#text"":""user mode service""},{""@Name"":""StartType"",""#text"":""demand start""},{""@Name"":""AccountName"",""#text"":""LocalSystem""}]}}"
279,9586,2021-11-03 08:17:29.5297995,7009,Error,Service Control Manager,System,484,2972,FS03.offsec.lan,2,,,,,,,,,,,,False,"EVTX-to-MITRE-Attack\TA0002-Execution\T1569.002-Service execution\ID7000,7009,7045-Payload deployed via service - Tchopper.evtx","Audit success, classic",0,"{""EventData"":{""Data"":[{""@Name"":""param1"",""#text"":""30000""},{""@Name"":""param2"",""#text"":""b3VudCA9ICRQcm9ncmVzc0NvdW50ICsgMQ0KDQogICAgICAgICAgICAkUmVtb3RlQ29tcHV0ZXIgPSAkZmFsc2UNCg0KICAgICAgICAgICAgaWYoJFByb2dyZXNzQ291bnQgLUVRIDEpIHsNCiAgIC""}],""Binary"":""73-00-65-00-67-00-39-00-33-00-00-00""}}"
280,9587,2021-11-03 08:17:29.5297995,7000,Error,Service Control Manager,System,484,2972,FS03.offsec.lan,2,,,,,,,,,,,,False,"EVTX-to-MITRE-Attack\TA0002-Execution\T1569.002-Service execution\ID7000,7009,7045-Payload deployed via service - Tchopper.evtx","Audit success, classic",0,"{""EventData"":{""Data"":[{""@Name"":""param1"",""#text"":""b3VudCA9ICRQcm9ncmVzc0NvdW50ICsgMQ0KDQogICAgICAgICAgICAkUmVtb3RlQ29tcHV0ZXIgPSAkZmFsc2UNCg0KICAgICAgICAgICAgaWYoJFByb2dyZXNzQ291bnQgLUVRIDEpIHsNCiAgIC""},{""@Name"":""param2"",""#text"":""%%1053""}],""Binary"":""73-00-65-00-67-00-39-00-33-00-00-00""}}"
281,9588,2021-11-03 08:17:30.6079271,7045,Info,Service Control Manager,System,484,2972,FS03.offsec.lan,2,S-1-5-21-4230534742-2542757381-3142984815-1111,A new service was installed in the system,,,Name: AgICAgICAgICAgICANCiAgICAgICAgICAgICAgICBXcml0ZS1Mb2cgJElORk9fTE9HICJDYWxjdWxhdGluZyAmIFByb2Nlc3NpbmcgTG9nIEVQUyBGb3IgQ29tcHV0ZXIgTGlzdCIgDQogICAgICAg,StartType: demand start,Account: LocalSystem,,,,"c:\windows\system32\cmd.exe /c powershell -command ""Get-Service ""seg94"" | select -Expand DisplayName |out-file -append tmp_payload.txt""",False,"EVTX-to-MITRE-Attack\TA0002-Execution\T1569.002-Service execution\ID7000,7009,7045-Payload deployed via service - Tchopper.evtx","Audit success, classic",0,"{""EventData"":{""Data"":[{""@Name"":""ServiceName"",""#text"":""AgICAgICAgICAgICANCiAgICAgICAgICAgICAgICBXcml0ZS1Mb2cgJElORk9fTE9HICJDYWxjdWxhdGluZyAmIFByb2Nlc3NpbmcgTG9nIEVQUyBGb3IgQ29tcHV0ZXIgTGlzdCIgDQogICAgICAg""},{""@Name"":""ImagePath"",""#text"":""c:\\windows\\system32\\cmd.exe /c powershell -command \""Get-Service \""seg94\"" | select -Expand DisplayName |out-file -append tmp_payload.txt\""""},{""@Name"":""ServiceType"",""#text"":""user mode service""},{""@Name"":""StartType"",""#text"":""demand start""},{""@Name"":""AccountName"",""#text"":""LocalSystem""}]}}"
282,9589,2021-11-03 08:17:30.9673051,7009,Error,Service Control Manager,System,484,2972,FS03.offsec.lan,2,,,,,,,,,,,,False,"EVTX-to-MITRE-Attack\TA0002-Execution\T1569.002-Service execution\ID7000,7009,7045-Payload deployed via service - Tchopper.evtx","Audit success, classic",0,"{""EventData"":{""Data"":[{""@Name"":""param1"",""#text"":""30000""},{""@Name"":""param2"",""#text"":""AgICAgICAgICAgICANCiAgICAgICAgICAgICAgICBXcml0ZS1Mb2cgJElORk9fTE9HICJDYWxjdWxhdGluZyAmIFByb2Nlc3NpbmcgTG9nIEVQUyBGb3IgQ29tcHV0ZXIgTGlzdCIgDQogICAgICAg""}],""Binary"":""73-00-65-00-67-00-39-00-34-00-00-00""}}"
283,9590,2021-11-03 08:17:30.9673051,7000,Error,Service Control Manager,System,484,2972,FS03.offsec.lan,2,,,,,,,,,,,,False,"EVTX-to-MITRE-Attack\TA0002-Execution\T1569.002-Service execution\ID7000,7009,7045-Payload deployed via service - Tchopper.evtx","Audit success, classic",0,"{""EventData"":{""Data"":[{""@Name"":""param1"",""#text"":""AgICAgICAgICAgICANCiAgICAgICAgICAgICAgICBXcml0ZS1Mb2cgJElORk9fTE9HICJDYWxjdWxhdGluZyAmIFByb2Nlc3NpbmcgTG9nIEVQUyBGb3IgQ29tcHV0ZXIgTGlzdCIgDQogICAgICAg""},{""@Name"":""param2"",""#text"":""%%1053""}],""Binary"":""73-00-65-00-67-00-39-00-34-00-00-00""}}"
284,9591,2021-11-03 08:17:32.0384232,7045,Info,Service Control Manager,System,484,2972,FS03.offsec.lan,2,S-1-5-21-4230534742-2542757381-3142984815-1111,A new service was installed in the system,,,Name: ICAgICB9IA0KDQogICAgICAgICAgICBpZiAoJENvbXB1dGVyTGlzdFR5cGUgLU5FICRMT0NBTEhPU1RfT1BUKSB7DQoNCiAgICAgICAgICAgICAgICAkUmVtb3RlQ29tcHV0ZXIgPSAkdHJ1ZQ0KIC,StartType: demand start,Account: LocalSystem,,,,"c:\windows\system32\cmd.exe /c powershell -command ""Get-Service ""seg95"" | select -Expand DisplayName |out-file -append tmp_payload.txt""",False,"EVTX-to-MITRE-Attack\TA0002-Execution\T1569.002-Service execution\ID7000,7009,7045-Payload deployed via service - Tchopper.evtx","Audit success, classic",0,"{""EventData"":{""Data"":[{""@Name"":""ServiceName"",""#text"":""ICAgICB9IA0KDQogICAgICAgICAgICBpZiAoJENvbXB1dGVyTGlzdFR5cGUgLU5FICRMT0NBTEhPU1RfT1BUKSB7DQoNCiAgICAgICAgICAgICAgICAkUmVtb3RlQ29tcHV0ZXIgPSAkdHJ1ZQ0KIC""},{""@Name"":""ImagePath"",""#text"":""c:\\windows\\system32\\cmd.exe /c powershell -command \""Get-Service \""seg95\"" | select -Expand DisplayName |out-file -append tmp_payload.txt\""""},{""@Name"":""ServiceType"",""#text"":""user mode service""},{""@Name"":""StartType"",""#text"":""demand start""},{""@Name"":""AccountName"",""#text"":""LocalSystem""}]}}"
285,9592,2021-11-03 08:17:32.4134409,7009,Error,Service Control Manager,System,484,2972,FS03.offsec.lan,2,,,,,,,,,,,,False,"EVTX-to-MITRE-Attack\TA0002-Execution\T1569.002-Service execution\ID7000,7009,7045-Payload deployed via service - Tchopper.evtx","Audit success, classic",0,"{""EventData"":{""Data"":[{""@Name"":""param1"",""#text"":""30000""},{""@Name"":""param2"",""#text"":""ICAgICB9IA0KDQogICAgICAgICAgICBpZiAoJENvbXB1dGVyTGlzdFR5cGUgLU5FICRMT0NBTEhPU1RfT1BUKSB7DQoNCiAgICAgICAgICAgICAgICAkUmVtb3RlQ29tcHV0ZXIgPSAkdHJ1ZQ0KIC""}],""Binary"":""73-00-65-00-67-00-39-00-35-00-00-00""}}"
286,9593,2021-11-03 08:17:32.4134409,7000,Error,Service Control Manager,System,484,2972,FS03.offsec.lan,2,,,,,,,,,,,,False,"EVTX-to-MITRE-Attack\TA0002-Execution\T1569.002-Service execution\ID7000,7009,7045-Payload deployed via service - Tchopper.evtx","Audit success, classic",0,"{""EventData"":{""Data"":[{""@Name"":""param1"",""#text"":""ICAgICB9IA0KDQogICAgICAgICAgICBpZiAoJENvbXB1dGVyTGlzdFR5cGUgLU5FICRMT0NBTEhPU1RfT1BUKSB7DQoNCiAgICAgICAgICAgICAgICAkUmVtb3RlQ29tcHV0ZXIgPSAkdHJ1ZQ0KIC""},{""@Name"":""param2"",""#text"":""%%1053""}],""Binary"":""73-00-65-00-67-00-39-00-35-00-00-00""}}"
287,9594,2021-11-03 08:17:33.4915354,7045,Info,Service Control Manager,System,484,2972,FS03.offsec.lan,2,S-1-5-21-4230534742-2542757381-3142984815-1111,A new service was installed in the system,,,Name: AgICAgICAgICAgDQogICAgICAgICAgICAgICAgJExvZ2luID0gVGVzdC1Ib3N0Q29ubmVjdGlvbiAkQ29tcHV0ZXINCg0KICAgICAgICAgICAgICAgIGlmICghJExvZ2luKSB7DQogICAgICAgICAg,StartType: demand start,Account: LocalSystem,,,,"c:\windows\system32\cmd.exe /c powershell -command ""Get-Service ""seg96"" | select -Expand DisplayName |out-file -append tmp_payload.txt""",False,"EVTX-to-MITRE-Attack\TA0002-Execution\T1569.002-Service execution\ID7000,7009,7045-Payload deployed via service - Tchopper.evtx","Audit success, classic",0,"{""EventData"":{""Data"":[{""@Name"":""ServiceName"",""#text"":""AgICAgICAgICAgDQogICAgICAgICAgICAgICAgJExvZ2luID0gVGVzdC1Ib3N0Q29ubmVjdGlvbiAkQ29tcHV0ZXINCg0KICAgICAgICAgICAgICAgIGlmICghJExvZ2luKSB7DQogICAgICAgICAg""},{""@Name"":""ImagePath"",""#text"":""c:\\windows\\system32\\cmd.exe /c powershell -command \""Get-Service \""seg96\"" | select -Expand DisplayName |out-file -append tmp_payload.txt\""""},{""@Name"":""ServiceType"",""#text"":""user mode service""},{""@Name"":""StartType"",""#text"":""demand start""},{""@Name"":""AccountName"",""#text"":""LocalSystem""}]}}"
288,9595,2021-11-03 08:17:33.8665382,7009,Error,Service Control Manager,System,484,2972,FS03.offsec.lan,2,,,,,,,,,,,,False,"EVTX-to-MITRE-Attack\TA0002-Execution\T1569.002-Service execution\ID7000,7009,7045-Payload deployed via service - Tchopper.evtx","Audit success, classic",0,"{""EventData"":{""Data"":[{""@Name"":""param1"",""#text"":""30000""},{""@Name"":""param2"",""#text"":""AgICAgICAgICAgDQogICAgICAgICAgICAgICAgJExvZ2luID0gVGVzdC1Ib3N0Q29ubmVjdGlvbiAkQ29tcHV0ZXINCg0KICAgICAgICAgICAgICAgIGlmICghJExvZ2luKSB7DQogICAgICAgICAg""}],""Binary"":""73-00-65-00-67-00-39-00-36-00-00-00""}}"
289,9596,2021-11-03 08:17:33.8665382,7000,Error,Service Control Manager,System,484,2972,FS03.offsec.lan,2,,,,,,,,,,,,False,"EVTX-to-MITRE-Attack\TA0002-Execution\T1569.002-Service execution\ID7000,7009,7045-Payload deployed via service - Tchopper.evtx","Audit success, classic",0,"{""EventData"":{""Data"":[{""@Name"":""param1"",""#text"":""AgICAgICAgICAgDQogICAgICAgICAgICAgICAgJExvZ2luID0gVGVzdC1Ib3N0Q29ubmVjdGlvbiAkQ29tcHV0ZXINCg0KICAgICAgICAgICAgICAgIGlmICghJExvZ2luKSB7DQogICAgICAgICAg""},{""@Name"":""param2"",""#text"":""%%1053""}],""Binary"":""73-00-65-00-67-00-39-00-36-00-00-00""}}"
290,9597,2021-11-03 08:17:34.9386698,7045,Info,Service Control Manager,System,484,2972,FS03.offsec.lan,3,S-1-5-21-4230534742-2542757381-3142984815-1111,A new service was installed in the system,,,Name: ICAgICAgICAgIGNvbnRpbnVlICAgICAgICAgICAgICAgIA0KICAgICAgICAgICAgICAgIH0NCiAgICAgICAgICAgIH0NCiAgICAgICAgICAgIA0KICAgICAgICAgICAgIyBHZXQgU2VydmVyIE9TIG,StartType: demand start,Account: LocalSystem,,,,"c:\windows\system32\cmd.exe /c powershell -command ""Get-Service ""seg97"" | select -Expand DisplayName |out-file -append tmp_payload.txt""",False,"EVTX-to-MITRE-Attack\TA0002-Execution\T1569.002-Service execution\ID7000,7009,7045-Payload deployed via service - Tchopper.evtx","Audit success, classic",0,"{""EventData"":{""Data"":[{""@Name"":""ServiceName"",""#text"":""ICAgICAgICAgIGNvbnRpbnVlICAgICAgICAgICAgICAgIA0KICAgICAgICAgICAgICAgIH0NCiAgICAgICAgICAgIH0NCiAgICAgICAgICAgIA0KICAgICAgICAgICAgIyBHZXQgU2VydmVyIE9TIG""},{""@Name"":""ImagePath"",""#text"":""c:\\windows\\system32\\cmd.exe /c powershell -command \""Get-Service \""seg97\"" | select -Expand DisplayName |out-file -append tmp_payload.txt\""""},{""@Name"":""ServiceType"",""#text"":""user mode service""},{""@Name"":""StartType"",""#text"":""demand start""},{""@Name"":""AccountName"",""#text"":""LocalSystem""}]}}"
291,9598,2021-11-03 08:17:35.3136633,7009,Error,Service Control Manager,System,484,2972,FS03.offsec.lan,3,,,,,,,,,,,,False,"EVTX-to-MITRE-Attack\TA0002-Execution\T1569.002-Service execution\ID7000,7009,7045-Payload deployed via service - Tchopper.evtx","Audit success, classic",0,"{""EventData"":{""Data"":[{""@Name"":""param1"",""#text"":""30000""},{""@Name"":""param2"",""#text"":""ICAgICAgICAgIGNvbnRpbnVlICAgICAgICAgICAgICAgIA0KICAgICAgICAgICAgICAgIH0NCiAgICAgICAgICAgIH0NCiAgICAgICAgICAgIA0KICAgICAgICAgICAgIyBHZXQgU2VydmVyIE9TIG""}],""Binary"":""73-00-65-00-67-00-39-00-37-00-00-00""}}"
292,9599,2021-11-03 08:17:35.3136633,7000,Error,Service Control Manager,System,484,2972,FS03.offsec.lan,3,,,,,,,,,,,,False,"EVTX-to-MITRE-Attack\TA0002-Execution\T1569.002-Service execution\ID7000,7009,7045-Payload deployed via service - Tchopper.evtx","Audit success, classic",0,"{""EventData"":{""Data"":[{""@Name"":""param1"",""#text"":""ICAgICAgICAgIGNvbnRpbnVlICAgICAgICAgICAgICAgIA0KICAgICAgICAgICAgICAgIH0NCiAgICAgICAgICAgIH0NCiAgICAgICAgICAgIA0KICAgICAgICAgICAgIyBHZXQgU2VydmVyIE9TIG""},{""@Name"":""param2"",""#text"":""%%1053""}],""Binary"":""73-00-65-00-67-00-39-00-37-00-00-00""}}"
293,9600,2021-11-03 08:17:36.3917820,7045,Info,Service Control Manager,System,484,2972,FS03.offsec.lan,3,S-1-5-21-4230534742-2542757381-3142984815-1111,A new service was installed in the system,,,Name: lmIG5vdCBhbHJlYWR5IGdhdGhlcmVkDQogICAgICAgICAgICBpZiAoJENvbXB1dGVyTGlzdFR5cGUgLWVxICRGSUxFX09QVCkgew0KICAgICAgICAgICAgICAgIFdyaXRlLUxvZyAkSU5GT19MT0cg,StartType: demand start,Account: LocalSystem,,,,"c:\windows\system32\cmd.exe /c powershell -command ""Get-Service ""seg98"" | select -Expand DisplayName |out-file -append tmp_payload.txt""",False,"EVTX-to-MITRE-Attack\TA0002-Execution\T1569.002-Service execution\ID7000,7009,7045-Payload deployed via service - Tchopper.evtx","Audit success, classic",0,"{""EventData"":{""Data"":[{""@Name"":""ServiceName"",""#text"":""lmIG5vdCBhbHJlYWR5IGdhdGhlcmVkDQogICAgICAgICAgICBpZiAoJENvbXB1dGVyTGlzdFR5cGUgLWVxICRGSUxFX09QVCkgew0KICAgICAgICAgICAgICAgIFdyaXRlLUxvZyAkSU5GT19MT0cg""},{""@Name"":""ImagePath"",""#text"":""c:\\windows\\system32\\cmd.exe /c powershell -command \""Get-Service \""seg98\"" | select -Expand DisplayName |out-file -append tmp_payload.txt\""""},{""@Name"":""ServiceType"",""#text"":""user mode service""},{""@Name"":""StartType"",""#text"":""demand start""},{""@Name"":""AccountName"",""#text"":""LocalSystem""}]}}"
294,9601,2021-11-03 08:17:36.7667843,7009,Error,Service Control Manager,System,484,2972,FS03.offsec.lan,3,,,,,,,,,,,,False,"EVTX-to-MITRE-Attack\TA0002-Execution\T1569.002-Service execution\ID7000,7009,7045-Payload deployed via service - Tchopper.evtx","Audit success, classic",528,"{""EventData"":{""Data"":[{""@Name"":""param1"",""#text"":""30000""},{""@Name"":""param2"",""#text"":""lmIG5vdCBhbHJlYWR5IGdhdGhlcmVkDQogICAgICAgICAgICBpZiAoJENvbXB1dGVyTGlzdFR5cGUgLWVxICRGSUxFX09QVCkgew0KICAgICAgICAgICAgICAgIFdyaXRlLUxvZyAkSU5GT19MT0cg""}],""Binary"":""73-00-65-00-67-00-39-00-38-00-00-00""}}"
295,9602,2021-11-03 08:17:36.7667843,7000,Error,Service Control Manager,System,484,2972,FS03.offsec.lan,3,,,,,,,,,,,,False,"EVTX-to-MITRE-Attack\TA0002-Execution\T1569.002-Service execution\ID7000,7009,7045-Payload deployed via service - Tchopper.evtx","Audit success, classic",528,"{""EventData"":{""Data"":[{""@Name"":""param1"",""#text"":""lmIG5vdCBhbHJlYWR5IGdhdGhlcmVkDQogICAgICAgICAgICBpZiAoJENvbXB1dGVyTGlzdFR5cGUgLWVxICRGSUxFX09QVCkgew0KICAgICAgICAgICAgICAgIFdyaXRlLUxvZyAkSU5GT19MT0cg""},{""@Name"":""param2"",""#text"":""%%1053""}],""Binary"":""73-00-65-00-67-00-39-00-38-00-00-00""}}"
296,9603,2021-11-03 08:17:37.8453019,7045,Info,Service Control Manager,System,484,2972,FS03.offsec.lan,3,S-1-5-21-4230534742-2542757381-3142984815-1111,A new service was installed in the system,,,Name: IkdldHRpbmcgT1MgSW5mb3JtYXRpb24gZm9yICRDb21wdXRlciINCiAgICAgICAgICAgICAgICAkT1MgPSAoR2V0LVdtaU9iamVjdCBXaW4zMl9PcGVyYXRpbmdTeXN0ZW0gLWNvbXB1dGVybmFtZS,StartType: demand start,Account: LocalSystem,,,,"c:\windows\system32\cmd.exe /c powershell -command ""Get-Service ""seg99"" | select -Expand DisplayName |out-file -append tmp_payload.txt""",False,"EVTX-to-MITRE-Attack\TA0002-Execution\T1569.002-Service execution\ID7000,7009,7045-Payload deployed via service - Tchopper.evtx","Audit success, classic",0,"{""EventData"":{""Data"":[{""@Name"":""ServiceName"",""#text"":""IkdldHRpbmcgT1MgSW5mb3JtYXRpb24gZm9yICRDb21wdXRlciINCiAgICAgICAgICAgICAgICAkT1MgPSAoR2V0LVdtaU9iamVjdCBXaW4zMl9PcGVyYXRpbmdTeXN0ZW0gLWNvbXB1dGVybmFtZS""},{""@Name"":""ImagePath"",""#text"":""c:\\windows\\system32\\cmd.exe /c powershell -command \""Get-Service \""seg99\"" | select -Expand DisplayName |out-file -append tmp_payload.txt\""""},{""@Name"":""ServiceType"",""#text"":""user mode service""},{""@Name"":""StartType"",""#text"":""demand start""},{""@Name"":""AccountName"",""#text"":""LocalSystem""}]}}"
297,9604,2021-11-03 08:17:38.2204361,7009,Error,Service Control Manager,System,484,2972,FS03.offsec.lan,3,,,,,,,,,,,,False,"EVTX-to-MITRE-Attack\TA0002-Execution\T1569.002-Service execution\ID7000,7009,7045-Payload deployed via service - Tchopper.evtx","Audit success, classic",0,"{""EventData"":{""Data"":[{""@Name"":""param1"",""#text"":""30000""},{""@Name"":""param2"",""#text"":""IkdldHRpbmcgT1MgSW5mb3JtYXRpb24gZm9yICRDb21wdXRlciINCiAgICAgICAgICAgICAgICAkT1MgPSAoR2V0LVdtaU9iamVjdCBXaW4zMl9PcGVyYXRpbmdTeXN0ZW0gLWNvbXB1dGVybmFtZS""}],""Binary"":""73-00-65-00-67-00-39-00-39-00-00-00""}}"
298,9605,2021-11-03 08:17:38.2204361,7000,Error,Service Control Manager,System,484,2972,FS03.offsec.lan,3,,,,,,,,,,,,False,"EVTX-to-MITRE-Attack\TA0002-Execution\T1569.002-Service execution\ID7000,7009,7045-Payload deployed via service - Tchopper.evtx","Audit success, classic",0,"{""EventData"":{""Data"":[{""@Name"":""param1"",""#text"":""IkdldHRpbmcgT1MgSW5mb3JtYXRpb24gZm9yICRDb21wdXRlciINCiAgICAgICAgICAgICAgICAkT1MgPSAoR2V0LVdtaU9iamVjdCBXaW4zMl9PcGVyYXRpbmdTeXN0ZW0gLWNvbXB1dGVybmFtZS""},{""@Name"":""param2"",""#text"":""%%1053""}],""Binary"":""73-00-65-00-67-00-39-00-39-00-00-00""}}"
299,9606,2021-11-03 08:17:39.2829324,7045,Info,Service Control Manager,System,484,2972,FS03.offsec.lan,3,S-1-5-21-4230534742-2542757381-3142984815-1111,A new service was installed in the system,,,Name: AkQ29tcHV0ZXIgLUNyZWRlbnRpYWwgJEdsb2JhbDpDcmVkKS5DYXB0aW9uDQogICAgICAgICAgICAgICAgV3JpdGUtTG9nICRJTkZPX0xPRyAiJE9TIg0KICAgICAgICAgICAgfQ0KICAgICAgICAg,StartType: demand start,Account: LocalSystem,,,,"c:\windows\system32\cmd.exe /c powershell -command ""Get-Service ""seg100"" | select -Expand DisplayName |out-file -append tmp_payload.txt""",False,"EVTX-to-MITRE-Attack\TA0002-Execution\T1569.002-Service execution\ID7000,7009,7045-Payload deployed via service - Tchopper.evtx","Audit success, classic",0,"{""EventData"":{""Data"":[{""@Name"":""ServiceName"",""#text"":""AkQ29tcHV0ZXIgLUNyZWRlbnRpYWwgJEdsb2JhbDpDcmVkKS5DYXB0aW9uDQogICAgICAgICAgICAgICAgV3JpdGUtTG9nICRJTkZPX0xPRyAiJE9TIg0KICAgICAgICAgICAgfQ0KICAgICAgICAg""},{""@Name"":""ImagePath"",""#text"":""c:\\windows\\system32\\cmd.exe /c powershell -command \""Get-Service \""seg100\"" | select -Expand DisplayName |out-file -append tmp_payload.txt\""""},{""@Name"":""ServiceType"",""#text"":""user mode service""},{""@Name"":""StartType"",""#text"":""demand start""},{""@Name"":""AccountName"",""#text"":""LocalSystem""}]}}"
300,9607,2021-11-03 08:17:39.6652033,7009,Error,Service Control Manager,System,484,2972,FS03.offsec.lan,3,,,,,,,,,,,,False,"EVTX-to-MITRE-Attack\TA0002-Execution\T1569.002-Service execution\ID7000,7009,7045-Payload deployed via service - Tchopper.evtx","Audit success, classic",0,"{""EventData"":{""Data"":[{""@Name"":""param1"",""#text"":""30000""},{""@Name"":""param2"",""#text"":""AkQ29tcHV0ZXIgLUNyZWRlbnRpYWwgJEdsb2JhbDpDcmVkKS5DYXB0aW9uDQogICAgICAgICAgICAgICAgV3JpdGUtTG9nICRJTkZPX0xPRyAiJE9TIg0KICAgICAgICAgICAgfQ0KICAgICAgICAg""}],""Binary"":""73-00-65-00-67-00-31-00-30-00-30-00-00-00""}}"
301,9608,2021-11-03 08:17:39.6652033,7000,Error,Service Control Manager,System,484,2972,FS03.offsec.lan,3,,,,,,,,,,,,False,"EVTX-to-MITRE-Attack\TA0002-Execution\T1569.002-Service execution\ID7000,7009,7045-Payload deployed via service - Tchopper.evtx","Audit success, classic",0,"{""EventData"":{""Data"":[{""@Name"":""param1"",""#text"":""AkQ29tcHV0ZXIgLUNyZWRlbnRpYWwgJEdsb2JhbDpDcmVkKS5DYXB0aW9uDQogICAgICAgICAgICAgICAgV3JpdGUtTG9nICRJTkZPX0xPRyAiJE9TIg0KICAgICAgICAgICAgfQ0KICAgICAgICAg""},{""@Name"":""param2"",""#text"":""%%1053""}],""Binary"":""73-00-65-00-67-00-31-00-30-00-30-00-00-00""}}"
302,9609,2021-11-03 08:17:40.7315170,7045,Info,Service Control Manager,System,484,2972,FS03.offsec.lan,3,S-1-5-21-4230534742-2542757381-3142984815-1111,A new service was installed in the system,,,Name: ICAgDQogICAgICAgICAgICBpZiAoJENvbXB1dGVyTGlzdFR5cGUgLWVxICRMT0NBTEhPU1RfT1BUKSB7DQogICAgICAgICAgICAgICAgV3JpdGUtTG9nICRJTkZPX0xPRyAiR2V0dGluZyBPUyBJbm,StartType: demand start,Account: LocalSystem,,,,"c:\windows\system32\cmd.exe /c powershell -command ""Get-Service ""seg101"" | select -Expand DisplayName |out-file -append tmp_payload.txt""",False,"EVTX-to-MITRE-Attack\TA0002-Execution\T1569.002-Service execution\ID7000,7009,7045-Payload deployed via service - Tchopper.evtx","Audit success, classic",0,"{""EventData"":{""Data"":[{""@Name"":""ServiceName"",""#text"":""ICAgDQogICAgICAgICAgICBpZiAoJENvbXB1dGVyTGlzdFR5cGUgLWVxICRMT0NBTEhPU1RfT1BUKSB7DQogICAgICAgICAgICAgICAgV3JpdGUtTG9nICRJTkZPX0xPRyAiR2V0dGluZyBPUyBJbm""},{""@Name"":""ImagePath"",""#text"":""c:\\windows\\system32\\cmd.exe /c powershell -command \""Get-Service \""seg101\"" | select -Expand DisplayName |out-file -append tmp_payload.txt\""""},{""@Name"":""ServiceType"",""#text"":""user mode service""},{""@Name"":""StartType"",""#text"":""demand start""},{""@Name"":""AccountName"",""#text"":""LocalSystem""}]}}"
303,9610,2021-11-03 08:17:41.1065356,7009,Error,Service Control Manager,System,484,2972,FS03.offsec.lan,3,,,,,,,,,,,,False,"EVTX-to-MITRE-Attack\TA0002-Execution\T1569.002-Service execution\ID7000,7009,7045-Payload deployed via service - Tchopper.evtx","Audit success, classic",0,"{""EventData"":{""Data"":[{""@Name"":""param1"",""#text"":""30000""},{""@Name"":""param2"",""#text"":""ICAgDQogICAgICAgICAgICBpZiAoJENvbXB1dGVyTGlzdFR5cGUgLWVxICRMT0NBTEhPU1RfT1BUKSB7DQogICAgICAgICAgICAgICAgV3JpdGUtTG9nICRJTkZPX0xPRyAiR2V0dGluZyBPUyBJbm""}],""Binary"":""73-00-65-00-67-00-31-00-30-00-31-00-00-00""}}"
304,9611,2021-11-03 08:17:41.1065356,7000,Error,Service Control Manager,System,484,2972,FS03.offsec.lan,3,,,,,,,,,,,,False,"EVTX-to-MITRE-Attack\TA0002-Execution\T1569.002-Service execution\ID7000,7009,7045-Payload deployed via service - Tchopper.evtx","Audit success, classic",0,"{""EventData"":{""Data"":[{""@Name"":""param1"",""#text"":""ICAgDQogICAgICAgICAgICBpZiAoJENvbXB1dGVyTGlzdFR5cGUgLWVxICRMT0NBTEhPU1RfT1BUKSB7DQogICAgICAgICAgICAgICAgV3JpdGUtTG9nICRJTkZPX0xPRyAiR2V0dGluZyBPUyBJbm""},{""@Name"":""param2"",""#text"":""%%1053""}],""Binary"":""73-00-65-00-67-00-31-00-30-00-31-00-00-00""}}"
305,9612,2021-11-03 08:17:42.1846487,7045,Info,Service Control Manager,System,484,2972,FS03.offsec.lan,3,S-1-5-21-4230534742-2542757381-3142984815-1111,A new service was installed in the system,,,Name: Zvcm1hdGlvbiBmb3IgJENvbXB1dGVyIg0KICAgICAgICAgICAgICAgICRPUyA9IChHZXQtV21pT2JqZWN0IFdpbjMyX09wZXJhdGluZ1N5c3RlbSkuQ2FwdGlvbg0KICAgICAgICAgICAgICAgIFdy,StartType: demand start,Account: LocalSystem,,,,"c:\windows\system32\cmd.exe /c powershell -command ""Get-Service ""seg102"" | select -Expand DisplayName |out-file -append tmp_payload.txt""",False,"EVTX-to-MITRE-Attack\TA0002-Execution\T1569.002-Service execution\ID7000,7009,7045-Payload deployed via service - Tchopper.evtx","Audit success, classic",0,"{""EventData"":{""Data"":[{""@Name"":""ServiceName"",""#text"":""Zvcm1hdGlvbiBmb3IgJENvbXB1dGVyIg0KICAgICAgICAgICAgICAgICRPUyA9IChHZXQtV21pT2JqZWN0IFdpbjMyX09wZXJhdGluZ1N5c3RlbSkuQ2FwdGlvbg0KICAgICAgICAgICAgICAgIFdy""},{""@Name"":""ImagePath"",""#text"":""c:\\windows\\system32\\cmd.exe /c powershell -command \""Get-Service \""seg102\"" | select -Expand DisplayName |out-file -append tmp_payload.txt\""""},{""@Name"":""ServiceType"",""#text"":""user mode service""},{""@Name"":""StartType"",""#text"":""demand start""},{""@Name"":""AccountName"",""#text"":""LocalSystem""}]}}"
306,9613,2021-11-03 08:17:42.5596445,7009,Error,Service Control Manager,System,484,2972,FS03.offsec.lan,3,,,,,,,,,,,,False,"EVTX-to-MITRE-Attack\TA0002-Execution\T1569.002-Service execution\ID7000,7009,7045-Payload deployed via service - Tchopper.evtx","Audit success, classic",0,"{""EventData"":{""Data"":[{""@Name"":""param1"",""#text"":""30000""},{""@Name"":""param2"",""#text"":""Zvcm1hdGlvbiBmb3IgJENvbXB1dGVyIg0KICAgICAgICAgICAgICAgICRPUyA9IChHZXQtV21pT2JqZWN0IFdpbjMyX09wZXJhdGluZ1N5c3RlbSkuQ2FwdGlvbg0KICAgICAgICAgICAgICAgIFdy""}],""Binary"":""73-00-65-00-67-00-31-00-30-00-32-00-00-00""}}"
307,9614,2021-11-03 08:17:42.5596445,7000,Error,Service Control Manager,System,484,2972,FS03.offsec.lan,3,,,,,,,,,,,,False,"EVTX-to-MITRE-Attack\TA0002-Execution\T1569.002-Service execution\ID7000,7009,7045-Payload deployed via service - Tchopper.evtx","Audit success, classic",0,"{""EventData"":{""Data"":[{""@Name"":""param1"",""#text"":""Zvcm1hdGlvbiBmb3IgJENvbXB1dGVyIg0KICAgICAgICAgICAgICAgICRPUyA9IChHZXQtV21pT2JqZWN0IFdpbjMyX09wZXJhdGluZ1N5c3RlbSkuQ2FwdGlvbg0KICAgICAgICAgICAgICAgIFdy""},{""@Name"":""param2"",""#text"":""%%1053""}],""Binary"":""73-00-65-00-67-00-31-00-30-00-32-00-00-00""}}"
308,9615,2021-11-03 08:17:43.6231911,7045,Info,Service Control Manager,System,484,2972,FS03.offsec.lan,3,S-1-5-21-4230534742-2542757381-3142984815-1111,A new service was installed in the system,,,Name: aXRlLUxvZyAkSU5GT19MT0cgIiRPUyINCiAgICAgICAgICAgIH0NCiAgICAgICAgICAgIA0KICAgICAgICAgICAgaWYgKCRDb21wdXRlckxpc3RUeXBlIC1lcSAkRE9NQUlOX09QVCkgew0KICAgIC,StartType: demand start,Account: LocalSystem,,,,"c:\windows\system32\cmd.exe /c powershell -command ""Get-Service ""seg103"" | select -Expand DisplayName |out-file -append tmp_payload.txt""",False,"EVTX-to-MITRE-Attack\TA0002-Execution\T1569.002-Service execution\ID7000,7009,7045-Payload deployed via service - Tchopper.evtx","Audit success, classic",0,"{""EventData"":{""Data"":[{""@Name"":""ServiceName"",""#text"":""aXRlLUxvZyAkSU5GT19MT0cgIiRPUyINCiAgICAgICAgICAgIH0NCiAgICAgICAgICAgIA0KICAgICAgICAgICAgaWYgKCRDb21wdXRlckxpc3RUeXBlIC1lcSAkRE9NQUlOX09QVCkgew0KICAgIC""},{""@Name"":""ImagePath"",""#text"":""c:\\windows\\system32\\cmd.exe /c powershell -command \""Get-Service \""seg103\"" | select -Expand DisplayName |out-file -append tmp_payload.txt\""""},{""@Name"":""ServiceType"",""#text"":""user mode service""},{""@Name"":""StartType"",""#text"":""demand start""},{""@Name"":""AccountName"",""#text"":""LocalSystem""}]}}"
309,9616,2021-11-03 08:17:43.9981870,7009,Error,Service Control Manager,System,484,2972,FS03.offsec.lan,3,,,,,,,,,,,,False,"EVTX-to-MITRE-Attack\TA0002-Execution\T1569.002-Service execution\ID7000,7009,7045-Payload deployed via service - Tchopper.evtx","Audit success, classic",0,"{""EventData"":{""Data"":[{""@Name"":""param1"",""#text"":""30000""},{""@Name"":""param2"",""#text"":""aXRlLUxvZyAkSU5GT19MT0cgIiRPUyINCiAgICAgICAgICAgIH0NCiAgICAgICAgICAgIA0KICAgICAgICAgICAgaWYgKCRDb21wdXRlckxpc3RUeXBlIC1lcSAkRE9NQUlOX09QVCkgew0KICAgIC""}],""Binary"":""73-00-65-00-67-00-31-00-30-00-33-00-00-00""}}"
310,9617,2021-11-03 08:17:43.9981870,7000,Error,Service Control Manager,System,484,2972,FS03.offsec.lan,3,,,,,,,,,,,,False,"EVTX-to-MITRE-Attack\TA0002-Execution\T1569.002-Service execution\ID7000,7009,7045-Payload deployed via service - Tchopper.evtx","Audit success, classic",0,"{""EventData"":{""Data"":[{""@Name"":""param1"",""#text"":""aXRlLUxvZyAkSU5GT19MT0cgIiRPUyINCiAgICAgICAgICAgIH0NCiAgICAgICAgICAgIA0KICAgICAgICAgICAgaWYgKCRDb21wdXRlckxpc3RUeXBlIC1lcSAkRE9NQUlOX09QVCkgew0KICAgIC""},{""@Name"":""param2"",""#text"":""%%1053""}],""Binary"":""73-00-65-00-67-00-31-00-30-00-33-00-00-00""}}"
311,9618,2021-11-03 08:17:45.0638739,7045,Info,Service Control Manager,System,484,3168,FS03.offsec.lan,3,S-1-5-21-4230534742-2542757381-3142984815-1111,A new service was installed in the system,,,Name: AgICAgICAgICAgIFdyaXRlLUxvZyAkSU5GT19MT0cgIkdldHRpbmcgT1MgSW5mb3JtYXRpb24gZm9yICRDb21wdXRlciINCiAgICAgICAgICAgICAgICAjJE9TID0gKEdldC1XbWlPYmplY3QgV2lu,StartType: demand start,Account: LocalSystem,,,,"c:\windows\system32\cmd.exe /c powershell -command ""Get-Service ""seg104"" | select -Expand DisplayName |out-file -append tmp_payload.txt""",False,"EVTX-to-MITRE-Attack\TA0002-Execution\T1569.002-Service execution\ID7000,7009,7045-Payload deployed via service - Tchopper.evtx","Audit success, classic",0,"{""EventData"":{""Data"":[{""@Name"":""ServiceName"",""#text"":""AgICAgICAgICAgIFdyaXRlLUxvZyAkSU5GT19MT0cgIkdldHRpbmcgT1MgSW5mb3JtYXRpb24gZm9yICRDb21wdXRlciINCiAgICAgICAgICAgICAgICAjJE9TID0gKEdldC1XbWlPYmplY3QgV2lu""},{""@Name"":""ImagePath"",""#text"":""c:\\windows\\system32\\cmd.exe /c powershell -command \""Get-Service \""seg104\"" | select -Expand DisplayName |out-file -append tmp_payload.txt\""""},{""@Name"":""ServiceType"",""#text"":""user mode service""},{""@Name"":""StartType"",""#text"":""demand start""},{""@Name"":""AccountName"",""#text"":""LocalSystem""}]}}"
312,9619,2021-11-03 08:17:45.4388757,7009,Error,Service Control Manager,System,484,3168,FS03.offsec.lan,3,,,,,,,,,,,,False,"EVTX-to-MITRE-Attack\TA0002-Execution\T1569.002-Service execution\ID7000,7009,7045-Payload deployed via service - Tchopper.evtx","Audit success, classic",0,"{""EventData"":{""Data"":[{""@Name"":""param1"",""#text"":""30000""},{""@Name"":""param2"",""#text"":""AgICAgICAgICAgIFdyaXRlLUxvZyAkSU5GT19MT0cgIkdldHRpbmcgT1MgSW5mb3JtYXRpb24gZm9yICRDb21wdXRlciINCiAgICAgICAgICAgICAgICAjJE9TID0gKEdldC1XbWlPYmplY3QgV2lu""}],""Binary"":""73-00-65-00-67-00-31-00-30-00-34-00-00-00""}}"
313,9620,2021-11-03 08:17:45.4388757,7000,Error,Service Control Manager,System,484,3168,FS03.offsec.lan,3,,,,,,,,,,,,False,"EVTX-to-MITRE-Attack\TA0002-Execution\T1569.002-Service execution\ID7000,7009,7045-Payload deployed via service - Tchopper.evtx","Audit success, classic",0,"{""EventData"":{""Data"":[{""@Name"":""param1"",""#text"":""AgICAgICAgICAgIFdyaXRlLUxvZyAkSU5GT19MT0cgIkdldHRpbmcgT1MgSW5mb3JtYXRpb24gZm9yICRDb21wdXRlciINCiAgICAgICAgICAgICAgICAjJE9TID0gKEdldC1XbWlPYmplY3QgV2lu""},{""@Name"":""param2"",""#text"":""%%1053""}],""Binary"":""73-00-65-00-67-00-31-00-30-00-34-00-00-00""}}"
314,9621,2021-11-03 08:17:46.5172000,7045,Info,Service Control Manager,System,484,3168,FS03.offsec.lan,3,S-1-5-21-4230534742-2542757381-3142984815-1111,A new service was installed in the system,,,Name: MzJfT3BlcmF0aW5nU3lzdGVtIC1jb21wdXRlcm5hbWUgJENvbXB1dGVyIC1DcmVkZW50aWFsICRHbG9iYWw6Q3JlZCkuQ2FwdGlvbg0KDQogICAgICAgICAgICAgICAgJEdldEFEQ29tcHV0ZXJMaX,StartType: demand start,Account: LocalSystem,,,,"c:\windows\system32\cmd.exe /c powershell -command ""Get-Service ""seg105"" | select -Expand DisplayName |out-file -append tmp_payload.txt""",False,"EVTX-to-MITRE-Attack\TA0002-Execution\T1569.002-Service execution\ID7000,7009,7045-Payload deployed via service - Tchopper.evtx","Audit success, classic",0,"{""EventData"":{""Data"":[{""@Name"":""ServiceName"",""#text"":""MzJfT3BlcmF0aW5nU3lzdGVtIC1jb21wdXRlcm5hbWUgJENvbXB1dGVyIC1DcmVkZW50aWFsICRHbG9iYWw6Q3JlZCkuQ2FwdGlvbg0KDQogICAgICAgICAgICAgICAgJEdldEFEQ29tcHV0ZXJMaX""},{""@Name"":""ImagePath"",""#text"":""c:\\windows\\system32\\cmd.exe /c powershell -command \""Get-Service \""seg105\"" | select -Expand DisplayName |out-file -append tmp_payload.txt\""""},{""@Name"":""ServiceType"",""#text"":""user mode service""},{""@Name"":""StartType"",""#text"":""demand start""},{""@Name"":""AccountName"",""#text"":""LocalSystem""}]}}"
315,9622,2021-11-03 08:17:47.0484551,7009,Error,Service Control Manager,System,484,3168,FS03.offsec.lan,3,,,,,,,,,,,,False,"EVTX-to-MITRE-Attack\TA0002-Execution\T1569.002-Service execution\ID7000,7009,7045-Payload deployed via service - Tchopper.evtx","Audit success, classic",0,"{""EventData"":{""Data"":[{""@Name"":""param1"",""#text"":""30000""},{""@Name"":""param2"",""#text"":""MzJfT3BlcmF0aW5nU3lzdGVtIC1jb21wdXRlcm5hbWUgJENvbXB1dGVyIC1DcmVkZW50aWFsICRHbG9iYWw6Q3JlZCkuQ2FwdGlvbg0KDQogICAgICAgICAgICAgICAgJEdldEFEQ29tcHV0ZXJMaX""}],""Binary"":""73-00-65-00-67-00-31-00-30-00-35-00-00-00""}}"
316,9623,2021-11-03 08:17:47.0484551,7000,Error,Service Control Manager,System,484,3168,FS03.offsec.lan,3,,,,,,,,,,,,False,"EVTX-to-MITRE-Attack\TA0002-Execution\T1569.002-Service execution\ID7000,7009,7045-Payload deployed via service - Tchopper.evtx","Audit success, classic",0,"{""EventData"":{""Data"":[{""@Name"":""param1"",""#text"":""MzJfT3BlcmF0aW5nU3lzdGVtIC1jb21wdXRlcm5hbWUgJENvbXB1dGVyIC1DcmVkZW50aWFsICRHbG9iYWw6Q3JlZCkuQ2FwdGlvbg0KDQogICAgICAgICAgICAgICAgJEdldEFEQ29tcHV0ZXJMaX""},{""@Name"":""param2"",""#text"":""%%1053""}],""Binary"":""73-00-65-00-67-00-31-00-30-00-35-00-00-00""}}"
317,9624,2021-11-03 08:17:48.1224735,7045,Info,Service Control Manager,System,484,3168,FS03.offsec.lan,3,S-1-5-21-4230534742-2542757381-3142984815-1111,A new service was installed in the system,,,Name: N0ID0gR2V0LUFEQ29tcHV0ZXIgLUNyZWRlbnRpYWwgJEdsb2JhbDpDcmVkIC1GaWx0ZXIge2VuYWJsZWQgLWVxICJ0cnVlIn0gLVByb3BlcnRpZXMgT3BlcmF0aW5nU3lzdGVtIHwgU2VsZWN0IERO,StartType: demand start,Account: LocalSystem,,,,"c:\windows\system32\cmd.exe /c powershell -command ""Get-Service ""seg106"" | select -Expand DisplayName |out-file -append tmp_payload.txt""",False,"EVTX-to-MITRE-Attack\TA0002-Execution\T1569.002-Service execution\ID7000,7009,7045-Payload deployed via service - Tchopper.evtx","Audit success, classic",0,"{""EventData"":{""Data"":[{""@Name"":""ServiceName"",""#text"":""N0ID0gR2V0LUFEQ29tcHV0ZXIgLUNyZWRlbnRpYWwgJEdsb2JhbDpDcmVkIC1GaWx0ZXIge2VuYWJsZWQgLWVxICJ0cnVlIn0gLVByb3BlcnRpZXMgT3BlcmF0aW5nU3lzdGVtIHwgU2VsZWN0IERO""},{""@Name"":""ImagePath"",""#text"":""c:\\windows\\system32\\cmd.exe /c powershell -command \""Get-Service \""seg106\"" | select -Expand DisplayName |out-file -append tmp_payload.txt\""""},{""@Name"":""ServiceType"",""#text"":""user mode service""},{""@Name"":""StartType"",""#text"":""demand start""},{""@Name"":""AccountName"",""#text"":""LocalSystem""}]}}"
318,9625,2021-11-03 08:17:48.4974726,7009,Error,Service Control Manager,System,484,3168,FS03.offsec.lan,3,,,,,,,,,,,,False,"EVTX-to-MITRE-Attack\TA0002-Execution\T1569.002-Service execution\ID7000,7009,7045-Payload deployed via service - Tchopper.evtx","Audit success, classic",0,"{""EventData"":{""Data"":[{""@Name"":""param1"",""#text"":""30000""},{""@Name"":""param2"",""#text"":""N0ID0gR2V0LUFEQ29tcHV0ZXIgLUNyZWRlbnRpYWwgJEdsb2JhbDpDcmVkIC1GaWx0ZXIge2VuYWJsZWQgLWVxICJ0cnVlIn0gLVByb3BlcnRpZXMgT3BlcmF0aW5nU3lzdGVtIHwgU2VsZWN0IERO""}],""Binary"":""73-00-65-00-67-00-31-00-30-00-36-00-00-00""}}"
319,9626,2021-11-03 08:17:48.4974726,7000,Error,Service Control Manager,System,484,3168,FS03.offsec.lan,3,,,,,,,,,,,,False,"EVTX-to-MITRE-Attack\TA0002-Execution\T1569.002-Service execution\ID7000,7009,7045-Payload deployed via service - Tchopper.evtx","Audit success, classic",0,"{""EventData"":{""Data"":[{""@Name"":""param1"",""#text"":""N0ID0gR2V0LUFEQ29tcHV0ZXIgLUNyZWRlbnRpYWwgJEdsb2JhbDpDcmVkIC1GaWx0ZXIge2VuYWJsZWQgLWVxICJ0cnVlIn0gLVByb3BlcnRpZXMgT3BlcmF0aW5nU3lzdGVtIHwgU2VsZWN0IERO""},{""@Name"":""param2"",""#text"":""%%1053""}],""Binary"":""73-00-65-00-67-00-31-00-30-00-36-00-00-00""}}"
320,9627,2021-11-03 08:17:49.5756071,7045,Info,Service Control Manager,System,484,3168,FS03.offsec.lan,3,S-1-5-21-4230534742-2542757381-3142984815-1111,A new service was installed in the system,,,Name: U0hvc3RuYW1lLCBPcGVyYXRpbmdTeXN0ZW0NCg0KICAgICAgICAgICAgICAgICMkR2V0QURPUyA9IEdldC1BRENvbXB1dGVyIC1DcmVkZW50aWFsICRHbG9iYWw6Q3JlZCAtRmlsdGVyIHtlbmFibG,StartType: demand start,Account: LocalSystem,,,,"c:\windows\system32\cmd.exe /c powershell -command ""Get-Service ""seg107"" | select -Expand DisplayName |out-file -append tmp_payload.txt""",False,"EVTX-to-MITRE-Attack\TA0002-Execution\T1569.002-Service execution\ID7000,7009,7045-Payload deployed via service - Tchopper.evtx","Audit success, classic",0,"{""EventData"":{""Data"":[{""@Name"":""ServiceName"",""#text"":""U0hvc3RuYW1lLCBPcGVyYXRpbmdTeXN0ZW0NCg0KICAgICAgICAgICAgICAgICMkR2V0QURPUyA9IEdldC1BRENvbXB1dGVyIC1DcmVkZW50aWFsICRHbG9iYWw6Q3JlZCAtRmlsdGVyIHtlbmFibG""},{""@Name"":""ImagePath"",""#text"":""c:\\windows\\system32\\cmd.exe /c powershell -command \""Get-Service \""seg107\"" | select -Expand DisplayName |out-file -append tmp_payload.txt\""""},{""@Name"":""ServiceType"",""#text"":""user mode service""},{""@Name"":""StartType"",""#text"":""demand start""},{""@Name"":""AccountName"",""#text"":""LocalSystem""}]}}"
321,9628,2021-11-03 08:17:49.9505992,7009,Error,Service Control Manager,System,484,3168,FS03.offsec.lan,3,,,,,,,,,,,,False,"EVTX-to-MITRE-Attack\TA0002-Execution\T1569.002-Service execution\ID7000,7009,7045-Payload deployed via service - Tchopper.evtx","Audit success, classic",0,"{""EventData"":{""Data"":[{""@Name"":""param1"",""#text"":""30000""},{""@Name"":""param2"",""#text"":""U0hvc3RuYW1lLCBPcGVyYXRpbmdTeXN0ZW0NCg0KICAgICAgICAgICAgICAgICMkR2V0QURPUyA9IEdldC1BRENvbXB1dGVyIC1DcmVkZW50aWFsICRHbG9iYWw6Q3JlZCAtRmlsdGVyIHtlbmFibG""}],""Binary"":""73-00-65-00-67-00-31-00-30-00-37-00-00-00""}}"
322,9629,2021-11-03 08:17:49.9505992,7000,Error,Service Control Manager,System,484,3168,FS03.offsec.lan,3,,,,,,,,,,,,False,"EVTX-to-MITRE-Attack\TA0002-Execution\T1569.002-Service execution\ID7000,7009,7045-Payload deployed via service - Tchopper.evtx","Audit success, classic",0,"{""EventData"":{""Data"":[{""@Name"":""param1"",""#text"":""U0hvc3RuYW1lLCBPcGVyYXRpbmdTeXN0ZW0NCg0KICAgICAgICAgICAgICAgICMkR2V0QURPUyA9IEdldC1BRENvbXB1dGVyIC1DcmVkZW50aWFsICRHbG9iYWw6Q3JlZCAtRmlsdGVyIHtlbmFibG""},{""@Name"":""param2"",""#text"":""%%1053""}],""Binary"":""73-00-65-00-67-00-31-00-30-00-37-00-00-00""}}"
323,9630,2021-11-03 08:17:51.0156426,7045,Info,Service Control Manager,System,484,3168,FS03.offsec.lan,3,S-1-5-21-4230534742-2542757381-3142984815-1111,A new service was installed in the system,,,Name: VkIC1lcSAidHJ1ZSJ9IC1Qcm9wZXJ0aWVzIE9wZXJhdGluZ1N5c3RlbSB8IFNlbGVjdCANCiAgICAgICAgICAgICAgICANCiAgICAgICAgICAgICAgICAjJENvbXB1dGVyTGlzdCA9ICRHZXRBRENv,StartType: demand start,Account: LocalSystem,,,,"c:\windows\system32\cmd.exe /c powershell -command ""Get-Service ""seg108"" | select -Expand DisplayName |out-file -append tmp_payload.txt""",False,"EVTX-to-MITRE-Attack\TA0002-Execution\T1569.002-Service execution\ID7000,7009,7045-Payload deployed via service - Tchopper.evtx","Audit success, classic",0,"{""EventData"":{""Data"":[{""@Name"":""ServiceName"",""#text"":""VkIC1lcSAidHJ1ZSJ9IC1Qcm9wZXJ0aWVzIE9wZXJhdGluZ1N5c3RlbSB8IFNlbGVjdCANCiAgICAgICAgICAgICAgICANCiAgICAgICAgICAgICAgICAjJENvbXB1dGVyTGlzdCA9ICRHZXRBRENv""},{""@Name"":""ImagePath"",""#text"":""c:\\windows\\system32\\cmd.exe /c powershell -command \""Get-Service \""seg108\"" | select -Expand DisplayName |out-file -append tmp_payload.txt\""""},{""@Name"":""ServiceType"",""#text"":""user mode service""},{""@Name"":""StartType"",""#text"":""demand start""},{""@Name"":""AccountName"",""#text"":""LocalSystem""}]}}"
324,9631,2021-11-03 08:17:51.3906100,7009,Error,Service Control Manager,System,484,3168,FS03.offsec.lan,3,,,,,,,,,,,,False,"EVTX-to-MITRE-Attack\TA0002-Execution\T1569.002-Service execution\ID7000,7009,7045-Payload deployed via service - Tchopper.evtx","Audit success, classic",0,"{""EventData"":{""Data"":[{""@Name"":""param1"",""#text"":""30000""},{""@Name"":""param2"",""#text"":""VkIC1lcSAidHJ1ZSJ9IC1Qcm9wZXJ0aWVzIE9wZXJhdGluZ1N5c3RlbSB8IFNlbGVjdCANCiAgICAgICAgICAgICAgICANCiAgICAgICAgICAgICAgICAjJENvbXB1dGVyTGlzdCA9ICRHZXRBRENv""}],""Binary"":""73-00-65-00-67-00-31-00-30-00-38-00-00-00""}}"
325,9632,2021-11-03 08:17:51.3906100,7000,Error,Service Control Manager,System,484,3168,FS03.offsec.lan,3,,,,,,,,,,,,False,"EVTX-to-MITRE-Attack\TA0002-Execution\T1569.002-Service execution\ID7000,7009,7045-Payload deployed via service - Tchopper.evtx","Audit success, classic",0,"{""EventData"":{""Data"":[{""@Name"":""param1"",""#text"":""VkIC1lcSAidHJ1ZSJ9IC1Qcm9wZXJ0aWVzIE9wZXJhdGluZ1N5c3RlbSB8IFNlbGVjdCANCiAgICAgICAgICAgICAgICANCiAgICAgICAgICAgICAgICAjJENvbXB1dGVyTGlzdCA9ICRHZXRBRENv""},{""@Name"":""param2"",""#text"":""%%1053""}],""Binary"":""73-00-65-00-67-00-31-00-30-00-38-00-00-00""}}"
326,9633,2021-11-03 08:17:52.4639555,7045,Info,Service Control Manager,System,484,3168,FS03.offsec.lan,3,S-1-5-21-4230534742-2542757381-3142984815-1111,A new service was installed in the system,,,Name: bXB1dGVyTGlzdC5ETlNIb3N0TmFtZQ0KDQoNCiAgICAgICAgICAgICAgICAkT1MgPSAoJEdldEFEQ29tcHV0ZXJMaXN0IC1tYXRjaCAkQ29tcHV0ZXIpLk9wZXJhdGluZ1N5c3RlbQ0KICAgICAgIC,StartType: demand start,Account: LocalSystem,,,,"c:\windows\system32\cmd.exe /c powershell -command ""Get-Service ""seg109"" | select -Expand DisplayName |out-file -append tmp_payload.txt""",False,"EVTX-to-MITRE-Attack\TA0002-Execution\T1569.002-Service execution\ID7000,7009,7045-Payload deployed via service - Tchopper.evtx","Audit success, classic",0,"{""EventData"":{""Data"":[{""@Name"":""ServiceName"",""#text"":""bXB1dGVyTGlzdC5ETlNIb3N0TmFtZQ0KDQoNCiAgICAgICAgICAgICAgICAkT1MgPSAoJEdldEFEQ29tcHV0ZXJMaXN0IC1tYXRjaCAkQ29tcHV0ZXIpLk9wZXJhdGluZ1N5c3RlbQ0KICAgICAgIC""},{""@Name"":""ImagePath"",""#text"":""c:\\windows\\system32\\cmd.exe /c powershell -command \""Get-Service \""seg109\"" | select -Expand DisplayName |out-file -append tmp_payload.txt\""""},{""@Name"":""ServiceType"",""#text"":""user mode service""},{""@Name"":""StartType"",""#text"":""demand start""},{""@Name"":""AccountName"",""#text"":""LocalSystem""}]}}"
327,9634,2021-11-03 08:17:52.8545682,7009,Error,Service Control Manager,System,484,3168,FS03.offsec.lan,3,,,,,,,,,,,,False,"EVTX-to-MITRE-Attack\TA0002-Execution\T1569.002-Service execution\ID7000,7009,7045-Payload deployed via service - Tchopper.evtx","Audit success, classic",0,"{""EventData"":{""Data"":[{""@Name"":""param1"",""#text"":""30000""},{""@Name"":""param2"",""#text"":""bXB1dGVyTGlzdC5ETlNIb3N0TmFtZQ0KDQoNCiAgICAgICAgICAgICAgICAkT1MgPSAoJEdldEFEQ29tcHV0ZXJMaXN0IC1tYXRjaCAkQ29tcHV0ZXIpLk9wZXJhdGluZ1N5c3RlbQ0KICAgICAgIC""}],""Binary"":""73-00-65-00-67-00-31-00-30-00-39-00-00-00""}}"
328,9635,2021-11-03 08:17:52.8545682,7000,Error,Service Control Manager,System,484,3168,FS03.offsec.lan,3,,,,,,,,,,,,False,"EVTX-to-MITRE-Attack\TA0002-Execution\T1569.002-Service execution\ID7000,7009,7045-Payload deployed via service - Tchopper.evtx","Audit success, classic",0,"{""EventData"":{""Data"":[{""@Name"":""param1"",""#text"":""bXB1dGVyTGlzdC5ETlNIb3N0TmFtZQ0KDQoNCiAgICAgICAgICAgICAgICAkT1MgPSAoJEdldEFEQ29tcHV0ZXJMaXN0IC1tYXRjaCAkQ29tcHV0ZXIpLk9wZXJhdGluZ1N5c3RlbQ0KICAgICAgIC""},{""@Name"":""param2"",""#text"":""%%1053""}],""Binary"":""73-00-65-00-67-00-31-00-30-00-39-00-00-00""}}"
329,9636,2021-11-03 08:17:53.9170700,7045,Info,Service Control Manager,System,484,3168,FS03.offsec.lan,3,S-1-5-21-4230534742-2542757381-3142984815-1111,A new service was installed in the system,,,Name: AgICAgICAgIFdyaXRlLUxvZyAkSU5GT19MT0cgIiRPUyINCiAgICAgICAgICAgIH0gDQogICAgICAgICAgICAgICAgICAgICAgICAgICAgICAgICAgICAgICAgICAgICAgICAgICAgICAgICAgICAg,StartType: demand start,Account: LocalSystem,,,,"c:\windows\system32\cmd.exe /c powershell -command ""Get-Service ""seg110"" | select -Expand DisplayName |out-file -append tmp_payload.txt""",False,"EVTX-to-MITRE-Attack\TA0002-Execution\T1569.002-Service execution\ID7000,7009,7045-Payload deployed via service - Tchopper.evtx","Audit success, classic",0,"{""EventData"":{""Data"":[{""@Name"":""ServiceName"",""#text"":""AgICAgICAgIFdyaXRlLUxvZyAkSU5GT19MT0cgIiRPUyINCiAgICAgICAgICAgIH0gDQogICAgICAgICAgICAgICAgICAgICAgICAgICAgICAgICAgICAgICAgICAgICAgICAgICAgICAgICAgICAg""},{""@Name"":""ImagePath"",""#text"":""c:\\windows\\system32\\cmd.exe /c powershell -command \""Get-Service \""seg110\"" | select -Expand DisplayName |out-file -append tmp_payload.txt\""""},{""@Name"":""ServiceType"",""#text"":""user mode service""},{""@Name"":""StartType"",""#text"":""demand start""},{""@Name"":""AccountName"",""#text"":""LocalSystem""}]}}"
330,9637,2021-11-03 08:17:54.2893799,7009,Error,Service Control Manager,System,484,3168,FS03.offsec.lan,3,,,,,,,,,,,,False,"EVTX-to-MITRE-Attack\TA0002-Execution\T1569.002-Service execution\ID7000,7009,7045-Payload deployed via service - Tchopper.evtx","Audit success, classic",0,"{""EventData"":{""Data"":[{""@Name"":""param1"",""#text"":""30000""},{""@Name"":""param2"",""#text"":""AgICAgICAgIFdyaXRlLUxvZyAkSU5GT19MT0cgIiRPUyINCiAgICAgICAgICAgIH0gDQogICAgICAgICAgICAgICAgICAgICAgICAgICAgICAgICAgICAgICAgICAgICAgICAgICAgICAgICAgICAg""}],""Binary"":""73-00-65-00-67-00-31-00-31-00-30-00-00-00""}}"
331,9638,2021-11-03 08:17:54.2893799,7000,Error,Service Control Manager,System,484,3168,FS03.offsec.lan,3,,,,,,,,,,,,False,"EVTX-to-MITRE-Attack\TA0002-Execution\T1569.002-Service execution\ID7000,7009,7045-Payload deployed via service - Tchopper.evtx","Audit success, classic",0,"{""EventData"":{""Data"":[{""@Name"":""param1"",""#text"":""AgICAgICAgIFdyaXRlLUxvZyAkSU5GT19MT0cgIiRPUyINCiAgICAgICAgICAgIH0gDQogICAgICAgICAgICAgICAgICAgICAgICAgICAgICAgICAgICAgICAgICAgICAgICAgICAgICAgICAgICAg""},{""@Name"":""param2"",""#text"":""%%1053""}],""Binary"":""73-00-65-00-67-00-31-00-31-00-30-00-00-00""}}"
332,9639,2021-11-03 08:17:55.3626611,7045,Info,Service Control Manager,System,484,3168,FS03.offsec.lan,3,S-1-5-21-4230534742-2542757381-3142984815-1111,A new service was installed in the system,,,Name: ICAgICAgICAgICAgICAgICANCiAgICAgICAgICAgIA0KICAgICAgICAgICAgIyBSZXRyaWV2ZSB0aGUgQXBwbGljYXRpb24gRXZlbnQgbG9nIGluZm8NCiAgICAgICAgICAgICRBcHBsaWNhdGlvbk,StartType: demand start,Account: LocalSystem,,,,"c:\windows\system32\cmd.exe /c powershell -command ""Get-Service ""seg111"" | select -Expand DisplayName |out-file -append tmp_payload.txt""",False,"EVTX-to-MITRE-Attack\TA0002-Execution\T1569.002-Service execution\ID7000,7009,7045-Payload deployed via service - Tchopper.evtx","Audit success, classic",0,"{""EventData"":{""Data"":[{""@Name"":""ServiceName"",""#text"":""ICAgICAgICAgICAgICAgICANCiAgICAgICAgICAgIA0KICAgICAgICAgICAgIyBSZXRyaWV2ZSB0aGUgQXBwbGljYXRpb24gRXZlbnQgbG9nIGluZm8NCiAgICAgICAgICAgICRBcHBsaWNhdGlvbk""},{""@Name"":""ImagePath"",""#text"":""c:\\windows\\system32\\cmd.exe /c powershell -command \""Get-Service \""seg111\"" | select -Expand DisplayName |out-file -append tmp_payload.txt\""""},{""@Name"":""ServiceType"",""#text"":""user mode service""},{""@Name"":""StartType"",""#text"":""demand start""},{""@Name"":""AccountName"",""#text"":""LocalSystem""}]}}"
333,9640,2021-11-03 08:17:55.7532472,7009,Error,Service Control Manager,System,484,3168,FS03.offsec.lan,3,,,,,,,,,,,,False,"EVTX-to-MITRE-Attack\TA0002-Execution\T1569.002-Service execution\ID7000,7009,7045-Payload deployed via service - Tchopper.evtx","Audit success, classic",0,"{""EventData"":{""Data"":[{""@Name"":""param1"",""#text"":""30000""},{""@Name"":""param2"",""#text"":""ICAgICAgICAgICAgICAgICANCiAgICAgICAgICAgIA0KICAgICAgICAgICAgIyBSZXRyaWV2ZSB0aGUgQXBwbGljYXRpb24gRXZlbnQgbG9nIGluZm8NCiAgICAgICAgICAgICRBcHBsaWNhdGlvbk""}],""Binary"":""73-00-65-00-67-00-31-00-31-00-31-00-00-00""}}"
334,9641,2021-11-03 08:17:55.7532472,7000,Error,Service Control Manager,System,484,3168,FS03.offsec.lan,3,,,,,,,,,,,,False,"EVTX-to-MITRE-Attack\TA0002-Execution\T1569.002-Service execution\ID7000,7009,7045-Payload deployed via service - Tchopper.evtx","Audit success, classic",0,"{""EventData"":{""Data"":[{""@Name"":""param1"",""#text"":""ICAgICAgICAgICAgICAgICANCiAgICAgICAgICAgIA0KICAgICAgICAgICAgIyBSZXRyaWV2ZSB0aGUgQXBwbGljYXRpb24gRXZlbnQgbG9nIGluZm8NCiAgICAgICAgICAgICRBcHBsaWNhdGlvbk""},{""@Name"":""param2"",""#text"":""%%1053""}],""Binary"":""73-00-65-00-67-00-31-00-31-00-31-00-00-00""}}"
335,9642,2021-11-03 08:17:56.8154587,7045,Info,Service Control Manager,System,484,3168,FS03.offsec.lan,3,S-1-5-21-4230534742-2542757381-3142984815-1111,A new service was installed in the system,,,Name: luZm8gPSBHZXQtRXZlbnRMb2dJbmZvICRDb21wdXRlciBBcHBsaWNhdGlvbiAkUmVtb3RlQ29tcHV0ZXIgJE9TDQogICAgICAgICAgICAkQXBwbGljYXRpb25FUFMgPSAkQXBwbGljYXRpb25JbmZv,StartType: demand start,Account: LocalSystem,,,,"c:\windows\system32\cmd.exe /c powershell -command ""Get-Service ""seg112"" | select -Expand DisplayName |out-file -append tmp_payload.txt""",False,"EVTX-to-MITRE-Attack\TA0002-Execution\T1569.002-Service execution\ID7000,7009,7045-Payload deployed via service - Tchopper.evtx","Audit success, classic",0,"{""EventData"":{""Data"":[{""@Name"":""ServiceName"",""#text"":""luZm8gPSBHZXQtRXZlbnRMb2dJbmZvICRDb21wdXRlciBBcHBsaWNhdGlvbiAkUmVtb3RlQ29tcHV0ZXIgJE9TDQogICAgICAgICAgICAkQXBwbGljYXRpb25FUFMgPSAkQXBwbGljYXRpb25JbmZv""},{""@Name"":""ImagePath"",""#text"":""c:\\windows\\system32\\cmd.exe /c powershell -command \""Get-Service \""seg112\"" | select -Expand DisplayName |out-file -append tmp_payload.txt\""""},{""@Name"":""ServiceType"",""#text"":""user mode service""},{""@Name"":""StartType"",""#text"":""demand start""},{""@Name"":""AccountName"",""#text"":""LocalSystem""}]}}"
336,9643,2021-11-03 08:17:57.1904564,7009,Error,Service Control Manager,System,484,3168,FS03.offsec.lan,3,,,,,,,,,,,,False,"EVTX-to-MITRE-Attack\TA0002-Execution\T1569.002-Service execution\ID7000,7009,7045-Payload deployed via service - Tchopper.evtx","Audit success, classic",0,"{""EventData"":{""Data"":[{""@Name"":""param1"",""#text"":""30000""},{""@Name"":""param2"",""#text"":""luZm8gPSBHZXQtRXZlbnRMb2dJbmZvICRDb21wdXRlciBBcHBsaWNhdGlvbiAkUmVtb3RlQ29tcHV0ZXIgJE9TDQogICAgICAgICAgICAkQXBwbGljYXRpb25FUFMgPSAkQXBwbGljYXRpb25JbmZv""}],""Binary"":""73-00-65-00-67-00-31-00-31-00-32-00-00-00""}}"
337,9644,2021-11-03 08:17:57.1904564,7000,Error,Service Control Manager,System,484,3168,FS03.offsec.lan,3,,,,,,,,,,,,False,"EVTX-to-MITRE-Attack\TA0002-Execution\T1569.002-Service execution\ID7000,7009,7045-Payload deployed via service - Tchopper.evtx","Audit success, classic",0,"{""EventData"":{""Data"":[{""@Name"":""param1"",""#text"":""luZm8gPSBHZXQtRXZlbnRMb2dJbmZvICRDb21wdXRlciBBcHBsaWNhdGlvbiAkUmVtb3RlQ29tcHV0ZXIgJE9TDQogICAgICAgICAgICAkQXBwbGljYXRpb25FUFMgPSAkQXBwbGljYXRpb25JbmZv""},{""@Name"":""param2"",""#text"":""%%1053""}],""Binary"":""73-00-65-00-67-00-31-00-31-00-32-00-00-00""}}"
338,9645,2021-11-03 08:17:58.2638033,7045,Info,Service Control Manager,System,484,3168,FS03.offsec.lan,3,S-1-5-21-4230534742-2542757381-3142984815-1111,A new service was installed in the system,,,Name: LkF2ZXJhZ2VFdmVudHMNCiAgICAgICAgICAgICRBcHBsaWNhdGlvbkZpcnN0RXZlbnRUaW1lID0gJEFwcGxpY2F0aW9uSW5mby5TdGFydFRpbWUNCiAgICAgICAgICAgICRBcHBsaWNhdGlvbkxhc3,StartType: demand start,Account: LocalSystem,,,,"c:\windows\system32\cmd.exe /c powershell -command ""Get-Service ""seg113"" | select -Expand DisplayName |out-file -append tmp_payload.txt""",False,"EVTX-to-MITRE-Attack\TA0002-Execution\T1569.002-Service execution\ID7000,7009,7045-Payload deployed via service - Tchopper.evtx","Audit success, classic",0,"{""EventData"":{""Data"":[{""@Name"":""ServiceName"",""#text"":""LkF2ZXJhZ2VFdmVudHMNCiAgICAgICAgICAgICRBcHBsaWNhdGlvbkZpcnN0RXZlbnRUaW1lID0gJEFwcGxpY2F0aW9uSW5mby5TdGFydFRpbWUNCiAgICAgICAgICAgICRBcHBsaWNhdGlvbkxhc3""},{""@Name"":""ImagePath"",""#text"":""c:\\windows\\system32\\cmd.exe /c powershell -command \""Get-Service \""seg113\"" | select -Expand DisplayName |out-file -append tmp_payload.txt\""""},{""@Name"":""ServiceType"",""#text"":""user mode service""},{""@Name"":""StartType"",""#text"":""demand start""},{""@Name"":""AccountName"",""#text"":""LocalSystem""}]}}"
339,9646,2021-11-03 08:17:58.6653417,7009,Error,Service Control Manager,System,484,3168,FS03.offsec.lan,3,,,,,,,,,,,,False,"EVTX-to-MITRE-Attack\TA0002-Execution\T1569.002-Service execution\ID7000,7009,7045-Payload deployed via service - Tchopper.evtx","Audit success, classic",0,"{""EventData"":{""Data"":[{""@Name"":""param1"",""#text"":""30000""},{""@Name"":""param2"",""#text"":""LkF2ZXJhZ2VFdmVudHMNCiAgICAgICAgICAgICRBcHBsaWNhdGlvbkZpcnN0RXZlbnRUaW1lID0gJEFwcGxpY2F0aW9uSW5mby5TdGFydFRpbWUNCiAgICAgICAgICAgICRBcHBsaWNhdGlvbkxhc3""}],""Binary"":""73-00-65-00-67-00-31-00-31-00-33-00-00-00""}}"
340,9647,2021-11-03 08:17:58.6653417,7000,Error,Service Control Manager,System,484,3168,FS03.offsec.lan,3,,,,,,,,,,,,False,"EVTX-to-MITRE-Attack\TA0002-Execution\T1569.002-Service execution\ID7000,7009,7045-Payload deployed via service - Tchopper.evtx","Audit success, classic",0,"{""EventData"":{""Data"":[{""@Name"":""param1"",""#text"":""LkF2ZXJhZ2VFdmVudHMNCiAgICAgICAgICAgICRBcHBsaWNhdGlvbkZpcnN0RXZlbnRUaW1lID0gJEFwcGxpY2F0aW9uSW5mby5TdGFydFRpbWUNCiAgICAgICAgICAgICRBcHBsaWNhdGlvbkxhc3""},{""@Name"":""param2"",""#text"":""%%1053""}],""Binary"":""73-00-65-00-67-00-31-00-31-00-33-00-00-00""}}"
341,9648,2021-11-03 08:17:59.7428700,7045,Info,Service Control Manager,System,484,3168,FS03.offsec.lan,3,S-1-5-21-4230534742-2542757381-3142984815-1111,A new service was installed in the system,,,Name: RFdmVudFRpbWUgPSAkQXBwbGljYXRpb25JbmZvLkVuZFRpbWUNCiAgICAgICAgICAgICRBcHBsaWNhdGlvblRvdGFsRXZlbnRzID0gJEFwcGxpY2F0aW9uSW5mby5Ub3RhbEV2ZW50cw0KICAgICAg,StartType: demand start,Account: LocalSystem,,,,"c:\windows\system32\cmd.exe /c powershell -command ""Get-Service ""seg114"" | select -Expand DisplayName |out-file -append tmp_payload.txt""",False,"EVTX-to-MITRE-Attack\TA0002-Execution\T1569.002-Service execution\ID7000,7009,7045-Payload deployed via service - Tchopper.evtx","Audit success, classic",0,"{""EventData"":{""Data"":[{""@Name"":""ServiceName"",""#text"":""RFdmVudFRpbWUgPSAkQXBwbGljYXRpb25JbmZvLkVuZFRpbWUNCiAgICAgICAgICAgICRBcHBsaWNhdGlvblRvdGFsRXZlbnRzID0gJEFwcGxpY2F0aW9uSW5mby5Ub3RhbEV2ZW50cw0KICAgICAg""},{""@Name"":""ImagePath"",""#text"":""c:\\windows\\system32\\cmd.exe /c powershell -command \""Get-Service \""seg114\"" | select -Expand DisplayName |out-file -append tmp_payload.txt\""""},{""@Name"":""ServiceType"",""#text"":""user mode service""},{""@Name"":""StartType"",""#text"":""demand start""},{""@Name"":""AccountName"",""#text"":""LocalSystem""}]}}"
342,9649,2021-11-03 08:18:00.1178825,7009,Error,Service Control Manager,System,484,3168,FS03.offsec.lan,3,,,,,,,,,,,,False,"EVTX-to-MITRE-Attack\TA0002-Execution\T1569.002-Service execution\ID7000,7009,7045-Payload deployed via service - Tchopper.evtx","Audit success, classic",0,"{""EventData"":{""Data"":[{""@Name"":""param1"",""#text"":""30000""},{""@Name"":""param2"",""#text"":""RFdmVudFRpbWUgPSAkQXBwbGljYXRpb25JbmZvLkVuZFRpbWUNCiAgICAgICAgICAgICRBcHBsaWNhdGlvblRvdGFsRXZlbnRzID0gJEFwcGxpY2F0aW9uSW5mby5Ub3RhbEV2ZW50cw0KICAgICAg""}],""Binary"":""73-00-65-00-67-00-31-00-31-00-34-00-00-00""}}"
343,9650,2021-11-03 08:18:00.1178825,7000,Error,Service Control Manager,System,484,3168,FS03.offsec.lan,3,,,,,,,,,,,,False,"EVTX-to-MITRE-Attack\TA0002-Execution\T1569.002-Service execution\ID7000,7009,7045-Payload deployed via service - Tchopper.evtx","Audit success, classic",0,"{""EventData"":{""Data"":[{""@Name"":""param1"",""#text"":""RFdmVudFRpbWUgPSAkQXBwbGljYXRpb25JbmZvLkVuZFRpbWUNCiAgICAgICAgICAgICRBcHBsaWNhdGlvblRvdGFsRXZlbnRzID0gJEFwcGxpY2F0aW9uSW5mby5Ub3RhbEV2ZW50cw0KICAgICAg""},{""@Name"":""param2"",""#text"":""%%1053""}],""Binary"":""73-00-65-00-67-00-31-00-31-00-34-00-00-00""}}"
344,9651,2021-11-03 08:18:01.1960269,7045,Info,Service Control Manager,System,484,3168,FS03.offsec.lan,3,S-1-5-21-4230534742-2542757381-3142984815-1111,A new service was installed in the system,,,Name: ICAgICAgJEFwcGxpY2F0aW9uRXZlbnRMb2dTaXplID0gJEFwcGxpY2F0aW9uSW5mby5Mb2dTaXplDQogICAgICAgICAgICANCg0KICAgICAgICAgICAgIyBSZXRyaWV2ZSB0aGUgU2VjdXJpdHkgRX,StartType: demand start,Account: LocalSystem,,,,"c:\windows\system32\cmd.exe /c powershell -command ""Get-Service ""seg115"" | select -Expand DisplayName |out-file -append tmp_payload.txt""",False,"EVTX-to-MITRE-Attack\TA0002-Execution\T1569.002-Service execution\ID7000,7009,7045-Payload deployed via service - Tchopper.evtx","Audit success, classic",0,"{""EventData"":{""Data"":[{""@Name"":""ServiceName"",""#text"":""ICAgICAgJEFwcGxpY2F0aW9uRXZlbnRMb2dTaXplID0gJEFwcGxpY2F0aW9uSW5mby5Mb2dTaXplDQogICAgICAgICAgICANCg0KICAgICAgICAgICAgIyBSZXRyaWV2ZSB0aGUgU2VjdXJpdHkgRX""},{""@Name"":""ImagePath"",""#text"":""c:\\windows\\system32\\cmd.exe /c powershell -command \""Get-Service \""seg115\"" | select -Expand DisplayName |out-file -append tmp_payload.txt\""""},{""@Name"":""ServiceType"",""#text"":""user mode service""},{""@Name"":""StartType"",""#text"":""demand start""},{""@Name"":""AccountName"",""#text"":""LocalSystem""}]}}"
345,9652,2021-11-03 08:18:01.5710148,7009,Error,Service Control Manager,System,484,3168,FS03.offsec.lan,3,,,,,,,,,,,,False,"EVTX-to-MITRE-Attack\TA0002-Execution\T1569.002-Service execution\ID7000,7009,7045-Payload deployed via service - Tchopper.evtx","Audit success, classic",0,"{""EventData"":{""Data"":[{""@Name"":""param1"",""#text"":""30000""},{""@Name"":""param2"",""#text"":""ICAgICAgJEFwcGxpY2F0aW9uRXZlbnRMb2dTaXplID0gJEFwcGxpY2F0aW9uSW5mby5Mb2dTaXplDQogICAgICAgICAgICANCg0KICAgICAgICAgICAgIyBSZXRyaWV2ZSB0aGUgU2VjdXJpdHkgRX""}],""Binary"":""73-00-65-00-67-00-31-00-31-00-35-00-00-00""}}"
346,9653,2021-11-03 08:18:01.5710148,7000,Error,Service Control Manager,System,484,3168,FS03.offsec.lan,3,,,,,,,,,,,,False,"EVTX-to-MITRE-Attack\TA0002-Execution\T1569.002-Service execution\ID7000,7009,7045-Payload deployed via service - Tchopper.evtx","Audit success, classic",0,"{""EventData"":{""Data"":[{""@Name"":""param1"",""#text"":""ICAgICAgJEFwcGxpY2F0aW9uRXZlbnRMb2dTaXplID0gJEFwcGxpY2F0aW9uSW5mby5Mb2dTaXplDQogICAgICAgICAgICANCg0KICAgICAgICAgICAgIyBSZXRyaWV2ZSB0aGUgU2VjdXJpdHkgRX""},{""@Name"":""param2"",""#text"":""%%1053""}],""Binary"":""73-00-65-00-67-00-31-00-31-00-35-00-00-00""}}"
347,9654,2021-11-03 08:18:02.6502491,7045,Info,Service Control Manager,System,484,3168,FS03.offsec.lan,3,S-1-5-21-4230534742-2542757381-3142984815-1111,A new service was installed in the system,,,Name: ZlbnQgbG9nIGluZm8NCiAgICAgICAgICAgICRTZWN1cml0eUluZm8gPSBHZXQtRXZlbnRMb2dJbmZvICRDb21wdXRlciBTZWN1cml0eSAkUmVtb3RlQ29tcHV0ZXIgJE9TDQogICAgICAgICAgICAk,StartType: demand start,Account: LocalSystem,,,,"c:\windows\system32\cmd.exe /c powershell -command ""Get-Service ""seg116"" | select -Expand DisplayName |out-file -append tmp_payload.txt""",False,"EVTX-to-MITRE-Attack\TA0002-Execution\T1569.002-Service execution\ID7000,7009,7045-Payload deployed via service - Tchopper.evtx","Audit success, classic",0,"{""EventData"":{""Data"":[{""@Name"":""ServiceName"",""#text"":""ZlbnQgbG9nIGluZm8NCiAgICAgICAgICAgICRTZWN1cml0eUluZm8gPSBHZXQtRXZlbnRMb2dJbmZvICRDb21wdXRlciBTZWN1cml0eSAkUmVtb3RlQ29tcHV0ZXIgJE9TDQogICAgICAgICAgICAk""},{""@Name"":""ImagePath"",""#text"":""c:\\windows\\system32\\cmd.exe /c powershell -command \""Get-Service \""seg116\"" | select -Expand DisplayName |out-file -append tmp_payload.txt\""""},{""@Name"":""ServiceType"",""#text"":""user mode service""},{""@Name"":""StartType"",""#text"":""demand start""},{""@Name"":""AccountName"",""#text"":""LocalSystem""}]}}"
348,9655,2021-11-03 08:18:03.0252593,7009,Error,Service Control Manager,System,484,3168,FS03.offsec.lan,3,,,,,,,,,,,,False,"EVTX-to-MITRE-Attack\TA0002-Execution\T1569.002-Service execution\ID7000,7009,7045-Payload deployed via service - Tchopper.evtx","Audit success, classic",0,"{""EventData"":{""Data"":[{""@Name"":""param1"",""#text"":""30000""},{""@Name"":""param2"",""#text"":""ZlbnQgbG9nIGluZm8NCiAgICAgICAgICAgICRTZWN1cml0eUluZm8gPSBHZXQtRXZlbnRMb2dJbmZvICRDb21wdXRlciBTZWN1cml0eSAkUmVtb3RlQ29tcHV0ZXIgJE9TDQogICAgICAgICAgICAk""}],""Binary"":""73-00-65-00-67-00-31-00-31-00-36-00-00-00""}}"
349,9656,2021-11-03 08:18:03.0252593,7000,Error,Service Control Manager,System,484,3168,FS03.offsec.lan,3,,,,,,,,,,,,False,"EVTX-to-MITRE-Attack\TA0002-Execution\T1569.002-Service execution\ID7000,7009,7045-Payload deployed via service - Tchopper.evtx","Audit success, classic",0,"{""EventData"":{""Data"":[{""@Name"":""param1"",""#text"":""ZlbnQgbG9nIGluZm8NCiAgICAgICAgICAgICRTZWN1cml0eUluZm8gPSBHZXQtRXZlbnRMb2dJbmZvICRDb21wdXRlciBTZWN1cml0eSAkUmVtb3RlQ29tcHV0ZXIgJE9TDQogICAgICAgICAgICAk""},{""@Name"":""param2"",""#text"":""%%1053""}],""Binary"":""73-00-65-00-67-00-31-00-31-00-36-00-00-00""}}"
350,9657,2021-11-03 08:18:04.1050733,7045,Info,Service Control Manager,System,484,3168,FS03.offsec.lan,3,S-1-5-21-4230534742-2542757381-3142984815-1111,A new service was installed in the system,,,Name: U2VjdXJpdHlFUFMgPSAkU2VjdXJpdHlJbmZvLkF2ZXJhZ2VFdmVudHMNCiAgICAgICAgICAgICRTZWN1cml0eUZpcnN0RXZlbnRUaW1lID0gJFNlY3VyaXR5SW5mby5TdGFydFRpbWUNCiAgICAgIC,StartType: demand start,Account: LocalSystem,,,,"c:\windows\system32\cmd.exe /c powershell -command ""Get-Service ""seg117"" | select -Expand DisplayName |out-file -append tmp_payload.txt""",False,"EVTX-to-MITRE-Attack\TA0002-Execution\T1569.002-Service execution\ID7000,7009,7045-Payload deployed via service - Tchopper.evtx","Audit success, classic",0,"{""EventData"":{""Data"":[{""@Name"":""ServiceName"",""#text"":""U2VjdXJpdHlFUFMgPSAkU2VjdXJpdHlJbmZvLkF2ZXJhZ2VFdmVudHMNCiAgICAgICAgICAgICRTZWN1cml0eUZpcnN0RXZlbnRUaW1lID0gJFNlY3VyaXR5SW5mby5TdGFydFRpbWUNCiAgICAgIC""},{""@Name"":""ImagePath"",""#text"":""c:\\windows\\system32\\cmd.exe /c powershell -command \""Get-Service \""seg117\"" | select -Expand DisplayName |out-file -append tmp_payload.txt\""""},{""@Name"":""ServiceType"",""#text"":""user mode service""},{""@Name"":""StartType"",""#text"":""demand start""},{""@Name"":""AccountName"",""#text"":""LocalSystem""}]}}"
351,9658,2021-11-03 08:18:04.4644481,7009,Error,Service Control Manager,System,484,3168,FS03.offsec.lan,3,,,,,,,,,,,,False,"EVTX-to-MITRE-Attack\TA0002-Execution\T1569.002-Service execution\ID7000,7009,7045-Payload deployed via service - Tchopper.evtx","Audit success, classic",0,"{""EventData"":{""Data"":[{""@Name"":""param1"",""#text"":""30000""},{""@Name"":""param2"",""#text"":""U2VjdXJpdHlFUFMgPSAkU2VjdXJpdHlJbmZvLkF2ZXJhZ2VFdmVudHMNCiAgICAgICAgICAgICRTZWN1cml0eUZpcnN0RXZlbnRUaW1lID0gJFNlY3VyaXR5SW5mby5TdGFydFRpbWUNCiAgICAgIC""}],""Binary"":""73-00-65-00-67-00-31-00-31-00-37-00-00-00""}}"
352,9659,2021-11-03 08:18:04.4644481,7000,Error,Service Control Manager,System,484,3168,FS03.offsec.lan,3,,,,,,,,,,,,False,"EVTX-to-MITRE-Attack\TA0002-Execution\T1569.002-Service execution\ID7000,7009,7045-Payload deployed via service - Tchopper.evtx","Audit success, classic",0,"{""EventData"":{""Data"":[{""@Name"":""param1"",""#text"":""U2VjdXJpdHlFUFMgPSAkU2VjdXJpdHlJbmZvLkF2ZXJhZ2VFdmVudHMNCiAgICAgICAgICAgICRTZWN1cml0eUZpcnN0RXZlbnRUaW1lID0gJFNlY3VyaXR5SW5mby5TdGFydFRpbWUNCiAgICAgIC""},{""@Name"":""param2"",""#text"":""%%1053""}],""Binary"":""73-00-65-00-67-00-31-00-31-00-37-00-00-00""}}"
353,9660,2021-11-03 08:18:05.5425766,7045,Info,Service Control Manager,System,484,3168,FS03.offsec.lan,3,S-1-5-21-4230534742-2542757381-3142984815-1111,A new service was installed in the system,,,Name: AgICAgICRTZWN1cml0eUxhc3RFdmVudFRpbWUgPSAkU2VjdXJpdHlJbmZvLkVuZFRpbWUNCiAgICAgICAgICAgICRTZWN1cml0eVRvdGFsRXZlbnRzID0gJFNlY3VyaXR5SW5mby5Ub3RhbEV2ZW50,StartType: demand start,Account: LocalSystem,,,,"c:\windows\system32\cmd.exe /c powershell -command ""Get-Service ""seg118"" | select -Expand DisplayName |out-file -append tmp_payload.txt""",False,"EVTX-to-MITRE-Attack\TA0002-Execution\T1569.002-Service execution\ID7000,7009,7045-Payload deployed via service - Tchopper.evtx","Audit success, classic",0,"{""EventData"":{""Data"":[{""@Name"":""ServiceName"",""#text"":""AgICAgICRTZWN1cml0eUxhc3RFdmVudFRpbWUgPSAkU2VjdXJpdHlJbmZvLkVuZFRpbWUNCiAgICAgICAgICAgICRTZWN1cml0eVRvdGFsRXZlbnRzID0gJFNlY3VyaXR5SW5mby5Ub3RhbEV2ZW50""},{""@Name"":""ImagePath"",""#text"":""c:\\windows\\system32\\cmd.exe /c powershell -command \""Get-Service \""seg118\"" | select -Expand DisplayName |out-file -append tmp_payload.txt\""""},{""@Name"":""ServiceType"",""#text"":""user mode service""},{""@Name"":""StartType"",""#text"":""demand start""},{""@Name"":""AccountName"",""#text"":""LocalSystem""}]}}"
354,9661,2021-11-03 08:18:05.9175845,7009,Error,Service Control Manager,System,484,3168,FS03.offsec.lan,3,,,,,,,,,,,,False,"EVTX-to-MITRE-Attack\TA0002-Execution\T1569.002-Service execution\ID7000,7009,7045-Payload deployed via service - Tchopper.evtx","Audit success, classic",0,"{""EventData"":{""Data"":[{""@Name"":""param1"",""#text"":""30000""},{""@Name"":""param2"",""#text"":""AgICAgICRTZWN1cml0eUxhc3RFdmVudFRpbWUgPSAkU2VjdXJpdHlJbmZvLkVuZFRpbWUNCiAgICAgICAgICAgICRTZWN1cml0eVRvdGFsRXZlbnRzID0gJFNlY3VyaXR5SW5mby5Ub3RhbEV2ZW50""}],""Binary"":""73-00-65-00-67-00-31-00-31-00-38-00-00-00""}}"
355,9662,2021-11-03 08:18:05.9175845,7000,Error,Service Control Manager,System,484,3168,FS03.offsec.lan,3,,,,,,,,,,,,False,"EVTX-to-MITRE-Attack\TA0002-Execution\T1569.002-Service execution\ID7000,7009,7045-Payload deployed via service - Tchopper.evtx","Audit success, classic",0,"{""EventData"":{""Data"":[{""@Name"":""param1"",""#text"":""AgICAgICRTZWN1cml0eUxhc3RFdmVudFRpbWUgPSAkU2VjdXJpdHlJbmZvLkVuZFRpbWUNCiAgICAgICAgICAgICRTZWN1cml0eVRvdGFsRXZlbnRzID0gJFNlY3VyaXR5SW5mby5Ub3RhbEV2ZW50""},{""@Name"":""param2"",""#text"":""%%1053""}],""Binary"":""73-00-65-00-67-00-31-00-31-00-38-00-00-00""}}"
356,9663,2021-11-03 08:18:06.9824709,7045,Info,Service Control Manager,System,484,3168,FS03.offsec.lan,3,S-1-5-21-4230534742-2542757381-3142984815-1111,A new service was installed in the system,,,Name: cw0KICAgICAgICAgICAgJFNlY3VyaXR5RXZlbnRMb2dTaXplID0gJFNlY3VyaXR5SW5mby5Mb2dTaXplDQogICAgICAgICAgICANCg0KICAgICAgICAgICAgIyBSZXRyaWV2ZSB0aGUgU3lzdGVtIE,StartType: demand start,Account: LocalSystem,,,,"c:\windows\system32\cmd.exe /c powershell -command ""Get-Service ""seg119"" | select -Expand DisplayName |out-file -append tmp_payload.txt""",False,"EVTX-to-MITRE-Attack\TA0002-Execution\T1569.002-Service execution\ID7000,7009,7045-Payload deployed via service - Tchopper.evtx","Audit success, classic",0,"{""EventData"":{""Data"":[{""@Name"":""ServiceName"",""#text"":""cw0KICAgICAgICAgICAgJFNlY3VyaXR5RXZlbnRMb2dTaXplID0gJFNlY3VyaXR5SW5mby5Mb2dTaXplDQogICAgICAgICAgICANCg0KICAgICAgICAgICAgIyBSZXRyaWV2ZSB0aGUgU3lzdGVtIE""},{""@Name"":""ImagePath"",""#text"":""c:\\windows\\system32\\cmd.exe /c powershell -command \""Get-Service \""seg119\"" | select -Expand DisplayName |out-file -append tmp_payload.txt\""""},{""@Name"":""ServiceType"",""#text"":""user mode service""},{""@Name"":""StartType"",""#text"":""demand start""},{""@Name"":""AccountName"",""#text"":""LocalSystem""}]}}"
357,9664,2021-11-03 08:18:07.3731073,7009,Error,Service Control Manager,System,484,3168,FS03.offsec.lan,3,,,,,,,,,,,,False,"EVTX-to-MITRE-Attack\TA0002-Execution\T1569.002-Service execution\ID7000,7009,7045-Payload deployed via service - Tchopper.evtx","Audit success, classic",0,"{""EventData"":{""Data"":[{""@Name"":""param1"",""#text"":""30000""},{""@Name"":""param2"",""#text"":""cw0KICAgICAgICAgICAgJFNlY3VyaXR5RXZlbnRMb2dTaXplID0gJFNlY3VyaXR5SW5mby5Mb2dTaXplDQogICAgICAgICAgICANCg0KICAgICAgICAgICAgIyBSZXRyaWV2ZSB0aGUgU3lzdGVtIE""}],""Binary"":""73-00-65-00-67-00-31-00-31-00-39-00-00-00""}}"
358,9665,2021-11-03 08:18:07.3731073,7000,Error,Service Control Manager,System,484,3168,FS03.offsec.lan,3,,,,,,,,,,,,False,"EVTX-to-MITRE-Attack\TA0002-Execution\T1569.002-Service execution\ID7000,7009,7045-Payload deployed via service - Tchopper.evtx","Audit success, classic",0,"{""EventData"":{""Data"":[{""@Name"":""param1"",""#text"":""cw0KICAgICAgICAgICAgJFNlY3VyaXR5RXZlbnRMb2dTaXplID0gJFNlY3VyaXR5SW5mby5Mb2dTaXplDQogICAgICAgICAgICANCg0KICAgICAgICAgICAgIyBSZXRyaWV2ZSB0aGUgU3lzdGVtIE""},{""@Name"":""param2"",""#text"":""%%1053""}],""Binary"":""73-00-65-00-67-00-31-00-31-00-39-00-00-00""}}"
359,9666,2021-11-03 08:18:08.4406801,7045,Info,Service Control Manager,System,484,3168,FS03.offsec.lan,3,S-1-5-21-4230534742-2542757381-3142984815-1111,A new service was installed in the system,,,Name: V2ZW50IGxvZyBpbmZvDQogICAgICAgICAgICAkU3lzdGVtSW5mbyA9IEdldC1FdmVudExvZ0luZm8gJENvbXB1dGVyIFN5c3RlbSAkUmVtb3RlQ29tcHV0ZXIgJE9TDQogICAgICAgICAgICAkU3lz,StartType: demand start,Account: LocalSystem,,,,"c:\windows\system32\cmd.exe /c powershell -command ""Get-Service ""seg120"" | select -Expand DisplayName |out-file -append tmp_payload.txt""",False,"EVTX-to-MITRE-Attack\TA0002-Execution\T1569.002-Service execution\ID7000,7009,7045-Payload deployed via service - Tchopper.evtx","Audit success, classic",0,"{""EventData"":{""Data"":[{""@Name"":""ServiceName"",""#text"":""V2ZW50IGxvZyBpbmZvDQogICAgICAgICAgICAkU3lzdGVtSW5mbyA9IEdldC1FdmVudExvZ0luZm8gJENvbXB1dGVyIFN5c3RlbSAkUmVtb3RlQ29tcHV0ZXIgJE9TDQogICAgICAgICAgICAkU3lz""},{""@Name"":""ImagePath"",""#text"":""c:\\windows\\system32\\cmd.exe /c powershell -command \""Get-Service \""seg120\"" | select -Expand DisplayName |out-file -append tmp_payload.txt\""""},{""@Name"":""ServiceType"",""#text"":""user mode service""},{""@Name"":""StartType"",""#text"":""demand start""},{""@Name"":""AccountName"",""#text"":""LocalSystem""}]}}"
360,9667,2021-11-03 08:18:08.8312988,7009,Error,Service Control Manager,System,484,3168,FS03.offsec.lan,3,,,,,,,,,,,,False,"EVTX-to-MITRE-Attack\TA0002-Execution\T1569.002-Service execution\ID7000,7009,7045-Payload deployed via service - Tchopper.evtx","Audit success, classic",0,"{""EventData"":{""Data"":[{""@Name"":""param1"",""#text"":""30000""},{""@Name"":""param2"",""#text"":""V2ZW50IGxvZyBpbmZvDQogICAgICAgICAgICAkU3lzdGVtSW5mbyA9IEdldC1FdmVudExvZ0luZm8gJENvbXB1dGVyIFN5c3RlbSAkUmVtb3RlQ29tcHV0ZXIgJE9TDQogICAgICAgICAgICAkU3lz""}],""Binary"":""73-00-65-00-67-00-31-00-32-00-30-00-00-00""}}"
361,9668,2021-11-03 08:18:08.8312988,7000,Error,Service Control Manager,System,484,3168,FS03.offsec.lan,3,,,,,,,,,,,,False,"EVTX-to-MITRE-Attack\TA0002-Execution\T1569.002-Service execution\ID7000,7009,7045-Payload deployed via service - Tchopper.evtx","Audit success, classic",0,"{""EventData"":{""Data"":[{""@Name"":""param1"",""#text"":""V2ZW50IGxvZyBpbmZvDQogICAgICAgICAgICAkU3lzdGVtSW5mbyA9IEdldC1FdmVudExvZ0luZm8gJENvbXB1dGVyIFN5c3RlbSAkUmVtb3RlQ29tcHV0ZXIgJE9TDQogICAgICAgICAgICAkU3lz""},{""@Name"":""param2"",""#text"":""%%1053""}],""Binary"":""73-00-65-00-67-00-31-00-32-00-30-00-00-00""}}"
362,9669,2021-11-03 08:18:09.9090396,7045,Info,Service Control Manager,System,484,3168,FS03.offsec.lan,3,S-1-5-21-4230534742-2542757381-3142984815-1111,A new service was installed in the system,,,Name: dGVtRVBTID0gJFN5c3RlbUluZm8uQXZlcmFnZUV2ZW50cw0KICAgICAgICAgICAgJFN5c3RlbUZpcnN0RXZlbnRUaW1lID0gJFN5c3RlbUluZm8uU3RhcnRUaW1lDQogICAgICAgICAgICAkU3lzdG,StartType: demand start,Account: LocalSystem,,,,"c:\windows\system32\cmd.exe /c powershell -command ""Get-Service ""seg121"" | select -Expand DisplayName |out-file -append tmp_payload.txt""",False,"EVTX-to-MITRE-Attack\TA0002-Execution\T1569.002-Service execution\ID7000,7009,7045-Payload deployed via service - Tchopper.evtx","Audit success, classic",0,"{""EventData"":{""Data"":[{""@Name"":""ServiceName"",""#text"":""dGVtRVBTID0gJFN5c3RlbUluZm8uQXZlcmFnZUV2ZW50cw0KICAgICAgICAgICAgJFN5c3RlbUZpcnN0RXZlbnRUaW1lID0gJFN5c3RlbUluZm8uU3RhcnRUaW1lDQogICAgICAgICAgICAkU3lzdG""},{""@Name"":""ImagePath"",""#text"":""c:\\windows\\system32\\cmd.exe /c powershell -command \""Get-Service \""seg121\"" | select -Expand DisplayName |out-file -append tmp_payload.txt\""""},{""@Name"":""ServiceType"",""#text"":""user mode service""},{""@Name"":""StartType"",""#text"":""demand start""},{""@Name"":""AccountName"",""#text"":""LocalSystem""}]}}"
363,9670,2021-11-03 08:18:10.2684106,7009,Error,Service Control Manager,System,484,3168,FS03.offsec.lan,3,,,,,,,,,,,,False,"EVTX-to-MITRE-Attack\TA0002-Execution\T1569.002-Service execution\ID7000,7009,7045-Payload deployed via service - Tchopper.evtx","Audit success, classic",0,"{""EventData"":{""Data"":[{""@Name"":""param1"",""#text"":""30000""},{""@Name"":""param2"",""#text"":""dGVtRVBTID0gJFN5c3RlbUluZm8uQXZlcmFnZUV2ZW50cw0KICAgICAgICAgICAgJFN5c3RlbUZpcnN0RXZlbnRUaW1lID0gJFN5c3RlbUluZm8uU3RhcnRUaW1lDQogICAgICAgICAgICAkU3lzdG""}],""Binary"":""73-00-65-00-67-00-31-00-32-00-31-00-00-00""}}"
364,9671,2021-11-03 08:18:10.2684106,7000,Error,Service Control Manager,System,484,3168,FS03.offsec.lan,3,,,,,,,,,,,,False,"EVTX-to-MITRE-Attack\TA0002-Execution\T1569.002-Service execution\ID7000,7009,7045-Payload deployed via service - Tchopper.evtx","Audit success, classic",0,"{""EventData"":{""Data"":[{""@Name"":""param1"",""#text"":""dGVtRVBTID0gJFN5c3RlbUluZm8uQXZlcmFnZUV2ZW50cw0KICAgICAgICAgICAgJFN5c3RlbUZpcnN0RXZlbnRUaW1lID0gJFN5c3RlbUluZm8uU3RhcnRUaW1lDQogICAgICAgICAgICAkU3lzdG""},{""@Name"":""param2"",""#text"":""%%1053""}],""Binary"":""73-00-65-00-67-00-31-00-32-00-31-00-00-00""}}"
365,9672,2021-11-03 08:18:11.3494059,7045,Info,Service Control Manager,System,484,3168,FS03.offsec.lan,3,S-1-5-21-4230534742-2542757381-3142984815-1111,A new service was installed in the system,,,Name: VtTGFzdEV2ZW50VGltZSA9ICRTeXN0ZW1JbmZvLkVuZFRpbWUNCiAgICAgICAgICAgICRTeXN0ZW1Ub3RhbEV2ZW50cyA9ICRTeXN0ZW1JbmZvLlRvdGFsRXZlbnRzDQogICAgICAgICAgICAkU3lz,StartType: demand start,Account: LocalSystem,,,,"c:\windows\system32\cmd.exe /c powershell -command ""Get-Service ""seg122"" | select -Expand DisplayName |out-file -append tmp_payload.txt""",False,"EVTX-to-MITRE-Attack\TA0002-Execution\T1569.002-Service execution\ID7000,7009,7045-Payload deployed via service - Tchopper.evtx","Audit success, classic",0,"{""EventData"":{""Data"":[{""@Name"":""ServiceName"",""#text"":""VtTGFzdEV2ZW50VGltZSA9ICRTeXN0ZW1JbmZvLkVuZFRpbWUNCiAgICAgICAgICAgICRTeXN0ZW1Ub3RhbEV2ZW50cyA9ICRTeXN0ZW1JbmZvLlRvdGFsRXZlbnRzDQogICAgICAgICAgICAkU3lz""},{""@Name"":""ImagePath"",""#text"":""c:\\windows\\system32\\cmd.exe /c powershell -command \""Get-Service \""seg122\"" | select -Expand DisplayName |out-file -append tmp_payload.txt\""""},{""@Name"":""ServiceType"",""#text"":""user mode service""},{""@Name"":""StartType"",""#text"":""demand start""},{""@Name"":""AccountName"",""#text"":""LocalSystem""}]}}"
366,9673,2021-11-03 08:18:11.7087835,7009,Error,Service Control Manager,System,484,3168,FS03.offsec.lan,3,,,,,,,,,,,,False,"EVTX-to-MITRE-Attack\TA0002-Execution\T1569.002-Service execution\ID7000,7009,7045-Payload deployed via service - Tchopper.evtx","Audit success, classic",0,"{""EventData"":{""Data"":[{""@Name"":""param1"",""#text"":""30000""},{""@Name"":""param2"",""#text"":""VtTGFzdEV2ZW50VGltZSA9ICRTeXN0ZW1JbmZvLkVuZFRpbWUNCiAgICAgICAgICAgICRTeXN0ZW1Ub3RhbEV2ZW50cyA9ICRTeXN0ZW1JbmZvLlRvdGFsRXZlbnRzDQogICAgICAgICAgICAkU3lz""}],""Binary"":""73-00-65-00-67-00-31-00-32-00-32-00-00-00""}}"
367,9674,2021-11-03 08:18:11.7087835,7000,Error,Service Control Manager,System,484,3168,FS03.offsec.lan,3,,,,,,,,,,,,False,"EVTX-to-MITRE-Attack\TA0002-Execution\T1569.002-Service execution\ID7000,7009,7045-Payload deployed via service - Tchopper.evtx","Audit success, classic",0,"{""EventData"":{""Data"":[{""@Name"":""param1"",""#text"":""VtTGFzdEV2ZW50VGltZSA9ICRTeXN0ZW1JbmZvLkVuZFRpbWUNCiAgICAgICAgICAgICRTeXN0ZW1Ub3RhbEV2ZW50cyA9ICRTeXN0ZW1JbmZvLlRvdGFsRXZlbnRzDQogICAgICAgICAgICAkU3lz""},{""@Name"":""param2"",""#text"":""%%1053""}],""Binary"":""73-00-65-00-67-00-31-00-32-00-32-00-00-00""}}"
368,9675,2021-11-03 08:18:12.7869129,7045,Info,Service Control Manager,System,484,3168,FS03.offsec.lan,3,S-1-5-21-4230534742-2542757381-3142984815-1111,A new service was installed in the system,,,Name: dGVtRXZlbnRMb2dTaXplID0gJFN5c3RlbUluZm8uTG9nU2l6ZQ0KDQoNCiAgICAgICAgICAgICRUb3RhbEVQUyA9IFttYXRoXTo6Um91bmQoKCRBcHBsaWNhdGlvbkVQUyArICRTZWN1cml0eUVQUy,StartType: demand start,Account: LocalSystem,,,,"c:\windows\system32\cmd.exe /c powershell -command ""Get-Service ""seg123"" | select -Expand DisplayName |out-file -append tmp_payload.txt""",False,"EVTX-to-MITRE-Attack\TA0002-Execution\T1569.002-Service execution\ID7000,7009,7045-Payload deployed via service - Tchopper.evtx","Audit success, classic",0,"{""EventData"":{""Data"":[{""@Name"":""ServiceName"",""#text"":""dGVtRXZlbnRMb2dTaXplID0gJFN5c3RlbUluZm8uTG9nU2l6ZQ0KDQoNCiAgICAgICAgICAgICRUb3RhbEVQUyA9IFttYXRoXTo6Um91bmQoKCRBcHBsaWNhdGlvbkVQUyArICRTZWN1cml0eUVQUy""},{""@Name"":""ImagePath"",""#text"":""c:\\windows\\system32\\cmd.exe /c powershell -command \""Get-Service \""seg123\"" | select -Expand DisplayName |out-file -append tmp_payload.txt\""""},{""@Name"":""ServiceType"",""#text"":""user mode service""},{""@Name"":""StartType"",""#text"":""demand start""},{""@Name"":""AccountName"",""#text"":""LocalSystem""}]}}"
369,9676,2021-11-03 08:18:13.1514686,7009,Error,Service Control Manager,System,484,3168,FS03.offsec.lan,3,,,,,,,,,,,,False,"EVTX-to-MITRE-Attack\TA0002-Execution\T1569.002-Service execution\ID7000,7009,7045-Payload deployed via service - Tchopper.evtx","Audit success, classic",0,"{""EventData"":{""Data"":[{""@Name"":""param1"",""#text"":""30000""},{""@Name"":""param2"",""#text"":""dGVtRXZlbnRMb2dTaXplID0gJFN5c3RlbUluZm8uTG9nU2l6ZQ0KDQoNCiAgICAgICAgICAgICRUb3RhbEVQUyA9IFttYXRoXTo6Um91bmQoKCRBcHBsaWNhdGlvbkVQUyArICRTZWN1cml0eUVQUy""}],""Binary"":""73-00-65-00-67-00-31-00-32-00-33-00-00-00""}}"
370,9677,2021-11-03 08:18:13.1514686,7000,Error,Service Control Manager,System,484,3168,FS03.offsec.lan,3,,,,,,,,,,,,False,"EVTX-to-MITRE-Attack\TA0002-Execution\T1569.002-Service execution\ID7000,7009,7045-Payload deployed via service - Tchopper.evtx","Audit success, classic",0,"{""EventData"":{""Data"":[{""@Name"":""param1"",""#text"":""dGVtRXZlbnRMb2dTaXplID0gJFN5c3RlbUluZm8uTG9nU2l6ZQ0KDQoNCiAgICAgICAgICAgICRUb3RhbEVQUyA9IFttYXRoXTo6Um91bmQoKCRBcHBsaWNhdGlvbkVQUyArICRTZWN1cml0eUVQUy""},{""@Name"":""param2"",""#text"":""%%1053""}],""Binary"":""73-00-65-00-67-00-31-00-32-00-33-00-00-00""}}"
371,9678,2021-11-03 08:18:14.2335720,7045,Info,Service Control Manager,System,484,3168,FS03.offsec.lan,3,S-1-5-21-4230534742-2542757381-3142984815-1111,A new service was installed in the system,,,Name: ArICRTeXN0ZW1FUFMpLCA1KQ0KICAgICAgICAgICAgJFByb2ZpbGVTdWdnZXN0aW9uID0gR2V0LVByb2ZpbGVTdWdnZXN0aW9uICRUb3RhbEVQUw0KICAgICAgICAgICAgIyRDb21wdXRlck9TID0g,StartType: demand start,Account: LocalSystem,,,,"c:\windows\system32\cmd.exe /c powershell -command ""Get-Service ""seg124"" | select -Expand DisplayName |out-file -append tmp_payload.txt""",False,"EVTX-to-MITRE-Attack\TA0002-Execution\T1569.002-Service execution\ID7000,7009,7045-Payload deployed via service - Tchopper.evtx","Audit success, classic",0,"{""EventData"":{""Data"":[{""@Name"":""ServiceName"",""#text"":""ArICRTeXN0ZW1FUFMpLCA1KQ0KICAgICAgICAgICAgJFByb2ZpbGVTdWdnZXN0aW9uID0gR2V0LVByb2ZpbGVTdWdnZXN0aW9uICRUb3RhbEVQUw0KICAgICAgICAgICAgIyRDb21wdXRlck9TID0g""},{""@Name"":""ImagePath"",""#text"":""c:\\windows\\system32\\cmd.exe /c powershell -command \""Get-Service \""seg124\"" | select -Expand DisplayName |out-file -append tmp_payload.txt\""""},{""@Name"":""ServiceType"",""#text"":""user mode service""},{""@Name"":""StartType"",""#text"":""demand start""},{""@Name"":""AccountName"",""#text"":""LocalSystem""}]}}"
372,9679,2021-11-03 08:18:14.6085426,7009,Error,Service Control Manager,System,484,3168,FS03.offsec.lan,3,,,,,,,,,,,,False,"EVTX-to-MITRE-Attack\TA0002-Execution\T1569.002-Service execution\ID7000,7009,7045-Payload deployed via service - Tchopper.evtx","Audit success, classic",0,"{""EventData"":{""Data"":[{""@Name"":""param1"",""#text"":""30000""},{""@Name"":""param2"",""#text"":""ArICRTeXN0ZW1FUFMpLCA1KQ0KICAgICAgICAgICAgJFByb2ZpbGVTdWdnZXN0aW9uID0gR2V0LVByb2ZpbGVTdWdnZXN0aW9uICRUb3RhbEVQUw0KICAgICAgICAgICAgIyRDb21wdXRlck9TID0g""}],""Binary"":""73-00-65-00-67-00-31-00-32-00-34-00-00-00""}}"
373,9680,2021-11-03 08:18:14.6085426,7000,Error,Service Control Manager,System,484,3168,FS03.offsec.lan,3,,,,,,,,,,,,False,"EVTX-to-MITRE-Attack\TA0002-Execution\T1569.002-Service execution\ID7000,7009,7045-Payload deployed via service - Tchopper.evtx","Audit success, classic",0,"{""EventData"":{""Data"":[{""@Name"":""param1"",""#text"":""ArICRTeXN0ZW1FUFMpLCA1KQ0KICAgICAgICAgICAgJFByb2ZpbGVTdWdnZXN0aW9uID0gR2V0LVByb2ZpbGVTdWdnZXN0aW9uICRUb3RhbEVQUw0KICAgICAgICAgICAgIyRDb21wdXRlck9TID0g""},{""@Name"":""param2"",""#text"":""%%1053""}],""Binary"":""73-00-65-00-67-00-31-00-32-00-34-00-00-00""}}"
374,9681,2021-11-03 08:18:15.6777497,7045,Info,Service Control Manager,System,484,3168,FS03.offsec.lan,3,S-1-5-21-4230534742-2542757381-3142984815-1111,A new service was installed in the system,,,Name: KEdldC1BRENvbXB1dGVyIC1GaWx0ZXIgKikuT3BlcmF0aW5nU3lzdGVtDQogICAgICAgICAgICAkQ29tcHV0ZXJPUyA9ICIkT1MiDQoNCg0KICAgICAgICAgICAgJEJveCA9IEB7IlByb2ZpbGVTdW,StartType: demand start,Account: LocalSystem,,,,"c:\windows\system32\cmd.exe /c powershell -command ""Get-Service ""seg125"" | select -Expand DisplayName |out-file -append tmp_payload.txt""",False,"EVTX-to-MITRE-Attack\TA0002-Execution\T1569.002-Service execution\ID7000,7009,7045-Payload deployed via service - Tchopper.evtx","Audit success, classic",0,"{""EventData"":{""Data"":[{""@Name"":""ServiceName"",""#text"":""KEdldC1BRENvbXB1dGVyIC1GaWx0ZXIgKikuT3BlcmF0aW5nU3lzdGVtDQogICAgICAgICAgICAkQ29tcHV0ZXJPUyA9ICIkT1MiDQoNCg0KICAgICAgICAgICAgJEJveCA9IEB7IlByb2ZpbGVTdW""},{""@Name"":""ImagePath"",""#text"":""c:\\windows\\system32\\cmd.exe /c powershell -command \""Get-Service \""seg125\"" | select -Expand DisplayName |out-file -append tmp_payload.txt\""""},{""@Name"":""ServiceType"",""#text"":""user mode service""},{""@Name"":""StartType"",""#text"":""demand start""},{""@Name"":""AccountName"",""#text"":""LocalSystem""}]}}"
375,9682,2021-11-03 08:18:16.0527432,7009,Error,Service Control Manager,System,484,3168,FS03.offsec.lan,3,,,,,,,,,,,,False,"EVTX-to-MITRE-Attack\TA0002-Execution\T1569.002-Service execution\ID7000,7009,7045-Payload deployed via service - Tchopper.evtx","Audit success, classic",0,"{""EventData"":{""Data"":[{""@Name"":""param1"",""#text"":""30000""},{""@Name"":""param2"",""#text"":""KEdldC1BRENvbXB1dGVyIC1GaWx0ZXIgKikuT3BlcmF0aW5nU3lzdGVtDQogICAgICAgICAgICAkQ29tcHV0ZXJPUyA9ICIkT1MiDQoNCg0KICAgICAgICAgICAgJEJveCA9IEB7IlByb2ZpbGVTdW""}],""Binary"":""73-00-65-00-67-00-31-00-32-00-35-00-00-00""}}"
376,9683,2021-11-03 08:18:16.0527432,7000,Error,Service Control Manager,System,484,3168,FS03.offsec.lan,3,,,,,,,,,,,,False,"EVTX-to-MITRE-Attack\TA0002-Execution\T1569.002-Service execution\ID7000,7009,7045-Payload deployed via service - Tchopper.evtx","Audit success, classic",0,"{""EventData"":{""Data"":[{""@Name"":""param1"",""#text"":""KEdldC1BRENvbXB1dGVyIC1GaWx0ZXIgKikuT3BlcmF0aW5nU3lzdGVtDQogICAgICAgICAgICAkQ29tcHV0ZXJPUyA9ICIkT1MiDQoNCg0KICAgICAgICAgICAgJEJveCA9IEB7IlByb2ZpbGVTdW""},{""@Name"":""param2"",""#text"":""%%1053""}],""Binary"":""73-00-65-00-67-00-31-00-32-00-35-00-00-00""}}"
377,9684,2021-11-03 08:18:17.1170973,7045,Info,Service Control Manager,System,484,3168,FS03.offsec.lan,3,S-1-5-21-4230534742-2542757381-3142984815-1111,A new service was installed in the system,,,Name: dnZXN0aW9uIiA9ICRQcm9maWxlU3VnZ2VzdGlvbjsgIlRvdGFsRVBTIiA9ICRUb3RhbEVQUzsgIk9TVmVyc2lvbiIgPSAkQ29tcHV0ZXJPUzsNCiAgICAgICAgICAgICAgICAgICAgICJBcHBsaWNh,StartType: demand start,Account: LocalSystem,,,,"c:\windows\system32\cmd.exe /c powershell -command ""Get-Service ""seg126"" | select -Expand DisplayName |out-file -append tmp_payload.txt""",False,"EVTX-to-MITRE-Attack\TA0002-Execution\T1569.002-Service execution\ID7000,7009,7045-Payload deployed via service - Tchopper.evtx","Audit success, classic",0,"{""EventData"":{""Data"":[{""@Name"":""ServiceName"",""#text"":""dnZXN0aW9uIiA9ICRQcm9maWxlU3VnZ2VzdGlvbjsgIlRvdGFsRVBTIiA9ICRUb3RhbEVQUzsgIk9TVmVyc2lvbiIgPSAkQ29tcHV0ZXJPUzsNCiAgICAgICAgICAgICAgICAgICAgICJBcHBsaWNh""},{""@Name"":""ImagePath"",""#text"":""c:\\windows\\system32\\cmd.exe /c powershell -command \""Get-Service \""seg126\"" | select -Expand DisplayName |out-file -append tmp_payload.txt\""""},{""@Name"":""ServiceType"",""#text"":""user mode service""},{""@Name"":""StartType"",""#text"":""demand start""},{""@Name"":""AccountName"",""#text"":""LocalSystem""}]}}"
378,9685,2021-11-03 08:18:17.4921062,7009,Error,Service Control Manager,System,484,3168,FS03.offsec.lan,3,,,,,,,,,,,,False,"EVTX-to-MITRE-Attack\TA0002-Execution\T1569.002-Service execution\ID7000,7009,7045-Payload deployed via service - Tchopper.evtx","Audit success, classic",0,"{""EventData"":{""Data"":[{""@Name"":""param1"",""#text"":""30000""},{""@Name"":""param2"",""#text"":""dnZXN0aW9uIiA9ICRQcm9maWxlU3VnZ2VzdGlvbjsgIlRvdGFsRVBTIiA9ICRUb3RhbEVQUzsgIk9TVmVyc2lvbiIgPSAkQ29tcHV0ZXJPUzsNCiAgICAgICAgICAgICAgICAgICAgICJBcHBsaWNh""}],""Binary"":""73-00-65-00-67-00-31-00-32-00-36-00-00-00""}}"
379,9686,2021-11-03 08:18:17.4921062,7000,Error,Service Control Manager,System,484,3168,FS03.offsec.lan,3,,,,,,,,,,,,False,"EVTX-to-MITRE-Attack\TA0002-Execution\T1569.002-Service execution\ID7000,7009,7045-Payload deployed via service - Tchopper.evtx","Audit success, classic",0,"{""EventData"":{""Data"":[{""@Name"":""param1"",""#text"":""dnZXN0aW9uIiA9ICRQcm9maWxlU3VnZ2VzdGlvbjsgIlRvdGFsRVBTIiA9ICRUb3RhbEVQUzsgIk9TVmVyc2lvbiIgPSAkQ29tcHV0ZXJPUzsNCiAgICAgICAgICAgICAgICAgICAgICJBcHBsaWNh""},{""@Name"":""param2"",""#text"":""%%1053""}],""Binary"":""73-00-65-00-67-00-31-00-32-00-36-00-00-00""}}"
380,9687,2021-11-03 08:18:19.6342128,7045,Info,Service Control Manager,System,484,2512,FS03.offsec.lan,3,S-1-5-21-4230534742-2542757381-3142984815-1111,A new service was installed in the system,,,Name: A9ICRBcHBsaWNhdGlvbkxhc3RFdmVudFRpbWU7ICJBcHBsaWNhdGlvblRvdGFsRXZlbnRzIiA9ICRBcHBsaWNhdGlvblRvdGFsRXZlbnRzOyAiQXBwbGljYXRpb25FdmVudExvZ1NpemUiID0gJEFw,StartType: demand start,Account: LocalSystem,,,,"c:\windows\system32\cmd.exe /c powershell -command ""Get-Service ""seg128"" | select -Expand DisplayName |out-file -append tmp_payload.txt""",False,"EVTX-to-MITRE-Attack\TA0002-Execution\T1569.002-Service execution\ID7000,7009,7045-Payload deployed via service - Tchopper.evtx","Audit success, classic",0,"{""EventData"":{""Data"":[{""@Name"":""ServiceName"",""#text"":""A9ICRBcHBsaWNhdGlvbkxhc3RFdmVudFRpbWU7ICJBcHBsaWNhdGlvblRvdGFsRXZlbnRzIiA9ICRBcHBsaWNhdGlvblRvdGFsRXZlbnRzOyAiQXBwbGljYXRpb25FdmVudExvZ1NpemUiID0gJEFw""},{""@Name"":""ImagePath"",""#text"":""c:\\windows\\system32\\cmd.exe /c powershell -command \""Get-Service \""seg128\"" | select -Expand DisplayName |out-file -append tmp_payload.txt\""""},{""@Name"":""ServiceType"",""#text"":""user mode service""},{""@Name"":""StartType"",""#text"":""demand start""},{""@Name"":""AccountName"",""#text"":""LocalSystem""}]}}"
381,9688,2021-11-03 08:18:20.0092063,7009,Error,Service Control Manager,System,484,2512,FS03.offsec.lan,3,,,,,,,,,,,,False,"EVTX-to-MITRE-Attack\TA0002-Execution\T1569.002-Service execution\ID7000,7009,7045-Payload deployed via service - Tchopper.evtx","Audit success, classic",0,"{""EventData"":{""Data"":[{""@Name"":""param1"",""#text"":""30000""},{""@Name"":""param2"",""#text"":""A9ICRBcHBsaWNhdGlvbkxhc3RFdmVudFRpbWU7ICJBcHBsaWNhdGlvblRvdGFsRXZlbnRzIiA9ICRBcHBsaWNhdGlvblRvdGFsRXZlbnRzOyAiQXBwbGljYXRpb25FdmVudExvZ1NpemUiID0gJEFw""}],""Binary"":""73-00-65-00-67-00-31-00-32-00-38-00-00-00""}}"
382,9689,2021-11-03 08:18:20.0092063,7000,Error,Service Control Manager,System,484,2512,FS03.offsec.lan,3,,,,,,,,,,,,False,"EVTX-to-MITRE-Attack\TA0002-Execution\T1569.002-Service execution\ID7000,7009,7045-Payload deployed via service - Tchopper.evtx","Audit success, classic",0,"{""EventData"":{""Data"":[{""@Name"":""param1"",""#text"":""A9ICRBcHBsaWNhdGlvbkxhc3RFdmVudFRpbWU7ICJBcHBsaWNhdGlvblRvdGFsRXZlbnRzIiA9ICRBcHBsaWNhdGlvblRvdGFsRXZlbnRzOyAiQXBwbGljYXRpb25FdmVudExvZ1NpemUiID0gJEFw""},{""@Name"":""param2"",""#text"":""%%1053""}],""Binary"":""73-00-65-00-67-00-31-00-32-00-38-00-00-00""}}"
383,9690,2021-11-03 08:18:21.0886955,7045,Info,Service Control Manager,System,484,2512,FS03.offsec.lan,3,S-1-5-21-4230534742-2542757381-3142984815-1111,A new service was installed in the system,,,Name: cGxpY2F0aW9uRXZlbnRMb2dTaXplOw0KICAgICAgICAgICAgICAgICAgICAgIlNlY3VyaXR5RVBTIiA9ICRTZWN1cml0eUVQUzsgIlNlY3VyaXR5Rmlyc3RFdmVudFRpbWUiID0gJFNlY3VyaXR5Rm,StartType: demand start,Account: LocalSystem,,,,"c:\windows\system32\cmd.exe /c powershell -command ""Get-Service ""seg129"" | select -Expand DisplayName |out-file -append tmp_payload.txt""",False,"EVTX-to-MITRE-Attack\TA0002-Execution\T1569.002-Service execution\ID7000,7009,7045-Payload deployed via service - Tchopper.evtx","Audit success, classic",0,"{""EventData"":{""Data"":[{""@Name"":""ServiceName"",""#text"":""cGxpY2F0aW9uRXZlbnRMb2dTaXplOw0KICAgICAgICAgICAgICAgICAgICAgIlNlY3VyaXR5RVBTIiA9ICRTZWN1cml0eUVQUzsgIlNlY3VyaXR5Rmlyc3RFdmVudFRpbWUiID0gJFNlY3VyaXR5Rm""},{""@Name"":""ImagePath"",""#text"":""c:\\windows\\system32\\cmd.exe /c powershell -command \""Get-Service \""seg129\"" | select -Expand DisplayName |out-file -append tmp_payload.txt\""""},{""@Name"":""ServiceType"",""#text"":""user mode service""},{""@Name"":""StartType"",""#text"":""demand start""},{""@Name"":""AccountName"",""#text"":""LocalSystem""}]}}"
384,9691,2021-11-03 08:18:21.4636992,7009,Error,Service Control Manager,System,484,2512,FS03.offsec.lan,3,,,,,,,,,,,,False,"EVTX-to-MITRE-Attack\TA0002-Execution\T1569.002-Service execution\ID7000,7009,7045-Payload deployed via service - Tchopper.evtx","Audit success, classic",0,"{""EventData"":{""Data"":[{""@Name"":""param1"",""#text"":""30000""},{""@Name"":""param2"",""#text"":""cGxpY2F0aW9uRXZlbnRMb2dTaXplOw0KICAgICAgICAgICAgICAgICAgICAgIlNlY3VyaXR5RVBTIiA9ICRTZWN1cml0eUVQUzsgIlNlY3VyaXR5Rmlyc3RFdmVudFRpbWUiID0gJFNlY3VyaXR5Rm""}],""Binary"":""73-00-65-00-67-00-31-00-32-00-39-00-00-00""}}"
385,9692,2021-11-03 08:18:21.4636992,7000,Error,Service Control Manager,System,484,2512,FS03.offsec.lan,3,,,,,,,,,,,,False,"EVTX-to-MITRE-Attack\TA0002-Execution\T1569.002-Service execution\ID7000,7009,7045-Payload deployed via service - Tchopper.evtx","Audit success, classic",0,"{""EventData"":{""Data"":[{""@Name"":""param1"",""#text"":""cGxpY2F0aW9uRXZlbnRMb2dTaXplOw0KICAgICAgICAgICAgICAgICAgICAgIlNlY3VyaXR5RVBTIiA9ICRTZWN1cml0eUVQUzsgIlNlY3VyaXR5Rmlyc3RFdmVudFRpbWUiID0gJFNlY3VyaXR5Rm""},{""@Name"":""param2"",""#text"":""%%1053""}],""Binary"":""73-00-65-00-67-00-31-00-32-00-39-00-00-00""}}"
386,9693,2021-11-03 08:18:22.5424400,7045,Info,Service Control Manager,System,484,2512,FS03.offsec.lan,4,S-1-5-21-4230534742-2542757381-3142984815-1111,A new service was installed in the system,,,Name: lyc3RFdmVudFRpbWU7ICJTZWN1cml0eUxhc3RFdmVudFRpbWUiID0gJFNlY3VyaXR5TGFzdEV2ZW50VGltZTsgIlNlY3VyaXR5VG90YWxFdmVudHMiID0gJFNlY3VyaXR5VG90YWxFdmVudHM7ICJT,StartType: demand start,Account: LocalSystem,,,,"c:\windows\system32\cmd.exe /c powershell -command ""Get-Service ""seg130"" | select -Expand DisplayName |out-file -append tmp_payload.txt""",False,"EVTX-to-MITRE-Attack\TA0002-Execution\T1569.002-Service execution\ID7000,7009,7045-Payload deployed via service - Tchopper.evtx","Audit success, classic",0,"{""EventData"":{""Data"":[{""@Name"":""ServiceName"",""#text"":""lyc3RFdmVudFRpbWU7ICJTZWN1cml0eUxhc3RFdmVudFRpbWUiID0gJFNlY3VyaXR5TGFzdEV2ZW50VGltZTsgIlNlY3VyaXR5VG90YWxFdmVudHMiID0gJFNlY3VyaXR5VG90YWxFdmVudHM7ICJT""},{""@Name"":""ImagePath"",""#text"":""c:\\windows\\system32\\cmd.exe /c powershell -command \""Get-Service \""seg130\"" | select -Expand DisplayName |out-file -append tmp_payload.txt\""""},{""@Name"":""ServiceType"",""#text"":""user mode service""},{""@Name"":""StartType"",""#text"":""demand start""},{""@Name"":""AccountName"",""#text"":""LocalSystem""}]}}"
387,9694,2021-11-03 08:18:22.9214308,7009,Error,Service Control Manager,System,484,2512,FS03.offsec.lan,4,,,,,,,,,,,,False,"EVTX-to-MITRE-Attack\TA0002-Execution\T1569.002-Service execution\ID7000,7009,7045-Payload deployed via service - Tchopper.evtx","Audit success, classic",0,"{""EventData"":{""Data"":[{""@Name"":""param1"",""#text"":""30000""},{""@Name"":""param2"",""#text"":""lyc3RFdmVudFRpbWU7ICJTZWN1cml0eUxhc3RFdmVudFRpbWUiID0gJFNlY3VyaXR5TGFzdEV2ZW50VGltZTsgIlNlY3VyaXR5VG90YWxFdmVudHMiID0gJFNlY3VyaXR5VG90YWxFdmVudHM7ICJT""}],""Binary"":""73-00-65-00-67-00-31-00-33-00-30-00-00-00""}}"
388,9695,2021-11-03 08:18:22.9214308,7000,Error,Service Control Manager,System,484,2512,FS03.offsec.lan,4,,,,,,,,,,,,False,"EVTX-to-MITRE-Attack\TA0002-Execution\T1569.002-Service execution\ID7000,7009,7045-Payload deployed via service - Tchopper.evtx","Audit success, classic",0,"{""EventData"":{""Data"":[{""@Name"":""param1"",""#text"":""lyc3RFdmVudFRpbWU7ICJTZWN1cml0eUxhc3RFdmVudFRpbWUiID0gJFNlY3VyaXR5TGFzdEV2ZW50VGltZTsgIlNlY3VyaXR5VG90YWxFdmVudHMiID0gJFNlY3VyaXR5VG90YWxFdmVudHM7ICJT""},{""@Name"":""param2"",""#text"":""%%1053""}],""Binary"":""73-00-65-00-67-00-31-00-33-00-30-00-00-00""}}"
389,9696,2021-11-03 08:18:23.9792410,7045,Info,Service Control Manager,System,484,2512,FS03.offsec.lan,4,S-1-5-21-4230534742-2542757381-3142984815-1111,A new service was installed in the system,,,Name: ZWN1cml0eUV2ZW50TG9nU2l6ZSIgPSAkU2VjdXJpdHlFdmVudExvZ1NpemU7IA0KICAgICAgICAgICAgICAgICAgICAgIlN5c3RlbUVQUyIgPSAkU3lzdGVtRVBTOyAiU3lzdGVtRmlyc3RFdmVudF,StartType: demand start,Account: LocalSystem,,,,"c:\windows\system32\cmd.exe /c powershell -command ""Get-Service ""seg131"" | select -Expand DisplayName |out-file -append tmp_payload.txt""",False,"EVTX-to-MITRE-Attack\TA0002-Execution\T1569.002-Service execution\ID7000,7009,7045-Payload deployed via service - Tchopper.evtx","Audit success, classic",0,"{""EventData"":{""Data"":[{""@Name"":""ServiceName"",""#text"":""ZWN1cml0eUV2ZW50TG9nU2l6ZSIgPSAkU2VjdXJpdHlFdmVudExvZ1NpemU7IA0KICAgICAgICAgICAgICAgICAgICAgIlN5c3RlbUVQUyIgPSAkU3lzdGVtRVBTOyAiU3lzdGVtRmlyc3RFdmVudF""},{""@Name"":""ImagePath"",""#text"":""c:\\windows\\system32\\cmd.exe /c powershell -command \""Get-Service \""seg131\"" | select -Expand DisplayName |out-file -append tmp_payload.txt\""""},{""@Name"":""ServiceType"",""#text"":""user mode service""},{""@Name"":""StartType"",""#text"":""demand start""},{""@Name"":""AccountName"",""#text"":""LocalSystem""}]}}"
390,9697,2021-11-03 08:18:24.3723640,7009,Error,Service Control Manager,System,484,2512,FS03.offsec.lan,4,,,,,,,,,,,,False,"EVTX-to-MITRE-Attack\TA0002-Execution\T1569.002-Service execution\ID7000,7009,7045-Payload deployed via service - Tchopper.evtx","Audit success, classic",528,"{""EventData"":{""Data"":[{""@Name"":""param1"",""#text"":""30000""},{""@Name"":""param2"",""#text"":""ZWN1cml0eUV2ZW50TG9nU2l6ZSIgPSAkU2VjdXJpdHlFdmVudExvZ1NpemU7IA0KICAgICAgICAgICAgICAgICAgICAgIlN5c3RlbUVQUyIgPSAkU3lzdGVtRVBTOyAiU3lzdGVtRmlyc3RFdmVudF""}],""Binary"":""73-00-65-00-67-00-31-00-33-00-31-00-00-00""}}"
391,9698,2021-11-03 08:18:24.3723640,7000,Error,Service Control Manager,System,484,2512,FS03.offsec.lan,4,,,,,,,,,,,,False,"EVTX-to-MITRE-Attack\TA0002-Execution\T1569.002-Service execution\ID7000,7009,7045-Payload deployed via service - Tchopper.evtx","Audit success, classic",0,"{""EventData"":{""Data"":[{""@Name"":""param1"",""#text"":""ZWN1cml0eUV2ZW50TG9nU2l6ZSIgPSAkU2VjdXJpdHlFdmVudExvZ1NpemU7IA0KICAgICAgICAgICAgICAgICAgICAgIlN5c3RlbUVQUyIgPSAkU3lzdGVtRVBTOyAiU3lzdGVtRmlyc3RFdmVudF""},{""@Name"":""param2"",""#text"":""%%1053""}],""Binary"":""73-00-65-00-67-00-31-00-33-00-31-00-00-00""}}"
392,9699,2021-11-03 08:18:25.4467077,7045,Info,Service Control Manager,System,484,2512,FS03.offsec.lan,4,S-1-5-21-4230534742-2542757381-3142984815-1111,A new service was installed in the system,,,Name: RpbWUiID0gJFN5c3RlbUZpcnN0RXZlbnRUaW1lOyAiU3lzdGVtTGFzdEV2ZW50VGltZSIgPSAkU3lzdGVtTGFzdEV2ZW50VGltZTsgIlN5c3RlbVRvdGFsRXZlbnRzIiA9ICRTeXN0ZW1Ub3RhbEV2,StartType: demand start,Account: LocalSystem,,,,"c:\windows\system32\cmd.exe /c powershell -command ""Get-Service ""seg132"" | select -Expand DisplayName |out-file -append tmp_payload.txt""",False,"EVTX-to-MITRE-Attack\TA0002-Execution\T1569.002-Service execution\ID7000,7009,7045-Payload deployed via service - Tchopper.evtx","Audit success, classic",0,"{""EventData"":{""Data"":[{""@Name"":""ServiceName"",""#text"":""RpbWUiID0gJFN5c3RlbUZpcnN0RXZlbnRUaW1lOyAiU3lzdGVtTGFzdEV2ZW50VGltZSIgPSAkU3lzdGVtTGFzdEV2ZW50VGltZTsgIlN5c3RlbVRvdGFsRXZlbnRzIiA9ICRTeXN0ZW1Ub3RhbEV2""},{""@Name"":""ImagePath"",""#text"":""c:\\windows\\system32\\cmd.exe /c powershell -command \""Get-Service \""seg132\"" | select -Expand DisplayName |out-file -append tmp_payload.txt\""""},{""@Name"":""ServiceType"",""#text"":""user mode service""},{""@Name"":""StartType"",""#text"":""demand start""},{""@Name"":""AccountName"",""#text"":""LocalSystem""}]}}"
393,9700,2021-11-03 08:18:25.8373311,7009,Error,Service Control Manager,System,484,2512,FS03.offsec.lan,4,,,,,,,,,,,,False,"EVTX-to-MITRE-Attack\TA0002-Execution\T1569.002-Service execution\ID7000,7009,7045-Payload deployed via service - Tchopper.evtx","Audit success, classic",0,"{""EventData"":{""Data"":[{""@Name"":""param1"",""#text"":""30000""},{""@Name"":""param2"",""#text"":""RpbWUiID0gJFN5c3RlbUZpcnN0RXZlbnRUaW1lOyAiU3lzdGVtTGFzdEV2ZW50VGltZSIgPSAkU3lzdGVtTGFzdEV2ZW50VGltZTsgIlN5c3RlbVRvdGFsRXZlbnRzIiA9ICRTeXN0ZW1Ub3RhbEV2""}],""Binary"":""73-00-65-00-67-00-31-00-33-00-32-00-00-00""}}"
394,9701,2021-11-03 08:18:25.8373311,7000,Error,Service Control Manager,System,484,2512,FS03.offsec.lan,4,,,,,,,,,,,,False,"EVTX-to-MITRE-Attack\TA0002-Execution\T1569.002-Service execution\ID7000,7009,7045-Payload deployed via service - Tchopper.evtx","Audit success, classic",0,"{""EventData"":{""Data"":[{""@Name"":""param1"",""#text"":""RpbWUiID0gJFN5c3RlbUZpcnN0RXZlbnRUaW1lOyAiU3lzdGVtTGFzdEV2ZW50VGltZSIgPSAkU3lzdGVtTGFzdEV2ZW50VGltZTsgIlN5c3RlbVRvdGFsRXZlbnRzIiA9ICRTeXN0ZW1Ub3RhbEV2""},{""@Name"":""param2"",""#text"":""%%1053""}],""Binary"":""73-00-65-00-67-00-31-00-33-00-32-00-00-00""}}"
395,9702,2021-11-03 08:18:26.9126352,7045,Info,Service Control Manager,System,484,2512,FS03.offsec.lan,4,S-1-5-21-4230534742-2542757381-3142984815-1111,A new service was installed in the system,,,Name: ZW50czsgIlN5c3RlbUV2ZW50TG9nU2l6ZSIgPSAkU3lzdGVtRXZlbnRMb2dTaXplO30NCiAgICAgICAgICAgIA0KICAgICAgICAgICAgJFJlcG9ydC5BZGQoJENvbXB1dGVyLCAkQm94KSAgICAgIC,StartType: demand start,Account: LocalSystem,,,,"c:\windows\system32\cmd.exe /c powershell -command ""Get-Service ""seg133"" | select -Expand DisplayName |out-file -append tmp_payload.txt""",False,"EVTX-to-MITRE-Attack\TA0002-Execution\T1569.002-Service execution\ID7000,7009,7045-Payload deployed via service - Tchopper.evtx","Audit success, classic",0,"{""EventData"":{""Data"":[{""@Name"":""ServiceName"",""#text"":""ZW50czsgIlN5c3RlbUV2ZW50TG9nU2l6ZSIgPSAkU3lzdGVtRXZlbnRMb2dTaXplO30NCiAgICAgICAgICAgIA0KICAgICAgICAgICAgJFJlcG9ydC5BZGQoJENvbXB1dGVyLCAkQm94KSAgICAgIC""},{""@Name"":""ImagePath"",""#text"":""c:\\windows\\system32\\cmd.exe /c powershell -command \""Get-Service \""seg133\"" | select -Expand DisplayName |out-file -append tmp_payload.txt\""""},{""@Name"":""ServiceType"",""#text"":""user mode service""},{""@Name"":""StartType"",""#text"":""demand start""},{""@Name"":""AccountName"",""#text"":""LocalSystem""}]}}"
396,9703,2021-11-03 08:18:27.2909339,7009,Error,Service Control Manager,System,484,2512,FS03.offsec.lan,4,,,,,,,,,,,,False,"EVTX-to-MITRE-Attack\TA0002-Execution\T1569.002-Service execution\ID7000,7009,7045-Payload deployed via service - Tchopper.evtx","Audit success, classic",0,"{""EventData"":{""Data"":[{""@Name"":""param1"",""#text"":""30000""},{""@Name"":""param2"",""#text"":""ZW50czsgIlN5c3RlbUV2ZW50TG9nU2l6ZSIgPSAkU3lzdGVtRXZlbnRMb2dTaXplO30NCiAgICAgICAgICAgIA0KICAgICAgICAgICAgJFJlcG9ydC5BZGQoJENvbXB1dGVyLCAkQm94KSAgICAgIC""}],""Binary"":""73-00-65-00-67-00-31-00-33-00-33-00-00-00""}}"
397,9704,2021-11-03 08:18:27.2909339,7000,Error,Service Control Manager,System,484,2512,FS03.offsec.lan,4,,,,,,,,,,,,False,"EVTX-to-MITRE-Attack\TA0002-Execution\T1569.002-Service execution\ID7000,7009,7045-Payload deployed via service - Tchopper.evtx","Audit success, classic",0,"{""EventData"":{""Data"":[{""@Name"":""param1"",""#text"":""ZW50czsgIlN5c3RlbUV2ZW50TG9nU2l6ZSIgPSAkU3lzdGVtRXZlbnRMb2dTaXplO30NCiAgICAgICAgICAgIA0KICAgICAgICAgICAgJFJlcG9ydC5BZGQoJENvbXB1dGVyLCAkQm94KSAgICAgIC""},{""@Name"":""param2"",""#text"":""%%1053""}],""Binary"":""73-00-65-00-67-00-31-00-33-00-33-00-00-00""}}"
398,9705,2021-11-03 08:18:28.3735253,7045,Info,Service Control Manager,System,484,2512,FS03.offsec.lan,4,S-1-5-21-4230534742-2542757381-3142984815-1111,A new service was installed in the system,,,Name: AgICAgICAgICAgICAgICAgICAgDQoNCiAgICAgICAgICAgICRQZXJjZW50Q29tcGxldGUgPSAkUHJvZ3Jlc3NDb3VudCAvICRDb21wdXRlckNvdW50ICogMTAwDQogICAgICAgICAgICAkUGVyY2Vu,StartType: demand start,Account: LocalSystem,,,,"c:\windows\system32\cmd.exe /c powershell -command ""Get-Service ""seg134"" | select -Expand DisplayName |out-file -append tmp_payload.txt""",False,"EVTX-to-MITRE-Attack\TA0002-Execution\T1569.002-Service execution\ID7000,7009,7045-Payload deployed via service - Tchopper.evtx","Audit success, classic",0,"{""EventData"":{""Data"":[{""@Name"":""ServiceName"",""#text"":""AgICAgICAgICAgICAgICAgICAgDQoNCiAgICAgICAgICAgICRQZXJjZW50Q29tcGxldGUgPSAkUHJvZ3Jlc3NDb3VudCAvICRDb21wdXRlckNvdW50ICogMTAwDQogICAgICAgICAgICAkUGVyY2Vu""},{""@Name"":""ImagePath"",""#text"":""c:\\windows\\system32\\cmd.exe /c powershell -command \""Get-Service \""seg134\"" | select -Expand DisplayName |out-file -append tmp_payload.txt\""""},{""@Name"":""ServiceType"",""#text"":""user mode service""},{""@Name"":""StartType"",""#text"":""demand start""},{""@Name"":""AccountName"",""#text"":""LocalSystem""}]}}"
399,9706,2021-11-03 08:18:28.7535030,7009,Error,Service Control Manager,System,484,2512,FS03.offsec.lan,4,,,,,,,,,,,,False,"EVTX-to-MITRE-Attack\TA0002-Execution\T1569.002-Service execution\ID7000,7009,7045-Payload deployed via service - Tchopper.evtx","Audit success, classic",0,"{""EventData"":{""Data"":[{""@Name"":""param1"",""#text"":""30000""},{""@Name"":""param2"",""#text"":""AgICAgICAgICAgICAgICAgICAgDQoNCiAgICAgICAgICAgICRQZXJjZW50Q29tcGxldGUgPSAkUHJvZ3Jlc3NDb3VudCAvICRDb21wdXRlckNvdW50ICogMTAwDQogICAgICAgICAgICAkUGVyY2Vu""}],""Binary"":""73-00-65-00-67-00-31-00-33-00-34-00-00-00""}}"
400,9707,2021-11-03 08:18:28.7535030,7000,Error,Service Control Manager,System,484,2512,FS03.offsec.lan,4,,,,,,,,,,,,False,"EVTX-to-MITRE-Attack\TA0002-Execution\T1569.002-Service execution\ID7000,7009,7045-Payload deployed via service - Tchopper.evtx","Audit success, classic",0,"{""EventData"":{""Data"":[{""@Name"":""param1"",""#text"":""AgICAgICAgICAgICAgICAgICAgDQoNCiAgICAgICAgICAgICRQZXJjZW50Q29tcGxldGUgPSAkUHJvZ3Jlc3NDb3VudCAvICRDb21wdXRlckNvdW50ICogMTAwDQogICAgICAgICAgICAkUGVyY2Vu""},{""@Name"":""param2"",""#text"":""%%1053""}],""Binary"":""73-00-65-00-67-00-31-00-33-00-34-00-00-00""}}"
401,9708,2021-11-03 08:18:29.8441145,7045,Info,Service Control Manager,System,484,2512,FS03.offsec.lan,4,S-1-5-21-4230534742-2542757381-3142984815-1111,A new service was installed in the system,,,Name: dENvbXBsZXRlID0gW21hdGhdOjpSb3VuZCgkUGVyY2VudENvbXBsZXRlLCAwKQ0KDQogICAgICAgICAgICBXcml0ZS1Qcm9ncmVzcyAtQWN0aXZpdHkgIlByb2Nlc3NpbmcgQ29tcHV0ZXIgTGlzdC,StartType: demand start,Account: LocalSystem,,,,"c:\windows\system32\cmd.exe /c powershell -command ""Get-Service ""seg135"" | select -Expand DisplayName |out-file -append tmp_payload.txt""",False,"EVTX-to-MITRE-Attack\TA0002-Execution\T1569.002-Service execution\ID7000,7009,7045-Payload deployed via service - Tchopper.evtx","Audit success, classic",0,"{""EventData"":{""Data"":[{""@Name"":""ServiceName"",""#text"":""dENvbXBsZXRlID0gW21hdGhdOjpSb3VuZCgkUGVyY2VudENvbXBsZXRlLCAwKQ0KDQogICAgICAgICAgICBXcml0ZS1Qcm9ncmVzcyAtQWN0aXZpdHkgIlByb2Nlc3NpbmcgQ29tcHV0ZXIgTGlzdC""},{""@Name"":""ImagePath"",""#text"":""c:\\windows\\system32\\cmd.exe /c powershell -command \""Get-Service \""seg135\"" | select -Expand DisplayName |out-file -append tmp_payload.txt\""""},{""@Name"":""ServiceType"",""#text"":""user mode service""},{""@Name"":""StartType"",""#text"":""demand start""},{""@Name"":""AccountName"",""#text"":""LocalSystem""}]}}"
402,9709,2021-11-03 08:18:30.2347384,7009,Error,Service Control Manager,System,484,2512,FS03.offsec.lan,4,,,,,,,,,,,,False,"EVTX-to-MITRE-Attack\TA0002-Execution\T1569.002-Service execution\ID7000,7009,7045-Payload deployed via service - Tchopper.evtx","Audit success, classic",0,"{""EventData"":{""Data"":[{""@Name"":""param1"",""#text"":""30000""},{""@Name"":""param2"",""#text"":""dENvbXBsZXRlID0gW21hdGhdOjpSb3VuZCgkUGVyY2VudENvbXBsZXRlLCAwKQ0KDQogICAgICAgICAgICBXcml0ZS1Qcm9ncmVzcyAtQWN0aXZpdHkgIlByb2Nlc3NpbmcgQ29tcHV0ZXIgTGlzdC""}],""Binary"":""73-00-65-00-67-00-31-00-33-00-35-00-00-00""}}"
403,9710,2021-11-03 08:18:30.2347384,7000,Error,Service Control Manager,System,484,2512,FS03.offsec.lan,4,,,,,,,,,,,,False,"EVTX-to-MITRE-Attack\TA0002-Execution\T1569.002-Service execution\ID7000,7009,7045-Payload deployed via service - Tchopper.evtx","Audit success, classic",0,"{""EventData"":{""Data"":[{""@Name"":""param1"",""#text"":""dENvbXBsZXRlID0gW21hdGhdOjpSb3VuZCgkUGVyY2VudENvbXBsZXRlLCAwKQ0KDQogICAgICAgICAgICBXcml0ZS1Qcm9ncmVzcyAtQWN0aXZpdHkgIlByb2Nlc3NpbmcgQ29tcHV0ZXIgTGlzdC""},{""@Name"":""param2"",""#text"":""%%1053""}],""Binary"":""73-00-65-00-67-00-31-00-33-00-35-00-00-00""}}"
404,9711,2021-11-03 08:18:31.2979257,7045,Info,Service Control Manager,System,484,2512,FS03.offsec.lan,4,S-1-5-21-4230534742-2542757381-3142984815-1111,A new service was installed in the system,,,Name: AtICAkUGVyY2VudENvbXBsZXRlJSBDb21wbGV0ZSIgLXN0YXR1cyAiQ2FsY3VsYXRpbmcgRVBTIGZvciBDb21wdXRlcjogJENvbXB1dGVyIiAtcGVyY2VudENvbXBsZXRlICRQZXJjZW50Q29tcGxl,StartType: demand start,Account: LocalSystem,,,,"c:\windows\system32\cmd.exe /c powershell -command ""Get-Service ""seg136"" | select -Expand DisplayName |out-file -append tmp_payload.txt""",False,"EVTX-to-MITRE-Attack\TA0002-Execution\T1569.002-Service execution\ID7000,7009,7045-Payload deployed via service - Tchopper.evtx","Audit success, classic",0,"{""EventData"":{""Data"":[{""@Name"":""ServiceName"",""#text"":""AtICAkUGVyY2VudENvbXBsZXRlJSBDb21wbGV0ZSIgLXN0YXR1cyAiQ2FsY3VsYXRpbmcgRVBTIGZvciBDb21wdXRlcjogJENvbXB1dGVyIiAtcGVyY2VudENvbXBsZXRlICRQZXJjZW50Q29tcGxl""},{""@Name"":""ImagePath"",""#text"":""c:\\windows\\system32\\cmd.exe /c powershell -command \""Get-Service \""seg136\"" | select -Expand DisplayName |out-file -append tmp_payload.txt\""""},{""@Name"":""ServiceType"",""#text"":""user mode service""},{""@Name"":""StartType"",""#text"":""demand start""},{""@Name"":""AccountName"",""#text"":""LocalSystem""}]}}"
405,9712,2021-11-03 08:18:31.6675230,7009,Error,Service Control Manager,System,484,2512,FS03.offsec.lan,4,,,,,,,,,,,,False,"EVTX-to-MITRE-Attack\TA0002-Execution\T1569.002-Service execution\ID7000,7009,7045-Payload deployed via service - Tchopper.evtx","Audit success, classic",0,"{""EventData"":{""Data"":[{""@Name"":""param1"",""#text"":""30000""},{""@Name"":""param2"",""#text"":""AtICAkUGVyY2VudENvbXBsZXRlJSBDb21wbGV0ZSIgLXN0YXR1cyAiQ2FsY3VsYXRpbmcgRVBTIGZvciBDb21wdXRlcjogJENvbXB1dGVyIiAtcGVyY2VudENvbXBsZXRlICRQZXJjZW50Q29tcGxl""}],""Binary"":""73-00-65-00-67-00-31-00-33-00-36-00-00-00""}}"
406,9713,2021-11-03 08:18:31.6675230,7000,Error,Service Control Manager,System,484,2512,FS03.offsec.lan,4,,,,,,,,,,,,False,"EVTX-to-MITRE-Attack\TA0002-Execution\T1569.002-Service execution\ID7000,7009,7045-Payload deployed via service - Tchopper.evtx","Audit success, classic",0,"{""EventData"":{""Data"":[{""@Name"":""param1"",""#text"":""AtICAkUGVyY2VudENvbXBsZXRlJSBDb21wbGV0ZSIgLXN0YXR1cyAiQ2FsY3VsYXRpbmcgRVBTIGZvciBDb21wdXRlcjogJENvbXB1dGVyIiAtcGVyY2VudENvbXBsZXRlICRQZXJjZW50Q29tcGxl""},{""@Name"":""param2"",""#text"":""%%1053""}],""Binary"":""73-00-65-00-67-00-31-00-33-00-36-00-00-00""}}"
407,9714,2021-11-03 08:18:32.7403722,7045,Info,Service Control Manager,System,484,2512,FS03.offsec.lan,4,S-1-5-21-4230534742-2542757381-3142984815-1111,A new service was installed in the system,,,Name: dGUNCiAgICAgICAgfQ0KDQogICAgICAgIFdyaXRlLUxvZyAkSU5GT19MT0cgIkV2ZW50IExvZyBFU1AgUmVwb3J0IENhbGN1bGF0aW9ucyBDb21wbGV0ZSINCg0KICAgICAgICBSZXR1cm4gJFJlcG,StartType: demand start,Account: LocalSystem,,,,"c:\windows\system32\cmd.exe /c powershell -command ""Get-Service ""seg137"" | select -Expand DisplayName |out-file -append tmp_payload.txt""",False,"EVTX-to-MITRE-Attack\TA0002-Execution\T1569.002-Service execution\ID7000,7009,7045-Payload deployed via service - Tchopper.evtx","Audit success, classic",0,"{""EventData"":{""Data"":[{""@Name"":""ServiceName"",""#text"":""dGUNCiAgICAgICAgfQ0KDQogICAgICAgIFdyaXRlLUxvZyAkSU5GT19MT0cgIkV2ZW50IExvZyBFU1AgUmVwb3J0IENhbGN1bGF0aW9ucyBDb21wbGV0ZSINCg0KICAgICAgICBSZXR1cm4gJFJlcG""},{""@Name"":""ImagePath"",""#text"":""c:\\windows\\system32\\cmd.exe /c powershell -command \""Get-Service \""seg137\"" | select -Expand DisplayName |out-file -append tmp_payload.txt\""""},{""@Name"":""ServiceType"",""#text"":""user mode service""},{""@Name"":""StartType"",""#text"":""demand start""},{""@Name"":""AccountName"",""#text"":""LocalSystem""}]}}"
408,9715,2021-11-03 08:18:33.1153699,7009,Error,Service Control Manager,System,484,2512,FS03.offsec.lan,4,,,,,,,,,,,,False,"EVTX-to-MITRE-Attack\TA0002-Execution\T1569.002-Service execution\ID7000,7009,7045-Payload deployed via service - Tchopper.evtx","Audit success, classic",0,"{""EventData"":{""Data"":[{""@Name"":""param1"",""#text"":""30000""},{""@Name"":""param2"",""#text"":""dGUNCiAgICAgICAgfQ0KDQogICAgICAgIFdyaXRlLUxvZyAkSU5GT19MT0cgIkV2ZW50IExvZyBFU1AgUmVwb3J0IENhbGN1bGF0aW9ucyBDb21wbGV0ZSINCg0KICAgICAgICBSZXR1cm4gJFJlcG""}],""Binary"":""73-00-65-00-67-00-31-00-33-00-37-00-00-00""}}"
409,9716,2021-11-03 08:18:33.1153699,7000,Error,Service Control Manager,System,484,2512,FS03.offsec.lan,4,,,,,,,,,,,,False,"EVTX-to-MITRE-Attack\TA0002-Execution\T1569.002-Service execution\ID7000,7009,7045-Payload deployed via service - Tchopper.evtx","Audit success, classic",0,"{""EventData"":{""Data"":[{""@Name"":""param1"",""#text"":""dGUNCiAgICAgICAgfQ0KDQogICAgICAgIFdyaXRlLUxvZyAkSU5GT19MT0cgIkV2ZW50IExvZyBFU1AgUmVwb3J0IENhbGN1bGF0aW9ucyBDb21wbGV0ZSINCg0KICAgICAgICBSZXR1cm4gJFJlcG""},{""@Name"":""param2"",""#text"":""%%1053""}],""Binary"":""73-00-65-00-67-00-31-00-33-00-37-00-00-00""}}"
410,9717,2021-11-03 08:18:34.1907416,7045,Info,Service Control Manager,System,484,2512,FS03.offsec.lan,4,S-1-5-21-4230534742-2542757381-3142984815-1111,A new service was installed in the system,,,Name: 9ydA0KICAgICANCiAgICB9DQoNCiAgICBjYXRjaCB7DQoNCiAgICAgICAgV3JpdGUtTG9nICRFUlJPUl9MT0cgIlVuYWJsZSB0byBDcmVhdGUgTG9nIFJlcG9ydCINCg0KICAgICAgICBXcml0ZS1M,StartType: demand start,Account: LocalSystem,,,,"c:\windows\system32\cmd.exe /c powershell -command ""Get-Service ""seg138"" | select -Expand DisplayName |out-file -append tmp_payload.txt""",False,"EVTX-to-MITRE-Attack\TA0002-Execution\T1569.002-Service execution\ID7000,7009,7045-Payload deployed via service - Tchopper.evtx","Audit success, classic",0,"{""EventData"":{""Data"":[{""@Name"":""ServiceName"",""#text"":""9ydA0KICAgICANCiAgICB9DQoNCiAgICBjYXRjaCB7DQoNCiAgICAgICAgV3JpdGUtTG9nICRFUlJPUl9MT0cgIlVuYWJsZSB0byBDcmVhdGUgTG9nIFJlcG9ydCINCg0KICAgICAgICBXcml0ZS1M""},{""@Name"":""ImagePath"",""#text"":""c:\\windows\\system32\\cmd.exe /c powershell -command \""Get-Service \""seg138\"" | select -Expand DisplayName |out-file -append tmp_payload.txt\""""},{""@Name"":""ServiceType"",""#text"":""user mode service""},{""@Name"":""StartType"",""#text"":""demand start""},{""@Name"":""AccountName"",""#text"":""LocalSystem""}]}}"
411,9718,2021-11-03 08:18:34.5637378,7009,Error,Service Control Manager,System,484,2512,FS03.offsec.lan,4,,,,,,,,,,,,False,"EVTX-to-MITRE-Attack\TA0002-Execution\T1569.002-Service execution\ID7000,7009,7045-Payload deployed via service - Tchopper.evtx","Audit success, classic",0,"{""EventData"":{""Data"":[{""@Name"":""param1"",""#text"":""30000""},{""@Name"":""param2"",""#text"":""9ydA0KICAgICANCiAgICB9DQoNCiAgICBjYXRjaCB7DQoNCiAgICAgICAgV3JpdGUtTG9nICRFUlJPUl9MT0cgIlVuYWJsZSB0byBDcmVhdGUgTG9nIFJlcG9ydCINCg0KICAgICAgICBXcml0ZS1M""}],""Binary"":""73-00-65-00-67-00-31-00-33-00-38-00-00-00""}}"
412,9719,2021-11-03 08:18:34.5637378,7000,Error,Service Control Manager,System,484,2512,FS03.offsec.lan,4,,,,,,,,,,,,False,"EVTX-to-MITRE-Attack\TA0002-Execution\T1569.002-Service execution\ID7000,7009,7045-Payload deployed via service - Tchopper.evtx","Audit success, classic",0,"{""EventData"":{""Data"":[{""@Name"":""param1"",""#text"":""9ydA0KICAgICANCiAgICB9DQoNCiAgICBjYXRjaCB7DQoNCiAgICAgICAgV3JpdGUtTG9nICRFUlJPUl9MT0cgIlVuYWJsZSB0byBDcmVhdGUgTG9nIFJlcG9ydCINCg0KICAgICAgICBXcml0ZS1M""},{""@Name"":""param2"",""#text"":""%%1053""}],""Binary"":""73-00-65-00-67-00-31-00-33-00-38-00-00-00""}}"
413,9720,2021-11-03 08:18:35.6380624,7045,Info,Service Control Manager,System,484,2512,FS03.offsec.lan,4,S-1-5-21-4230534742-2542757381-3142984815-1111,A new service was installed in the system,,,Name: b2cgJEVSUk9SX0xPRyAkRXJyb3JbMF0NCg0KICAgICAgICAkRXJyb3JMaW5lTnVtYmVyID0gJEVycm9yWzBdLkludm9jYXRpb25JbmZvLnNjcmlwdGxpbmVudW1iZXINCg0KICAgICAgICBXcml0ZS,StartType: demand start,Account: LocalSystem,,,,"c:\windows\system32\cmd.exe /c powershell -command ""Get-Service ""seg139"" | select -Expand DisplayName |out-file -append tmp_payload.txt""",False,"EVTX-to-MITRE-Attack\TA0002-Execution\T1569.002-Service execution\ID7000,7009,7045-Payload deployed via service - Tchopper.evtx","Audit success, classic",0,"{""EventData"":{""Data"":[{""@Name"":""ServiceName"",""#text"":""b2cgJEVSUk9SX0xPRyAkRXJyb3JbMF0NCg0KICAgICAgICAkRXJyb3JMaW5lTnVtYmVyID0gJEVycm9yWzBdLkludm9jYXRpb25JbmZvLnNjcmlwdGxpbmVudW1iZXINCg0KICAgICAgICBXcml0ZS""},{""@Name"":""ImagePath"",""#text"":""c:\\windows\\system32\\cmd.exe /c powershell -command \""Get-Service \""seg139\"" | select -Expand DisplayName |out-file -append tmp_payload.txt\""""},{""@Name"":""ServiceType"",""#text"":""user mode service""},{""@Name"":""StartType"",""#text"":""demand start""},{""@Name"":""AccountName"",""#text"":""LocalSystem""}]}}"
414,9721,2021-11-03 08:18:35.9974414,7009,Error,Service Control Manager,System,484,2512,FS03.offsec.lan,4,,,,,,,,,,,,False,"EVTX-to-MITRE-Attack\TA0002-Execution\T1569.002-Service execution\ID7000,7009,7045-Payload deployed via service - Tchopper.evtx","Audit success, classic",0,"{""EventData"":{""Data"":[{""@Name"":""param1"",""#text"":""30000""},{""@Name"":""param2"",""#text"":""b2cgJEVSUk9SX0xPRyAkRXJyb3JbMF0NCg0KICAgICAgICAkRXJyb3JMaW5lTnVtYmVyID0gJEVycm9yWzBdLkludm9jYXRpb25JbmZvLnNjcmlwdGxpbmVudW1iZXINCg0KICAgICAgICBXcml0ZS""}],""Binary"":""73-00-65-00-67-00-31-00-33-00-39-00-00-00""}}"
415,9722,2021-11-03 08:18:35.9974414,7000,Error,Service Control Manager,System,484,2512,FS03.offsec.lan,4,,,,,,,,,,,,False,"EVTX-to-MITRE-Attack\TA0002-Execution\T1569.002-Service execution\ID7000,7009,7045-Payload deployed via service - Tchopper.evtx","Audit success, classic",0,"{""EventData"":{""Data"":[{""@Name"":""param1"",""#text"":""b2cgJEVSUk9SX0xPRyAkRXJyb3JbMF0NCg0KICAgICAgICAkRXJyb3JMaW5lTnVtYmVyID0gJEVycm9yWzBdLkludm9jYXRpb25JbmZvLnNjcmlwdGxpbmVudW1iZXINCg0KICAgICAgICBXcml0ZS""},{""@Name"":""param2"",""#text"":""%%1053""}],""Binary"":""73-00-65-00-67-00-31-00-33-00-39-00-00-00""}}"
416,9723,2021-11-03 08:18:37.0813659,7045,Info,Service Control Manager,System,484,2512,FS03.offsec.lan,4,S-1-5-21-4230534742-2542757381-3142984815-1111,A new service was installed in the system,,,Name: 1Mb2cgJEVSUk9SX0xPRyAiQ2F1Z2h0IG9uIGxpbmUgbnVtYmVyOiAkRXJyb3JMaW5lTnVtYmVyIg0KDQogICAgICAgIGV4aXQNCiAgICB9DQp9DQoNCg0KIyMjIyMjIyMjIyMjIyMjIyMjIyMjIyMj,StartType: demand start,Account: LocalSystem,,,,"c:\windows\system32\cmd.exe /c powershell -command ""Get-Service ""seg140"" | select -Expand DisplayName |out-file -append tmp_payload.txt""",False,"EVTX-to-MITRE-Attack\TA0002-Execution\T1569.002-Service execution\ID7000,7009,7045-Payload deployed via service - Tchopper.evtx","Audit success, classic",0,"{""EventData"":{""Data"":[{""@Name"":""ServiceName"",""#text"":""1Mb2cgJEVSUk9SX0xPRyAiQ2F1Z2h0IG9uIGxpbmUgbnVtYmVyOiAkRXJyb3JMaW5lTnVtYmVyIg0KDQogICAgICAgIGV4aXQNCiAgICB9DQp9DQoNCg0KIyMjIyMjIyMjIyMjIyMjIyMjIyMjIyMj""},{""@Name"":""ImagePath"",""#text"":""c:\\windows\\system32\\cmd.exe /c powershell -command \""Get-Service \""seg140\"" | select -Expand DisplayName |out-file -append tmp_payload.txt\""""},{""@Name"":""ServiceType"",""#text"":""user mode service""},{""@Name"":""StartType"",""#text"":""demand start""},{""@Name"":""AccountName"",""#text"":""LocalSystem""}]}}"
417,9724,2021-11-03 08:18:37.4563636,7009,Error,Service Control Manager,System,484,2512,FS03.offsec.lan,4,,,,,,,,,,,,False,"EVTX-to-MITRE-Attack\TA0002-Execution\T1569.002-Service execution\ID7000,7009,7045-Payload deployed via service - Tchopper.evtx","Audit success, classic",0,"{""EventData"":{""Data"":[{""@Name"":""param1"",""#text"":""30000""},{""@Name"":""param2"",""#text"":""1Mb2cgJEVSUk9SX0xPRyAiQ2F1Z2h0IG9uIGxpbmUgbnVtYmVyOiAkRXJyb3JMaW5lTnVtYmVyIg0KDQogICAgICAgIGV4aXQNCiAgICB9DQp9DQoNCg0KIyMjIyMjIyMjIyMjIyMjIyMjIyMjIyMj""}],""Binary"":""73-00-65-00-67-00-31-00-34-00-30-00-00-00""}}"
418,9725,2021-11-03 08:18:37.4563636,7000,Error,Service Control Manager,System,484,2512,FS03.offsec.lan,4,,,,,,,,,,,,False,"EVTX-to-MITRE-Attack\TA0002-Execution\T1569.002-Service execution\ID7000,7009,7045-Payload deployed via service - Tchopper.evtx","Audit success, classic",0,"{""EventData"":{""Data"":[{""@Name"":""param1"",""#text"":""1Mb2cgJEVSUk9SX0xPRyAiQ2F1Z2h0IG9uIGxpbmUgbnVtYmVyOiAkRXJyb3JMaW5lTnVtYmVyIg0KDQogICAgICAgIGV4aXQNCiAgICB9DQp9DQoNCg0KIyMjIyMjIyMjIyMjIyMjIyMjIyMjIyMj""},{""@Name"":""param2"",""#text"":""%%1053""}],""Binary"":""73-00-65-00-67-00-31-00-34-00-30-00-00-00""}}"
419,9726,2021-11-03 08:18:38.5345195,7045,Info,Service Control Manager,System,484,2512,FS03.offsec.lan,4,S-1-5-21-4230534742-2542757381-3142984815-1111,A new service was installed in the system,,,Name: IyMjIyMjIyMjIyMjIyMjIyMjIyMjIyMjIyMjIyMjIyMjIyMjIyMjIyMjIyMjIyMjIyMjIyMjIyMjIyMjIyMjIyMjIyMjIyMjIw0KI0Z1bmN0aW9uIHdpbGwgZ2VuZXJhdGUgb3V0cHV0IGluZm8gZm,StartType: demand start,Account: LocalSystem,,,,"c:\windows\system32\cmd.exe /c powershell -command ""Get-Service ""seg141"" | select -Expand DisplayName |out-file -append tmp_payload.txt""",False,"EVTX-to-MITRE-Attack\TA0002-Execution\T1569.002-Service execution\ID7000,7009,7045-Payload deployed via service - Tchopper.evtx","Audit success, classic",0,"{""EventData"":{""Data"":[{""@Name"":""ServiceName"",""#text"":""IyMjIyMjIyMjIyMjIyMjIyMjIyMjIyMjIyMjIyMjIyMjIyMjIyMjIyMjIyMjIyMjIyMjIyMjIyMjIyMjIyMjIyMjIyMjIyMjIw0KI0Z1bmN0aW9uIHdpbGwgZ2VuZXJhdGUgb3V0cHV0IGluZm8gZm""},{""@Name"":""ImagePath"",""#text"":""c:\\windows\\system32\\cmd.exe /c powershell -command \""Get-Service \""seg141\"" | select -Expand DisplayName |out-file -append tmp_payload.txt\""""},{""@Name"":""ServiceType"",""#text"":""user mode service""},{""@Name"":""StartType"",""#text"":""demand start""},{""@Name"":""AccountName"",""#text"":""LocalSystem""}]}}"
420,9727,2021-11-03 08:18:38.9094939,7009,Error,Service Control Manager,System,484,2512,FS03.offsec.lan,4,,,,,,,,,,,,False,"EVTX-to-MITRE-Attack\TA0002-Execution\T1569.002-Service execution\ID7000,7009,7045-Payload deployed via service - Tchopper.evtx","Audit success, classic",0,"{""EventData"":{""Data"":[{""@Name"":""param1"",""#text"":""30000""},{""@Name"":""param2"",""#text"":""IyMjIyMjIyMjIyMjIyMjIyMjIyMjIyMjIyMjIyMjIyMjIyMjIyMjIyMjIyMjIyMjIyMjIyMjIyMjIyMjIyMjIyMjIyMjIyMjIw0KI0Z1bmN0aW9uIHdpbGwgZ2VuZXJhdGUgb3V0cHV0IGluZm8gZm""}],""Binary"":""73-00-65-00-67-00-31-00-34-00-31-00-00-00""}}"
421,9728,2021-11-03 08:18:38.9094939,7000,Error,Service Control Manager,System,484,2512,FS03.offsec.lan,4,,,,,,,,,,,,False,"EVTX-to-MITRE-Attack\TA0002-Execution\T1569.002-Service execution\ID7000,7009,7045-Payload deployed via service - Tchopper.evtx","Audit success, classic",0,"{""EventData"":{""Data"":[{""@Name"":""param1"",""#text"":""IyMjIyMjIyMjIyMjIyMjIyMjIyMjIyMjIyMjIyMjIyMjIyMjIyMjIyMjIyMjIyMjIyMjIyMjIyMjIyMjIyMjIyMjIyMjIyMjIw0KI0Z1bmN0aW9uIHdpbGwgZ2VuZXJhdGUgb3V0cHV0IGluZm8gZm""},{""@Name"":""param2"",""#text"":""%%1053""}],""Binary"":""73-00-65-00-67-00-31-00-34-00-31-00-00-00""}}"
422,9729,2021-11-03 08:18:39.9876243,7045,Info,Service Control Manager,System,484,2512,FS03.offsec.lan,4,S-1-5-21-4230534742-2542757381-3142984815-1111,A new service was installed in the system,,,Name: 9yIHRoZSBnaXZlbiBsb2cuIEF2ZywgU3VnZ2VzdGVkIFByb2ZpbGUsIGV0Yy4uLg0KDQojQHBhcmFtICRMb2dOYW1lICAgICAgICAgICAgLT4gIFRoZSBFdmVudCBMb2cNCiNAcGFyYW0gJEF2Z0V2,StartType: demand start,Account: LocalSystem,,,,"c:\windows\system32\cmd.exe /c powershell -command ""Get-Service ""seg142"" | select -Expand DisplayName |out-file -append tmp_payload.txt""",False,"EVTX-to-MITRE-Attack\TA0002-Execution\T1569.002-Service execution\ID7000,7009,7045-Payload deployed via service - Tchopper.evtx","Audit success, classic",0,"{""EventData"":{""Data"":[{""@Name"":""ServiceName"",""#text"":""9yIHRoZSBnaXZlbiBsb2cuIEF2ZywgU3VnZ2VzdGVkIFByb2ZpbGUsIGV0Yy4uLg0KDQojQHBhcmFtICRMb2dOYW1lICAgICAgICAgICAgLT4gIFRoZSBFdmVudCBMb2cNCiNAcGFyYW0gJEF2Z0V2""},{""@Name"":""ImagePath"",""#text"":""c:\\windows\\system32\\cmd.exe /c powershell -command \""Get-Service \""seg142\"" | select -Expand DisplayName |out-file -append tmp_payload.txt\""""},{""@Name"":""ServiceType"",""#text"":""user mode service""},{""@Name"":""StartType"",""#text"":""demand start""},{""@Name"":""AccountName"",""#text"":""LocalSystem""}]}}"
423,9730,2021-11-03 08:18:40.3626201,7009,Error,Service Control Manager,System,484,2512,FS03.offsec.lan,4,,,,,,,,,,,,False,"EVTX-to-MITRE-Attack\TA0002-Execution\T1569.002-Service execution\ID7000,7009,7045-Payload deployed via service - Tchopper.evtx","Audit success, classic",0,"{""EventData"":{""Data"":[{""@Name"":""param1"",""#text"":""30000""},{""@Name"":""param2"",""#text"":""9yIHRoZSBnaXZlbiBsb2cuIEF2ZywgU3VnZ2VzdGVkIFByb2ZpbGUsIGV0Yy4uLg0KDQojQHBhcmFtICRMb2dOYW1lICAgICAgICAgICAgLT4gIFRoZSBFdmVudCBMb2cNCiNAcGFyYW0gJEF2Z0V2""}],""Binary"":""73-00-65-00-67-00-31-00-34-00-32-00-00-00""}}"
424,9731,2021-11-03 08:18:40.3626201,7000,Error,Service Control Manager,System,484,2512,FS03.offsec.lan,4,,,,,,,,,,,,False,"EVTX-to-MITRE-Attack\TA0002-Execution\T1569.002-Service execution\ID7000,7009,7045-Payload deployed via service - Tchopper.evtx","Audit success, classic",0,"{""EventData"":{""Data"":[{""@Name"":""param1"",""#text"":""9yIHRoZSBnaXZlbiBsb2cuIEF2ZywgU3VnZ2VzdGVkIFByb2ZpbGUsIGV0Yy4uLg0KDQojQHBhcmFtICRMb2dOYW1lICAgICAgICAgICAgLT4gIFRoZSBFdmVudCBMb2cNCiNAcGFyYW0gJEF2Z0V2""},{""@Name"":""param2"",""#text"":""%%1053""}],""Binary"":""73-00-65-00-67-00-31-00-34-00-32-00-00-00""}}"
425,9732,2021-11-03 08:18:41.4407518,7045,Info,Service Control Manager,System,484,2512,FS03.offsec.lan,4,S-1-5-21-4230534742-2542757381-3142984815-1111,A new service was installed in the system,,,Name: ZW50c1BlclNlY29uZCAtPiAgVGhlIGF2ZyBldmVudHMgcGVyIHNlY29uZCBmb3IgdGhlIGdpdmVuIGxvZw0KI0BwYXJhbSAkVG90YWxMb2dFdmVudHMgICAgIC0+ICBUaGUgdG90YWwgIyBvZiBldm,StartType: demand start,Account: LocalSystem,,,,"c:\windows\system32\cmd.exe /c powershell -command ""Get-Service ""seg143"" | select -Expand DisplayName |out-file -append tmp_payload.txt""",False,"EVTX-to-MITRE-Attack\TA0002-Execution\T1569.002-Service execution\ID7000,7009,7045-Payload deployed via service - Tchopper.evtx","Audit success, classic",0,"{""EventData"":{""Data"":[{""@Name"":""ServiceName"",""#text"":""ZW50c1BlclNlY29uZCAtPiAgVGhlIGF2ZyBldmVudHMgcGVyIHNlY29uZCBmb3IgdGhlIGdpdmVuIGxvZw0KI0BwYXJhbSAkVG90YWxMb2dFdmVudHMgICAgIC0+ICBUaGUgdG90YWwgIyBvZiBldm""},{""@Name"":""ImagePath"",""#text"":""c:\\windows\\system32\\cmd.exe /c powershell -command \""Get-Service \""seg143\"" | select -Expand DisplayName |out-file -append tmp_payload.txt\""""},{""@Name"":""ServiceType"",""#text"":""user mode service""},{""@Name"":""StartType"",""#text"":""demand start""},{""@Name"":""AccountName"",""#text"":""LocalSystem""}]}}"
426,9733,2021-11-03 08:18:41.8107494,7009,Error,Service Control Manager,System,484,2512,FS03.offsec.lan,4,,,,,,,,,,,,False,"EVTX-to-MITRE-Attack\TA0002-Execution\T1569.002-Service execution\ID7000,7009,7045-Payload deployed via service - Tchopper.evtx","Audit success, classic",0,"{""EventData"":{""Data"":[{""@Name"":""param1"",""#text"":""30000""},{""@Name"":""param2"",""#text"":""ZW50c1BlclNlY29uZCAtPiAgVGhlIGF2ZyBldmVudHMgcGVyIHNlY29uZCBmb3IgdGhlIGdpdmVuIGxvZw0KI0BwYXJhbSAkVG90YWxMb2dFdmVudHMgICAgIC0+ICBUaGUgdG90YWwgIyBvZiBldm""}],""Binary"":""73-00-65-00-67-00-31-00-34-00-33-00-00-00""}}"
427,9734,2021-11-03 08:18:41.8107494,7000,Error,Service Control Manager,System,484,2512,FS03.offsec.lan,4,,,,,,,,,,,,False,"EVTX-to-MITRE-Attack\TA0002-Execution\T1569.002-Service execution\ID7000,7009,7045-Payload deployed via service - Tchopper.evtx","Audit success, classic",0,"{""EventData"":{""Data"":[{""@Name"":""param1"",""#text"":""ZW50c1BlclNlY29uZCAtPiAgVGhlIGF2ZyBldmVudHMgcGVyIHNlY29uZCBmb3IgdGhlIGdpdmVuIGxvZw0KI0BwYXJhbSAkVG90YWxMb2dFdmVudHMgICAgIC0+ICBUaGUgdG90YWwgIyBvZiBldm""},{""@Name"":""param2"",""#text"":""%%1053""}],""Binary"":""73-00-65-00-67-00-31-00-34-00-33-00-00-00""}}"
428,9735,2021-11-03 08:18:42.8898844,7045,Info,Service Control Manager,System,484,2512,FS03.offsec.lan,4,S-1-5-21-4230534742-2542757381-3142984815-1111,A new service was installed in the system,,,Name: VudHMgZm9yIHRoZSBnaXZlbiBsb2cNCg0KIyMjIyMjIyMjIyMjIyMjIyMjIyMjIyMjIyMjIyMjIyMjIyMjIyMjIyMjIyMjIyMjIyMjIyMjIyMjIyMjIyMjIyMjIyMjIyMjIyMjIyMjIyMjIyMjIyMj,StartType: demand start,Account: LocalSystem,,,,"c:\windows\system32\cmd.exe /c powershell -command ""Get-Service ""seg144"" | select -Expand DisplayName |out-file -append tmp_payload.txt""",False,"EVTX-to-MITRE-Attack\TA0002-Execution\T1569.002-Service execution\ID7000,7009,7045-Payload deployed via service - Tchopper.evtx","Audit success, classic",0,"{""EventData"":{""Data"":[{""@Name"":""ServiceName"",""#text"":""VudHMgZm9yIHRoZSBnaXZlbiBsb2cNCg0KIyMjIyMjIyMjIyMjIyMjIyMjIyMjIyMjIyMjIyMjIyMjIyMjIyMjIyMjIyMjIyMjIyMjIyMjIyMjIyMjIyMjIyMjIyMjIyMjIyMjIyMjIyMjIyMjIyMj""},{""@Name"":""ImagePath"",""#text"":""c:\\windows\\system32\\cmd.exe /c powershell -command \""Get-Service \""seg144\"" | select -Expand DisplayName |out-file -append tmp_payload.txt\""""},{""@Name"":""ServiceType"",""#text"":""user mode service""},{""@Name"":""StartType"",""#text"":""demand start""},{""@Name"":""AccountName"",""#text"":""LocalSystem""}]}}"
429,9736,2021-11-03 08:18:43.2695379,7009,Error,Service Control Manager,System,484,2512,FS03.offsec.lan,4,,,,,,,,,,,,False,"EVTX-to-MITRE-Attack\TA0002-Execution\T1569.002-Service execution\ID7000,7009,7045-Payload deployed via service - Tchopper.evtx","Audit success, classic",0,"{""EventData"":{""Data"":[{""@Name"":""param1"",""#text"":""30000""},{""@Name"":""param2"",""#text"":""VudHMgZm9yIHRoZSBnaXZlbiBsb2cNCg0KIyMjIyMjIyMjIyMjIyMjIyMjIyMjIyMjIyMjIyMjIyMjIyMjIyMjIyMjIyMjIyMjIyMjIyMjIyMjIyMjIyMjIyMjIyMjIyMjIyMjIyMjIyMjIyMjIyMj""}],""Binary"":""73-00-65-00-67-00-31-00-34-00-34-00-00-00""}}"
430,9737,2021-11-03 08:18:43.2695379,7000,Error,Service Control Manager,System,484,2512,FS03.offsec.lan,4,,,,,,,,,,,,False,"EVTX-to-MITRE-Attack\TA0002-Execution\T1569.002-Service execution\ID7000,7009,7045-Payload deployed via service - Tchopper.evtx","Audit success, classic",0,"{""EventData"":{""Data"":[{""@Name"":""param1"",""#text"":""VudHMgZm9yIHRoZSBnaXZlbiBsb2cNCg0KIyMjIyMjIyMjIyMjIyMjIyMjIyMjIyMjIyMjIyMjIyMjIyMjIyMjIyMjIyMjIyMjIyMjIyMjIyMjIyMjIyMjIyMjIyMjIyMjIyMjIyMjIyMjIyMjIyMj""},{""@Name"":""param2"",""#text"":""%%1053""}],""Binary"":""73-00-65-00-67-00-31-00-34-00-34-00-00-00""}}"
431,9738,2021-11-03 08:18:44.3322373,7045,Info,Service Control Manager,System,484,2512,FS03.offsec.lan,4,S-1-5-21-4230534742-2542757381-3142984815-1111,A new service was installed in the system,,,Name: IyMjIyMjIyMjIw0KDQpmdW5jdGlvbiBFeHBvcnQtTG9nUmVwb3J0IHsgcGFyYW0oJENvbXB1dGVybGlzdCwgJENvbXB1dGVyQ291bnQsICRDb21wdXRlckxpc3RUeXBlKSAgICANCg0KICAgIHRyeS,StartType: demand start,Account: LocalSystem,,,,"c:\windows\system32\cmd.exe /c powershell -command ""Get-Service ""seg145"" | select -Expand DisplayName |out-file -append tmp_payload.txt""",False,"EVTX-to-MITRE-Attack\TA0002-Execution\T1569.002-Service execution\ID7000,7009,7045-Payload deployed via service - Tchopper.evtx","Audit success, classic",0,"{""EventData"":{""Data"":[{""@Name"":""ServiceName"",""#text"":""IyMjIyMjIyMjIw0KDQpmdW5jdGlvbiBFeHBvcnQtTG9nUmVwb3J0IHsgcGFyYW0oJENvbXB1dGVybGlzdCwgJENvbXB1dGVyQ291bnQsICRDb21wdXRlckxpc3RUeXBlKSAgICANCg0KICAgIHRyeS""},{""@Name"":""ImagePath"",""#text"":""c:\\windows\\system32\\cmd.exe /c powershell -command \""Get-Service \""seg145\"" | select -Expand DisplayName |out-file -append tmp_payload.txt\""""},{""@Name"":""ServiceType"",""#text"":""user mode service""},{""@Name"":""StartType"",""#text"":""demand start""},{""@Name"":""AccountName"",""#text"":""LocalSystem""}]}}"
432,9739,2021-11-03 08:18:44.7072191,7009,Error,Service Control Manager,System,484,2512,FS03.offsec.lan,4,,,,,,,,,,,,False,"EVTX-to-MITRE-Attack\TA0002-Execution\T1569.002-Service execution\ID7000,7009,7045-Payload deployed via service - Tchopper.evtx","Audit success, classic",0,"{""EventData"":{""Data"":[{""@Name"":""param1"",""#text"":""30000""},{""@Name"":""param2"",""#text"":""IyMjIyMjIyMjIw0KDQpmdW5jdGlvbiBFeHBvcnQtTG9nUmVwb3J0IHsgcGFyYW0oJENvbXB1dGVybGlzdCwgJENvbXB1dGVyQ291bnQsICRDb21wdXRlckxpc3RUeXBlKSAgICANCg0KICAgIHRyeS""}],""Binary"":""73-00-65-00-67-00-31-00-34-00-35-00-00-00""}}"
433,9740,2021-11-03 08:18:44.7072191,7000,Error,Service Control Manager,System,484,2512,FS03.offsec.lan,4,,,,,,,,,,,,False,"EVTX-to-MITRE-Attack\TA0002-Execution\T1569.002-Service execution\ID7000,7009,7045-Payload deployed via service - Tchopper.evtx","Audit success, classic",0,"{""EventData"":{""Data"":[{""@Name"":""param1"",""#text"":""IyMjIyMjIyMjIw0KDQpmdW5jdGlvbiBFeHBvcnQtTG9nUmVwb3J0IHsgcGFyYW0oJENvbXB1dGVybGlzdCwgJENvbXB1dGVyQ291bnQsICRDb21wdXRlckxpc3RUeXBlKSAgICANCg0KICAgIHRyeS""},{""@Name"":""param2"",""#text"":""%%1053""}],""Binary"":""73-00-65-00-67-00-31-00-34-00-35-00-00-00""}}"
434,9741,2021-11-03 08:18:45.7789910,7045,Info,Service Control Manager,System,484,2512,FS03.offsec.lan,4,S-1-5-21-4230534742-2542757381-3142984815-1111,A new service was installed in the system,,,Name: B7DQogICAgICAgIA0KICAgICAgICAkUmVwb3J0ID0gQ3JlYXRlLUxvZ1JlcG9ydCAkQ29tcHV0ZXJsaXN0ICRDb21wdXRlckNvdW50ICRDb21wdXRlckxpc3RUeXBlDQoNCiAgICAgICAgJE91dHB1,StartType: demand start,Account: LocalSystem,,,,"c:\windows\system32\cmd.exe /c powershell -command ""Get-Service ""seg146"" | select -Expand DisplayName |out-file -append tmp_payload.txt""",False,"EVTX-to-MITRE-Attack\TA0002-Execution\T1569.002-Service execution\ID7000,7009,7045-Payload deployed via service - Tchopper.evtx","Audit success, classic",0,"{""EventData"":{""Data"":[{""@Name"":""ServiceName"",""#text"":""B7DQogICAgICAgIA0KICAgICAgICAkUmVwb3J0ID0gQ3JlYXRlLUxvZ1JlcG9ydCAkQ29tcHV0ZXJsaXN0ICRDb21wdXRlckNvdW50ICRDb21wdXRlckxpc3RUeXBlDQoNCiAgICAgICAgJE91dHB1""},{""@Name"":""ImagePath"",""#text"":""c:\\windows\\system32\\cmd.exe /c powershell -command \""Get-Service \""seg146\"" | select -Expand DisplayName |out-file -append tmp_payload.txt\""""},{""@Name"":""ServiceType"",""#text"":""user mode service""},{""@Name"":""StartType"",""#text"":""demand start""},{""@Name"":""AccountName"",""#text"":""LocalSystem""}]}}"
435,9742,2021-11-03 08:18:46.1539873,7009,Error,Service Control Manager,System,484,2512,FS03.offsec.lan,4,,,,,,,,,,,,False,"EVTX-to-MITRE-Attack\TA0002-Execution\T1569.002-Service execution\ID7000,7009,7045-Payload deployed via service - Tchopper.evtx","Audit success, classic",0,"{""EventData"":{""Data"":[{""@Name"":""param1"",""#text"":""30000""},{""@Name"":""param2"",""#text"":""B7DQogICAgICAgIA0KICAgICAgICAkUmVwb3J0ID0gQ3JlYXRlLUxvZ1JlcG9ydCAkQ29tcHV0ZXJsaXN0ICRDb21wdXRlckNvdW50ICRDb21wdXRlckxpc3RUeXBlDQoNCiAgICAgICAgJE91dHB1""}],""Binary"":""73-00-65-00-67-00-31-00-34-00-36-00-00-00""}}"
436,9743,2021-11-03 08:18:46.1539873,7000,Error,Service Control Manager,System,484,2512,FS03.offsec.lan,4,,,,,,,,,,,,False,"EVTX-to-MITRE-Attack\TA0002-Execution\T1569.002-Service execution\ID7000,7009,7045-Payload deployed via service - Tchopper.evtx","Audit success, classic",0,"{""EventData"":{""Data"":[{""@Name"":""param1"",""#text"":""B7DQogICAgICAgIA0KICAgICAgICAkUmVwb3J0ID0gQ3JlYXRlLUxvZ1JlcG9ydCAkQ29tcHV0ZXJsaXN0ICRDb21wdXRlckNvdW50ICRDb21wdXRlckxpc3RUeXBlDQoNCiAgICAgICAgJE91dHB1""},{""@Name"":""param2"",""#text"":""%%1053""}],""Binary"":""73-00-65-00-67-00-31-00-34-00-36-00-00-00""}}"
437,9744,2021-11-03 08:18:47.2258393,7045,Info,Service Control Manager,System,484,2512,FS03.offsec.lan,4,S-1-5-21-4230534742-2542757381-3142984815-1111,A new service was installed in the system,,,Name: dFRhYmxlID0gZm9yZWFjaCAoJGJveCBpbiAkUmVwb3J0LkdldEVudW1lcmF0b3IoKSkgeyANCg0KICAgICAgICAgICAgTmV3LU9iamVjdCBQU09iamVjdCAtUHJvcGVydHkgKFtvcmRlcmVkXUB7DQ,StartType: demand start,Account: LocalSystem,,,,"c:\windows\system32\cmd.exe /c powershell -command ""Get-Service ""seg147"" | select -Expand DisplayName |out-file -append tmp_payload.txt""",False,"EVTX-to-MITRE-Attack\TA0002-Execution\T1569.002-Service execution\ID7000,7009,7045-Payload deployed via service - Tchopper.evtx","Audit success, classic",0,"{""EventData"":{""Data"":[{""@Name"":""ServiceName"",""#text"":""dFRhYmxlID0gZm9yZWFjaCAoJGJveCBpbiAkUmVwb3J0LkdldEVudW1lcmF0b3IoKSkgeyANCg0KICAgICAgICAgICAgTmV3LU9iamVjdCBQU09iamVjdCAtUHJvcGVydHkgKFtvcmRlcmVkXUB7DQ""},{""@Name"":""ImagePath"",""#text"":""c:\\windows\\system32\\cmd.exe /c powershell -command \""Get-Service \""seg147\"" | select -Expand DisplayName |out-file -append tmp_payload.txt\""""},{""@Name"":""ServiceType"",""#text"":""user mode service""},{""@Name"":""StartType"",""#text"":""demand start""},{""@Name"":""AccountName"",""#text"":""LocalSystem""}]}}"
438,9745,2021-11-03 08:18:47.6008169,7009,Error,Service Control Manager,System,484,2512,FS03.offsec.lan,4,,,,,,,,,,,,False,"EVTX-to-MITRE-Attack\TA0002-Execution\T1569.002-Service execution\ID7000,7009,7045-Payload deployed via service - Tchopper.evtx","Audit success, classic",0,"{""EventData"":{""Data"":[{""@Name"":""param1"",""#text"":""30000""},{""@Name"":""param2"",""#text"":""dFRhYmxlID0gZm9yZWFjaCAoJGJveCBpbiAkUmVwb3J0LkdldEVudW1lcmF0b3IoKSkgeyANCg0KICAgICAgICAgICAgTmV3LU9iamVjdCBQU09iamVjdCAtUHJvcGVydHkgKFtvcmRlcmVkXUB7DQ""}],""Binary"":""73-00-65-00-67-00-31-00-34-00-37-00-00-00""}}"
439,9746,2021-11-03 08:18:47.6008169,7000,Error,Service Control Manager,System,484,2512,FS03.offsec.lan,4,,,,,,,,,,,,False,"EVTX-to-MITRE-Attack\TA0002-Execution\T1569.002-Service execution\ID7000,7009,7045-Payload deployed via service - Tchopper.evtx","Audit success, classic",0,"{""EventData"":{""Data"":[{""@Name"":""param1"",""#text"":""dFRhYmxlID0gZm9yZWFjaCAoJGJveCBpbiAkUmVwb3J0LkdldEVudW1lcmF0b3IoKSkgeyANCg0KICAgICAgICAgICAgTmV3LU9iamVjdCBQU09iamVjdCAtUHJvcGVydHkgKFtvcmRlcmVkXUB7DQ""},{""@Name"":""param2"",""#text"":""%%1053""}],""Binary"":""73-00-65-00-67-00-31-00-34-00-37-00-00-00""}}"
440,9747,2021-11-03 08:18:48.6633249,7045,Info,Service Control Manager,System,484,2512,FS03.offsec.lan,4,S-1-5-21-4230534742-2542757381-3142984815-1111,A new service was installed in the system,,,Name: ogICAgICAgICAgICAiU2VydmVyIiA9ICRib3guTmFtZTsgIk9TIFZlcnNpb24iID0gJGJveC5WYWx1ZS5PU1ZlcnNpb247IA0KICAgICAgICAgICAgIkFwcGxpY2F0aW9uIChFUFMpIiA9ICRib3gu,StartType: demand start,Account: LocalSystem,,,,"c:\windows\system32\cmd.exe /c powershell -command ""Get-Service ""seg148"" | select -Expand DisplayName |out-file -append tmp_payload.txt""",False,"EVTX-to-MITRE-Attack\TA0002-Execution\T1569.002-Service execution\ID7000,7009,7045-Payload deployed via service - Tchopper.evtx","Audit success, classic",0,"{""EventData"":{""Data"":[{""@Name"":""ServiceName"",""#text"":""ogICAgICAgICAgICAiU2VydmVyIiA9ICRib3guTmFtZTsgIk9TIFZlcnNpb24iID0gJGJveC5WYWx1ZS5PU1ZlcnNpb247IA0KICAgICAgICAgICAgIkFwcGxpY2F0aW9uIChFUFMpIiA9ICRib3gu""},{""@Name"":""ImagePath"",""#text"":""c:\\windows\\system32\\cmd.exe /c powershell -command \""Get-Service \""seg148\"" | select -Expand DisplayName |out-file -append tmp_payload.txt\""""},{""@Name"":""ServiceType"",""#text"":""user mode service""},{""@Name"":""StartType"",""#text"":""demand start""},{""@Name"":""AccountName"",""#text"":""LocalSystem""}]}}"
441,9748,2021-11-03 08:18:49.0540545,7009,Error,Service Control Manager,System,484,2512,FS03.offsec.lan,4,,,,,,,,,,,,False,"EVTX-to-MITRE-Attack\TA0002-Execution\T1569.002-Service execution\ID7000,7009,7045-Payload deployed via service - Tchopper.evtx","Audit success, classic",0,"{""EventData"":{""Data"":[{""@Name"":""param1"",""#text"":""30000""},{""@Name"":""param2"",""#text"":""ogICAgICAgICAgICAiU2VydmVyIiA9ICRib3guTmFtZTsgIk9TIFZlcnNpb24iID0gJGJveC5WYWx1ZS5PU1ZlcnNpb247IA0KICAgICAgICAgICAgIkFwcGxpY2F0aW9uIChFUFMpIiA9ICRib3gu""}],""Binary"":""73-00-65-00-67-00-31-00-34-00-38-00-00-00""}}"
442,9749,2021-11-03 08:18:49.0540545,7000,Error,Service Control Manager,System,484,2512,FS03.offsec.lan,4,,,,,,,,,,,,False,"EVTX-to-MITRE-Attack\TA0002-Execution\T1569.002-Service execution\ID7000,7009,7045-Payload deployed via service - Tchopper.evtx","Audit success, classic",0,"{""EventData"":{""Data"":[{""@Name"":""param1"",""#text"":""ogICAgICAgICAgICAiU2VydmVyIiA9ICRib3guTmFtZTsgIk9TIFZlcnNpb24iID0gJGJveC5WYWx1ZS5PU1ZlcnNpb247IA0KICAgICAgICAgICAgIkFwcGxpY2F0aW9uIChFUFMpIiA9ICRib3gu""},{""@Name"":""param2"",""#text"":""%%1053""}],""Binary"":""73-00-65-00-67-00-31-00-34-00-38-00-00-00""}}"
443,9750,2021-11-03 08:18:50.1358578,7045,Info,Service Control Manager,System,484,2512,FS03.offsec.lan,4,S-1-5-21-4230534742-2542757381-3142984815-1111,A new service was installed in the system,,,Name: VmFsdWUuQXBwbGljYXRpb25FUFM7ICJBcHBsaWNhdGlvbiAxc3QgRXZlbnQiID0gJGJveC5WYWx1ZS5BcHBsaWNhdGlvbkZpcnN0RXZlbnRUaW1lOyAiQXBwbGljYXRpb24gbGFzdCBFdmVudCIgPS,StartType: demand start,Account: LocalSystem,,,,"c:\windows\system32\cmd.exe /c powershell -command ""Get-Service ""seg149"" | select -Expand DisplayName |out-file -append tmp_payload.txt""",False,"EVTX-to-MITRE-Attack\TA0002-Execution\T1569.002-Service execution\ID7000,7009,7045-Payload deployed via service - Tchopper.evtx","Audit success, classic",0,"{""EventData"":{""Data"":[{""@Name"":""ServiceName"",""#text"":""VmFsdWUuQXBwbGljYXRpb25FUFM7ICJBcHBsaWNhdGlvbiAxc3QgRXZlbnQiID0gJGJveC5WYWx1ZS5BcHBsaWNhdGlvbkZpcnN0RXZlbnRUaW1lOyAiQXBwbGljYXRpb24gbGFzdCBFdmVudCIgPS""},{""@Name"":""ImagePath"",""#text"":""c:\\windows\\system32\\cmd.exe /c powershell -command \""Get-Service \""seg149\"" | select -Expand DisplayName |out-file -append tmp_payload.txt\""""},{""@Name"":""ServiceType"",""#text"":""user mode service""},{""@Name"":""StartType"",""#text"":""demand start""},{""@Name"":""AccountName"",""#text"":""LocalSystem""}]}}"
444,9751,2021-11-03 08:18:50.5108634,7009,Error,Service Control Manager,System,484,2512,FS03.offsec.lan,4,,,,,,,,,,,,False,"EVTX-to-MITRE-Attack\TA0002-Execution\T1569.002-Service execution\ID7000,7009,7045-Payload deployed via service - Tchopper.evtx","Audit success, classic",0,"{""EventData"":{""Data"":[{""@Name"":""param1"",""#text"":""30000""},{""@Name"":""param2"",""#text"":""VmFsdWUuQXBwbGljYXRpb25FUFM7ICJBcHBsaWNhdGlvbiAxc3QgRXZlbnQiID0gJGJveC5WYWx1ZS5BcHBsaWNhdGlvbkZpcnN0RXZlbnRUaW1lOyAiQXBwbGljYXRpb24gbGFzdCBFdmVudCIgPS""}],""Binary"":""73-00-65-00-67-00-31-00-34-00-39-00-00-00""}}"
445,9752,2021-11-03 08:18:50.5108634,7000,Error,Service Control Manager,System,484,2512,FS03.offsec.lan,4,,,,,,,,,,,,False,"EVTX-to-MITRE-Attack\TA0002-Execution\T1569.002-Service execution\ID7000,7009,7045-Payload deployed via service - Tchopper.evtx","Audit success, classic",0,"{""EventData"":{""Data"":[{""@Name"":""param1"",""#text"":""VmFsdWUuQXBwbGljYXRpb25FUFM7ICJBcHBsaWNhdGlvbiAxc3QgRXZlbnQiID0gJGJveC5WYWx1ZS5BcHBsaWNhdGlvbkZpcnN0RXZlbnRUaW1lOyAiQXBwbGljYXRpb24gbGFzdCBFdmVudCIgPS""},{""@Name"":""param2"",""#text"":""%%1053""}],""Binary"":""73-00-65-00-67-00-31-00-34-00-39-00-00-00""}}"
446,9753,2021-11-03 08:18:51.5889760,7045,Info,Service Control Manager,System,484,2512,FS03.offsec.lan,4,S-1-5-21-4230534742-2542757381-3142984815-1111,A new service was installed in the system,,,Name: AkYm94LlZhbHVlLkFwcGxpY2F0aW9uTGFzdEV2ZW50VGltZTsgIkFwcGxpY2F0aW9uIHRvdGFsIGV2ZW50cyIgPSAkYm94LlZhbHVlLkFwcGxpY2F0aW9uVG90YWxFdmVudHM7ICJBcHBsaWNhdGlv,StartType: demand start,Account: LocalSystem,,,,"c:\windows\system32\cmd.exe /c powershell -command ""Get-Service ""seg150"" | select -Expand DisplayName |out-file -append tmp_payload.txt""",False,"EVTX-to-MITRE-Attack\TA0002-Execution\T1569.002-Service execution\ID7000,7009,7045-Payload deployed via service - Tchopper.evtx","Audit success, classic",0,"{""EventData"":{""Data"":[{""@Name"":""ServiceName"",""#text"":""AkYm94LlZhbHVlLkFwcGxpY2F0aW9uTGFzdEV2ZW50VGltZTsgIkFwcGxpY2F0aW9uIHRvdGFsIGV2ZW50cyIgPSAkYm94LlZhbHVlLkFwcGxpY2F0aW9uVG90YWxFdmVudHM7ICJBcHBsaWNhdGlv""},{""@Name"":""ImagePath"",""#text"":""c:\\windows\\system32\\cmd.exe /c powershell -command \""Get-Service \""seg150\"" | select -Expand DisplayName |out-file -append tmp_payload.txt\""""},{""@Name"":""ServiceType"",""#text"":""user mode service""},{""@Name"":""StartType"",""#text"":""demand start""},{""@Name"":""AccountName"",""#text"":""LocalSystem""}]}}"
447,9754,2021-11-03 08:18:51.9483610,7009,Error,Service Control Manager,System,484,2512,FS03.offsec.lan,4,,,,,,,,,,,,False,"EVTX-to-MITRE-Attack\TA0002-Execution\T1569.002-Service execution\ID7000,7009,7045-Payload deployed via service - Tchopper.evtx","Audit success, classic",0,"{""EventData"":{""Data"":[{""@Name"":""param1"",""#text"":""30000""},{""@Name"":""param2"",""#text"":""AkYm94LlZhbHVlLkFwcGxpY2F0aW9uTGFzdEV2ZW50VGltZTsgIkFwcGxpY2F0aW9uIHRvdGFsIGV2ZW50cyIgPSAkYm94LlZhbHVlLkFwcGxpY2F0aW9uVG90YWxFdmVudHM7ICJBcHBsaWNhdGlv""}],""Binary"":""73-00-65-00-67-00-31-00-35-00-30-00-00-00""}}"
448,9755,2021-11-03 08:18:51.9483610,7000,Error,Service Control Manager,System,484,2512,FS03.offsec.lan,4,,,,,,,,,,,,False,"EVTX-to-MITRE-Attack\TA0002-Execution\T1569.002-Service execution\ID7000,7009,7045-Payload deployed via service - Tchopper.evtx","Audit success, classic",0,"{""EventData"":{""Data"":[{""@Name"":""param1"",""#text"":""AkYm94LlZhbHVlLkFwcGxpY2F0aW9uTGFzdEV2ZW50VGltZTsgIkFwcGxpY2F0aW9uIHRvdGFsIGV2ZW50cyIgPSAkYm94LlZhbHVlLkFwcGxpY2F0aW9uVG90YWxFdmVudHM7ICJBcHBsaWNhdGlv""},{""@Name"":""param2"",""#text"":""%%1053""}],""Binary"":""73-00-65-00-67-00-31-00-35-00-30-00-00-00""}}"
449,9756,2021-11-03 08:18:53.0264919,7045,Info,Service Control Manager,System,484,2512,FS03.offsec.lan,4,S-1-5-21-4230534742-2542757381-3142984815-1111,A new service was installed in the system,,,Name: biBMb2cgU2l6ZSAoTUIpIiA9ICRib3guVmFsdWUuQXBwbGljYXRpb25FdmVudExvZ1NpemU7DQogICAgICAgICAgICAiU2VjdXJpdHkgKEVQUykiID0gJGJveC5WYWx1ZS5TZWN1cml0eUVQUzsgIl,StartType: demand start,Account: LocalSystem,,,,"c:\windows\system32\cmd.exe /c powershell -command ""Get-Service ""seg151"" | select -Expand DisplayName |out-file -append tmp_payload.txt""",False,"EVTX-to-MITRE-Attack\TA0002-Execution\T1569.002-Service execution\ID7000,7009,7045-Payload deployed via service - Tchopper.evtx","Audit success, classic",0,"{""EventData"":{""Data"":[{""@Name"":""ServiceName"",""#text"":""biBMb2cgU2l6ZSAoTUIpIiA9ICRib3guVmFsdWUuQXBwbGljYXRpb25FdmVudExvZ1NpemU7DQogICAgICAgICAgICAiU2VjdXJpdHkgKEVQUykiID0gJGJveC5WYWx1ZS5TZWN1cml0eUVQUzsgIl""},{""@Name"":""ImagePath"",""#text"":""c:\\windows\\system32\\cmd.exe /c powershell -command \""Get-Service \""seg151\"" | select -Expand DisplayName |out-file -append tmp_payload.txt\""""},{""@Name"":""ServiceType"",""#text"":""user mode service""},{""@Name"":""StartType"",""#text"":""demand start""},{""@Name"":""AccountName"",""#text"":""LocalSystem""}]}}"
450,9757,2021-11-03 08:18:53.3896990,7009,Error,Service Control Manager,System,484,2512,FS03.offsec.lan,4,,,,,,,,,,,,False,"EVTX-to-MITRE-Attack\TA0002-Execution\T1569.002-Service execution\ID7000,7009,7045-Payload deployed via service - Tchopper.evtx","Audit success, classic",0,"{""EventData"":{""Data"":[{""@Name"":""param1"",""#text"":""30000""},{""@Name"":""param2"",""#text"":""biBMb2cgU2l6ZSAoTUIpIiA9ICRib3guVmFsdWUuQXBwbGljYXRpb25FdmVudExvZ1NpemU7DQogICAgICAgICAgICAiU2VjdXJpdHkgKEVQUykiID0gJGJveC5WYWx1ZS5TZWN1cml0eUVQUzsgIl""}],""Binary"":""73-00-65-00-67-00-31-00-35-00-31-00-00-00""}}"
451,9758,2021-11-03 08:18:53.3896990,7000,Error,Service Control Manager,System,484,2512,FS03.offsec.lan,4,,,,,,,,,,,,False,"EVTX-to-MITRE-Attack\TA0002-Execution\T1569.002-Service execution\ID7000,7009,7045-Payload deployed via service - Tchopper.evtx","Audit success, classic",0,"{""EventData"":{""Data"":[{""@Name"":""param1"",""#text"":""biBMb2cgU2l6ZSAoTUIpIiA9ICRib3guVmFsdWUuQXBwbGljYXRpb25FdmVudExvZ1NpemU7DQogICAgICAgICAgICAiU2VjdXJpdHkgKEVQUykiID0gJGJveC5WYWx1ZS5TZWN1cml0eUVQUzsgIl""},{""@Name"":""param2"",""#text"":""%%1053""}],""Binary"":""73-00-65-00-67-00-31-00-35-00-31-00-00-00""}}"
452,9759,2021-11-03 08:18:54.4575579,7045,Info,Service Control Manager,System,484,2512,FS03.offsec.lan,4,S-1-5-21-4230534742-2542757381-3142984815-1111,A new service was installed in the system,,,Name: NlY3VyaXR5IDFzdCBFdmVudCIgPSAkYm94LlZhbHVlLlNlY3VyaXR5Rmlyc3RFdmVudFRpbWU7ICJTZWN1cml0eSBsYXN0IEV2ZW50IiA9ICRib3guVmFsdWUuU2VjdXJpdHlMYXN0RXZlbnRUaW1l,StartType: demand start,Account: LocalSystem,,,,"c:\windows\system32\cmd.exe /c powershell -command ""Get-Service ""seg152"" | select -Expand DisplayName |out-file -append tmp_payload.txt""",False,"EVTX-to-MITRE-Attack\TA0002-Execution\T1569.002-Service execution\ID7000,7009,7045-Payload deployed via service - Tchopper.evtx","Audit success, classic",0,"{""EventData"":{""Data"":[{""@Name"":""ServiceName"",""#text"":""NlY3VyaXR5IDFzdCBFdmVudCIgPSAkYm94LlZhbHVlLlNlY3VyaXR5Rmlyc3RFdmVudFRpbWU7ICJTZWN1cml0eSBsYXN0IEV2ZW50IiA9ICRib3guVmFsdWUuU2VjdXJpdHlMYXN0RXZlbnRUaW1l""},{""@Name"":""ImagePath"",""#text"":""c:\\windows\\system32\\cmd.exe /c powershell -command \""Get-Service \""seg152\"" | select -Expand DisplayName |out-file -append tmp_payload.txt\""""},{""@Name"":""ServiceType"",""#text"":""user mode service""},{""@Name"":""StartType"",""#text"":""demand start""},{""@Name"":""AccountName"",""#text"":""LocalSystem""}]}}"
453,9760,2021-11-03 08:18:54.8325504,7009,Error,Service Control Manager,System,484,2512,FS03.offsec.lan,4,,,,,,,,,,,,False,"EVTX-to-MITRE-Attack\TA0002-Execution\T1569.002-Service execution\ID7000,7009,7045-Payload deployed via service - Tchopper.evtx","Audit success, classic",0,"{""EventData"":{""Data"":[{""@Name"":""param1"",""#text"":""30000""},{""@Name"":""param2"",""#text"":""NlY3VyaXR5IDFzdCBFdmVudCIgPSAkYm94LlZhbHVlLlNlY3VyaXR5Rmlyc3RFdmVudFRpbWU7ICJTZWN1cml0eSBsYXN0IEV2ZW50IiA9ICRib3guVmFsdWUuU2VjdXJpdHlMYXN0RXZlbnRUaW1l""}],""Binary"":""73-00-65-00-67-00-31-00-35-00-32-00-00-00""}}"
454,9761,2021-11-03 08:18:54.8325504,7000,Error,Service Control Manager,System,484,2512,FS03.offsec.lan,4,,,,,,,,,,,,False,"EVTX-to-MITRE-Attack\TA0002-Execution\T1569.002-Service execution\ID7000,7009,7045-Payload deployed via service - Tchopper.evtx","Audit success, classic",0,"{""EventData"":{""Data"":[{""@Name"":""param1"",""#text"":""NlY3VyaXR5IDFzdCBFdmVudCIgPSAkYm94LlZhbHVlLlNlY3VyaXR5Rmlyc3RFdmVudFRpbWU7ICJTZWN1cml0eSBsYXN0IEV2ZW50IiA9ICRib3guVmFsdWUuU2VjdXJpdHlMYXN0RXZlbnRUaW1l""},{""@Name"":""param2"",""#text"":""%%1053""}],""Binary"":""73-00-65-00-67-00-31-00-35-00-32-00-00-00""}}"
455,9762,2021-11-03 08:18:55.9033181,7045,Info,Service Control Manager,System,484,2512,FS03.offsec.lan,4,S-1-5-21-4230534742-2542757381-3142984815-1111,A new service was installed in the system,,,Name: OyAiU2VjdXJpdHkgdG90YWwgZXZlbnRzIiA9ICRib3guVmFsdWUuU2VjdXJpdHlUb3RhbEV2ZW50czsgIlNlY3VyaXR5IExvZyBTaXplIChNQikiID0gJGJveC5WYWx1ZS5TZWN1cml0eUV2ZW50TG,StartType: demand start,Account: LocalSystem,,,,"c:\windows\system32\cmd.exe /c powershell -command ""Get-Service ""seg153"" | select -Expand DisplayName |out-file -append tmp_payload.txt""",False,"EVTX-to-MITRE-Attack\TA0002-Execution\T1569.002-Service execution\ID7000,7009,7045-Payload deployed via service - Tchopper.evtx","Audit success, classic",0,"{""EventData"":{""Data"":[{""@Name"":""ServiceName"",""#text"":""OyAiU2VjdXJpdHkgdG90YWwgZXZlbnRzIiA9ICRib3guVmFsdWUuU2VjdXJpdHlUb3RhbEV2ZW50czsgIlNlY3VyaXR5IExvZyBTaXplIChNQikiID0gJGJveC5WYWx1ZS5TZWN1cml0eUV2ZW50TG""},{""@Name"":""ImagePath"",""#text"":""c:\\windows\\system32\\cmd.exe /c powershell -command \""Get-Service \""seg153\"" | select -Expand DisplayName |out-file -append tmp_payload.txt\""""},{""@Name"":""ServiceType"",""#text"":""user mode service""},{""@Name"":""StartType"",""#text"":""demand start""},{""@Name"":""AccountName"",""#text"":""LocalSystem""}]}}"
456,9763,2021-11-03 08:18:56.2783200,7009,Error,Service Control Manager,System,484,2512,FS03.offsec.lan,4,,,,,,,,,,,,False,"EVTX-to-MITRE-Attack\TA0002-Execution\T1569.002-Service execution\ID7000,7009,7045-Payload deployed via service - Tchopper.evtx","Audit success, classic",0,"{""EventData"":{""Data"":[{""@Name"":""param1"",""#text"":""30000""},{""@Name"":""param2"",""#text"":""OyAiU2VjdXJpdHkgdG90YWwgZXZlbnRzIiA9ICRib3guVmFsdWUuU2VjdXJpdHlUb3RhbEV2ZW50czsgIlNlY3VyaXR5IExvZyBTaXplIChNQikiID0gJGJveC5WYWx1ZS5TZWN1cml0eUV2ZW50TG""}],""Binary"":""73-00-65-00-67-00-31-00-35-00-33-00-00-00""}}"
457,9764,2021-11-03 08:18:56.2783200,7000,Error,Service Control Manager,System,484,2512,FS03.offsec.lan,4,,,,,,,,,,,,False,"EVTX-to-MITRE-Attack\TA0002-Execution\T1569.002-Service execution\ID7000,7009,7045-Payload deployed via service - Tchopper.evtx","Audit success, classic",0,"{""EventData"":{""Data"":[{""@Name"":""param1"",""#text"":""OyAiU2VjdXJpdHkgdG90YWwgZXZlbnRzIiA9ICRib3guVmFsdWUuU2VjdXJpdHlUb3RhbEV2ZW50czsgIlNlY3VyaXR5IExvZyBTaXplIChNQikiID0gJGJveC5WYWx1ZS5TZWN1cml0eUV2ZW50TG""},{""@Name"":""param2"",""#text"":""%%1053""}],""Binary"":""73-00-65-00-67-00-31-00-35-00-33-00-00-00""}}"
458,9765,2021-11-03 08:18:57.3551898,7045,Info,Service Control Manager,System,484,2512,FS03.offsec.lan,4,S-1-5-21-4230534742-2542757381-3142984815-1111,A new service was installed in the system,,,Name: 9nU2l6ZTsgDQogICAgICAgICAgICAiU3lzdGVtIChFUFMpIiA9ICRib3guVmFsdWUuU3lzdGVtRVBTOyAiU3lzdGVtIDFzdCBFdmVudCIgPSAkYm94LlZhbHVlLlN5c3RlbUZpcnN0RXZlbnRUaW1l,StartType: demand start,Account: LocalSystem,,,,"c:\windows\system32\cmd.exe /c powershell -command ""Get-Service ""seg154"" | select -Expand DisplayName |out-file -append tmp_payload.txt""",False,"EVTX-to-MITRE-Attack\TA0002-Execution\T1569.002-Service execution\ID7000,7009,7045-Payload deployed via service - Tchopper.evtx","Audit success, classic",0,"{""EventData"":{""Data"":[{""@Name"":""ServiceName"",""#text"":""9nU2l6ZTsgDQogICAgICAgICAgICAiU3lzdGVtIChFUFMpIiA9ICRib3guVmFsdWUuU3lzdGVtRVBTOyAiU3lzdGVtIDFzdCBFdmVudCIgPSAkYm94LlZhbHVlLlN5c3RlbUZpcnN0RXZlbnRUaW1l""},{""@Name"":""ImagePath"",""#text"":""c:\\windows\\system32\\cmd.exe /c powershell -command \""Get-Service \""seg154\"" | select -Expand DisplayName |out-file -append tmp_payload.txt\""""},{""@Name"":""ServiceType"",""#text"":""user mode service""},{""@Name"":""StartType"",""#text"":""demand start""},{""@Name"":""AccountName"",""#text"":""LocalSystem""}]}}"
459,9766,2021-11-03 08:18:57.7301870,7009,Error,Service Control Manager,System,484,2512,FS03.offsec.lan,4,,,,,,,,,,,,False,"EVTX-to-MITRE-Attack\TA0002-Execution\T1569.002-Service execution\ID7000,7009,7045-Payload deployed via service - Tchopper.evtx","Audit success, classic",0,"{""EventData"":{""Data"":[{""@Name"":""param1"",""#text"":""30000""},{""@Name"":""param2"",""#text"":""9nU2l6ZTsgDQogICAgICAgICAgICAiU3lzdGVtIChFUFMpIiA9ICRib3guVmFsdWUuU3lzdGVtRVBTOyAiU3lzdGVtIDFzdCBFdmVudCIgPSAkYm94LlZhbHVlLlN5c3RlbUZpcnN0RXZlbnRUaW1l""}],""Binary"":""73-00-65-00-67-00-31-00-35-00-34-00-00-00""}}"
460,9767,2021-11-03 08:18:57.7301870,7000,Error,Service Control Manager,System,484,2512,FS03.offsec.lan,4,,,,,,,,,,,,False,"EVTX-to-MITRE-Attack\TA0002-Execution\T1569.002-Service execution\ID7000,7009,7045-Payload deployed via service - Tchopper.evtx","Audit success, classic",0,"{""EventData"":{""Data"":[{""@Name"":""param1"",""#text"":""9nU2l6ZTsgDQogICAgICAgICAgICAiU3lzdGVtIChFUFMpIiA9ICRib3guVmFsdWUuU3lzdGVtRVBTOyAiU3lzdGVtIDFzdCBFdmVudCIgPSAkYm94LlZhbHVlLlN5c3RlbUZpcnN0RXZlbnRUaW1l""},{""@Name"":""param2"",""#text"":""%%1053""}],""Binary"":""73-00-65-00-67-00-31-00-35-00-34-00-00-00""}}"
461,9768,2021-11-03 08:18:58.7985138,7045,Info,Service Control Manager,System,484,2512,FS03.offsec.lan,4,S-1-5-21-4230534742-2542757381-3142984815-1111,A new service was installed in the system,,,Name: OyAiU3lzdGVtIGxhc3QgRXZlbnQiID0gJGJveC5WYWx1ZS5TeXN0ZW1MYXN0RXZlbnRUaW1lOyAiU3lzdGVtIHRvdGFsIGV2ZW50cyIgPSAkYm94LlZhbHVlLlN5c3RlbVRvdGFsRXZlbnRzOyAiU3,StartType: demand start,Account: LocalSystem,,,,"c:\windows\system32\cmd.exe /c powershell -command ""Get-Service ""seg155"" | select -Expand DisplayName |out-file -append tmp_payload.txt""",False,"EVTX-to-MITRE-Attack\TA0002-Execution\T1569.002-Service execution\ID7000,7009,7045-Payload deployed via service - Tchopper.evtx","Audit success, classic",0,"{""EventData"":{""Data"":[{""@Name"":""ServiceName"",""#text"":""OyAiU3lzdGVtIGxhc3QgRXZlbnQiID0gJGJveC5WYWx1ZS5TeXN0ZW1MYXN0RXZlbnRUaW1lOyAiU3lzdGVtIHRvdGFsIGV2ZW50cyIgPSAkYm94LlZhbHVlLlN5c3RlbVRvdGFsRXZlbnRzOyAiU3""},{""@Name"":""ImagePath"",""#text"":""c:\\windows\\system32\\cmd.exe /c powershell -command \""Get-Service \""seg155\"" | select -Expand DisplayName |out-file -append tmp_payload.txt\""""},{""@Name"":""ServiceType"",""#text"":""user mode service""},{""@Name"":""StartType"",""#text"":""demand start""},{""@Name"":""AccountName"",""#text"":""LocalSystem""}]}}"
462,9769,2021-11-03 08:18:59.1682094,7009,Error,Service Control Manager,System,484,2512,FS03.offsec.lan,4,,,,,,,,,,,,False,"EVTX-to-MITRE-Attack\TA0002-Execution\T1569.002-Service execution\ID7000,7009,7045-Payload deployed via service - Tchopper.evtx","Audit success, classic",0,"{""EventData"":{""Data"":[{""@Name"":""param1"",""#text"":""30000""},{""@Name"":""param2"",""#text"":""OyAiU3lzdGVtIGxhc3QgRXZlbnQiID0gJGJveC5WYWx1ZS5TeXN0ZW1MYXN0RXZlbnRUaW1lOyAiU3lzdGVtIHRvdGFsIGV2ZW50cyIgPSAkYm94LlZhbHVlLlN5c3RlbVRvdGFsRXZlbnRzOyAiU3""}],""Binary"":""73-00-65-00-67-00-31-00-35-00-35-00-00-00""}}"
463,9770,2021-11-03 08:18:59.1682094,7000,Error,Service Control Manager,System,484,2512,FS03.offsec.lan,4,,,,,,,,,,,,False,"EVTX-to-MITRE-Attack\TA0002-Execution\T1569.002-Service execution\ID7000,7009,7045-Payload deployed via service - Tchopper.evtx","Audit success, classic",0,"{""EventData"":{""Data"":[{""@Name"":""param1"",""#text"":""OyAiU3lzdGVtIGxhc3QgRXZlbnQiID0gJGJveC5WYWx1ZS5TeXN0ZW1MYXN0RXZlbnRUaW1lOyAiU3lzdGVtIHRvdGFsIGV2ZW50cyIgPSAkYm94LlZhbHVlLlN5c3RlbVRvdGFsRXZlbnRzOyAiU3""},{""@Name"":""param2"",""#text"":""%%1053""}],""Binary"":""73-00-65-00-67-00-31-00-35-00-35-00-00-00""}}"
464,9771,2021-11-03 08:19:00.2366825,7045,Info,Service Control Manager,System,484,2512,FS03.offsec.lan,4,S-1-5-21-4230534742-2542757381-3142984815-1111,A new service was installed in the system,,,Name: lzdGVtIExvZyBTaXplIChNQikiID0gJGJveC5WYWx1ZS5TeXN0ZW1FdmVudExvZ1NpemU7DQogICAgICAgICAgICAiVG90YWwgKEVQUykiID0gJGJveC5WYWx1ZS5Ub3RhbEVQUzsgIlByb2ZpbGUg,StartType: demand start,Account: LocalSystem,,,,"c:\windows\system32\cmd.exe /c powershell -command ""Get-Service ""seg156"" | select -Expand DisplayName |out-file -append tmp_payload.txt""",False,"EVTX-to-MITRE-Attack\TA0002-Execution\T1569.002-Service execution\ID7000,7009,7045-Payload deployed via service - Tchopper.evtx","Audit success, classic",0,"{""EventData"":{""Data"":[{""@Name"":""ServiceName"",""#text"":""lzdGVtIExvZyBTaXplIChNQikiID0gJGJveC5WYWx1ZS5TeXN0ZW1FdmVudExvZ1NpemU7DQogICAgICAgICAgICAiVG90YWwgKEVQUykiID0gJGJveC5WYWx1ZS5Ub3RhbEVQUzsgIlByb2ZpbGUg""},{""@Name"":""ImagePath"",""#text"":""c:\\windows\\system32\\cmd.exe /c powershell -command \""Get-Service \""seg156\"" | select -Expand DisplayName |out-file -append tmp_payload.txt\""""},{""@Name"":""ServiceType"",""#text"":""user mode service""},{""@Name"":""StartType"",""#text"":""demand start""},{""@Name"":""AccountName"",""#text"":""LocalSystem""}]}}"
465,9772,2021-11-03 08:19:00.6429274,7009,Error,Service Control Manager,System,484,2512,FS03.offsec.lan,4,,,,,,,,,,,,False,"EVTX-to-MITRE-Attack\TA0002-Execution\T1569.002-Service execution\ID7000,7009,7045-Payload deployed via service - Tchopper.evtx","Audit success, classic",0,"{""EventData"":{""Data"":[{""@Name"":""param1"",""#text"":""30000""},{""@Name"":""param2"",""#text"":""lzdGVtIExvZyBTaXplIChNQikiID0gJGJveC5WYWx1ZS5TeXN0ZW1FdmVudExvZ1NpemU7DQogICAgICAgICAgICAiVG90YWwgKEVQUykiID0gJGJveC5WYWx1ZS5Ub3RhbEVQUzsgIlByb2ZpbGUg""}],""Binary"":""73-00-65-00-67-00-31-00-35-00-36-00-00-00""}}"
466,9773,2021-11-03 08:19:00.6429274,7000,Error,Service Control Manager,System,484,2512,FS03.offsec.lan,4,,,,,,,,,,,,False,"EVTX-to-MITRE-Attack\TA0002-Execution\T1569.002-Service execution\ID7000,7009,7045-Payload deployed via service - Tchopper.evtx","Audit success, classic",0,"{""EventData"":{""Data"":[{""@Name"":""param1"",""#text"":""lzdGVtIExvZyBTaXplIChNQikiID0gJGJveC5WYWx1ZS5TeXN0ZW1FdmVudExvZ1NpemU7DQogICAgICAgICAgICAiVG90YWwgKEVQUykiID0gJGJveC5WYWx1ZS5Ub3RhbEVQUzsgIlByb2ZpbGUg""},{""@Name"":""param2"",""#text"":""%%1053""}],""Binary"":""73-00-65-00-67-00-31-00-35-00-36-00-00-00""}}"
467,9774,2021-11-03 08:19:01.7198811,7045,Info,Service Control Manager,System,484,2512,FS03.offsec.lan,4,S-1-5-21-4230534742-2542757381-3142984815-1111,A new service was installed in the system,,,Name: U3VnZ2VzdGlvbiAoMyBTZWMgUG9sbGluZyBJbnRlcnZhbCkiID0gJGJveC5WYWx1ZS5Qcm9maWxlU3VnZ2VzdGlvbjt9KQ0KDQogICAgICAgIH0NCg0KDQogICAgICAgIFdyaXRlLUxvZyAkSU5QVV,StartType: demand start,Account: LocalSystem,,,,"c:\windows\system32\cmd.exe /c powershell -command ""Get-Service ""seg157"" | select -Expand DisplayName |out-file -append tmp_payload.txt""",False,"EVTX-to-MITRE-Attack\TA0002-Execution\T1569.002-Service execution\ID7000,7009,7045-Payload deployed via service - Tchopper.evtx","Audit success, classic",0,"{""EventData"":{""Data"":[{""@Name"":""ServiceName"",""#text"":""U3VnZ2VzdGlvbiAoMyBTZWMgUG9sbGluZyBJbnRlcnZhbCkiID0gJGJveC5WYWx1ZS5Qcm9maWxlU3VnZ2VzdGlvbjt9KQ0KDQogICAgICAgIH0NCg0KDQogICAgICAgIFdyaXRlLUxvZyAkSU5QVV""},{""@Name"":""ImagePath"",""#text"":""c:\\windows\\system32\\cmd.exe /c powershell -command \""Get-Service \""seg157\"" | select -Expand DisplayName |out-file -append tmp_payload.txt\""""},{""@Name"":""ServiceType"",""#text"":""user mode service""},{""@Name"":""StartType"",""#text"":""demand start""},{""@Name"":""AccountName"",""#text"":""LocalSystem""}]}}"
468,9775,2021-11-03 08:19:02.0820775,7009,Error,Service Control Manager,System,484,2512,FS03.offsec.lan,4,,,,,,,,,,,,False,"EVTX-to-MITRE-Attack\TA0002-Execution\T1569.002-Service execution\ID7000,7009,7045-Payload deployed via service - Tchopper.evtx","Audit success, classic",0,"{""EventData"":{""Data"":[{""@Name"":""param1"",""#text"":""30000""},{""@Name"":""param2"",""#text"":""U3VnZ2VzdGlvbiAoMyBTZWMgUG9sbGluZyBJbnRlcnZhbCkiID0gJGJveC5WYWx1ZS5Qcm9maWxlU3VnZ2VzdGlvbjt9KQ0KDQogICAgICAgIH0NCg0KDQogICAgICAgIFdyaXRlLUxvZyAkSU5QVV""}],""Binary"":""73-00-65-00-67-00-31-00-35-00-37-00-00-00""}}"
469,9776,2021-11-03 08:19:02.0820775,7000,Error,Service Control Manager,System,484,2512,FS03.offsec.lan,4,,,,,,,,,,,,False,"EVTX-to-MITRE-Attack\TA0002-Execution\T1569.002-Service execution\ID7000,7009,7045-Payload deployed via service - Tchopper.evtx","Audit success, classic",0,"{""EventData"":{""Data"":[{""@Name"":""param1"",""#text"":""U3VnZ2VzdGlvbiAoMyBTZWMgUG9sbGluZyBJbnRlcnZhbCkiID0gJGJveC5WYWx1ZS5Qcm9maWxlU3VnZ2VzdGlvbjt9KQ0KDQogICAgICAgIH0NCg0KDQogICAgICAgIFdyaXRlLUxvZyAkSU5QVV""},{""@Name"":""param2"",""#text"":""%%1053""}],""Binary"":""73-00-65-00-67-00-31-00-35-00-37-00-00-00""}}"
470,9777,2021-11-03 08:19:03.1602018,7045,Info,Service Control Manager,System,484,2512,FS03.offsec.lan,4,S-1-5-21-4230534742-2542757381-3142984815-1111,A new service was installed in the system,,,Name: RfTE9HICJTZWxlY3QgRXZlbnQgTG9nIEV4cG9ydCBMb2NhdGlvbi4uLiINCg0KICAgICAgICAkRXhwb3J0Rm9sZGVyID0gU2VsZWN0LUV4cG9ydExvY2F0aW9uICJFdmVudCBMb2cgU3VtbWFyeSBS,StartType: demand start,Account: LocalSystem,,,,"c:\windows\system32\cmd.exe /c powershell -command ""Get-Service ""seg158"" | select -Expand DisplayName |out-file -append tmp_payload.txt""",False,"EVTX-to-MITRE-Attack\TA0002-Execution\T1569.002-Service execution\ID7000,7009,7045-Payload deployed via service - Tchopper.evtx","Audit success, classic",0,"{""EventData"":{""Data"":[{""@Name"":""ServiceName"",""#text"":""RfTE9HICJTZWxlY3QgRXZlbnQgTG9nIEV4cG9ydCBMb2NhdGlvbi4uLiINCg0KICAgICAgICAkRXhwb3J0Rm9sZGVyID0gU2VsZWN0LUV4cG9ydExvY2F0aW9uICJFdmVudCBMb2cgU3VtbWFyeSBS""},{""@Name"":""ImagePath"",""#text"":""c:\\windows\\system32\\cmd.exe /c powershell -command \""Get-Service \""seg158\"" | select -Expand DisplayName |out-file -append tmp_payload.txt\""""},{""@Name"":""ServiceType"",""#text"":""user mode service""},{""@Name"":""StartType"",""#text"":""demand start""},{""@Name"":""AccountName"",""#text"":""LocalSystem""}]}}"
471,9778,2021-11-03 08:19:03.5195756,7009,Error,Service Control Manager,System,484,2512,FS03.offsec.lan,4,,,,,,,,,,,,False,"EVTX-to-MITRE-Attack\TA0002-Execution\T1569.002-Service execution\ID7000,7009,7045-Payload deployed via service - Tchopper.evtx","Audit success, classic",0,"{""EventData"":{""Data"":[{""@Name"":""param1"",""#text"":""30000""},{""@Name"":""param2"",""#text"":""RfTE9HICJTZWxlY3QgRXZlbnQgTG9nIEV4cG9ydCBMb2NhdGlvbi4uLiINCg0KICAgICAgICAkRXhwb3J0Rm9sZGVyID0gU2VsZWN0LUV4cG9ydExvY2F0aW9uICJFdmVudCBMb2cgU3VtbWFyeSBS""}],""Binary"":""73-00-65-00-67-00-31-00-35-00-38-00-00-00""}}"
472,9779,2021-11-03 08:19:03.5195756,7000,Error,Service Control Manager,System,484,2512,FS03.offsec.lan,4,,,,,,,,,,,,False,"EVTX-to-MITRE-Attack\TA0002-Execution\T1569.002-Service execution\ID7000,7009,7045-Payload deployed via service - Tchopper.evtx","Audit success, classic",0,"{""EventData"":{""Data"":[{""@Name"":""param1"",""#text"":""RfTE9HICJTZWxlY3QgRXZlbnQgTG9nIEV4cG9ydCBMb2NhdGlvbi4uLiINCg0KICAgICAgICAkRXhwb3J0Rm9sZGVyID0gU2VsZWN0LUV4cG9ydExvY2F0aW9uICJFdmVudCBMb2cgU3VtbWFyeSBS""},{""@Name"":""param2"",""#text"":""%%1053""}],""Binary"":""73-00-65-00-67-00-31-00-35-00-38-00-00-00""}}"
473,9780,2021-11-03 08:19:04.6012997,7045,Info,Service Control Manager,System,484,2512,FS03.offsec.lan,4,S-1-5-21-4230534742-2542757381-3142984815-1111,A new service was installed in the system,,,Name: ZXBvcnQgRXhwb3J0IExvY2F0aW9uIiAiRGVza3RvcCINCiAgICAgICAgDQogICAgICAgICRFeHBvcnRMb2NhdGlvbiA9ICRFeHBvcnRGb2xkZXIgKyAiXEV2ZW50LUxvZy1TdW1tYXJ5LVJlcG9ydC,StartType: demand start,Account: LocalSystem,,,,"c:\windows\system32\cmd.exe /c powershell -command ""Get-Service ""seg159"" | select -Expand DisplayName |out-file -append tmp_payload.txt""",False,"EVTX-to-MITRE-Attack\TA0002-Execution\T1569.002-Service execution\ID7000,7009,7045-Payload deployed via service - Tchopper.evtx","Audit success, classic",0,"{""EventData"":{""Data"":[{""@Name"":""ServiceName"",""#text"":""ZXBvcnQgRXhwb3J0IExvY2F0aW9uIiAiRGVza3RvcCINCiAgICAgICAgDQogICAgICAgICRFeHBvcnRMb2NhdGlvbiA9ICRFeHBvcnRGb2xkZXIgKyAiXEV2ZW50LUxvZy1TdW1tYXJ5LVJlcG9ydC""},{""@Name"":""ImagePath"",""#text"":""c:\\windows\\system32\\cmd.exe /c powershell -command \""Get-Service \""seg159\"" | select -Expand DisplayName |out-file -append tmp_payload.txt\""""},{""@Name"":""ServiceType"",""#text"":""user mode service""},{""@Name"":""StartType"",""#text"":""demand start""},{""@Name"":""AccountName"",""#text"":""LocalSystem""}]}}"
474,9781,2021-11-03 08:19:04.9619415,7009,Error,Service Control Manager,System,484,2512,FS03.offsec.lan,4,,,,,,,,,,,,False,"EVTX-to-MITRE-Attack\TA0002-Execution\T1569.002-Service execution\ID7000,7009,7045-Payload deployed via service - Tchopper.evtx","Audit success, classic",0,"{""EventData"":{""Data"":[{""@Name"":""param1"",""#text"":""30000""},{""@Name"":""param2"",""#text"":""ZXBvcnQgRXhwb3J0IExvY2F0aW9uIiAiRGVza3RvcCINCiAgICAgICAgDQogICAgICAgICRFeHBvcnRMb2NhdGlvbiA9ICRFeHBvcnRGb2xkZXIgKyAiXEV2ZW50LUxvZy1TdW1tYXJ5LVJlcG9ydC""}],""Binary"":""73-00-65-00-67-00-31-00-35-00-39-00-00-00""}}"
475,9782,2021-11-03 08:19:04.9619415,7000,Error,Service Control Manager,System,484,2512,FS03.offsec.lan,4,,,,,,,,,,,,False,"EVTX-to-MITRE-Attack\TA0002-Execution\T1569.002-Service execution\ID7000,7009,7045-Payload deployed via service - Tchopper.evtx","Audit success, classic",0,"{""EventData"":{""Data"":[{""@Name"":""param1"",""#text"":""ZXBvcnQgRXhwb3J0IExvY2F0aW9uIiAiRGVza3RvcCINCiAgICAgICAgDQogICAgICAgICRFeHBvcnRMb2NhdGlvbiA9ICRFeHBvcnRGb2xkZXIgKyAiXEV2ZW50LUxvZy1TdW1tYXJ5LVJlcG9ydC""},{""@Name"":""param2"",""#text"":""%%1053""}],""Binary"":""73-00-65-00-67-00-31-00-35-00-39-00-00-00""}}"
476,9783,2021-11-03 08:19:06.0430957,7045,Info,Service Control Manager,System,484,2512,FS03.offsec.lan,4,S-1-5-21-4230534742-2542757381-3142984815-1111,A new service was installed in the system,,,Name: 0iICsgJChnZXQtZGF0ZSAtZiB5eXl5TU1kZGhobW1zcykgKyAiLmNzdiIgICAgICAgICAgICANCiAgICAgICAgICAgICAgICANCiAgICAgICAgV3JpdGUtTG9nICRJTkZPX0xPRyAiRXhwb3J0aW5n,StartType: demand start,Account: LocalSystem,,,,"c:\windows\system32\cmd.exe /c powershell -command ""Get-Service ""seg160"" | select -Expand DisplayName |out-file -append tmp_payload.txt""",False,"EVTX-to-MITRE-Attack\TA0002-Execution\T1569.002-Service execution\ID7000,7009,7045-Payload deployed via service - Tchopper.evtx","Audit success, classic",0,"{""EventData"":{""Data"":[{""@Name"":""ServiceName"",""#text"":""0iICsgJChnZXQtZGF0ZSAtZiB5eXl5TU1kZGhobW1zcykgKyAiLmNzdiIgICAgICAgICAgICANCiAgICAgICAgICAgICAgICANCiAgICAgICAgV3JpdGUtTG9nICRJTkZPX0xPRyAiRXhwb3J0aW5n""},{""@Name"":""ImagePath"",""#text"":""c:\\windows\\system32\\cmd.exe /c powershell -command \""Get-Service \""seg160\"" | select -Expand DisplayName |out-file -append tmp_payload.txt\""""},{""@Name"":""ServiceType"",""#text"":""user mode service""},{""@Name"":""StartType"",""#text"":""demand start""},{""@Name"":""AccountName"",""#text"":""LocalSystem""}]}}"
477,9784,2021-11-03 08:19:06.4181008,7009,Error,Service Control Manager,System,484,2512,FS03.offsec.lan,4,,,,,,,,,,,,False,"EVTX-to-MITRE-Attack\TA0002-Execution\T1569.002-Service execution\ID7000,7009,7045-Payload deployed via service - Tchopper.evtx","Audit success, classic",0,"{""EventData"":{""Data"":[{""@Name"":""param1"",""#text"":""30000""},{""@Name"":""param2"",""#text"":""0iICsgJChnZXQtZGF0ZSAtZiB5eXl5TU1kZGhobW1zcykgKyAiLmNzdiIgICAgICAgICAgICANCiAgICAgICAgICAgICAgICANCiAgICAgICAgV3JpdGUtTG9nICRJTkZPX0xPRyAiRXhwb3J0aW5n""}],""Binary"":""73-00-65-00-67-00-31-00-36-00-30-00-00-00""}}"
478,9785,2021-11-03 08:19:06.4181008,7000,Error,Service Control Manager,System,484,2512,FS03.offsec.lan,4,,,,,,,,,,,,False,"EVTX-to-MITRE-Attack\TA0002-Execution\T1569.002-Service execution\ID7000,7009,7045-Payload deployed via service - Tchopper.evtx","Audit success, classic",0,"{""EventData"":{""Data"":[{""@Name"":""param1"",""#text"":""0iICsgJChnZXQtZGF0ZSAtZiB5eXl5TU1kZGhobW1zcykgKyAiLmNzdiIgICAgICAgICAgICANCiAgICAgICAgICAgICAgICANCiAgICAgICAgV3JpdGUtTG9nICRJTkZPX0xPRyAiRXhwb3J0aW5n""},{""@Name"":""param2"",""#text"":""%%1053""}],""Binary"":""73-00-65-00-67-00-31-00-36-00-30-00-00-00""}}"
479,9786,2021-11-03 08:19:07.4961548,7045,Info,Service Control Manager,System,484,2512,FS03.offsec.lan,4,S-1-5-21-4230534742-2542757381-3142984815-1111,A new service was installed in the system,,,Name: IExvZyBFdmVudHMgdG86ICRFeHBvcnRMb2NhdGlvbiINCg0KICAgICAgICAkT3V0cHV0VGFibGUgfCBFeHBvcnQtQ1NWICRFeHBvcnRMb2NhdGlvbiAtTm9UeXBlSW5mb3JtYXRpb24gLUZvcmNlDQ,StartType: demand start,Account: LocalSystem,,,,"c:\windows\system32\cmd.exe /c powershell -command ""Get-Service ""seg161"" | select -Expand DisplayName |out-file -append tmp_payload.txt""",False,"EVTX-to-MITRE-Attack\TA0002-Execution\T1569.002-Service execution\ID7000,7009,7045-Payload deployed via service - Tchopper.evtx","Audit success, classic",0,"{""EventData"":{""Data"":[{""@Name"":""ServiceName"",""#text"":""IExvZyBFdmVudHMgdG86ICRFeHBvcnRMb2NhdGlvbiINCg0KICAgICAgICAkT3V0cHV0VGFibGUgfCBFeHBvcnQtQ1NWICRFeHBvcnRMb2NhdGlvbiAtTm9UeXBlSW5mb3JtYXRpb24gLUZvcmNlDQ""},{""@Name"":""ImagePath"",""#text"":""c:\\windows\\system32\\cmd.exe /c powershell -command \""Get-Service \""seg161\"" | select -Expand DisplayName |out-file -append tmp_payload.txt\""""},{""@Name"":""ServiceType"",""#text"":""user mode service""},{""@Name"":""StartType"",""#text"":""demand start""},{""@Name"":""AccountName"",""#text"":""LocalSystem""}]}}"
480,9787,2021-11-03 08:19:07.8731534,7009,Error,Service Control Manager,System,484,2512,FS03.offsec.lan,4,,,,,,,,,,,,False,"EVTX-to-MITRE-Attack\TA0002-Execution\T1569.002-Service execution\ID7000,7009,7045-Payload deployed via service - Tchopper.evtx","Audit success, classic",0,"{""EventData"":{""Data"":[{""@Name"":""param1"",""#text"":""30000""},{""@Name"":""param2"",""#text"":""IExvZyBFdmVudHMgdG86ICRFeHBvcnRMb2NhdGlvbiINCg0KICAgICAgICAkT3V0cHV0VGFibGUgfCBFeHBvcnQtQ1NWICRFeHBvcnRMb2NhdGlvbiAtTm9UeXBlSW5mb3JtYXRpb24gLUZvcmNlDQ""}],""Binary"":""73-00-65-00-67-00-31-00-36-00-31-00-00-00""}}"
481,9788,2021-11-03 08:19:07.8731534,7000,Error,Service Control Manager,System,484,2512,FS03.offsec.lan,4,,,,,,,,,,,,False,"EVTX-to-MITRE-Attack\TA0002-Execution\T1569.002-Service execution\ID7000,7009,7045-Payload deployed via service - Tchopper.evtx","Audit success, classic",0,"{""EventData"":{""Data"":[{""@Name"":""param1"",""#text"":""IExvZyBFdmVudHMgdG86ICRFeHBvcnRMb2NhdGlvbiINCg0KICAgICAgICAkT3V0cHV0VGFibGUgfCBFeHBvcnQtQ1NWICRFeHBvcnRMb2NhdGlvbiAtTm9UeXBlSW5mb3JtYXRpb24gLUZvcmNlDQ""},{""@Name"":""param2"",""#text"":""%%1053""}],""Binary"":""73-00-65-00-67-00-31-00-36-00-31-00-00-00""}}"
482,9789,2021-11-03 08:19:08.9373510,7045,Info,Service Control Manager,System,484,2512,FS03.offsec.lan,5,S-1-5-21-4230534742-2542757381-3142984815-1111,A new service was installed in the system,,,Name: ogICAgDQogICAgfQ0KDQogICAgY2F0Y2ggew0KDQogICAgICAgIFdyaXRlLUxvZyAkRVJST1JfTE9HICJVbmFibGUgdG8gRXhwb3J0IExvZyBSZXBvcnQiDQoNCiAgICAgICAgV3JpdGUtTG9nICRF,StartType: demand start,Account: LocalSystem,,,,"c:\windows\system32\cmd.exe /c powershell -command ""Get-Service ""seg162"" | select -Expand DisplayName |out-file -append tmp_payload.txt""",False,"EVTX-to-MITRE-Attack\TA0002-Execution\T1569.002-Service execution\ID7000,7009,7045-Payload deployed via service - Tchopper.evtx","Audit success, classic",0,"{""EventData"":{""Data"":[{""@Name"":""ServiceName"",""#text"":""ogICAgDQogICAgfQ0KDQogICAgY2F0Y2ggew0KDQogICAgICAgIFdyaXRlLUxvZyAkRVJST1JfTE9HICJVbmFibGUgdG8gRXhwb3J0IExvZyBSZXBvcnQiDQoNCiAgICAgICAgV3JpdGUtTG9nICRF""},{""@Name"":""ImagePath"",""#text"":""c:\\windows\\system32\\cmd.exe /c powershell -command \""Get-Service \""seg162\"" | select -Expand DisplayName |out-file -append tmp_payload.txt\""""},{""@Name"":""ServiceType"",""#text"":""user mode service""},{""@Name"":""StartType"",""#text"":""demand start""},{""@Name"":""AccountName"",""#text"":""LocalSystem""}]}}"
483,9790,2021-11-03 08:19:09.3279259,7009,Error,Service Control Manager,System,484,2512,FS03.offsec.lan,5,,,,,,,,,,,,False,"EVTX-to-MITRE-Attack\TA0002-Execution\T1569.002-Service execution\ID7000,7009,7045-Payload deployed via service - Tchopper.evtx","Audit success, classic",0,"{""EventData"":{""Data"":[{""@Name"":""param1"",""#text"":""30000""},{""@Name"":""param2"",""#text"":""ogICAgDQogICAgfQ0KDQogICAgY2F0Y2ggew0KDQogICAgICAgIFdyaXRlLUxvZyAkRVJST1JfTE9HICJVbmFibGUgdG8gRXhwb3J0IExvZyBSZXBvcnQiDQoNCiAgICAgICAgV3JpdGUtTG9nICRF""}],""Binary"":""73-00-65-00-67-00-31-00-36-00-32-00-00-00""}}"
484,9791,2021-11-03 08:19:09.3279259,7000,Error,Service Control Manager,System,484,2512,FS03.offsec.lan,5,,,,,,,,,,,,False,"EVTX-to-MITRE-Attack\TA0002-Execution\T1569.002-Service execution\ID7000,7009,7045-Payload deployed via service - Tchopper.evtx","Audit success, classic",0,"{""EventData"":{""Data"":[{""@Name"":""param1"",""#text"":""ogICAgDQogICAgfQ0KDQogICAgY2F0Y2ggew0KDQogICAgICAgIFdyaXRlLUxvZyAkRVJST1JfTE9HICJVbmFibGUgdG8gRXhwb3J0IExvZyBSZXBvcnQiDQoNCiAgICAgICAgV3JpdGUtTG9nICRF""},{""@Name"":""param2"",""#text"":""%%1053""}],""Binary"":""73-00-65-00-67-00-31-00-36-00-32-00-00-00""}}"
485,9792,2021-11-03 08:19:10.4060442,7045,Info,Service Control Manager,System,484,2512,FS03.offsec.lan,5,S-1-5-21-4230534742-2542757381-3142984815-1111,A new service was installed in the system,,,Name: UlJPUl9MT0cgJEVycm9yWzBdDQoNCiAgICAgICAgJEVycm9yTGluZU51bWJlciA9ICRFcnJvclswXS5JbnZvY2F0aW9uSW5mby5zY3JpcHRsaW5lbnVtYmVyDQoNCiAgICAgICAgV3JpdGUtTG9nIC,StartType: demand start,Account: LocalSystem,,,,"c:\windows\system32\cmd.exe /c powershell -command ""Get-Service ""seg163"" | select -Expand DisplayName |out-file -append tmp_payload.txt""",False,"EVTX-to-MITRE-Attack\TA0002-Execution\T1569.002-Service execution\ID7000,7009,7045-Payload deployed via service - Tchopper.evtx","Audit success, classic",0,"{""EventData"":{""Data"":[{""@Name"":""ServiceName"",""#text"":""UlJPUl9MT0cgJEVycm9yWzBdDQoNCiAgICAgICAgJEVycm9yTGluZU51bWJlciA9ICRFcnJvclswXS5JbnZvY2F0aW9uSW5mby5zY3JpcHRsaW5lbnVtYmVyDQoNCiAgICAgICAgV3JpdGUtTG9nIC""},{""@Name"":""ImagePath"",""#text"":""c:\\windows\\system32\\cmd.exe /c powershell -command \""Get-Service \""seg163\"" | select -Expand DisplayName |out-file -append tmp_payload.txt\""""},{""@Name"":""ServiceType"",""#text"":""user mode service""},{""@Name"":""StartType"",""#text"":""demand start""},{""@Name"":""AccountName"",""#text"":""LocalSystem""}]}}"
486,9793,2021-11-03 08:19:10.8279264,7009,Error,Service Control Manager,System,484,2512,FS03.offsec.lan,5,,,,,,,,,,,,False,"EVTX-to-MITRE-Attack\TA0002-Execution\T1569.002-Service execution\ID7000,7009,7045-Payload deployed via service - Tchopper.evtx","Audit success, classic",528,"{""EventData"":{""Data"":[{""@Name"":""param1"",""#text"":""30000""},{""@Name"":""param2"",""#text"":""UlJPUl9MT0cgJEVycm9yWzBdDQoNCiAgICAgICAgJEVycm9yTGluZU51bWJlciA9ICRFcnJvclswXS5JbnZvY2F0aW9uSW5mby5zY3JpcHRsaW5lbnVtYmVyDQoNCiAgICAgICAgV3JpdGUtTG9nIC""}],""Binary"":""73-00-65-00-67-00-31-00-36-00-33-00-00-00""}}"
487,9794,2021-11-03 08:19:10.8279264,7000,Error,Service Control Manager,System,484,2512,FS03.offsec.lan,5,,,,,,,,,,,,False,"EVTX-to-MITRE-Attack\TA0002-Execution\T1569.002-Service execution\ID7000,7009,7045-Payload deployed via service - Tchopper.evtx","Audit success, classic",0,"{""EventData"":{""Data"":[{""@Name"":""param1"",""#text"":""UlJPUl9MT0cgJEVycm9yWzBdDQoNCiAgICAgICAgJEVycm9yTGluZU51bWJlciA9ICRFcnJvclswXS5JbnZvY2F0aW9uSW5mby5zY3JpcHRsaW5lbnVtYmVyDQoNCiAgICAgICAgV3JpdGUtTG9nIC""},{""@Name"":""param2"",""#text"":""%%1053""}],""Binary"":""73-00-65-00-67-00-31-00-36-00-33-00-00-00""}}"
488,9795,2021-11-03 08:19:11.9006657,7045,Info,Service Control Manager,System,484,2512,FS03.offsec.lan,5,S-1-5-21-4230534742-2542757381-3142984815-1111,A new service was installed in the system,,,Name: RFUlJPUl9MT0cgIkNhdWdodCBvbiBsaW5lIG51bWJlcjogJEVycm9yTGluZU51bWJlciINCg0KICAgICAgICBleGl0DQogICAgfQ0KfQ0KDQoNCiMjIyMjIyMjIyMjIyMjIyMjIyMjIyMjIyMjIyMj,StartType: demand start,Account: LocalSystem,,,,"c:\windows\system32\cmd.exe /c powershell -command ""Get-Service ""seg164"" | select -Expand DisplayName |out-file -append tmp_payload.txt""",False,"EVTX-to-MITRE-Attack\TA0002-Execution\T1569.002-Service execution\ID7000,7009,7045-Payload deployed via service - Tchopper.evtx","Audit success, classic",0,"{""EventData"":{""Data"":[{""@Name"":""ServiceName"",""#text"":""RFUlJPUl9MT0cgIkNhdWdodCBvbiBsaW5lIG51bWJlcjogJEVycm9yTGluZU51bWJlciINCg0KICAgICAgICBleGl0DQogICAgfQ0KfQ0KDQoNCiMjIyMjIyMjIyMjIyMjIyMjIyMjIyMjIyMjIyMj""},{""@Name"":""ImagePath"",""#text"":""c:\\windows\\system32\\cmd.exe /c powershell -command \""Get-Service \""seg164\"" | select -Expand DisplayName |out-file -append tmp_payload.txt\""""},{""@Name"":""ServiceType"",""#text"":""user mode service""},{""@Name"":""StartType"",""#text"":""demand start""},{""@Name"":""AccountName"",""#text"":""LocalSystem""}]}}"
489,9796,2021-11-03 08:19:12.2756894,7009,Error,Service Control Manager,System,484,2512,FS03.offsec.lan,5,,,,,,,,,,,,False,"EVTX-to-MITRE-Attack\TA0002-Execution\T1569.002-Service execution\ID7000,7009,7045-Payload deployed via service - Tchopper.evtx","Audit success, classic",0,"{""EventData"":{""Data"":[{""@Name"":""param1"",""#text"":""30000""},{""@Name"":""param2"",""#text"":""RFUlJPUl9MT0cgIkNhdWdodCBvbiBsaW5lIG51bWJlcjogJEVycm9yTGluZU51bWJlciINCg0KICAgICAgICBleGl0DQogICAgfQ0KfQ0KDQoNCiMjIyMjIyMjIyMjIyMjIyMjIyMjIyMjIyMjIyMj""}],""Binary"":""73-00-65-00-67-00-31-00-36-00-34-00-00-00""}}"
490,9797,2021-11-03 08:19:12.2756894,7000,Error,Service Control Manager,System,484,2512,FS03.offsec.lan,5,,,,,,,,,,,,False,"EVTX-to-MITRE-Attack\TA0002-Execution\T1569.002-Service execution\ID7000,7009,7045-Payload deployed via service - Tchopper.evtx","Audit success, classic",0,"{""EventData"":{""Data"":[{""@Name"":""param1"",""#text"":""RFUlJPUl9MT0cgIkNhdWdodCBvbiBsaW5lIG51bWJlcjogJEVycm9yTGluZU51bWJlciINCg0KICAgICAgICBleGl0DQogICAgfQ0KfQ0KDQoNCiMjIyMjIyMjIyMjIyMjIyMjIyMjIyMjIyMjIyMj""},{""@Name"":""param2"",""#text"":""%%1053""}],""Binary"":""73-00-65-00-67-00-31-00-36-00-34-00-00-00""}}"
491,9798,2021-11-03 08:19:13.3555547,7045,Info,Service Control Manager,System,484,2512,FS03.offsec.lan,5,S-1-5-21-4230534742-2542757381-3142984815-1111,A new service was installed in the system,,,Name: IyMjIyMjIyMjIyMjIyMjIyMjIyMjIyMjIyMjIyMjIyMjIyMjIyMjIyMjIyMjIyMjIyMjIyMjIyMjIyMjIyMjIyMjIyMNCiNGdW5jdGlvbiB3aWxsIGdlbmVyYXRlIGEgRm9sZGVyIFNlbGVjdCBEaW,StartType: demand start,Account: LocalSystem,,,,"c:\windows\system32\cmd.exe /c powershell -command ""Get-Service ""seg165"" | select -Expand DisplayName |out-file -append tmp_payload.txt""",False,"EVTX-to-MITRE-Attack\TA0002-Execution\T1569.002-Service execution\ID7000,7009,7045-Payload deployed via service - Tchopper.evtx","Audit success, classic",0,"{""EventData"":{""Data"":[{""@Name"":""ServiceName"",""#text"":""IyMjIyMjIyMjIyMjIyMjIyMjIyMjIyMjIyMjIyMjIyMjIyMjIyMjIyMjIyMjIyMjIyMjIyMjIyMjIyMjIyMjIyMjIyMNCiNGdW5jdGlvbiB3aWxsIGdlbmVyYXRlIGEgRm9sZGVyIFNlbGVjdCBEaW""},{""@Name"":""ImagePath"",""#text"":""c:\\windows\\system32\\cmd.exe /c powershell -command \""Get-Service \""seg165\"" | select -Expand DisplayName |out-file -append tmp_payload.txt\""""},{""@Name"":""ServiceType"",""#text"":""user mode service""},{""@Name"":""StartType"",""#text"":""demand start""},{""@Name"":""AccountName"",""#text"":""LocalSystem""}]}}"
492,9799,2021-11-03 08:19:13.7298212,7009,Error,Service Control Manager,System,484,2512,FS03.offsec.lan,5,,,,,,,,,,,,False,"EVTX-to-MITRE-Attack\TA0002-Execution\T1569.002-Service execution\ID7000,7009,7045-Payload deployed via service - Tchopper.evtx","Audit success, classic",0,"{""EventData"":{""Data"":[{""@Name"":""param1"",""#text"":""30000""},{""@Name"":""param2"",""#text"":""IyMjIyMjIyMjIyMjIyMjIyMjIyMjIyMjIyMjIyMjIyMjIyMjIyMjIyMjIyMjIyMjIyMjIyMjIyMjIyMjIyMjIyMjIyMNCiNGdW5jdGlvbiB3aWxsIGdlbmVyYXRlIGEgRm9sZGVyIFNlbGVjdCBEaW""}],""Binary"":""73-00-65-00-67-00-31-00-36-00-35-00-00-00""}}"
493,9800,2021-11-03 08:19:13.7298212,7000,Error,Service Control Manager,System,484,2512,FS03.offsec.lan,5,,,,,,,,,,,,False,"EVTX-to-MITRE-Attack\TA0002-Execution\T1569.002-Service execution\ID7000,7009,7045-Payload deployed via service - Tchopper.evtx","Audit success, classic",0,"{""EventData"":{""Data"":[{""@Name"":""param1"",""#text"":""IyMjIyMjIyMjIyMjIyMjIyMjIyMjIyMjIyMjIyMjIyMjIyMjIyMjIyMjIyMjIyMjIyMjIyMjIyMjIyMjIyMjIyMjIyMNCiNGdW5jdGlvbiB3aWxsIGdlbmVyYXRlIGEgRm9sZGVyIFNlbGVjdCBEaW""},{""@Name"":""param2"",""#text"":""%%1053""}],""Binary"":""73-00-65-00-67-00-31-00-36-00-35-00-00-00""}}"
494,9801,2021-11-03 08:19:14.8079409,7045,Info,Service Control Manager,System,484,2512,FS03.offsec.lan,5,S-1-5-21-4230534742-2542757381-3142984815-1111,A new service was installed in the system,,,Name: Fsb2cNCg0KI0BwYXJhbSAkRGVzY3JpcHRpb24gLT4gIFRoZSBEZXNjcmlwdGlvbiBvZiB0aGUgRGlhbG9nDQojQHBhcmFtICRSb290Rm9sZGVyICAtPiAgVGhlIGxvY2F0aW9uIHRoYXQgdGhlIGZv,StartType: demand start,Account: LocalSystem,,,,"c:\windows\system32\cmd.exe /c powershell -command ""Get-Service ""seg166"" | select -Expand DisplayName |out-file -append tmp_payload.txt""",False,"EVTX-to-MITRE-Attack\TA0002-Execution\T1569.002-Service execution\ID7000,7009,7045-Payload deployed via service - Tchopper.evtx","Audit success, classic",0,"{""EventData"":{""Data"":[{""@Name"":""ServiceName"",""#text"":""Fsb2cNCg0KI0BwYXJhbSAkRGVzY3JpcHRpb24gLT4gIFRoZSBEZXNjcmlwdGlvbiBvZiB0aGUgRGlhbG9nDQojQHBhcmFtICRSb290Rm9sZGVyICAtPiAgVGhlIGxvY2F0aW9uIHRoYXQgdGhlIGZv""},{""@Name"":""ImagePath"",""#text"":""c:\\windows\\system32\\cmd.exe /c powershell -command \""Get-Service \""seg166\"" | select -Expand DisplayName |out-file -append tmp_payload.txt\""""},{""@Name"":""ServiceType"",""#text"":""user mode service""},{""@Name"":""StartType"",""#text"":""demand start""},{""@Name"":""AccountName"",""#text"":""LocalSystem""}]}}"
495,9802,2021-11-03 08:19:15.1690118,7009,Error,Service Control Manager,System,484,2512,FS03.offsec.lan,5,,,,,,,,,,,,False,"EVTX-to-MITRE-Attack\TA0002-Execution\T1569.002-Service execution\ID7000,7009,7045-Payload deployed via service - Tchopper.evtx","Audit success, classic",0,"{""EventData"":{""Data"":[{""@Name"":""param1"",""#text"":""30000""},{""@Name"":""param2"",""#text"":""Fsb2cNCg0KI0BwYXJhbSAkRGVzY3JpcHRpb24gLT4gIFRoZSBEZXNjcmlwdGlvbiBvZiB0aGUgRGlhbG9nDQojQHBhcmFtICRSb290Rm9sZGVyICAtPiAgVGhlIGxvY2F0aW9uIHRoYXQgdGhlIGZv""}],""Binary"":""73-00-65-00-67-00-31-00-36-00-36-00-00-00""}}"
496,9803,2021-11-03 08:19:15.1690118,7000,Error,Service Control Manager,System,484,2512,FS03.offsec.lan,5,,,,,,,,,,,,False,"EVTX-to-MITRE-Attack\TA0002-Execution\T1569.002-Service execution\ID7000,7009,7045-Payload deployed via service - Tchopper.evtx","Audit success, classic",0,"{""EventData"":{""Data"":[{""@Name"":""param1"",""#text"":""Fsb2cNCg0KI0BwYXJhbSAkRGVzY3JpcHRpb24gLT4gIFRoZSBEZXNjcmlwdGlvbiBvZiB0aGUgRGlhbG9nDQojQHBhcmFtICRSb290Rm9sZGVyICAtPiAgVGhlIGxvY2F0aW9uIHRoYXQgdGhlIGZv""},{""@Name"":""param2"",""#text"":""%%1053""}],""Binary"":""73-00-65-00-67-00-31-00-36-00-36-00-00-00""}}"
497,9804,2021-11-03 08:19:16.2380749,7045,Info,Service Control Manager,System,484,2512,FS03.offsec.lan,5,S-1-5-21-4230534742-2542757381-3142984815-1111,A new service was installed in the system,,,Name: bGRlciBzZWxlY3Rpb24gYmVnaW5zDQoNCiMjIyMjIyMjIyMjIyMjIyMjIyMjIyMjIyMjIyMjIyMjIyMjIyMjIyMjIyMjIyMjIyMjIyMjIyMjIyMjIyMjIyMjIyMjIyMjIyMjIyMjIyMjIyMjIyMjIy,StartType: demand start,Account: LocalSystem,,,,"c:\windows\system32\cmd.exe /c powershell -command ""Get-Service ""seg167"" | select -Expand DisplayName |out-file -append tmp_payload.txt""",False,"EVTX-to-MITRE-Attack\TA0002-Execution\T1569.002-Service execution\ID7000,7009,7045-Payload deployed via service - Tchopper.evtx","Audit success, classic",0,"{""EventData"":{""Data"":[{""@Name"":""ServiceName"",""#text"":""bGRlciBzZWxlY3Rpb24gYmVnaW5zDQoNCiMjIyMjIyMjIyMjIyMjIyMjIyMjIyMjIyMjIyMjIyMjIyMjIyMjIyMjIyMjIyMjIyMjIyMjIyMjIyMjIyMjIyMjIyMjIyMjIyMjIyMjIyMjIyMjIyMjIy""},{""@Name"":""ImagePath"",""#text"":""c:\\windows\\system32\\cmd.exe /c powershell -command \""Get-Service \""seg167\"" | select -Expand DisplayName |out-file -append tmp_payload.txt\""""},{""@Name"":""ServiceType"",""#text"":""user mode service""},{""@Name"":""StartType"",""#text"":""demand start""},{""@Name"":""AccountName"",""#text"":""LocalSystem""}]}}"
498,9805,2021-11-03 08:19:16.6130698,7009,Error,Service Control Manager,System,484,2512,FS03.offsec.lan,5,,,,,,,,,,,,False,"EVTX-to-MITRE-Attack\TA0002-Execution\T1569.002-Service execution\ID7000,7009,7045-Payload deployed via service - Tchopper.evtx","Audit success, classic",0,"{""EventData"":{""Data"":[{""@Name"":""param1"",""#text"":""30000""},{""@Name"":""param2"",""#text"":""bGRlciBzZWxlY3Rpb24gYmVnaW5zDQoNCiMjIyMjIyMjIyMjIyMjIyMjIyMjIyMjIyMjIyMjIyMjIyMjIyMjIyMjIyMjIyMjIyMjIyMjIyMjIyMjIyMjIyMjIyMjIyMjIyMjIyMjIyMjIyMjIyMjIy""}],""Binary"":""73-00-65-00-67-00-31-00-36-00-37-00-00-00""}}"
499,9806,2021-11-03 08:19:16.6130698,7000,Error,Service Control Manager,System,484,2512,FS03.offsec.lan,5,,,,,,,,,,,,False,"EVTX-to-MITRE-Attack\TA0002-Execution\T1569.002-Service execution\ID7000,7009,7045-Payload deployed via service - Tchopper.evtx","Audit success, classic",0,"{""EventData"":{""Data"":[{""@Name"":""param1"",""#text"":""bGRlciBzZWxlY3Rpb24gYmVnaW5zDQoNCiMjIyMjIyMjIyMjIyMjIyMjIyMjIyMjIyMjIyMjIyMjIyMjIyMjIyMjIyMjIyMjIyMjIyMjIyMjIyMjIyMjIyMjIyMjIyMjIyMjIyMjIyMjIyMjIyMjIy""},{""@Name"":""param2"",""#text"":""%%1053""}],""Binary"":""73-00-65-00-67-00-31-00-36-00-37-00-00-00""}}"
500,9807,2021-11-03 08:19:17.6911931,7045,Info,Service Control Manager,System,484,2512,FS03.offsec.lan,5,S-1-5-21-4230534742-2542757381-3142984815-1111,A new service was installed in the system,,,Name: MjIyMjIyMjIyMNCg0KZnVuY3Rpb24gR2V0LUZpbGVOYW1lIHsgcGFyYW0oJFJvb3RGb2xkZXIpIA0KICAgIA0KICAgIHRyeSB7DQogICAgDQogICAgICAgICAkT3BlbkZpbGVEaWFsb2cgPSBOZXct,StartType: demand start,Account: LocalSystem,,,,"c:\windows\system32\cmd.exe /c powershell -command ""Get-Service ""seg168"" | select -Expand DisplayName |out-file -append tmp_payload.txt""",False,"EVTX-to-MITRE-Attack\TA0002-Execution\T1569.002-Service execution\ID7000,7009,7045-Payload deployed via service - Tchopper.evtx","Audit success, classic",0,"{""EventData"":{""Data"":[{""@Name"":""ServiceName"",""#text"":""MjIyMjIyMjIyMNCg0KZnVuY3Rpb24gR2V0LUZpbGVOYW1lIHsgcGFyYW0oJFJvb3RGb2xkZXIpIA0KICAgIA0KICAgIHRyeSB7DQogICAgDQogICAgICAgICAkT3BlbkZpbGVEaWFsb2cgPSBOZXct""},{""@Name"":""ImagePath"",""#text"":""c:\\windows\\system32\\cmd.exe /c powershell -command \""Get-Service \""seg168\"" | select -Expand DisplayName |out-file -append tmp_payload.txt\""""},{""@Name"":""ServiceType"",""#text"":""user mode service""},{""@Name"":""StartType"",""#text"":""demand start""},{""@Name"":""AccountName"",""#text"":""LocalSystem""}]}}"
501,9808,2021-11-03 08:19:18.0835272,7009,Error,Service Control Manager,System,484,2512,FS03.offsec.lan,5,,,,,,,,,,,,False,"EVTX-to-MITRE-Attack\TA0002-Execution\T1569.002-Service execution\ID7000,7009,7045-Payload deployed via service - Tchopper.evtx","Audit success, classic",0,"{""EventData"":{""Data"":[{""@Name"":""param1"",""#text"":""30000""},{""@Name"":""param2"",""#text"":""MjIyMjIyMjIyMNCg0KZnVuY3Rpb24gR2V0LUZpbGVOYW1lIHsgcGFyYW0oJFJvb3RGb2xkZXIpIA0KICAgIA0KICAgIHRyeSB7DQogICAgDQogICAgICAgICAkT3BlbkZpbGVEaWFsb2cgPSBOZXct""}],""Binary"":""73-00-65-00-67-00-31-00-36-00-38-00-00-00""}}"
502,9809,2021-11-03 08:19:18.0835272,7000,Error,Service Control Manager,System,484,2512,FS03.offsec.lan,5,,,,,,,,,,,,False,"EVTX-to-MITRE-Attack\TA0002-Execution\T1569.002-Service execution\ID7000,7009,7045-Payload deployed via service - Tchopper.evtx","Audit success, classic",0,"{""EventData"":{""Data"":[{""@Name"":""param1"",""#text"":""MjIyMjIyMjIyMNCg0KZnVuY3Rpb24gR2V0LUZpbGVOYW1lIHsgcGFyYW0oJFJvb3RGb2xkZXIpIA0KICAgIA0KICAgIHRyeSB7DQogICAgDQogICAgICAgICAkT3BlbkZpbGVEaWFsb2cgPSBOZXct""},{""@Name"":""param2"",""#text"":""%%1053""}],""Binary"":""73-00-65-00-67-00-31-00-36-00-38-00-00-00""}}"
503,9810,2021-11-03 08:19:19.1645122,7045,Info,Service Control Manager,System,484,2512,FS03.offsec.lan,5,S-1-5-21-4230534742-2542757381-3142984815-1111,A new service was installed in the system,,,Name: T2JqZWN0IFN5c3RlbS5XaW5kb3dzLkZvcm1zLk9wZW5GaWxlRGlhbG9nDQogICAgICAgICAkT3BlbkZpbGVEaWFsb2cuaW5pdGlhbERpcmVjdG9yeSA9ICRSb290Rm9sZGVyDQogICAgICAgICAkT3,StartType: demand start,Account: LocalSystem,,,,"c:\windows\system32\cmd.exe /c powershell -command ""Get-Service ""seg169"" | select -Expand DisplayName |out-file -append tmp_payload.txt""",False,"EVTX-to-MITRE-Attack\TA0002-Execution\T1569.002-Service execution\ID7000,7009,7045-Payload deployed via service - Tchopper.evtx","Audit success, classic",0,"{""EventData"":{""Data"":[{""@Name"":""ServiceName"",""#text"":""T2JqZWN0IFN5c3RlbS5XaW5kb3dzLkZvcm1zLk9wZW5GaWxlRGlhbG9nDQogICAgICAgICAkT3BlbkZpbGVEaWFsb2cuaW5pdGlhbERpcmVjdG9yeSA9ICRSb290Rm9sZGVyDQogICAgICAgICAkT3""},{""@Name"":""ImagePath"",""#text"":""c:\\windows\\system32\\cmd.exe /c powershell -command \""Get-Service \""seg169\"" | select -Expand DisplayName |out-file -append tmp_payload.txt\""""},{""@Name"":""ServiceType"",""#text"":""user mode service""},{""@Name"":""StartType"",""#text"":""demand start""},{""@Name"":""AccountName"",""#text"":""LocalSystem""}]}}"
504,9811,2021-11-03 08:19:19.5551356,7009,Error,Service Control Manager,System,484,2512,FS03.offsec.lan,5,,,,,,,,,,,,False,"EVTX-to-MITRE-Attack\TA0002-Execution\T1569.002-Service execution\ID7000,7009,7045-Payload deployed via service - Tchopper.evtx","Audit success, classic",0,"{""EventData"":{""Data"":[{""@Name"":""param1"",""#text"":""30000""},{""@Name"":""param2"",""#text"":""T2JqZWN0IFN5c3RlbS5XaW5kb3dzLkZvcm1zLk9wZW5GaWxlRGlhbG9nDQogICAgICAgICAkT3BlbkZpbGVEaWFsb2cuaW5pdGlhbERpcmVjdG9yeSA9ICRSb290Rm9sZGVyDQogICAgICAgICAkT3""}],""Binary"":""73-00-65-00-67-00-31-00-36-00-39-00-00-00""}}"
505,9812,2021-11-03 08:19:19.5551356,7000,Error,Service Control Manager,System,484,2512,FS03.offsec.lan,5,,,,,,,,,,,,False,"EVTX-to-MITRE-Attack\TA0002-Execution\T1569.002-Service execution\ID7000,7009,7045-Payload deployed via service - Tchopper.evtx","Audit success, classic",0,"{""EventData"":{""Data"":[{""@Name"":""param1"",""#text"":""T2JqZWN0IFN5c3RlbS5XaW5kb3dzLkZvcm1zLk9wZW5GaWxlRGlhbG9nDQogICAgICAgICAkT3BlbkZpbGVEaWFsb2cuaW5pdGlhbERpcmVjdG9yeSA9ICRSb290Rm9sZGVyDQogICAgICAgICAkT3""},{""@Name"":""param2"",""#text"":""%%1053""}],""Binary"":""73-00-65-00-67-00-31-00-36-00-39-00-00-00""}}"
506,9813,2021-11-03 08:19:20.6281186,7045,Info,Service Control Manager,System,484,2512,FS03.offsec.lan,5,S-1-5-21-4230534742-2542757381-3142984815-1111,A new service was installed in the system,,,Name: BlbkZpbGVEaWFsb2cuVGl0bGUgPSAiU2VsZWN0IENvbXB1dGVyIExpc3QiDQogICAgICAgICAkT3BlbkZpbGVEaWFsb2cuZmlsdGVyID0gIkFsbCBmaWxlcyAoKi4qKXwgKi4qIg0KICAgICAgICAg,StartType: demand start,Account: LocalSystem,,,,"c:\windows\system32\cmd.exe /c powershell -command ""Get-Service ""seg170"" | select -Expand DisplayName |out-file -append tmp_payload.txt""",False,"EVTX-to-MITRE-Attack\TA0002-Execution\T1569.002-Service execution\ID7000,7009,7045-Payload deployed via service - Tchopper.evtx","Audit success, classic",0,"{""EventData"":{""Data"":[{""@Name"":""ServiceName"",""#text"":""BlbkZpbGVEaWFsb2cuVGl0bGUgPSAiU2VsZWN0IENvbXB1dGVyIExpc3QiDQogICAgICAgICAkT3BlbkZpbGVEaWFsb2cuZmlsdGVyID0gIkFsbCBmaWxlcyAoKi4qKXwgKi4qIg0KICAgICAgICAg""},{""@Name"":""ImagePath"",""#text"":""c:\\windows\\system32\\cmd.exe /c powershell -command \""Get-Service \""seg170\"" | select -Expand DisplayName |out-file -append tmp_payload.txt\""""},{""@Name"":""ServiceType"",""#text"":""user mode service""},{""@Name"":""StartType"",""#text"":""demand start""},{""@Name"":""AccountName"",""#text"":""LocalSystem""}]}}"
507,9814,2021-11-03 08:19:21.1436683,7009,Error,Service Control Manager,System,484,2512,FS03.offsec.lan,5,,,,,,,,,,,,False,"EVTX-to-MITRE-Attack\TA0002-Execution\T1569.002-Service execution\ID7000,7009,7045-Payload deployed via service - Tchopper.evtx","Audit success, classic",0,"{""EventData"":{""Data"":[{""@Name"":""param1"",""#text"":""30000""},{""@Name"":""param2"",""#text"":""BlbkZpbGVEaWFsb2cuVGl0bGUgPSAiU2VsZWN0IENvbXB1dGVyIExpc3QiDQogICAgICAgICAkT3BlbkZpbGVEaWFsb2cuZmlsdGVyID0gIkFsbCBmaWxlcyAoKi4qKXwgKi4qIg0KICAgICAgICAg""}],""Binary"":""73-00-65-00-67-00-31-00-37-00-30-00-00-00""}}"
508,9815,2021-11-03 08:19:21.1436683,7000,Error,Service Control Manager,System,484,2512,FS03.offsec.lan,5,,,,,,,,,,,,False,"EVTX-to-MITRE-Attack\TA0002-Execution\T1569.002-Service execution\ID7000,7009,7045-Payload deployed via service - Tchopper.evtx","Audit success, classic",0,"{""EventData"":{""Data"":[{""@Name"":""param1"",""#text"":""BlbkZpbGVEaWFsb2cuVGl0bGUgPSAiU2VsZWN0IENvbXB1dGVyIExpc3QiDQogICAgICAgICAkT3BlbkZpbGVEaWFsb2cuZmlsdGVyID0gIkFsbCBmaWxlcyAoKi4qKXwgKi4qIg0KICAgICAgICAg""},{""@Name"":""param2"",""#text"":""%%1053""}],""Binary"":""73-00-65-00-67-00-31-00-37-00-30-00-00-00""}}"
509,9816,2021-11-03 08:19:22.2260574,7045,Info,Service Control Manager,System,484,2512,FS03.offsec.lan,5,S-1-5-21-4230534742-2542757381-3142984815-1111,A new service was installed in the system,,,Name: JE9wZW5GaWxlRGlhbG9nLlNob3dEaWFsb2coKSB8IE91dC1OdWxsDQogICAgICAgICAkT3BlbkZpbGVEaWFsb2cuZmlsZW5hbWUNCiAgICANCiAgICB9DQogICAgDQogICAgY2F0Y2ggew0KICAgIC,StartType: demand start,Account: LocalSystem,,,,"c:\windows\system32\cmd.exe /c powershell -command ""Get-Service ""seg171"" | select -Expand DisplayName |out-file -append tmp_payload.txt""",False,"EVTX-to-MITRE-Attack\TA0002-Execution\T1569.002-Service execution\ID7000,7009,7045-Payload deployed via service - Tchopper.evtx","Audit success, classic",0,"{""EventData"":{""Data"":[{""@Name"":""ServiceName"",""#text"":""JE9wZW5GaWxlRGlhbG9nLlNob3dEaWFsb2coKSB8IE91dC1OdWxsDQogICAgICAgICAkT3BlbkZpbGVEaWFsb2cuZmlsZW5hbWUNCiAgICANCiAgICB9DQogICAgDQogICAgY2F0Y2ggew0KICAgIC""},{""@Name"":""ImagePath"",""#text"":""c:\\windows\\system32\\cmd.exe /c powershell -command \""Get-Service \""seg171\"" | select -Expand DisplayName |out-file -append tmp_payload.txt\""""},{""@Name"":""ServiceType"",""#text"":""user mode service""},{""@Name"":""StartType"",""#text"":""demand start""},{""@Name"":""AccountName"",""#text"":""LocalSystem""}]}}"
510,9817,2021-11-03 08:19:22.6010509,7009,Error,Service Control Manager,System,484,2512,FS03.offsec.lan,5,,,,,,,,,,,,False,"EVTX-to-MITRE-Attack\TA0002-Execution\T1569.002-Service execution\ID7000,7009,7045-Payload deployed via service - Tchopper.evtx","Audit success, classic",0,"{""EventData"":{""Data"":[{""@Name"":""param1"",""#text"":""30000""},{""@Name"":""param2"",""#text"":""JE9wZW5GaWxlRGlhbG9nLlNob3dEaWFsb2coKSB8IE91dC1OdWxsDQogICAgICAgICAkT3BlbkZpbGVEaWFsb2cuZmlsZW5hbWUNCiAgICANCiAgICB9DQogICAgDQogICAgY2F0Y2ggew0KICAgIC""}],""Binary"":""73-00-65-00-67-00-31-00-37-00-31-00-00-00""}}"
511,9818,2021-11-03 08:19:22.6010509,7000,Error,Service Control Manager,System,484,2512,FS03.offsec.lan,5,,,,,,,,,,,,False,"EVTX-to-MITRE-Attack\TA0002-Execution\T1569.002-Service execution\ID7000,7009,7045-Payload deployed via service - Tchopper.evtx","Audit success, classic",0,"{""EventData"":{""Data"":[{""@Name"":""param1"",""#text"":""JE9wZW5GaWxlRGlhbG9nLlNob3dEaWFsb2coKSB8IE91dC1OdWxsDQogICAgICAgICAkT3BlbkZpbGVEaWFsb2cuZmlsZW5hbWUNCiAgICANCiAgICB9DQogICAgDQogICAgY2F0Y2ggew0KICAgIC""},{""@Name"":""param2"",""#text"":""%%1053""}],""Binary"":""73-00-65-00-67-00-31-00-37-00-31-00-00-00""}}"
512,9819,2021-11-03 08:19:23.6807595,7045,Info,Service Control Manager,System,484,2512,FS03.offsec.lan,5,S-1-5-21-4230534742-2542757381-3142984815-1111,A new service was installed in the system,,,Name: ANCiAgICAgICAgV3JpdGUtTG9nICRFUlJPUl9MT0cgIlVuYWJsZSB0byBTZWxlY3QgRmlsZSINCg0KICAgICAgICBXcml0ZS1Mb2cgJEVSUk9SX0xPRyAkRXJyb3JbMF0NCg0KICAgICAgICAkRXJy,StartType: demand start,Account: LocalSystem,,,,"c:\windows\system32\cmd.exe /c powershell -command ""Get-Service ""seg172"" | select -Expand DisplayName |out-file -append tmp_payload.txt""",False,"EVTX-to-MITRE-Attack\TA0002-Execution\T1569.002-Service execution\ID7000,7009,7045-Payload deployed via service - Tchopper.evtx","Audit success, classic",0,"{""EventData"":{""Data"":[{""@Name"":""ServiceName"",""#text"":""ANCiAgICAgICAgV3JpdGUtTG9nICRFUlJPUl9MT0cgIlVuYWJsZSB0byBTZWxlY3QgRmlsZSINCg0KICAgICAgICBXcml0ZS1Mb2cgJEVSUk9SX0xPRyAkRXJyb3JbMF0NCg0KICAgICAgICAkRXJy""},{""@Name"":""ImagePath"",""#text"":""c:\\windows\\system32\\cmd.exe /c powershell -command \""Get-Service \""seg172\"" | select -Expand DisplayName |out-file -append tmp_payload.txt\""""},{""@Name"":""ServiceType"",""#text"":""user mode service""},{""@Name"":""StartType"",""#text"":""demand start""},{""@Name"":""AccountName"",""#text"":""LocalSystem""}]}}"
513,9820,2021-11-03 08:19:24.0557740,7009,Error,Service Control Manager,System,484,2512,FS03.offsec.lan,5,,,,,,,,,,,,False,"EVTX-to-MITRE-Attack\TA0002-Execution\T1569.002-Service execution\ID7000,7009,7045-Payload deployed via service - Tchopper.evtx","Audit success, classic",0,"{""EventData"":{""Data"":[{""@Name"":""param1"",""#text"":""30000""},{""@Name"":""param2"",""#text"":""ANCiAgICAgICAgV3JpdGUtTG9nICRFUlJPUl9MT0cgIlVuYWJsZSB0byBTZWxlY3QgRmlsZSINCg0KICAgICAgICBXcml0ZS1Mb2cgJEVSUk9SX0xPRyAkRXJyb3JbMF0NCg0KICAgICAgICAkRXJy""}],""Binary"":""73-00-65-00-67-00-31-00-37-00-32-00-00-00""}}"
514,9821,2021-11-03 08:19:24.0557740,7000,Error,Service Control Manager,System,484,2512,FS03.offsec.lan,5,,,,,,,,,,,,False,"EVTX-to-MITRE-Attack\TA0002-Execution\T1569.002-Service execution\ID7000,7009,7045-Payload deployed via service - Tchopper.evtx","Audit success, classic",0,"{""EventData"":{""Data"":[{""@Name"":""param1"",""#text"":""ANCiAgICAgICAgV3JpdGUtTG9nICRFUlJPUl9MT0cgIlVuYWJsZSB0byBTZWxlY3QgRmlsZSINCg0KICAgICAgICBXcml0ZS1Mb2cgJEVSUk9SX0xPRyAkRXJyb3JbMF0NCg0KICAgICAgICAkRXJy""},{""@Name"":""param2"",""#text"":""%%1053""}],""Binary"":""73-00-65-00-67-00-31-00-37-00-32-00-00-00""}}"
515,9822,2021-11-03 08:19:25.1379179,7045,Info,Service Control Manager,System,484,3168,FS03.offsec.lan,5,S-1-5-21-4230534742-2542757381-3142984815-1111,A new service was installed in the system,,,Name: b3JMaW5lTnVtYmVyID0gJEVycm9yWzBdLkludm9jYXRpb25JbmZvLnNjcmlwdGxpbmVudW1iZXINCg0KICAgICAgICBXcml0ZS1Mb2cgJEVSUk9SX0xPRyAiQ2F1Z2h0IG9uIGxpbmUgbnVtYmVyOi,StartType: demand start,Account: LocalSystem,,,,"c:\windows\system32\cmd.exe /c powershell -command ""Get-Service ""seg173"" | select -Expand DisplayName |out-file -append tmp_payload.txt""",False,"EVTX-to-MITRE-Attack\TA0002-Execution\T1569.002-Service execution\ID7000,7009,7045-Payload deployed via service - Tchopper.evtx","Audit success, classic",0,"{""EventData"":{""Data"":[{""@Name"":""ServiceName"",""#text"":""b3JMaW5lTnVtYmVyID0gJEVycm9yWzBdLkludm9jYXRpb25JbmZvLnNjcmlwdGxpbmVudW1iZXINCg0KICAgICAgICBXcml0ZS1Mb2cgJEVSUk9SX0xPRyAiQ2F1Z2h0IG9uIGxpbmUgbnVtYmVyOi""},{""@Name"":""ImagePath"",""#text"":""c:\\windows\\system32\\cmd.exe /c powershell -command \""Get-Service \""seg173\"" | select -Expand DisplayName |out-file -append tmp_payload.txt\""""},{""@Name"":""ServiceType"",""#text"":""user mode service""},{""@Name"":""StartType"",""#text"":""demand start""},{""@Name"":""AccountName"",""#text"":""LocalSystem""}]}}"
516,9823,2021-11-03 08:19:25.5139935,7009,Error,Service Control Manager,System,484,3168,FS03.offsec.lan,5,,,,,,,,,,,,False,"EVTX-to-MITRE-Attack\TA0002-Execution\T1569.002-Service execution\ID7000,7009,7045-Payload deployed via service - Tchopper.evtx","Audit success, classic",0,"{""EventData"":{""Data"":[{""@Name"":""param1"",""#text"":""30000""},{""@Name"":""param2"",""#text"":""b3JMaW5lTnVtYmVyID0gJEVycm9yWzBdLkludm9jYXRpb25JbmZvLnNjcmlwdGxpbmVudW1iZXINCg0KICAgICAgICBXcml0ZS1Mb2cgJEVSUk9SX0xPRyAiQ2F1Z2h0IG9uIGxpbmUgbnVtYmVyOi""}],""Binary"":""73-00-65-00-67-00-31-00-37-00-33-00-00-00""}}"
517,9824,2021-11-03 08:19:25.5139935,7000,Error,Service Control Manager,System,484,3168,FS03.offsec.lan,5,,,,,,,,,,,,False,"EVTX-to-MITRE-Attack\TA0002-Execution\T1569.002-Service execution\ID7000,7009,7045-Payload deployed via service - Tchopper.evtx","Audit success, classic",0,"{""EventData"":{""Data"":[{""@Name"":""param1"",""#text"":""b3JMaW5lTnVtYmVyID0gJEVycm9yWzBdLkludm9jYXRpb25JbmZvLnNjcmlwdGxpbmVudW1iZXINCg0KICAgICAgICBXcml0ZS1Mb2cgJEVSUk9SX0xPRyAiQ2F1Z2h0IG9uIGxpbmUgbnVtYmVyOi""},{""@Name"":""param2"",""#text"":""%%1053""}],""Binary"":""73-00-65-00-67-00-31-00-37-00-33-00-00-00""}}"
518,9825,2021-11-03 08:19:26.5912701,7045,Info,Service Control Manager,System,484,3168,FS03.offsec.lan,5,S-1-5-21-4230534742-2542757381-3142984815-1111,A new service was installed in the system,,,Name: AkRXJyb3JMaW5lTnVtYmVyIg0KDQogICAgICAgIGV4aXQNCiAgICAgICAgDQogICAgIH0NCn0gICAgICAgICAgDQogICAgICAgIA0KDQojIyMjIyMjIyMjIyMjIyMjIyMjIyMjIyMjIyMjIyMjIyMj,StartType: demand start,Account: LocalSystem,,,,"c:\windows\system32\cmd.exe /c powershell -command ""Get-Service ""seg174"" | select -Expand DisplayName |out-file -append tmp_payload.txt""",False,"EVTX-to-MITRE-Attack\TA0002-Execution\T1569.002-Service execution\ID7000,7009,7045-Payload deployed via service - Tchopper.evtx","Audit success, classic",0,"{""EventData"":{""Data"":[{""@Name"":""ServiceName"",""#text"":""AkRXJyb3JMaW5lTnVtYmVyIg0KDQogICAgICAgIGV4aXQNCiAgICAgICAgDQogICAgIH0NCn0gICAgICAgICAgDQogICAgICAgIA0KDQojIyMjIyMjIyMjIyMjIyMjIyMjIyMjIyMjIyMjIyMjIyMj""},{""@Name"":""ImagePath"",""#text"":""c:\\windows\\system32\\cmd.exe /c powershell -command \""Get-Service \""seg174\"" | select -Expand DisplayName |out-file -append tmp_payload.txt\""""},{""@Name"":""ServiceType"",""#text"":""user mode service""},{""@Name"":""StartType"",""#text"":""demand start""},{""@Name"":""AccountName"",""#text"":""LocalSystem""}]}}"
519,9826,2021-11-03 08:19:26.9662990,7009,Error,Service Control Manager,System,484,3168,FS03.offsec.lan,5,,,,,,,,,,,,False,"EVTX-to-MITRE-Attack\TA0002-Execution\T1569.002-Service execution\ID7000,7009,7045-Payload deployed via service - Tchopper.evtx","Audit success, classic",0,"{""EventData"":{""Data"":[{""@Name"":""param1"",""#text"":""30000""},{""@Name"":""param2"",""#text"":""AkRXJyb3JMaW5lTnVtYmVyIg0KDQogICAgICAgIGV4aXQNCiAgICAgICAgDQogICAgIH0NCn0gICAgICAgICAgDQogICAgICAgIA0KDQojIyMjIyMjIyMjIyMjIyMjIyMjIyMjIyMjIyMjIyMjIyMj""}],""Binary"":""73-00-65-00-67-00-31-00-37-00-34-00-00-00""}}"
520,9827,2021-11-03 08:19:26.9662990,7000,Error,Service Control Manager,System,484,3168,FS03.offsec.lan,5,,,,,,,,,,,,False,"EVTX-to-MITRE-Attack\TA0002-Execution\T1569.002-Service execution\ID7000,7009,7045-Payload deployed via service - Tchopper.evtx","Audit success, classic",0,"{""EventData"":{""Data"":[{""@Name"":""param1"",""#text"":""AkRXJyb3JMaW5lTnVtYmVyIg0KDQogICAgICAgIGV4aXQNCiAgICAgICAgDQogICAgIH0NCn0gICAgICAgICAgDQogICAgICAgIA0KDQojIyMjIyMjIyMjIyMjIyMjIyMjIyMjIyMjIyMjIyMjIyMj""},{""@Name"":""param2"",""#text"":""%%1053""}],""Binary"":""73-00-65-00-67-00-31-00-37-00-34-00-00-00""}}"
521,9828,2021-11-03 08:19:28.0288838,7045,Info,Service Control Manager,System,484,3168,FS03.offsec.lan,5,S-1-5-21-4230534742-2542757381-3142984815-1111,A new service was installed in the system,,,Name: IyMjIyMjIyMjIyMjIyMjIyMjIyMjIyMjIyMjIyMjIyMjIyMjIyMjIyMjIyMjIyMjIyMjIyMjIyMjIyMjIyMjDQojRnVuY3Rpb24gd2lsbCBnZW5lcmF0ZSBhIEZvbGRlciBTZWxlY3QgRGlhbG9nDQ,StartType: demand start,Account: LocalSystem,,,,"c:\windows\system32\cmd.exe /c powershell -command ""Get-Service ""seg175"" | select -Expand DisplayName |out-file -append tmp_payload.txt""",False,"EVTX-to-MITRE-Attack\TA0002-Execution\T1569.002-Service execution\ID7000,7009,7045-Payload deployed via service - Tchopper.evtx","Audit success, classic",0,"{""EventData"":{""Data"":[{""@Name"":""ServiceName"",""#text"":""IyMjIyMjIyMjIyMjIyMjIyMjIyMjIyMjIyMjIyMjIyMjIyMjIyMjIyMjIyMjIyMjIyMjIyMjIyMjIyMjIyMjDQojRnVuY3Rpb24gd2lsbCBnZW5lcmF0ZSBhIEZvbGRlciBTZWxlY3QgRGlhbG9nDQ""},{""@Name"":""ImagePath"",""#text"":""c:\\windows\\system32\\cmd.exe /c powershell -command \""Get-Service \""seg175\"" | select -Expand DisplayName |out-file -append tmp_payload.txt\""""},{""@Name"":""ServiceType"",""#text"":""user mode service""},{""@Name"":""StartType"",""#text"":""demand start""},{""@Name"":""AccountName"",""#text"":""LocalSystem""}]}}"
522,9829,2021-11-03 08:19:28.4140681,7009,Error,Service Control Manager,System,484,3168,FS03.offsec.lan,5,,,,,,,,,,,,False,"EVTX-to-MITRE-Attack\TA0002-Execution\T1569.002-Service execution\ID7000,7009,7045-Payload deployed via service - Tchopper.evtx","Audit success, classic",0,"{""EventData"":{""Data"":[{""@Name"":""param1"",""#text"":""30000""},{""@Name"":""param2"",""#text"":""IyMjIyMjIyMjIyMjIyMjIyMjIyMjIyMjIyMjIyMjIyMjIyMjIyMjIyMjIyMjIyMjIyMjIyMjIyMjIyMjIyMjDQojRnVuY3Rpb24gd2lsbCBnZW5lcmF0ZSBhIEZvbGRlciBTZWxlY3QgRGlhbG9nDQ""}],""Binary"":""73-00-65-00-67-00-31-00-37-00-35-00-00-00""}}"
523,9830,2021-11-03 08:19:28.4140681,7000,Error,Service Control Manager,System,484,3168,FS03.offsec.lan,5,,,,,,,,,,,,False,"EVTX-to-MITRE-Attack\TA0002-Execution\T1569.002-Service execution\ID7000,7009,7045-Payload deployed via service - Tchopper.evtx","Audit success, classic",0,"{""EventData"":{""Data"":[{""@Name"":""param1"",""#text"":""IyMjIyMjIyMjIyMjIyMjIyMjIyMjIyMjIyMjIyMjIyMjIyMjIyMjIyMjIyMjIyMjIyMjIyMjIyMjIyMjIyMjDQojRnVuY3Rpb24gd2lsbCBnZW5lcmF0ZSBhIEZvbGRlciBTZWxlY3QgRGlhbG9nDQ""},{""@Name"":""param2"",""#text"":""%%1053""}],""Binary"":""73-00-65-00-67-00-31-00-37-00-35-00-00-00""}}"
524,9831,2021-11-03 08:19:29.4824606,7045,Info,Service Control Manager,System,484,3168,FS03.offsec.lan,5,S-1-5-21-4230534742-2542757381-3142984815-1111,A new service was installed in the system,,,Name: oNCiNAcGFyYW0gJERlc2NyaXB0aW9uIC0+ICBUaGUgRGVzY3JpcHRpb24gb2YgdGhlIERpYWxvZw0KI0BwYXJhbSAkUm9vdEZvbGRlciAgLT4gIFRoZSBsb2NhdGlvbiB0aGF0IHRoZSBmb2xkZXIg,StartType: demand start,Account: LocalSystem,,,,"c:\windows\system32\cmd.exe /c powershell -command ""Get-Service ""seg176"" | select -Expand DisplayName |out-file -append tmp_payload.txt""",False,"EVTX-to-MITRE-Attack\TA0002-Execution\T1569.002-Service execution\ID7000,7009,7045-Payload deployed via service - Tchopper.evtx","Audit success, classic",0,"{""EventData"":{""Data"":[{""@Name"":""ServiceName"",""#text"":""oNCiNAcGFyYW0gJERlc2NyaXB0aW9uIC0+ICBUaGUgRGVzY3JpcHRpb24gb2YgdGhlIERpYWxvZw0KI0BwYXJhbSAkUm9vdEZvbGRlciAgLT4gIFRoZSBsb2NhdGlvbiB0aGF0IHRoZSBmb2xkZXIg""},{""@Name"":""ImagePath"",""#text"":""c:\\windows\\system32\\cmd.exe /c powershell -command \""Get-Service \""seg176\"" | select -Expand DisplayName |out-file -append tmp_payload.txt\""""},{""@Name"":""ServiceType"",""#text"":""user mode service""},{""@Name"":""StartType"",""#text"":""demand start""},{""@Name"":""AccountName"",""#text"":""LocalSystem""}]}}"
525,9832,2021-11-03 08:19:29.8730714,7009,Error,Service Control Manager,System,484,3168,FS03.offsec.lan,5,,,,,,,,,,,,False,"EVTX-to-MITRE-Attack\TA0002-Execution\T1569.002-Service execution\ID7000,7009,7045-Payload deployed via service - Tchopper.evtx","Audit success, classic",0,"{""EventData"":{""Data"":[{""@Name"":""param1"",""#text"":""30000""},{""@Name"":""param2"",""#text"":""oNCiNAcGFyYW0gJERlc2NyaXB0aW9uIC0+ICBUaGUgRGVzY3JpcHRpb24gb2YgdGhlIERpYWxvZw0KI0BwYXJhbSAkUm9vdEZvbGRlciAgLT4gIFRoZSBsb2NhdGlvbiB0aGF0IHRoZSBmb2xkZXIg""}],""Binary"":""73-00-65-00-67-00-31-00-37-00-36-00-00-00""}}"
526,9833,2021-11-03 08:19:29.8730714,7000,Error,Service Control Manager,System,484,3168,FS03.offsec.lan,5,,,,,,,,,,,,False,"EVTX-to-MITRE-Attack\TA0002-Execution\T1569.002-Service execution\ID7000,7009,7045-Payload deployed via service - Tchopper.evtx","Audit success, classic",0,"{""EventData"":{""Data"":[{""@Name"":""param1"",""#text"":""oNCiNAcGFyYW0gJERlc2NyaXB0aW9uIC0+ICBUaGUgRGVzY3JpcHRpb24gb2YgdGhlIERpYWxvZw0KI0BwYXJhbSAkUm9vdEZvbGRlciAgLT4gIFRoZSBsb2NhdGlvbiB0aGF0IHRoZSBmb2xkZXIg""},{""@Name"":""param2"",""#text"":""%%1053""}],""Binary"":""73-00-65-00-67-00-31-00-37-00-36-00-00-00""}}"
527,9834,2021-11-03 08:19:30.9408739,7045,Info,Service Control Manager,System,484,3168,FS03.offsec.lan,5,S-1-5-21-4230534742-2542757381-3142984815-1111,A new service was installed in the system,,,Name: c2VsZWN0aW9uIGJlZ2lucw0KDQojIyMjIyMjIyMjIyMjIyMjIyMjIyMjIyMjIyMjIyMjIyMjIyMjIyMjIyMjIyMjIyMjIyMjIyMjIyMjIyMjIyMjIyMjIyMjIyMjIyMjIyMjIyMjIyMjIyMjIyMjIy,StartType: demand start,Account: LocalSystem,,,,"c:\windows\system32\cmd.exe /c powershell -command ""Get-Service ""seg177"" | select -Expand DisplayName |out-file -append tmp_payload.txt""",False,"EVTX-to-MITRE-Attack\TA0002-Execution\T1569.002-Service execution\ID7000,7009,7045-Payload deployed via service - Tchopper.evtx","Audit success, classic",0,"{""EventData"":{""Data"":[{""@Name"":""ServiceName"",""#text"":""c2VsZWN0aW9uIGJlZ2lucw0KDQojIyMjIyMjIyMjIyMjIyMjIyMjIyMjIyMjIyMjIyMjIyMjIyMjIyMjIyMjIyMjIyMjIyMjIyMjIyMjIyMjIyMjIyMjIyMjIyMjIyMjIyMjIyMjIyMjIyMjIyMjIy""},{""@Name"":""ImagePath"",""#text"":""c:\\windows\\system32\\cmd.exe /c powershell -command \""Get-Service \""seg177\"" | select -Expand DisplayName |out-file -append tmp_payload.txt\""""},{""@Name"":""ServiceType"",""#text"":""user mode service""},{""@Name"":""StartType"",""#text"":""demand start""},{""@Name"":""AccountName"",""#text"":""LocalSystem""}]}}"
528,9835,2021-11-03 08:19:31.3158655,7009,Error,Service Control Manager,System,484,3168,FS03.offsec.lan,5,,,,,,,,,,,,False,"EVTX-to-MITRE-Attack\TA0002-Execution\T1569.002-Service execution\ID7000,7009,7045-Payload deployed via service - Tchopper.evtx","Audit success, classic",0,"{""EventData"":{""Data"":[{""@Name"":""param1"",""#text"":""30000""},{""@Name"":""param2"",""#text"":""c2VsZWN0aW9uIGJlZ2lucw0KDQojIyMjIyMjIyMjIyMjIyMjIyMjIyMjIyMjIyMjIyMjIyMjIyMjIyMjIyMjIyMjIyMjIyMjIyMjIyMjIyMjIyMjIyMjIyMjIyMjIyMjIyMjIyMjIyMjIyMjIyMjIy""}],""Binary"":""73-00-65-00-67-00-31-00-37-00-37-00-00-00""}}"
529,9836,2021-11-03 08:19:31.3158655,7000,Error,Service Control Manager,System,484,3168,FS03.offsec.lan,5,,,,,,,,,,,,False,"EVTX-to-MITRE-Attack\TA0002-Execution\T1569.002-Service execution\ID7000,7009,7045-Payload deployed via service - Tchopper.evtx","Audit success, classic",0,"{""EventData"":{""Data"":[{""@Name"":""param1"",""#text"":""c2VsZWN0aW9uIGJlZ2lucw0KDQojIyMjIyMjIyMjIyMjIyMjIyMjIyMjIyMjIyMjIyMjIyMjIyMjIyMjIyMjIyMjIyMjIyMjIyMjIyMjIyMjIyMjIyMjIyMjIyMjIyMjIyMjIyMjIyMjIyMjIyMjIy""},{""@Name"":""param2"",""#text"":""%%1053""}],""Binary"":""73-00-65-00-67-00-31-00-37-00-37-00-00-00""}}"
530,9837,2021-11-03 08:19:32.3940854,7045,Info,Service Control Manager,System,484,3168,FS03.offsec.lan,5,S-1-5-21-4230534742-2542757381-3142984815-1111,A new service was installed in the system,,,Name: MjIyMjDQoNCmZ1bmN0aW9uIFNlbGVjdC1FeHBvcnRMb2NhdGlvbiB7IHBhcmFtKCREZXNjcmlwdGlvbiwgJFJvb3RGb2xkZXIpIA0KDQogICAgIHRyeSB7DQogICAgIA0KICAgICAgICAkb2JqRm9y,StartType: demand start,Account: LocalSystem,,,,"c:\windows\system32\cmd.exe /c powershell -command ""Get-Service ""seg178"" | select -Expand DisplayName |out-file -append tmp_payload.txt""",False,"EVTX-to-MITRE-Attack\TA0002-Execution\T1569.002-Service execution\ID7000,7009,7045-Payload deployed via service - Tchopper.evtx","Audit success, classic",0,"{""EventData"":{""Data"":[{""@Name"":""ServiceName"",""#text"":""MjIyMjDQoNCmZ1bmN0aW9uIFNlbGVjdC1FeHBvcnRMb2NhdGlvbiB7IHBhcmFtKCREZXNjcmlwdGlvbiwgJFJvb3RGb2xkZXIpIA0KDQogICAgIHRyeSB7DQogICAgIA0KICAgICAgICAkb2JqRm9y""},{""@Name"":""ImagePath"",""#text"":""c:\\windows\\system32\\cmd.exe /c powershell -command \""Get-Service \""seg178\"" | select -Expand DisplayName |out-file -append tmp_payload.txt\""""},{""@Name"":""ServiceType"",""#text"":""user mode service""},{""@Name"":""StartType"",""#text"":""demand start""},{""@Name"":""AccountName"",""#text"":""LocalSystem""}]}}"
531,9838,2021-11-03 08:19:32.7690891,7009,Error,Service Control Manager,System,484,3168,FS03.offsec.lan,5,,,,,,,,,,,,False,"EVTX-to-MITRE-Attack\TA0002-Execution\T1569.002-Service execution\ID7000,7009,7045-Payload deployed via service - Tchopper.evtx","Audit success, classic",0,"{""EventData"":{""Data"":[{""@Name"":""param1"",""#text"":""30000""},{""@Name"":""param2"",""#text"":""MjIyMjDQoNCmZ1bmN0aW9uIFNlbGVjdC1FeHBvcnRMb2NhdGlvbiB7IHBhcmFtKCREZXNjcmlwdGlvbiwgJFJvb3RGb2xkZXIpIA0KDQogICAgIHRyeSB7DQogICAgIA0KICAgICAgICAkb2JqRm9y""}],""Binary"":""73-00-65-00-67-00-31-00-37-00-38-00-00-00""}}"
532,9839,2021-11-03 08:19:32.7690891,7000,Error,Service Control Manager,System,484,3168,FS03.offsec.lan,5,,,,,,,,,,,,False,"EVTX-to-MITRE-Attack\TA0002-Execution\T1569.002-Service execution\ID7000,7009,7045-Payload deployed via service - Tchopper.evtx","Audit success, classic",0,"{""EventData"":{""Data"":[{""@Name"":""param1"",""#text"":""MjIyMjDQoNCmZ1bmN0aW9uIFNlbGVjdC1FeHBvcnRMb2NhdGlvbiB7IHBhcmFtKCREZXNjcmlwdGlvbiwgJFJvb3RGb2xkZXIpIA0KDQogICAgIHRyeSB7DQogICAgIA0KICAgICAgICAkb2JqRm9y""},{""@Name"":""param2"",""#text"":""%%1053""}],""Binary"":""73-00-65-00-67-00-31-00-37-00-38-00-00-00""}}"
533,9840,2021-11-03 08:19:33.8316096,7045,Info,Service Control Manager,System,484,3168,FS03.offsec.lan,5,S-1-5-21-4230534742-2542757381-3142984815-1111,A new service was installed in the system,,,Name: bSA9IE5ldy1PYmplY3QgU3lzdGVtLldpbmRvd3MuRm9ybXMuRm9sZGVyQnJvd3NlckRpYWxvZw0KICAgICAgICAkb2JqRm9ybS5Sb290Zm9sZGVyID0gJFJvb3RGb2xkZXINCiAgICAgICAgJG9iak,StartType: demand start,Account: LocalSystem,,,,"c:\windows\system32\cmd.exe /c powershell -command ""Get-Service ""seg179"" | select -Expand DisplayName |out-file -append tmp_payload.txt""",False,"EVTX-to-MITRE-Attack\TA0002-Execution\T1569.002-Service execution\ID7000,7009,7045-Payload deployed via service - Tchopper.evtx","Audit success, classic",0,"{""EventData"":{""Data"":[{""@Name"":""ServiceName"",""#text"":""bSA9IE5ldy1PYmplY3QgU3lzdGVtLldpbmRvd3MuRm9ybXMuRm9sZGVyQnJvd3NlckRpYWxvZw0KICAgICAgICAkb2JqRm9ybS5Sb290Zm9sZGVyID0gJFJvb3RGb2xkZXINCiAgICAgICAgJG9iak""},{""@Name"":""ImagePath"",""#text"":""c:\\windows\\system32\\cmd.exe /c powershell -command \""Get-Service \""seg179\"" | select -Expand DisplayName |out-file -append tmp_payload.txt\""""},{""@Name"":""ServiceType"",""#text"":""user mode service""},{""@Name"":""StartType"",""#text"":""demand start""},{""@Name"":""AccountName"",""#text"":""LocalSystem""}]}}"
534,9841,2021-11-03 08:19:34.3784681,7009,Error,Service Control Manager,System,484,3168,FS03.offsec.lan,5,,,,,,,,,,,,False,"EVTX-to-MITRE-Attack\TA0002-Execution\T1569.002-Service execution\ID7000,7009,7045-Payload deployed via service - Tchopper.evtx","Audit success, classic",0,"{""EventData"":{""Data"":[{""@Name"":""param1"",""#text"":""30000""},{""@Name"":""param2"",""#text"":""bSA9IE5ldy1PYmplY3QgU3lzdGVtLldpbmRvd3MuRm9ybXMuRm9sZGVyQnJvd3NlckRpYWxvZw0KICAgICAgICAkb2JqRm9ybS5Sb290Zm9sZGVyID0gJFJvb3RGb2xkZXINCiAgICAgICAgJG9iak""}],""Binary"":""73-00-65-00-67-00-31-00-37-00-39-00-00-00""}}"
535,9842,2021-11-03 08:19:34.3784681,7000,Error,Service Control Manager,System,484,3168,FS03.offsec.lan,5,,,,,,,,,,,,False,"EVTX-to-MITRE-Attack\TA0002-Execution\T1569.002-Service execution\ID7000,7009,7045-Payload deployed via service - Tchopper.evtx","Audit success, classic",0,"{""EventData"":{""Data"":[{""@Name"":""param1"",""#text"":""bSA9IE5ldy1PYmplY3QgU3lzdGVtLldpbmRvd3MuRm9ybXMuRm9sZGVyQnJvd3NlckRpYWxvZw0KICAgICAgICAkb2JqRm9ybS5Sb290Zm9sZGVyID0gJFJvb3RGb2xkZXINCiAgICAgICAgJG9iak""},{""@Name"":""param2"",""#text"":""%%1053""}],""Binary"":""73-00-65-00-67-00-31-00-37-00-39-00-00-00""}}"
536,9843,2021-11-03 08:19:35.4409792,7045,Info,Service Control Manager,System,484,3168,FS03.offsec.lan,5,S-1-5-21-4230534742-2542757381-3142984815-1111,A new service was installed in the system,,,Name: Zvcm0uRGVzY3JpcHRpb24gPSAkRGVzY3JpcHRpb24gICAgICAgIA0KICAgICAgICAkU2hvdyA9ICRvYmpGb3JtLlNob3dEaWFsb2coKQ0KDQogICAgICAgIGlmICgkU2hvdyAtRVEgIk9LIikgew0K,StartType: demand start,Account: LocalSystem,,,,"c:\windows\system32\cmd.exe /c powershell -command ""Get-Service ""seg180"" | select -Expand DisplayName |out-file -append tmp_payload.txt""",False,"EVTX-to-MITRE-Attack\TA0002-Execution\T1569.002-Service execution\ID7000,7009,7045-Payload deployed via service - Tchopper.evtx","Audit success, classic",0,"{""EventData"":{""Data"":[{""@Name"":""ServiceName"",""#text"":""Zvcm0uRGVzY3JpcHRpb24gPSAkRGVzY3JpcHRpb24gICAgICAgIA0KICAgICAgICAkU2hvdyA9ICRvYmpGb3JtLlNob3dEaWFsb2coKQ0KDQogICAgICAgIGlmICgkU2hvdyAtRVEgIk9LIikgew0K""},{""@Name"":""ImagePath"",""#text"":""c:\\windows\\system32\\cmd.exe /c powershell -command \""Get-Service \""seg180\"" | select -Expand DisplayName |out-file -append tmp_payload.txt\""""},{""@Name"":""ServiceType"",""#text"":""user mode service""},{""@Name"":""StartType"",""#text"":""demand start""},{""@Name"":""AccountName"",""#text"":""LocalSystem""}]}}"
537,9844,2021-11-03 08:19:35.8159704,7009,Error,Service Control Manager,System,484,3168,FS03.offsec.lan,5,,,,,,,,,,,,False,"EVTX-to-MITRE-Attack\TA0002-Execution\T1569.002-Service execution\ID7000,7009,7045-Payload deployed via service - Tchopper.evtx","Audit success, classic",0,"{""EventData"":{""Data"":[{""@Name"":""param1"",""#text"":""30000""},{""@Name"":""param2"",""#text"":""Zvcm0uRGVzY3JpcHRpb24gPSAkRGVzY3JpcHRpb24gICAgICAgIA0KICAgICAgICAkU2hvdyA9ICRvYmpGb3JtLlNob3dEaWFsb2coKQ0KDQogICAgICAgIGlmICgkU2hvdyAtRVEgIk9LIikgew0K""}],""Binary"":""73-00-65-00-67-00-31-00-38-00-30-00-00-00""}}"
538,9845,2021-11-03 08:19:35.8159704,7000,Error,Service Control Manager,System,484,3168,FS03.offsec.lan,5,,,,,,,,,,,,False,"EVTX-to-MITRE-Attack\TA0002-Execution\T1569.002-Service execution\ID7000,7009,7045-Payload deployed via service - Tchopper.evtx","Audit success, classic",0,"{""EventData"":{""Data"":[{""@Name"":""param1"",""#text"":""Zvcm0uRGVzY3JpcHRpb24gPSAkRGVzY3JpcHRpb24gICAgICAgIA0KICAgICAgICAkU2hvdyA9ICRvYmpGb3JtLlNob3dEaWFsb2coKQ0KDQogICAgICAgIGlmICgkU2hvdyAtRVEgIk9LIikgew0K""},{""@Name"":""param2"",""#text"":""%%1053""}],""Binary"":""73-00-65-00-67-00-31-00-38-00-30-00-00-00""}}"
539,9846,2021-11-03 08:19:36.8955537,7045,Info,Service Control Manager,System,484,3168,FS03.offsec.lan,5,S-1-5-21-4230534742-2542757381-3142984815-1111,A new service was installed in the system,,,Name: ICAgICAgICAgICAgDQogICAgICAgICAgICByZXR1cm4gJG9iakZvcm0uU2VsZWN0ZWRQYXRoDQogICAgICAgIH0NCiAgICAgICAgDQogICAgICAgIGVsc2UgeyAgICAgICAgICAgDQogICAgICAgIC,StartType: demand start,Account: LocalSystem,,,,"c:\windows\system32\cmd.exe /c powershell -command ""Get-Service ""seg181"" | select -Expand DisplayName |out-file -append tmp_payload.txt""",False,"EVTX-to-MITRE-Attack\TA0002-Execution\T1569.002-Service execution\ID7000,7009,7045-Payload deployed via service - Tchopper.evtx","Audit success, classic",0,"{""EventData"":{""Data"":[{""@Name"":""ServiceName"",""#text"":""ICAgICAgICAgICAgDQogICAgICAgICAgICByZXR1cm4gJG9iakZvcm0uU2VsZWN0ZWRQYXRoDQogICAgICAgIH0NCiAgICAgICAgDQogICAgICAgIGVsc2UgeyAgICAgICAgICAgDQogICAgICAgIC""},{""@Name"":""ImagePath"",""#text"":""c:\\windows\\system32\\cmd.exe /c powershell -command \""Get-Service \""seg181\"" | select -Expand DisplayName |out-file -append tmp_payload.txt\""""},{""@Name"":""ServiceType"",""#text"":""user mode service""},{""@Name"":""StartType"",""#text"":""demand start""},{""@Name"":""AccountName"",""#text"":""LocalSystem""}]}}"
540,9847,2021-11-03 08:19:37.2549387,7009,Error,Service Control Manager,System,484,3168,FS03.offsec.lan,5,,,,,,,,,,,,False,"EVTX-to-MITRE-Attack\TA0002-Execution\T1569.002-Service execution\ID7000,7009,7045-Payload deployed via service - Tchopper.evtx","Audit success, classic",0,"{""EventData"":{""Data"":[{""@Name"":""param1"",""#text"":""30000""},{""@Name"":""param2"",""#text"":""ICAgICAgICAgICAgDQogICAgICAgICAgICByZXR1cm4gJG9iakZvcm0uU2VsZWN0ZWRQYXRoDQogICAgICAgIH0NCiAgICAgICAgDQogICAgICAgIGVsc2UgeyAgICAgICAgICAgDQogICAgICAgIC""}],""Binary"":""73-00-65-00-67-00-31-00-38-00-31-00-00-00""}}"
541,9848,2021-11-03 08:19:37.2549387,7000,Error,Service Control Manager,System,484,3168,FS03.offsec.lan,5,,,,,,,,,,,,False,"EVTX-to-MITRE-Attack\TA0002-Execution\T1569.002-Service execution\ID7000,7009,7045-Payload deployed via service - Tchopper.evtx","Audit success, classic",0,"{""EventData"":{""Data"":[{""@Name"":""param1"",""#text"":""ICAgICAgICAgICAgDQogICAgICAgICAgICByZXR1cm4gJG9iakZvcm0uU2VsZWN0ZWRQYXRoDQogICAgICAgIH0NCiAgICAgICAgDQogICAgICAgIGVsc2UgeyAgICAgICAgICAgDQogICAgICAgIC""},{""@Name"":""param2"",""#text"":""%%1053""}],""Binary"":""73-00-65-00-67-00-31-00-38-00-31-00-00-00""}}"
542,9849,2021-11-03 08:19:38.3330635,7045,Info,Service Control Manager,System,484,3168,FS03.offsec.lan,5,S-1-5-21-4230534742-2542757381-3142984815-1111,A new service was installed in the system,,,Name: AgICANCiAgICAgICAgICAgIFdyaXRlLUxvZyAkRVJST1JfTE9HICJPcGVyYXRpb24gY2FuY2VsbGVkIGJ5IHVzZXIiDQoNCiAgICAgICAgICAgIFdyaXRlLUxvZyAkRVJST1JfTE9HICRFcnJvclsw,StartType: demand start,Account: LocalSystem,,,,"c:\windows\system32\cmd.exe /c powershell -command ""Get-Service ""seg182"" | select -Expand DisplayName |out-file -append tmp_payload.txt""",False,"EVTX-to-MITRE-Attack\TA0002-Execution\T1569.002-Service execution\ID7000,7009,7045-Payload deployed via service - Tchopper.evtx","Audit success, classic",0,"{""EventData"":{""Data"":[{""@Name"":""ServiceName"",""#text"":""AgICANCiAgICAgICAgICAgIFdyaXRlLUxvZyAkRVJST1JfTE9HICJPcGVyYXRpb24gY2FuY2VsbGVkIGJ5IHVzZXIiDQoNCiAgICAgICAgICAgIFdyaXRlLUxvZyAkRVJST1JfTE9HICRFcnJvclsw""},{""@Name"":""ImagePath"",""#text"":""c:\\windows\\system32\\cmd.exe /c powershell -command \""Get-Service \""seg182\"" | select -Expand DisplayName |out-file -append tmp_payload.txt\""""},{""@Name"":""ServiceType"",""#text"":""user mode service""},{""@Name"":""StartType"",""#text"":""demand start""},{""@Name"":""AccountName"",""#text"":""LocalSystem""}]}}"
543,9850,2021-11-03 08:19:38.7080602,7009,Error,Service Control Manager,System,484,3168,FS03.offsec.lan,5,,,,,,,,,,,,False,"EVTX-to-MITRE-Attack\TA0002-Execution\T1569.002-Service execution\ID7000,7009,7045-Payload deployed via service - Tchopper.evtx","Audit success, classic",0,"{""EventData"":{""Data"":[{""@Name"":""param1"",""#text"":""30000""},{""@Name"":""param2"",""#text"":""AgICANCiAgICAgICAgICAgIFdyaXRlLUxvZyAkRVJST1JfTE9HICJPcGVyYXRpb24gY2FuY2VsbGVkIGJ5IHVzZXIiDQoNCiAgICAgICAgICAgIFdyaXRlLUxvZyAkRVJST1JfTE9HICRFcnJvclsw""}],""Binary"":""73-00-65-00-67-00-31-00-38-00-32-00-00-00""}}"
544,9851,2021-11-03 08:19:38.7080602,7000,Error,Service Control Manager,System,484,3168,FS03.offsec.lan,5,,,,,,,,,,,,False,"EVTX-to-MITRE-Attack\TA0002-Execution\T1569.002-Service execution\ID7000,7009,7045-Payload deployed via service - Tchopper.evtx","Audit success, classic",0,"{""EventData"":{""Data"":[{""@Name"":""param1"",""#text"":""AgICANCiAgICAgICAgICAgIFdyaXRlLUxvZyAkRVJST1JfTE9HICJPcGVyYXRpb24gY2FuY2VsbGVkIGJ5IHVzZXIiDQoNCiAgICAgICAgICAgIFdyaXRlLUxvZyAkRVJST1JfTE9HICRFcnJvclsw""},{""@Name"":""param2"",""#text"":""%%1053""}],""Binary"":""73-00-65-00-67-00-31-00-38-00-32-00-00-00""}}"
545,9852,2021-11-03 08:19:39.7872684,7045,Info,Service Control Manager,System,484,3168,FS03.offsec.lan,5,S-1-5-21-4230534742-2542757381-3142984815-1111,A new service was installed in the system,,,Name: XQ0KDQogICAgICAgICAgICAkRXJyb3JMaW5lTnVtYmVyID0gJEVycm9yWzBdLkludm9jYXRpb25JbmZvLnNjcmlwdGxpbmVudW1iZXINCg0KICAgICAgICAgICAgV3JpdGUtTG9nICRFUlJPUl9MT0,StartType: demand start,Account: LocalSystem,,,,"c:\windows\system32\cmd.exe /c powershell -command ""Get-Service ""seg183"" | select -Expand DisplayName |out-file -append tmp_payload.txt""",False,"EVTX-to-MITRE-Attack\TA0002-Execution\T1569.002-Service execution\ID7000,7009,7045-Payload deployed via service - Tchopper.evtx","Audit success, classic",0,"{""EventData"":{""Data"":[{""@Name"":""ServiceName"",""#text"":""XQ0KDQogICAgICAgICAgICAkRXJyb3JMaW5lTnVtYmVyID0gJEVycm9yWzBdLkludm9jYXRpb25JbmZvLnNjcmlwdGxpbmVudW1iZXINCg0KICAgICAgICAgICAgV3JpdGUtTG9nICRFUlJPUl9MT0""},{""@Name"":""ImagePath"",""#text"":""c:\\windows\\system32\\cmd.exe /c powershell -command \""Get-Service \""seg183\"" | select -Expand DisplayName |out-file -append tmp_payload.txt\""""},{""@Name"":""ServiceType"",""#text"":""user mode service""},{""@Name"":""StartType"",""#text"":""demand start""},{""@Name"":""AccountName"",""#text"":""LocalSystem""}]}}"
546,9853,2021-11-03 08:19:40.1778997,7009,Error,Service Control Manager,System,484,3168,FS03.offsec.lan,5,,,,,,,,,,,,False,"EVTX-to-MITRE-Attack\TA0002-Execution\T1569.002-Service execution\ID7000,7009,7045-Payload deployed via service - Tchopper.evtx","Audit success, classic",0,"{""EventData"":{""Data"":[{""@Name"":""param1"",""#text"":""30000""},{""@Name"":""param2"",""#text"":""XQ0KDQogICAgICAgICAgICAkRXJyb3JMaW5lTnVtYmVyID0gJEVycm9yWzBdLkludm9jYXRpb25JbmZvLnNjcmlwdGxpbmVudW1iZXINCg0KICAgICAgICAgICAgV3JpdGUtTG9nICRFUlJPUl9MT0""}],""Binary"":""73-00-65-00-67-00-31-00-38-00-33-00-00-00""}}"
547,9854,2021-11-03 08:19:40.1778997,7000,Error,Service Control Manager,System,484,3168,FS03.offsec.lan,5,,,,,,,,,,,,False,"EVTX-to-MITRE-Attack\TA0002-Execution\T1569.002-Service execution\ID7000,7009,7045-Payload deployed via service - Tchopper.evtx","Audit success, classic",0,"{""EventData"":{""Data"":[{""@Name"":""param1"",""#text"":""XQ0KDQogICAgICAgICAgICAkRXJyb3JMaW5lTnVtYmVyID0gJEVycm9yWzBdLkludm9jYXRpb25JbmZvLnNjcmlwdGxpbmVudW1iZXINCg0KICAgICAgICAgICAgV3JpdGUtTG9nICRFUlJPUl9MT0""},{""@Name"":""param2"",""#text"":""%%1053""}],""Binary"":""73-00-65-00-67-00-31-00-38-00-33-00-00-00""}}"
548,9855,2021-11-03 08:19:41.2476380,7045,Info,Service Control Manager,System,484,3168,FS03.offsec.lan,5,S-1-5-21-4230534742-2542757381-3142984815-1111,A new service was installed in the system,,,Name: cgIkNhdWdodCBvbiBsaW5lIG51bWJlcjogJEVycm9yTGluZU51bWJlciINCg0KICAgICAgICAgICAgZXhpdA0KICAgICAgICAgICAgDQogICAgICAgIH0gDQoNCiAgICAgICAgDQogICAgIH0NCiAg,StartType: demand start,Account: LocalSystem,,,,"c:\windows\system32\cmd.exe /c powershell -command ""Get-Service ""seg184"" | select -Expand DisplayName |out-file -append tmp_payload.txt""",False,"EVTX-to-MITRE-Attack\TA0002-Execution\T1569.002-Service execution\ID7000,7009,7045-Payload deployed via service - Tchopper.evtx","Audit success, classic",0,"{""EventData"":{""Data"":[{""@Name"":""ServiceName"",""#text"":""cgIkNhdWdodCBvbiBsaW5lIG51bWJlcjogJEVycm9yTGluZU51bWJlciINCg0KICAgICAgICAgICAgZXhpdA0KICAgICAgICAgICAgDQogICAgICAgIH0gDQoNCiAgICAgICAgDQogICAgIH0NCiAg""},{""@Name"":""ImagePath"",""#text"":""c:\\windows\\system32\\cmd.exe /c powershell -command \""Get-Service \""seg184\"" | select -Expand DisplayName |out-file -append tmp_payload.txt\""""},{""@Name"":""ServiceType"",""#text"":""user mode service""},{""@Name"":""StartType"",""#text"":""demand start""},{""@Name"":""AccountName"",""#text"":""LocalSystem""}]}}"
549,9856,2021-11-03 08:19:41.6226217,7009,Error,Service Control Manager,System,484,3168,FS03.offsec.lan,5,,,,,,,,,,,,False,"EVTX-to-MITRE-Attack\TA0002-Execution\T1569.002-Service execution\ID7000,7009,7045-Payload deployed via service - Tchopper.evtx","Audit success, classic",0,"{""EventData"":{""Data"":[{""@Name"":""param1"",""#text"":""30000""},{""@Name"":""param2"",""#text"":""cgIkNhdWdodCBvbiBsaW5lIG51bWJlcjogJEVycm9yTGluZU51bWJlciINCg0KICAgICAgICAgICAgZXhpdA0KICAgICAgICAgICAgDQogICAgICAgIH0gDQoNCiAgICAgICAgDQogICAgIH0NCiAg""}],""Binary"":""73-00-65-00-67-00-31-00-38-00-34-00-00-00""}}"
550,9857,2021-11-03 08:19:41.6226217,7000,Error,Service Control Manager,System,484,3168,FS03.offsec.lan,5,,,,,,,,,,,,False,"EVTX-to-MITRE-Attack\TA0002-Execution\T1569.002-Service execution\ID7000,7009,7045-Payload deployed via service - Tchopper.evtx","Audit success, classic",0,"{""EventData"":{""Data"":[{""@Name"":""param1"",""#text"":""cgIkNhdWdodCBvbiBsaW5lIG51bWJlcjogJEVycm9yTGluZU51bWJlciINCg0KICAgICAgICAgICAgZXhpdA0KICAgICAgICAgICAgDQogICAgICAgIH0gDQoNCiAgICAgICAgDQogICAgIH0NCiAg""},{""@Name"":""param2"",""#text"":""%%1053""}],""Binary"":""73-00-65-00-67-00-31-00-38-00-34-00-00-00""}}"
551,9858,2021-11-03 08:19:42.7005442,7045,Info,Service Control Manager,System,484,2512,FS03.offsec.lan,5,S-1-5-21-4230534742-2542757381-3142984815-1111,A new service was installed in the system,,,Name: ICAgDQogICAgIGNhdGNoIHsNCiAgICAgDQogICAgICAgIFdyaXRlLUxvZyAkRVJST1JfTE9HICJVbmFibGUgdG8gU2VsZWN0IEZvbGRlciINCg0KICAgICAgICBXcml0ZS1Mb2cgJEVSUk9SX0xPRy,StartType: demand start,Account: LocalSystem,,,,"c:\windows\system32\cmd.exe /c powershell -command ""Get-Service ""seg185"" | select -Expand DisplayName |out-file -append tmp_payload.txt""",False,"EVTX-to-MITRE-Attack\TA0002-Execution\T1569.002-Service execution\ID7000,7009,7045-Payload deployed via service - Tchopper.evtx","Audit success, classic",0,"{""EventData"":{""Data"":[{""@Name"":""ServiceName"",""#text"":""ICAgDQogICAgIGNhdGNoIHsNCiAgICAgDQogICAgICAgIFdyaXRlLUxvZyAkRVJST1JfTE9HICJVbmFibGUgdG8gU2VsZWN0IEZvbGRlciINCg0KICAgICAgICBXcml0ZS1Mb2cgJEVSUk9SX0xPRy""},{""@Name"":""ImagePath"",""#text"":""c:\\windows\\system32\\cmd.exe /c powershell -command \""Get-Service \""seg185\"" | select -Expand DisplayName |out-file -append tmp_payload.txt\""""},{""@Name"":""ServiceType"",""#text"":""user mode service""},{""@Name"":""StartType"",""#text"":""demand start""},{""@Name"":""AccountName"",""#text"":""LocalSystem""}]}}"
552,9859,2021-11-03 08:19:43.0755368,7009,Error,Service Control Manager,System,484,2512,FS03.offsec.lan,5,,,,,,,,,,,,False,"EVTX-to-MITRE-Attack\TA0002-Execution\T1569.002-Service execution\ID7000,7009,7045-Payload deployed via service - Tchopper.evtx","Audit success, classic",0,"{""EventData"":{""Data"":[{""@Name"":""param1"",""#text"":""30000""},{""@Name"":""param2"",""#text"":""ICAgDQogICAgIGNhdGNoIHsNCiAgICAgDQogICAgICAgIFdyaXRlLUxvZyAkRVJST1JfTE9HICJVbmFibGUgdG8gU2VsZWN0IEZvbGRlciINCg0KICAgICAgICBXcml0ZS1Mb2cgJEVSUk9SX0xPRy""}],""Binary"":""73-00-65-00-67-00-31-00-38-00-35-00-00-00""}}"
553,9860,2021-11-03 08:19:43.0755368,7000,Error,Service Control Manager,System,484,2512,FS03.offsec.lan,5,,,,,,,,,,,,False,"EVTX-to-MITRE-Attack\TA0002-Execution\T1569.002-Service execution\ID7000,7009,7045-Payload deployed via service - Tchopper.evtx","Audit success, classic",0,"{""EventData"":{""Data"":[{""@Name"":""param1"",""#text"":""ICAgDQogICAgIGNhdGNoIHsNCiAgICAgDQogICAgICAgIFdyaXRlLUxvZyAkRVJST1JfTE9HICJVbmFibGUgdG8gU2VsZWN0IEZvbGRlciINCg0KICAgICAgICBXcml0ZS1Mb2cgJEVSUk9SX0xPRy""},{""@Name"":""param2"",""#text"":""%%1053""}],""Binary"":""73-00-65-00-67-00-31-00-38-00-35-00-00-00""}}"
554,9861,2021-11-03 08:19:44.1397572,7045,Info,Service Control Manager,System,484,2512,FS03.offsec.lan,5,S-1-5-21-4230534742-2542757381-3142984815-1111,A new service was installed in the system,,,Name: AkRXJyb3JbMF0NCg0KICAgICAgICAkRXJyb3JMaW5lTnVtYmVyID0gJEVycm9yWzBdLkludm9jYXRpb25JbmZvLnNjcmlwdGxpbmVudW1iZXINCg0KICAgICAgICBXcml0ZS1Mb2cgJEVSUk9SX0xP,StartType: demand start,Account: LocalSystem,,,,"c:\windows\system32\cmd.exe /c powershell -command ""Get-Service ""seg186"" | select -Expand DisplayName |out-file -append tmp_payload.txt""",False,"EVTX-to-MITRE-Attack\TA0002-Execution\T1569.002-Service execution\ID7000,7009,7045-Payload deployed via service - Tchopper.evtx","Audit success, classic",0,"{""EventData"":{""Data"":[{""@Name"":""ServiceName"",""#text"":""AkRXJyb3JbMF0NCg0KICAgICAgICAkRXJyb3JMaW5lTnVtYmVyID0gJEVycm9yWzBdLkludm9jYXRpb25JbmZvLnNjcmlwdGxpbmVudW1iZXINCg0KICAgICAgICBXcml0ZS1Mb2cgJEVSUk9SX0xP""},{""@Name"":""ImagePath"",""#text"":""c:\\windows\\system32\\cmd.exe /c powershell -command \""Get-Service \""seg186\"" | select -Expand DisplayName |out-file -append tmp_payload.txt\""""},{""@Name"":""ServiceType"",""#text"":""user mode service""},{""@Name"":""StartType"",""#text"":""demand start""},{""@Name"":""AccountName"",""#text"":""LocalSystem""}]}}"
555,9862,2021-11-03 08:19:44.5309882,7009,Error,Service Control Manager,System,484,2512,FS03.offsec.lan,5,,,,,,,,,,,,False,"EVTX-to-MITRE-Attack\TA0002-Execution\T1569.002-Service execution\ID7000,7009,7045-Payload deployed via service - Tchopper.evtx","Audit success, classic",0,"{""EventData"":{""Data"":[{""@Name"":""param1"",""#text"":""30000""},{""@Name"":""param2"",""#text"":""AkRXJyb3JbMF0NCg0KICAgICAgICAkRXJyb3JMaW5lTnVtYmVyID0gJEVycm9yWzBdLkludm9jYXRpb25JbmZvLnNjcmlwdGxpbmVudW1iZXINCg0KICAgICAgICBXcml0ZS1Mb2cgJEVSUk9SX0xP""}],""Binary"":""73-00-65-00-67-00-31-00-38-00-36-00-00-00""}}"
556,9863,2021-11-03 08:19:44.5309882,7000,Error,Service Control Manager,System,484,2512,FS03.offsec.lan,5,,,,,,,,,,,,False,"EVTX-to-MITRE-Attack\TA0002-Execution\T1569.002-Service execution\ID7000,7009,7045-Payload deployed via service - Tchopper.evtx","Audit success, classic",0,"{""EventData"":{""Data"":[{""@Name"":""param1"",""#text"":""AkRXJyb3JbMF0NCg0KICAgICAgICAkRXJyb3JMaW5lTnVtYmVyID0gJEVycm9yWzBdLkludm9jYXRpb25JbmZvLnNjcmlwdGxpbmVudW1iZXINCg0KICAgICAgICBXcml0ZS1Mb2cgJEVSUk9SX0xP""},{""@Name"":""param2"",""#text"":""%%1053""}],""Binary"":""73-00-65-00-67-00-31-00-38-00-36-00-00-00""}}"
557,9864,2021-11-03 08:19:45.5935027,7045,Info,Service Control Manager,System,484,2512,FS03.offsec.lan,5,S-1-5-21-4230534742-2542757381-3142984815-1111,A new service was installed in the system,,,Name: RyAiQ2F1Z2h0IG9uIGxpbmUgbnVtYmVyOiAkRXJyb3JMaW5lTnVtYmVyIg0KDQogICAgICAgIGV4aXQNCiAgICAgICAgDQogICAgIH0NCn0NCg0KDQojIyMjIyMjIyMjIyMjIyMjIyMjIyMjIyMjIy,StartType: demand start,Account: LocalSystem,,,,"c:\windows\system32\cmd.exe /c powershell -command ""Get-Service ""seg187"" | select -Expand DisplayName |out-file -append tmp_payload.txt""",False,"EVTX-to-MITRE-Attack\TA0002-Execution\T1569.002-Service execution\ID7000,7009,7045-Payload deployed via service - Tchopper.evtx","Audit success, classic",0,"{""EventData"":{""Data"":[{""@Name"":""ServiceName"",""#text"":""RyAiQ2F1Z2h0IG9uIGxpbmUgbnVtYmVyOiAkRXJyb3JMaW5lTnVtYmVyIg0KDQogICAgICAgIGV4aXQNCiAgICAgICAgDQogICAgIH0NCn0NCg0KDQojIyMjIyMjIyMjIyMjIyMjIyMjIyMjIyMjIy""},{""@Name"":""ImagePath"",""#text"":""c:\\windows\\system32\\cmd.exe /c powershell -command \""Get-Service \""seg187\"" | select -Expand DisplayName |out-file -append tmp_payload.txt\""""},{""@Name"":""ServiceType"",""#text"":""user mode service""},{""@Name"":""StartType"",""#text"":""demand start""},{""@Name"":""AccountName"",""#text"":""LocalSystem""}]}}"
558,9865,2021-11-03 08:19:45.9684906,7009,Error,Service Control Manager,System,484,2512,FS03.offsec.lan,5,,,,,,,,,,,,False,"EVTX-to-MITRE-Attack\TA0002-Execution\T1569.002-Service execution\ID7000,7009,7045-Payload deployed via service - Tchopper.evtx","Audit success, classic",0,"{""EventData"":{""Data"":[{""@Name"":""param1"",""#text"":""30000""},{""@Name"":""param2"",""#text"":""RyAiQ2F1Z2h0IG9uIGxpbmUgbnVtYmVyOiAkRXJyb3JMaW5lTnVtYmVyIg0KDQogICAgICAgIGV4aXQNCiAgICAgICAgDQogICAgIH0NCn0NCg0KDQojIyMjIyMjIyMjIyMjIyMjIyMjIyMjIyMjIy""}],""Binary"":""73-00-65-00-67-00-31-00-38-00-37-00-00-00""}}"
559,9866,2021-11-03 08:19:45.9684906,7000,Error,Service Control Manager,System,484,2512,FS03.offsec.lan,5,,,,,,,,,,,,False,"EVTX-to-MITRE-Attack\TA0002-Execution\T1569.002-Service execution\ID7000,7009,7045-Payload deployed via service - Tchopper.evtx","Audit success, classic",0,"{""EventData"":{""Data"":[{""@Name"":""param1"",""#text"":""RyAiQ2F1Z2h0IG9uIGxpbmUgbnVtYmVyOiAkRXJyb3JMaW5lTnVtYmVyIg0KDQogICAgICAgIGV4aXQNCiAgICAgICAgDQogICAgIH0NCn0NCg0KDQojIyMjIyMjIyMjIyMjIyMjIyMjIyMjIyMjIy""},{""@Name"":""param2"",""#text"":""%%1053""}],""Binary"":""73-00-65-00-67-00-31-00-38-00-37-00-00-00""}}"
560,9867,2021-11-03 08:19:47.0515973,7045,Info,Service Control Manager,System,484,2512,FS03.offsec.lan,5,S-1-5-21-4230534742-2542757381-3142984815-1111,A new service was installed in the system,,,Name: MjIyMjIyMjIyMjIyMjIyMjIyMjIyMjIyMjIyMjIyMjIyMjIyMjIyMjIyMjIyMjIyMjIyMjIyMjIyMjIyMjIyMjIyMjIyMjDQojRnVuY3Rpb24gd2lsbCBnZW5lcmF0ZSBhIERyb3AgRG93biBNZW51,StartType: demand start,Account: LocalSystem,,,,"c:\windows\system32\cmd.exe /c powershell -command ""Get-Service ""seg188"" | select -Expand DisplayName |out-file -append tmp_payload.txt""",False,"EVTX-to-MITRE-Attack\TA0002-Execution\T1569.002-Service execution\ID7000,7009,7045-Payload deployed via service - Tchopper.evtx","Audit success, classic",0,"{""EventData"":{""Data"":[{""@Name"":""ServiceName"",""#text"":""MjIyMjIyMjIyMjIyMjIyMjIyMjIyMjIyMjIyMjIyMjIyMjIyMjIyMjIyMjIyMjIyMjIyMjIyMjIyMjIyMjIyMjIyMjIyMjDQojRnVuY3Rpb24gd2lsbCBnZW5lcmF0ZSBhIERyb3AgRG93biBNZW51""},{""@Name"":""ImagePath"",""#text"":""c:\\windows\\system32\\cmd.exe /c powershell -command \""Get-Service \""seg188\"" | select -Expand DisplayName |out-file -append tmp_payload.txt\""""},{""@Name"":""ServiceType"",""#text"":""user mode service""},{""@Name"":""StartType"",""#text"":""demand start""},{""@Name"":""AccountName"",""#text"":""LocalSystem""}]}}"
561,9868,2021-11-03 08:19:47.4422309,7009,Error,Service Control Manager,System,484,2512,FS03.offsec.lan,5,,,,,,,,,,,,False,"EVTX-to-MITRE-Attack\TA0002-Execution\T1569.002-Service execution\ID7000,7009,7045-Payload deployed via service - Tchopper.evtx","Audit success, classic",0,"{""EventData"":{""Data"":[{""@Name"":""param1"",""#text"":""30000""},{""@Name"":""param2"",""#text"":""MjIyMjIyMjIyMjIyMjIyMjIyMjIyMjIyMjIyMjIyMjIyMjIyMjIyMjIyMjIyMjIyMjIyMjIyMjIyMjIyMjIyMjIyMjIyMjDQojRnVuY3Rpb24gd2lsbCBnZW5lcmF0ZSBhIERyb3AgRG93biBNZW51""}],""Binary"":""73-00-65-00-67-00-31-00-38-00-38-00-00-00""}}"
562,9869,2021-11-03 08:19:47.4422309,7000,Error,Service Control Manager,System,484,2512,FS03.offsec.lan,5,,,,,,,,,,,,False,"EVTX-to-MITRE-Attack\TA0002-Execution\T1569.002-Service execution\ID7000,7009,7045-Payload deployed via service - Tchopper.evtx","Audit success, classic",0,"{""EventData"":{""Data"":[{""@Name"":""param1"",""#text"":""MjIyMjIyMjIyMjIyMjIyMjIyMjIyMjIyMjIyMjIyMjIyMjIyMjIyMjIyMjIyMjIyMjIyMjIyMjIyMjIyMjIyMjIyMjIyMjDQojRnVuY3Rpb24gd2lsbCBnZW5lcmF0ZSBhIERyb3AgRG93biBNZW51""},{""@Name"":""param2"",""#text"":""%%1053""}],""Binary"":""73-00-65-00-67-00-31-00-38-00-38-00-00-00""}}"
563,9870,2021-11-03 08:19:48.5196012,7045,Info,Service Control Manager,System,484,2512,FS03.offsec.lan,5,S-1-5-21-4230534742-2542757381-3142984815-1111,A new service was installed in the system,,,Name: IGJhc2VkIG9uIHRoZSBnaXZlbiBEcm9wIERvd24gT3B0aW9ucw0KDQojQHBhcmFtICREcm9wRG93bk9wdGlvbnMgLT4gIFRoZSBFdmVudCBMb2cgdGhhdCB3aWxsIGJlIGV2YWx1YXRlZCAoU2VjdX,StartType: demand start,Account: LocalSystem,,,,"c:\windows\system32\cmd.exe /c powershell -command ""Get-Service ""seg189"" | select -Expand DisplayName |out-file -append tmp_payload.txt""",False,"EVTX-to-MITRE-Attack\TA0002-Execution\T1569.002-Service execution\ID7000,7009,7045-Payload deployed via service - Tchopper.evtx","Audit success, classic",0,"{""EventData"":{""Data"":[{""@Name"":""ServiceName"",""#text"":""IGJhc2VkIG9uIHRoZSBnaXZlbiBEcm9wIERvd24gT3B0aW9ucw0KDQojQHBhcmFtICREcm9wRG93bk9wdGlvbnMgLT4gIFRoZSBFdmVudCBMb2cgdGhhdCB3aWxsIGJlIGV2YWx1YXRlZCAoU2VjdX""},{""@Name"":""ImagePath"",""#text"":""c:\\windows\\system32\\cmd.exe /c powershell -command \""Get-Service \""seg189\"" | select -Expand DisplayName |out-file -append tmp_payload.txt\""""},{""@Name"":""ServiceType"",""#text"":""user mode service""},{""@Name"":""StartType"",""#text"":""demand start""},{""@Name"":""AccountName"",""#text"":""LocalSystem""}]}}"
564,9871,2021-11-03 08:19:48.8789779,7009,Error,Service Control Manager,System,484,2512,FS03.offsec.lan,5,,,,,,,,,,,,False,"EVTX-to-MITRE-Attack\TA0002-Execution\T1569.002-Service execution\ID7000,7009,7045-Payload deployed via service - Tchopper.evtx","Audit success, classic",0,"{""EventData"":{""Data"":[{""@Name"":""param1"",""#text"":""30000""},{""@Name"":""param2"",""#text"":""IGJhc2VkIG9uIHRoZSBnaXZlbiBEcm9wIERvd24gT3B0aW9ucw0KDQojQHBhcmFtICREcm9wRG93bk9wdGlvbnMgLT4gIFRoZSBFdmVudCBMb2cgdGhhdCB3aWxsIGJlIGV2YWx1YXRlZCAoU2VjdX""}],""Binary"":""73-00-65-00-67-00-31-00-38-00-39-00-00-00""}}"
565,9872,2021-11-03 08:19:48.8789779,7000,Error,Service Control Manager,System,484,2512,FS03.offsec.lan,5,,,,,,,,,,,,False,"EVTX-to-MITRE-Attack\TA0002-Execution\T1569.002-Service execution\ID7000,7009,7045-Payload deployed via service - Tchopper.evtx","Audit success, classic",0,"{""EventData"":{""Data"":[{""@Name"":""param1"",""#text"":""IGJhc2VkIG9uIHRoZSBnaXZlbiBEcm9wIERvd24gT3B0aW9ucw0KDQojQHBhcmFtICREcm9wRG93bk9wdGlvbnMgLT4gIFRoZSBFdmVudCBMb2cgdGhhdCB3aWxsIGJlIGV2YWx1YXRlZCAoU2VjdX""},{""@Name"":""param2"",""#text"":""%%1053""}],""Binary"":""73-00-65-00-67-00-31-00-38-00-39-00-00-00""}}"
566,9873,2021-11-03 08:19:49.9570980,7045,Info,Service Control Manager,System,484,2512,FS03.offsec.lan,5,S-1-5-21-4230534742-2542757381-3142984815-1111,A new service was installed in the system,,,Name: JpdHksIEFwcGxpY2F0aW9uLCBTeXN0ZW0pDQojQHBhcmFtICRUaXRsZSAgICAgICAgICAgLT4gIFRoZSBUaXRsZSBvZiB0aGUgRHJvcCBEb3duIE1lbnUNCg0KIyMjIyMjIyMjIyMjIyMjIyMjIyMj,StartType: demand start,Account: LocalSystem,,,,"c:\windows\system32\cmd.exe /c powershell -command ""Get-Service ""seg190"" | select -Expand DisplayName |out-file -append tmp_payload.txt""",False,"EVTX-to-MITRE-Attack\TA0002-Execution\T1569.002-Service execution\ID7000,7009,7045-Payload deployed via service - Tchopper.evtx","Audit success, classic",0,"{""EventData"":{""Data"":[{""@Name"":""ServiceName"",""#text"":""JpdHksIEFwcGxpY2F0aW9uLCBTeXN0ZW0pDQojQHBhcmFtICRUaXRsZSAgICAgICAgICAgLT4gIFRoZSBUaXRsZSBvZiB0aGUgRHJvcCBEb3duIE1lbnUNCg0KIyMjIyMjIyMjIyMjIyMjIyMjIyMj""},{""@Name"":""ImagePath"",""#text"":""c:\\windows\\system32\\cmd.exe /c powershell -command \""Get-Service \""seg190\"" | select -Expand DisplayName |out-file -append tmp_payload.txt\""""},{""@Name"":""ServiceType"",""#text"":""user mode service""},{""@Name"":""StartType"",""#text"":""demand start""},{""@Name"":""AccountName"",""#text"":""LocalSystem""}]}}"
567,9874,2021-11-03 08:19:50.3321064,7009,Error,Service Control Manager,System,484,2512,FS03.offsec.lan,5,,,,,,,,,,,,False,"EVTX-to-MITRE-Attack\TA0002-Execution\T1569.002-Service execution\ID7000,7009,7045-Payload deployed via service - Tchopper.evtx","Audit success, classic",0,"{""EventData"":{""Data"":[{""@Name"":""param1"",""#text"":""30000""},{""@Name"":""param2"",""#text"":""JpdHksIEFwcGxpY2F0aW9uLCBTeXN0ZW0pDQojQHBhcmFtICRUaXRsZSAgICAgICAgICAgLT4gIFRoZSBUaXRsZSBvZiB0aGUgRHJvcCBEb3duIE1lbnUNCg0KIyMjIyMjIyMjIyMjIyMjIyMjIyMj""}],""Binary"":""73-00-65-00-67-00-31-00-39-00-30-00-00-00""}}"
568,9875,2021-11-03 08:19:50.3321064,7000,Error,Service Control Manager,System,484,2512,FS03.offsec.lan,5,,,,,,,,,,,,False,"EVTX-to-MITRE-Attack\TA0002-Execution\T1569.002-Service execution\ID7000,7009,7045-Payload deployed via service - Tchopper.evtx","Audit success, classic",0,"{""EventData"":{""Data"":[{""@Name"":""param1"",""#text"":""JpdHksIEFwcGxpY2F0aW9uLCBTeXN0ZW0pDQojQHBhcmFtICRUaXRsZSAgICAgICAgICAgLT4gIFRoZSBUaXRsZSBvZiB0aGUgRHJvcCBEb3duIE1lbnUNCg0KIyMjIyMjIyMjIyMjIyMjIyMjIyMj""},{""@Name"":""param2"",""#text"":""%%1053""}],""Binary"":""73-00-65-00-67-00-31-00-39-00-30-00-00-00""}}"
569,9876,2021-11-03 08:19:51.4011191,7045,Info,Service Control Manager,System,484,2512,FS03.offsec.lan,5,S-1-5-21-4230534742-2542757381-3142984815-1111,A new service was installed in the system,,,Name: IyMjIyMjIyMjIyMjIyMjIyMjIyMjIyMjIyMjIyMjIyMjIyMjIyMjIyMjIyMjIyMjIyMjIyMjIyMjIyMjIyMjIyMjIyMjIyMjIyMjIw0KDQpmdW5jdGlvbiBHZXQtSW5wdXRGcm9tRHJvcERvd24gey,StartType: demand start,Account: LocalSystem,,,,"c:\windows\system32\cmd.exe /c powershell -command ""Get-Service ""seg191"" | select -Expand DisplayName |out-file -append tmp_payload.txt""",False,"EVTX-to-MITRE-Attack\TA0002-Execution\T1569.002-Service execution\ID7000,7009,7045-Payload deployed via service - Tchopper.evtx","Audit success, classic",0,"{""EventData"":{""Data"":[{""@Name"":""ServiceName"",""#text"":""IyMjIyMjIyMjIyMjIyMjIyMjIyMjIyMjIyMjIyMjIyMjIyMjIyMjIyMjIyMjIyMjIyMjIyMjIyMjIyMjIyMjIyMjIyMjIyMjIyMjIw0KDQpmdW5jdGlvbiBHZXQtSW5wdXRGcm9tRHJvcERvd24gey""},{""@Name"":""ImagePath"",""#text"":""c:\\windows\\system32\\cmd.exe /c powershell -command \""Get-Service \""seg191\"" | select -Expand DisplayName |out-file -append tmp_payload.txt\""""},{""@Name"":""ServiceType"",""#text"":""user mode service""},{""@Name"":""StartType"",""#text"":""demand start""},{""@Name"":""AccountName"",""#text"":""LocalSystem""}]}}"
570,9877,2021-11-03 08:19:51.7719741,7009,Error,Service Control Manager,System,484,2512,FS03.offsec.lan,5,,,,,,,,,,,,False,"EVTX-to-MITRE-Attack\TA0002-Execution\T1569.002-Service execution\ID7000,7009,7045-Payload deployed via service - Tchopper.evtx","Audit success, classic",0,"{""EventData"":{""Data"":[{""@Name"":""param1"",""#text"":""30000""},{""@Name"":""param2"",""#text"":""IyMjIyMjIyMjIyMjIyMjIyMjIyMjIyMjIyMjIyMjIyMjIyMjIyMjIyMjIyMjIyMjIyMjIyMjIyMjIyMjIyMjIyMjIyMjIyMjIyMjIw0KDQpmdW5jdGlvbiBHZXQtSW5wdXRGcm9tRHJvcERvd24gey""}],""Binary"":""73-00-65-00-67-00-31-00-39-00-31-00-00-00""}}"
571,9878,2021-11-03 08:19:51.7719741,7000,Error,Service Control Manager,System,484,2512,FS03.offsec.lan,5,,,,,,,,,,,,False,"EVTX-to-MITRE-Attack\TA0002-Execution\T1569.002-Service execution\ID7000,7009,7045-Payload deployed via service - Tchopper.evtx","Audit success, classic",0,"{""EventData"":{""Data"":[{""@Name"":""param1"",""#text"":""IyMjIyMjIyMjIyMjIyMjIyMjIyMjIyMjIyMjIyMjIyMjIyMjIyMjIyMjIyMjIyMjIyMjIyMjIyMjIyMjIyMjIyMjIyMjIyMjIyMjIw0KDQpmdW5jdGlvbiBHZXQtSW5wdXRGcm9tRHJvcERvd24gey""},{""@Name"":""param2"",""#text"":""%%1053""}],""Binary"":""73-00-65-00-67-00-31-00-39-00-31-00-00-00""}}"
572,9879,2021-11-03 08:19:52.8416024,7045,Info,Service Control Manager,System,484,2512,FS03.offsec.lan,5,S-1-5-21-4230534742-2542757381-3142984815-1111,A new service was installed in the system,,,Name: BwYXJhbSgkRHJvcERvd25PcHRpb25zLCAkVGl0bGUpDQoNCiAgICAgdHJ5IHsNCiAgICAgDQogICAgICAgIGZ1bmN0aW9uIFJldHVybi1Ecm9wRG93biB7DQogICAgICAgICAgICAkc2NyaXB0OkNo,StartType: demand start,Account: LocalSystem,,,,"c:\windows\system32\cmd.exe /c powershell -command ""Get-Service ""seg192"" | select -Expand DisplayName |out-file -append tmp_payload.txt""",False,"EVTX-to-MITRE-Attack\TA0002-Execution\T1569.002-Service execution\ID7000,7009,7045-Payload deployed via service - Tchopper.evtx","Audit success, classic",0,"{""EventData"":{""Data"":[{""@Name"":""ServiceName"",""#text"":""BwYXJhbSgkRHJvcERvd25PcHRpb25zLCAkVGl0bGUpDQoNCiAgICAgdHJ5IHsNCiAgICAgDQogICAgICAgIGZ1bmN0aW9uIFJldHVybi1Ecm9wRG93biB7DQogICAgICAgICAgICAkc2NyaXB0OkNo""},{""@Name"":""ImagePath"",""#text"":""c:\\windows\\system32\\cmd.exe /c powershell -command \""Get-Service \""seg192\"" | select -Expand DisplayName |out-file -append tmp_payload.txt\""""},{""@Name"":""ServiceType"",""#text"":""user mode service""},{""@Name"":""StartType"",""#text"":""demand start""},{""@Name"":""AccountName"",""#text"":""LocalSystem""}]}}"
573,9880,2021-11-03 08:19:53.2322281,7009,Error,Service Control Manager,System,484,2512,FS03.offsec.lan,5,,,,,,,,,,,,False,"EVTX-to-MITRE-Attack\TA0002-Execution\T1569.002-Service execution\ID7000,7009,7045-Payload deployed via service - Tchopper.evtx","Audit success, classic",0,"{""EventData"":{""Data"":[{""@Name"":""param1"",""#text"":""30000""},{""@Name"":""param2"",""#text"":""BwYXJhbSgkRHJvcERvd25PcHRpb25zLCAkVGl0bGUpDQoNCiAgICAgdHJ5IHsNCiAgICAgDQogICAgICAgIGZ1bmN0aW9uIFJldHVybi1Ecm9wRG93biB7DQogICAgICAgICAgICAkc2NyaXB0OkNo""}],""Binary"":""73-00-65-00-67-00-31-00-39-00-32-00-00-00""}}"
574,9881,2021-11-03 08:19:53.2322281,7000,Error,Service Control Manager,System,484,2512,FS03.offsec.lan,5,,,,,,,,,,,,False,"EVTX-to-MITRE-Attack\TA0002-Execution\T1569.002-Service execution\ID7000,7009,7045-Payload deployed via service - Tchopper.evtx","Audit success, classic",0,"{""EventData"":{""Data"":[{""@Name"":""param1"",""#text"":""BwYXJhbSgkRHJvcERvd25PcHRpb25zLCAkVGl0bGUpDQoNCiAgICAgdHJ5IHsNCiAgICAgDQogICAgICAgIGZ1bmN0aW9uIFJldHVybi1Ecm9wRG93biB7DQogICAgICAgICAgICAkc2NyaXB0OkNo""},{""@Name"":""param2"",""#text"":""%%1053""}],""Binary"":""73-00-65-00-67-00-31-00-39-00-32-00-00-00""}}"
575,9882,2021-11-03 08:19:54.3103458,7045,Info,Service Control Manager,System,484,3168,FS03.offsec.lan,5,S-1-5-21-4230534742-2542757381-3142984815-1111,A new service was installed in the system,,,Name: b2ljZSA9ICREcm9wRG93bi5TZWxlY3RlZEl0ZW0uVG9TdHJpbmcoKQ0KICAgICAgICAgICAgJEZvcm0uQ2xvc2UoKQ0KICAgICAgICB9DQoNCiAgICAgICAgJEZvcm0gPSBOZXctT2JqZWN0IFN5c3,StartType: demand start,Account: LocalSystem,,,,"c:\windows\system32\cmd.exe /c powershell -command ""Get-Service ""seg193"" | select -Expand DisplayName |out-file -append tmp_payload.txt""",False,"EVTX-to-MITRE-Attack\TA0002-Execution\T1569.002-Service execution\ID7000,7009,7045-Payload deployed via service - Tchopper.evtx","Audit success, classic",0,"{""EventData"":{""Data"":[{""@Name"":""ServiceName"",""#text"":""b2ljZSA9ICREcm9wRG93bi5TZWxlY3RlZEl0ZW0uVG9TdHJpbmcoKQ0KICAgICAgICAgICAgJEZvcm0uQ2xvc2UoKQ0KICAgICAgICB9DQoNCiAgICAgICAgJEZvcm0gPSBOZXctT2JqZWN0IFN5c3""},{""@Name"":""ImagePath"",""#text"":""c:\\windows\\system32\\cmd.exe /c powershell -command \""Get-Service \""seg193\"" | select -Expand DisplayName |out-file -append tmp_payload.txt\""""},{""@Name"":""ServiceType"",""#text"":""user mode service""},{""@Name"":""StartType"",""#text"":""demand start""},{""@Name"":""AccountName"",""#text"":""LocalSystem""}]}}"
576,9883,2021-11-03 08:19:54.6853566,7009,Error,Service Control Manager,System,484,3168,FS03.offsec.lan,5,,,,,,,,,,,,False,"EVTX-to-MITRE-Attack\TA0002-Execution\T1569.002-Service execution\ID7000,7009,7045-Payload deployed via service - Tchopper.evtx","Audit success, classic",0,"{""EventData"":{""Data"":[{""@Name"":""param1"",""#text"":""30000""},{""@Name"":""param2"",""#text"":""b2ljZSA9ICREcm9wRG93bi5TZWxlY3RlZEl0ZW0uVG9TdHJpbmcoKQ0KICAgICAgICAgICAgJEZvcm0uQ2xvc2UoKQ0KICAgICAgICB9DQoNCiAgICAgICAgJEZvcm0gPSBOZXctT2JqZWN0IFN5c3""}],""Binary"":""73-00-65-00-67-00-31-00-39-00-33-00-00-00""}}"
577,9884,2021-11-03 08:19:54.6853566,7000,Error,Service Control Manager,System,484,3168,FS03.offsec.lan,5,,,,,,,,,,,,False,"EVTX-to-MITRE-Attack\TA0002-Execution\T1569.002-Service execution\ID7000,7009,7045-Payload deployed via service - Tchopper.evtx","Audit success, classic",0,"{""EventData"":{""Data"":[{""@Name"":""param1"",""#text"":""b2ljZSA9ICREcm9wRG93bi5TZWxlY3RlZEl0ZW0uVG9TdHJpbmcoKQ0KICAgICAgICAgICAgJEZvcm0uQ2xvc2UoKQ0KICAgICAgICB9DQoNCiAgICAgICAgJEZvcm0gPSBOZXctT2JqZWN0IFN5c3""},{""@Name"":""param2"",""#text"":""%%1053""}],""Binary"":""73-00-65-00-67-00-31-00-39-00-33-00-00-00""}}"
578,9885,2021-11-03 08:19:55.7612404,7045,Info,Service Control Manager,System,484,3168,FS03.offsec.lan,6,S-1-5-21-4230534742-2542757381-3142984815-1111,A new service was installed in the system,,,Name: RlbS5XaW5kb3dzLkZvcm1zLkZvcm0NCg0KICAgICAgICAkRm9ybS53aWR0aCA9IDMwMA0KICAgICAgICAkRm9ybS5oZWlnaHQgPSAxNTANCiAgICAgICAgJEZvcm0uVGV4dCA9IOKAnVNlbGVjdCAk,StartType: demand start,Account: LocalSystem,,,,"c:\windows\system32\cmd.exe /c powershell -command ""Get-Service ""seg194"" | select -Expand DisplayName |out-file -append tmp_payload.txt""",False,"EVTX-to-MITRE-Attack\TA0002-Execution\T1569.002-Service execution\ID7000,7009,7045-Payload deployed via service - Tchopper.evtx","Audit success, classic",0,"{""EventData"":{""Data"":[{""@Name"":""ServiceName"",""#text"":""RlbS5XaW5kb3dzLkZvcm1zLkZvcm0NCg0KICAgICAgICAkRm9ybS53aWR0aCA9IDMwMA0KICAgICAgICAkRm9ybS5oZWlnaHQgPSAxNTANCiAgICAgICAgJEZvcm0uVGV4dCA9IOKAnVNlbGVjdCAk""},{""@Name"":""ImagePath"",""#text"":""c:\\windows\\system32\\cmd.exe /c powershell -command \""Get-Service \""seg194\"" | select -Expand DisplayName |out-file -append tmp_payload.txt\""""},{""@Name"":""ServiceType"",""#text"":""user mode service""},{""@Name"":""StartType"",""#text"":""demand start""},{""@Name"":""AccountName"",""#text"":""LocalSystem""}]}}"
579,9886,2021-11-03 08:19:56.1362217,7009,Error,Service Control Manager,System,484,3168,FS03.offsec.lan,6,,,,,,,,,,,,False,"EVTX-to-MITRE-Attack\TA0002-Execution\T1569.002-Service execution\ID7000,7009,7045-Payload deployed via service - Tchopper.evtx","Audit success, classic",0,"{""EventData"":{""Data"":[{""@Name"":""param1"",""#text"":""30000""},{""@Name"":""param2"",""#text"":""RlbS5XaW5kb3dzLkZvcm1zLkZvcm0NCg0KICAgICAgICAkRm9ybS53aWR0aCA9IDMwMA0KICAgICAgICAkRm9ybS5oZWlnaHQgPSAxNTANCiAgICAgICAgJEZvcm0uVGV4dCA9IOKAnVNlbGVjdCAk""}],""Binary"":""73-00-65-00-67-00-31-00-39-00-34-00-00-00""}}"
580,9887,2021-11-03 08:19:56.1362217,7000,Error,Service Control Manager,System,484,3168,FS03.offsec.lan,6,,,,,,,,,,,,False,"EVTX-to-MITRE-Attack\TA0002-Execution\T1569.002-Service execution\ID7000,7009,7045-Payload deployed via service - Tchopper.evtx","Audit success, classic",0,"{""EventData"":{""Data"":[{""@Name"":""param1"",""#text"":""RlbS5XaW5kb3dzLkZvcm1zLkZvcm0NCg0KICAgICAgICAkRm9ybS53aWR0aCA9IDMwMA0KICAgICAgICAkRm9ybS5oZWlnaHQgPSAxNTANCiAgICAgICAgJEZvcm0uVGV4dCA9IOKAnVNlbGVjdCAk""},{""@Name"":""param2"",""#text"":""%%1053""}],""Binary"":""73-00-65-00-67-00-31-00-39-00-34-00-00-00""}}"
581,9888,2021-11-03 08:19:57.2143512,7045,Info,Service Control Manager,System,484,3168,FS03.offsec.lan,6,S-1-5-21-4230534742-2542757381-3142984815-1111,A new service was installed in the system,,,Name: VGl0bGXigJ0NCg0KICAgICAgICAkRHJvcERvd24gPSBuZXctb2JqZWN0IFN5c3RlbS5XaW5kb3dzLkZvcm1zLkNvbWJvQm94DQogICAgICAgICREcm9wRG93bi5Mb2NhdGlvbiA9IG5ldy1vYmplY3,StartType: demand start,Account: LocalSystem,,,,"c:\windows\system32\cmd.exe /c powershell -command ""Get-Service ""seg195"" | select -Expand DisplayName |out-file -append tmp_payload.txt""",False,"EVTX-to-MITRE-Attack\TA0002-Execution\T1569.002-Service execution\ID7000,7009,7045-Payload deployed via service - Tchopper.evtx","Audit success, classic",0,"{""EventData"":{""Data"":[{""@Name"":""ServiceName"",""#text"":""VGl0bGXigJ0NCg0KICAgICAgICAkRHJvcERvd24gPSBuZXctb2JqZWN0IFN5c3RlbS5XaW5kb3dzLkZvcm1zLkNvbWJvQm94DQogICAgICAgICREcm9wRG93bi5Mb2NhdGlvbiA9IG5ldy1vYmplY3""},{""@Name"":""ImagePath"",""#text"":""c:\\windows\\system32\\cmd.exe /c powershell -command \""Get-Service \""seg195\"" | select -Expand DisplayName |out-file -append tmp_payload.txt\""""},{""@Name"":""ServiceType"",""#text"":""user mode service""},{""@Name"":""StartType"",""#text"":""demand start""},{""@Name"":""AccountName"",""#text"":""LocalSystem""}]}}"
582,9889,2021-11-03 08:19:57.5893516,7009,Error,Service Control Manager,System,484,3168,FS03.offsec.lan,6,,,,,,,,,,,,False,"EVTX-to-MITRE-Attack\TA0002-Execution\T1569.002-Service execution\ID7000,7009,7045-Payload deployed via service - Tchopper.evtx","Audit success, classic",528,"{""EventData"":{""Data"":[{""@Name"":""param1"",""#text"":""30000""},{""@Name"":""param2"",""#text"":""VGl0bGXigJ0NCg0KICAgICAgICAkRHJvcERvd24gPSBuZXctb2JqZWN0IFN5c3RlbS5XaW5kb3dzLkZvcm1zLkNvbWJvQm94DQogICAgICAgICREcm9wRG93bi5Mb2NhdGlvbiA9IG5ldy1vYmplY3""}],""Binary"":""73-00-65-00-67-00-31-00-39-00-35-00-00-00""}}"
583,9890,2021-11-03 08:19:57.5893516,7000,Error,Service Control Manager,System,484,3168,FS03.offsec.lan,6,,,,,,,,,,,,False,"EVTX-to-MITRE-Attack\TA0002-Execution\T1569.002-Service execution\ID7000,7009,7045-Payload deployed via service - Tchopper.evtx","Audit success, classic",0,"{""EventData"":{""Data"":[{""@Name"":""param1"",""#text"":""VGl0bGXigJ0NCg0KICAgICAgICAkRHJvcERvd24gPSBuZXctb2JqZWN0IFN5c3RlbS5XaW5kb3dzLkZvcm1zLkNvbWJvQm94DQogICAgICAgICREcm9wRG93bi5Mb2NhdGlvbiA9IG5ldy1vYmplY3""},{""@Name"":""param2"",""#text"":""%%1053""}],""Binary"":""73-00-65-00-67-00-31-00-39-00-35-00-00-00""}}"
584,9891,2021-11-03 08:19:58.6555987,7045,Info,Service Control Manager,System,484,3168,FS03.offsec.lan,6,S-1-5-21-4230534742-2542757381-3142984815-1111,A new service was installed in the system,,,Name: QgU3lzdGVtLkRyYXdpbmcuU2l6ZSgxMDAsMTApDQogICAgICAgICREcm9wRG93bi5TaXplID0gbmV3LW9iamVjdCBTeXN0ZW0uRHJhd2luZy5TaXplKDEzMCwzMCkNCg0KICAgICAgICBGb3JFYWNo,StartType: demand start,Account: LocalSystem,,,,"c:\windows\system32\cmd.exe /c powershell -command ""Get-Service ""seg196"" | select -Expand DisplayName |out-file -append tmp_payload.txt""",False,"EVTX-to-MITRE-Attack\TA0002-Execution\T1569.002-Service execution\ID7000,7009,7045-Payload deployed via service - Tchopper.evtx","Audit success, classic",0,"{""EventData"":{""Data"":[{""@Name"":""ServiceName"",""#text"":""QgU3lzdGVtLkRyYXdpbmcuU2l6ZSgxMDAsMTApDQogICAgICAgICREcm9wRG93bi5TaXplID0gbmV3LW9iamVjdCBTeXN0ZW0uRHJhd2luZy5TaXplKDEzMCwzMCkNCg0KICAgICAgICBGb3JFYWNo""},{""@Name"":""ImagePath"",""#text"":""c:\\windows\\system32\\cmd.exe /c powershell -command \""Get-Service \""seg196\"" | select -Expand DisplayName |out-file -append tmp_payload.txt\""""},{""@Name"":""ServiceType"",""#text"":""user mode service""},{""@Name"":""StartType"",""#text"":""demand start""},{""@Name"":""AccountName"",""#text"":""LocalSystem""}]}}"
585,9892,2021-11-03 08:19:59.0305595,7009,Error,Service Control Manager,System,484,3168,FS03.offsec.lan,6,,,,,,,,,,,,False,"EVTX-to-MITRE-Attack\TA0002-Execution\T1569.002-Service execution\ID7000,7009,7045-Payload deployed via service - Tchopper.evtx","Audit success, classic",0,"{""EventData"":{""Data"":[{""@Name"":""param1"",""#text"":""30000""},{""@Name"":""param2"",""#text"":""QgU3lzdGVtLkRyYXdpbmcuU2l6ZSgxMDAsMTApDQogICAgICAgICREcm9wRG93bi5TaXplID0gbmV3LW9iamVjdCBTeXN0ZW0uRHJhd2luZy5TaXplKDEzMCwzMCkNCg0KICAgICAgICBGb3JFYWNo""}],""Binary"":""73-00-65-00-67-00-31-00-39-00-36-00-00-00""}}"
586,9893,2021-11-03 08:19:59.0305595,7000,Error,Service Control Manager,System,484,3168,FS03.offsec.lan,6,,,,,,,,,,,,False,"EVTX-to-MITRE-Attack\TA0002-Execution\T1569.002-Service execution\ID7000,7009,7045-Payload deployed via service - Tchopper.evtx","Audit success, classic",0,"{""EventData"":{""Data"":[{""@Name"":""param1"",""#text"":""QgU3lzdGVtLkRyYXdpbmcuU2l6ZSgxMDAsMTApDQogICAgICAgICREcm9wRG93bi5TaXplID0gbmV3LW9iamVjdCBTeXN0ZW0uRHJhd2luZy5TaXplKDEzMCwzMCkNCg0KICAgICAgICBGb3JFYWNo""},{""@Name"":""param2"",""#text"":""%%1053""}],""Binary"":""73-00-65-00-67-00-31-00-39-00-36-00-00-00""}}"
587,9894,2021-11-03 08:20:00.1084522,7045,Info,Service Control Manager,System,484,3168,FS03.offsec.lan,6,S-1-5-21-4230534742-2542757381-3142984815-1111,A new service was installed in the system,,,Name: ICgkSXRlbSBpbiAkRHJvcERvd25PcHRpb25zKSB7DQogICAgICAgICBbdm9pZF0gJERyb3BEb3duLkl0ZW1zLkFkZCgkSXRlbSkNCiAgICAgICAgfQ0KDQogICAgICAgICRGb3JtLkNvbnRyb2xzLk,StartType: demand start,Account: LocalSystem,,,,"c:\windows\system32\cmd.exe /c powershell -command ""Get-Service ""seg197"" | select -Expand DisplayName |out-file -append tmp_payload.txt""",False,"EVTX-to-MITRE-Attack\TA0002-Execution\T1569.002-Service execution\ID7000,7009,7045-Payload deployed via service - Tchopper.evtx","Audit success, classic",0,"{""EventData"":{""Data"":[{""@Name"":""ServiceName"",""#text"":""ICgkSXRlbSBpbiAkRHJvcERvd25PcHRpb25zKSB7DQogICAgICAgICBbdm9pZF0gJERyb3BEb3duLkl0ZW1zLkFkZCgkSXRlbSkNCiAgICAgICAgfQ0KDQogICAgICAgICRGb3JtLkNvbnRyb2xzLk""},{""@Name"":""ImagePath"",""#text"":""c:\\windows\\system32\\cmd.exe /c powershell -command \""Get-Service \""seg197\"" | select -Expand DisplayName |out-file -append tmp_payload.txt\""""},{""@Name"":""ServiceType"",""#text"":""user mode service""},{""@Name"":""StartType"",""#text"":""demand start""},{""@Name"":""AccountName"",""#text"":""LocalSystem""}]}}"
588,9895,2021-11-03 08:20:00.4834564,7009,Error,Service Control Manager,System,484,3168,FS03.offsec.lan,6,,,,,,,,,,,,False,"EVTX-to-MITRE-Attack\TA0002-Execution\T1569.002-Service execution\ID7000,7009,7045-Payload deployed via service - Tchopper.evtx","Audit success, classic",0,"{""EventData"":{""Data"":[{""@Name"":""param1"",""#text"":""30000""},{""@Name"":""param2"",""#text"":""ICgkSXRlbSBpbiAkRHJvcERvd25PcHRpb25zKSB7DQogICAgICAgICBbdm9pZF0gJERyb3BEb3duLkl0ZW1zLkFkZCgkSXRlbSkNCiAgICAgICAgfQ0KDQogICAgICAgICRGb3JtLkNvbnRyb2xzLk""}],""Binary"":""73-00-65-00-67-00-31-00-39-00-37-00-00-00""}}"
589,9896,2021-11-03 08:20:00.4834564,7000,Error,Service Control Manager,System,484,3168,FS03.offsec.lan,6,,,,,,,,,,,,False,"EVTX-to-MITRE-Attack\TA0002-Execution\T1569.002-Service execution\ID7000,7009,7045-Payload deployed via service - Tchopper.evtx","Audit success, classic",0,"{""EventData"":{""Data"":[{""@Name"":""param1"",""#text"":""ICgkSXRlbSBpbiAkRHJvcERvd25PcHRpb25zKSB7DQogICAgICAgICBbdm9pZF0gJERyb3BEb3duLkl0ZW1zLkFkZCgkSXRlbSkNCiAgICAgICAgfQ0KDQogICAgICAgICRGb3JtLkNvbnRyb2xzLk""},{""@Name"":""param2"",""#text"":""%%1053""}],""Binary"":""73-00-65-00-67-00-31-00-39-00-37-00-00-00""}}"
590,9897,2021-11-03 08:20:01.5506439,7045,Info,Service Control Manager,System,484,2368,FS03.offsec.lan,6,S-1-5-21-4230534742-2542757381-3142984815-1111,A new service was installed in the system,,,Name: FkZCgkRHJvcERvd24pDQoNCiAgICAgICAgJERyb3BEb3duTGFiZWwgPSBuZXctb2JqZWN0IFN5c3RlbS5XaW5kb3dzLkZvcm1zLkxhYmVsDQogICAgICAgICREcm9wRG93bkxhYmVsLkxvY2F0aW9u,StartType: demand start,Account: LocalSystem,,,,"c:\windows\system32\cmd.exe /c powershell -command ""Get-Service ""seg198"" | select -Expand DisplayName |out-file -append tmp_payload.txt""",False,"EVTX-to-MITRE-Attack\TA0002-Execution\T1569.002-Service execution\ID7000,7009,7045-Payload deployed via service - Tchopper.evtx","Audit success, classic",0,"{""EventData"":{""Data"":[{""@Name"":""ServiceName"",""#text"":""FkZCgkRHJvcERvd24pDQoNCiAgICAgICAgJERyb3BEb3duTGFiZWwgPSBuZXctb2JqZWN0IFN5c3RlbS5XaW5kb3dzLkZvcm1zLkxhYmVsDQogICAgICAgICREcm9wRG93bkxhYmVsLkxvY2F0aW9u""},{""@Name"":""ImagePath"",""#text"":""c:\\windows\\system32\\cmd.exe /c powershell -command \""Get-Service \""seg198\"" | select -Expand DisplayName |out-file -append tmp_payload.txt\""""},{""@Name"":""ServiceType"",""#text"":""user mode service""},{""@Name"":""StartType"",""#text"":""demand start""},{""@Name"":""AccountName"",""#text"":""LocalSystem""}]}}"
591,9898,2021-11-03 08:20:01.9460693,7009,Error,Service Control Manager,System,484,2368,FS03.offsec.lan,6,,,,,,,,,,,,False,"EVTX-to-MITRE-Attack\TA0002-Execution\T1569.002-Service execution\ID7000,7009,7045-Payload deployed via service - Tchopper.evtx","Audit success, classic",0,"{""EventData"":{""Data"":[{""@Name"":""param1"",""#text"":""30000""},{""@Name"":""param2"",""#text"":""FkZCgkRHJvcERvd24pDQoNCiAgICAgICAgJERyb3BEb3duTGFiZWwgPSBuZXctb2JqZWN0IFN5c3RlbS5XaW5kb3dzLkZvcm1zLkxhYmVsDQogICAgICAgICREcm9wRG93bkxhYmVsLkxvY2F0aW9u""}],""Binary"":""73-00-65-00-67-00-31-00-39-00-38-00-00-00""}}"
592,9899,2021-11-03 08:20:01.9460693,7000,Error,Service Control Manager,System,484,2368,FS03.offsec.lan,6,,,,,,,,,,,,False,"EVTX-to-MITRE-Attack\TA0002-Execution\T1569.002-Service execution\ID7000,7009,7045-Payload deployed via service - Tchopper.evtx","Audit success, classic",0,"{""EventData"":{""Data"":[{""@Name"":""param1"",""#text"":""FkZCgkRHJvcERvd24pDQoNCiAgICAgICAgJERyb3BEb3duTGFiZWwgPSBuZXctb2JqZWN0IFN5c3RlbS5XaW5kb3dzLkZvcm1zLkxhYmVsDQogICAgICAgICREcm9wRG93bkxhYmVsLkxvY2F0aW9u""},{""@Name"":""param2"",""#text"":""%%1053""}],""Binary"":""73-00-65-00-67-00-31-00-39-00-38-00-00-00""}}"
593,9900,2021-11-03 08:20:03.0207000,7045,Info,Service Control Manager,System,484,2368,FS03.offsec.lan,6,S-1-5-21-4230534742-2542757381-3142984815-1111,A new service was installed in the system,,,Name: ID0gbmV3LW9iamVjdCBTeXN0ZW0uRHJhd2luZy5TaXplKDEwLDEwKSANCiAgICAgICAgJERyb3BEb3duTGFiZWwuc2l6ZSA9IG5ldy1vYmplY3QgU3lzdGVtLkRyYXdpbmcuU2l6ZSgxMDAsMjApIA,StartType: demand start,Account: LocalSystem,,,,"c:\windows\system32\cmd.exe /c powershell -command ""Get-Service ""seg199"" | select -Expand DisplayName |out-file -append tmp_payload.txt""",False,"EVTX-to-MITRE-Attack\TA0002-Execution\T1569.002-Service execution\ID7000,7009,7045-Payload deployed via service - Tchopper.evtx","Audit success, classic",0,"{""EventData"":{""Data"":[{""@Name"":""ServiceName"",""#text"":""ID0gbmV3LW9iamVjdCBTeXN0ZW0uRHJhd2luZy5TaXplKDEwLDEwKSANCiAgICAgICAgJERyb3BEb3duTGFiZWwuc2l6ZSA9IG5ldy1vYmplY3QgU3lzdGVtLkRyYXdpbmcuU2l6ZSgxMDAsMjApIA""},{""@Name"":""ImagePath"",""#text"":""c:\\windows\\system32\\cmd.exe /c powershell -command \""Get-Service \""seg199\"" | select -Expand DisplayName |out-file -append tmp_payload.txt\""""},{""@Name"":""ServiceType"",""#text"":""user mode service""},{""@Name"":""StartType"",""#text"":""demand start""},{""@Name"":""AccountName"",""#text"":""LocalSystem""}]}}"
594,9901,2021-11-03 08:20:03.3956944,7009,Error,Service Control Manager,System,484,2368,FS03.offsec.lan,6,,,,,,,,,,,,False,"EVTX-to-MITRE-Attack\TA0002-Execution\T1569.002-Service execution\ID7000,7009,7045-Payload deployed via service - Tchopper.evtx","Audit success, classic",0,"{""EventData"":{""Data"":[{""@Name"":""param1"",""#text"":""30000""},{""@Name"":""param2"",""#text"":""ID0gbmV3LW9iamVjdCBTeXN0ZW0uRHJhd2luZy5TaXplKDEwLDEwKSANCiAgICAgICAgJERyb3BEb3duTGFiZWwuc2l6ZSA9IG5ldy1vYmplY3QgU3lzdGVtLkRyYXdpbmcuU2l6ZSgxMDAsMjApIA""}],""Binary"":""73-00-65-00-67-00-31-00-39-00-39-00-00-00""}}"
595,9902,2021-11-03 08:20:03.3956944,7000,Error,Service Control Manager,System,484,2368,FS03.offsec.lan,6,,,,,,,,,,,,False,"EVTX-to-MITRE-Attack\TA0002-Execution\T1569.002-Service execution\ID7000,7009,7045-Payload deployed via service - Tchopper.evtx","Audit success, classic",0,"{""EventData"":{""Data"":[{""@Name"":""param1"",""#text"":""ID0gbmV3LW9iamVjdCBTeXN0ZW0uRHJhd2luZy5TaXplKDEwLDEwKSANCiAgICAgICAgJERyb3BEb3duTGFiZWwuc2l6ZSA9IG5ldy1vYmplY3QgU3lzdGVtLkRyYXdpbmcuU2l6ZSgxMDAsMjApIA""},{""@Name"":""param2"",""#text"":""%%1053""}],""Binary"":""73-00-65-00-67-00-31-00-39-00-39-00-00-00""}}"
596,9903,2021-11-03 08:20:04.4725517,7045,Info,Service Control Manager,System,484,2368,FS03.offsec.lan,6,S-1-5-21-4230534742-2542757381-3142984815-1111,A new service was installed in the system,,,Name: 0KICAgICAgICAkRHJvcERvd25MYWJlbC5UZXh0ID0gIk9wdGlvbnM6Ig0KICAgICAgICAkRm9ybS5Db250cm9scy5BZGQoJERyb3BEb3duTGFiZWwpDQoNCiAgICAgICAgJEJ1dHRvbiA9IG5ldy1v,StartType: demand start,Account: LocalSystem,,,,"c:\windows\system32\cmd.exe /c powershell -command ""Get-Service ""seg200"" | select -Expand DisplayName |out-file -append tmp_payload.txt""",False,"EVTX-to-MITRE-Attack\TA0002-Execution\T1569.002-Service execution\ID7000,7009,7045-Payload deployed via service - Tchopper.evtx","Audit success, classic",0,"{""EventData"":{""Data"":[{""@Name"":""ServiceName"",""#text"":""0KICAgICAgICAkRHJvcERvd25MYWJlbC5UZXh0ID0gIk9wdGlvbnM6Ig0KICAgICAgICAkRm9ybS5Db250cm9scy5BZGQoJERyb3BEb3duTGFiZWwpDQoNCiAgICAgICAgJEJ1dHRvbiA9IG5ldy1v""},{""@Name"":""ImagePath"",""#text"":""c:\\windows\\system32\\cmd.exe /c powershell -command \""Get-Service \""seg200\"" | select -Expand DisplayName |out-file -append tmp_payload.txt\""""},{""@Name"":""ServiceType"",""#text"":""user mode service""},{""@Name"":""StartType"",""#text"":""demand start""},{""@Name"":""AccountName"",""#text"":""LocalSystem""}]}}"
597,9904,2021-11-03 08:20:04.8354727,7009,Error,Service Control Manager,System,484,2368,FS03.offsec.lan,6,,,,,,,,,,,,False,"EVTX-to-MITRE-Attack\TA0002-Execution\T1569.002-Service execution\ID7000,7009,7045-Payload deployed via service - Tchopper.evtx","Audit success, classic",0,"{""EventData"":{""Data"":[{""@Name"":""param1"",""#text"":""30000""},{""@Name"":""param2"",""#text"":""0KICAgICAgICAkRHJvcERvd25MYWJlbC5UZXh0ID0gIk9wdGlvbnM6Ig0KICAgICAgICAkRm9ybS5Db250cm9scy5BZGQoJERyb3BEb3duTGFiZWwpDQoNCiAgICAgICAgJEJ1dHRvbiA9IG5ldy1v""}],""Binary"":""73-00-65-00-67-00-32-00-30-00-30-00-00-00""}}"
598,9905,2021-11-03 08:20:04.8354727,7000,Error,Service Control Manager,System,484,2368,FS03.offsec.lan,6,,,,,,,,,,,,False,"EVTX-to-MITRE-Attack\TA0002-Execution\T1569.002-Service execution\ID7000,7009,7045-Payload deployed via service - Tchopper.evtx","Audit success, classic",0,"{""EventData"":{""Data"":[{""@Name"":""param1"",""#text"":""0KICAgICAgICAkRHJvcERvd25MYWJlbC5UZXh0ID0gIk9wdGlvbnM6Ig0KICAgICAgICAkRm9ybS5Db250cm9scy5BZGQoJERyb3BEb3duTGFiZWwpDQoNCiAgICAgICAgJEJ1dHRvbiA9IG5ldy1v""},{""@Name"":""param2"",""#text"":""%%1053""}],""Binary"":""73-00-65-00-67-00-32-00-30-00-30-00-00-00""}}"
599,9906,2021-11-03 08:20:05.9169540,7045,Info,Service Control Manager,System,484,2368,FS03.offsec.lan,6,S-1-5-21-4230534742-2542757381-3142984815-1111,A new service was installed in the system,,,Name: YmplY3QgU3lzdGVtLldpbmRvd3MuRm9ybXMuQnV0dG9uDQogICAgICAgICRCdXR0b24uTG9jYXRpb24gPSBuZXctb2JqZWN0IFN5c3RlbS5EcmF3aW5nLlNpemUoMTAwLDUwKQ0KICAgICAgICAkQn,StartType: demand start,Account: LocalSystem,,,,"c:\windows\system32\cmd.exe /c powershell -command ""Get-Service ""seg201"" | select -Expand DisplayName |out-file -append tmp_payload.txt""",False,"EVTX-to-MITRE-Attack\TA0002-Execution\T1569.002-Service execution\ID7000,7009,7045-Payload deployed via service - Tchopper.evtx","Audit success, classic",0,"{""EventData"":{""Data"":[{""@Name"":""ServiceName"",""#text"":""YmplY3QgU3lzdGVtLldpbmRvd3MuRm9ybXMuQnV0dG9uDQogICAgICAgICRCdXR0b24uTG9jYXRpb24gPSBuZXctb2JqZWN0IFN5c3RlbS5EcmF3aW5nLlNpemUoMTAwLDUwKQ0KICAgICAgICAkQn""},{""@Name"":""ImagePath"",""#text"":""c:\\windows\\system32\\cmd.exe /c powershell -command \""Get-Service \""seg201\"" | select -Expand DisplayName |out-file -append tmp_payload.txt\""""},{""@Name"":""ServiceType"",""#text"":""user mode service""},{""@Name"":""StartType"",""#text"":""demand start""},{""@Name"":""AccountName"",""#text"":""LocalSystem""}]}}"
600,9907,2021-11-03 08:20:06.2763297,7009,Error,Service Control Manager,System,484,2368,FS03.offsec.lan,6,,,,,,,,,,,,False,"EVTX-to-MITRE-Attack\TA0002-Execution\T1569.002-Service execution\ID7000,7009,7045-Payload deployed via service - Tchopper.evtx","Audit success, classic",0,"{""EventData"":{""Data"":[{""@Name"":""param1"",""#text"":""30000""},{""@Name"":""param2"",""#text"":""YmplY3QgU3lzdGVtLldpbmRvd3MuRm9ybXMuQnV0dG9uDQogICAgICAgICRCdXR0b24uTG9jYXRpb24gPSBuZXctb2JqZWN0IFN5c3RlbS5EcmF3aW5nLlNpemUoMTAwLDUwKQ0KICAgICAgICAkQn""}],""Binary"":""73-00-65-00-67-00-32-00-30-00-31-00-00-00""}}"
601,9908,2021-11-03 08:20:06.2763297,7000,Error,Service Control Manager,System,484,2368,FS03.offsec.lan,6,,,,,,,,,,,,False,"EVTX-to-MITRE-Attack\TA0002-Execution\T1569.002-Service execution\ID7000,7009,7045-Payload deployed via service - Tchopper.evtx","Audit success, classic",0,"{""EventData"":{""Data"":[{""@Name"":""param1"",""#text"":""YmplY3QgU3lzdGVtLldpbmRvd3MuRm9ybXMuQnV0dG9uDQogICAgICAgICRCdXR0b24uTG9jYXRpb24gPSBuZXctb2JqZWN0IFN5c3RlbS5EcmF3aW5nLlNpemUoMTAwLDUwKQ0KICAgICAgICAkQn""},{""@Name"":""param2"",""#text"":""%%1053""}],""Binary"":""73-00-65-00-67-00-32-00-30-00-31-00-00-00""}}"
602,9909,2021-11-03 08:20:07.3606815,7045,Info,Service Control Manager,System,484,2368,FS03.offsec.lan,6,S-1-5-21-4230534742-2542757381-3142984815-1111,A new service was installed in the system,,,Name: V0dG9uLlNpemUgPSBuZXctb2JqZWN0IFN5c3RlbS5EcmF3aW5nLlNpemUoMTAwLDIwKQ0KICAgICAgICAkQnV0dG9uLlRleHQgPSAiU3VibWl0Ig0KICAgICAgICAkQnV0dG9uLkFkZF9DbGljayh7,StartType: demand start,Account: LocalSystem,,,,"c:\windows\system32\cmd.exe /c powershell -command ""Get-Service ""seg202"" | select -Expand DisplayName |out-file -append tmp_payload.txt""",False,"EVTX-to-MITRE-Attack\TA0002-Execution\T1569.002-Service execution\ID7000,7009,7045-Payload deployed via service - Tchopper.evtx","Audit success, classic",0,"{""EventData"":{""Data"":[{""@Name"":""ServiceName"",""#text"":""V0dG9uLlNpemUgPSBuZXctb2JqZWN0IFN5c3RlbS5EcmF3aW5nLlNpemUoMTAwLDIwKQ0KICAgICAgICAkQnV0dG9uLlRleHQgPSAiU3VibWl0Ig0KICAgICAgICAkQnV0dG9uLkFkZF9DbGljayh7""},{""@Name"":""ImagePath"",""#text"":""c:\\windows\\system32\\cmd.exe /c powershell -command \""Get-Service \""seg202\"" | select -Expand DisplayName |out-file -append tmp_payload.txt\""""},{""@Name"":""ServiceType"",""#text"":""user mode service""},{""@Name"":""StartType"",""#text"":""demand start""},{""@Name"":""AccountName"",""#text"":""LocalSystem""}]}}"
603,9910,2021-11-03 08:20:07.7513021,7009,Error,Service Control Manager,System,484,2368,FS03.offsec.lan,6,,,,,,,,,,,,False,"EVTX-to-MITRE-Attack\TA0002-Execution\T1569.002-Service execution\ID7000,7009,7045-Payload deployed via service - Tchopper.evtx","Audit success, classic",0,"{""EventData"":{""Data"":[{""@Name"":""param1"",""#text"":""30000""},{""@Name"":""param2"",""#text"":""V0dG9uLlNpemUgPSBuZXctb2JqZWN0IFN5c3RlbS5EcmF3aW5nLlNpemUoMTAwLDIwKQ0KICAgICAgICAkQnV0dG9uLlRleHQgPSAiU3VibWl0Ig0KICAgICAgICAkQnV0dG9uLkFkZF9DbGljayh7""}],""Binary"":""73-00-65-00-67-00-32-00-30-00-32-00-00-00""}}"
604,9911,2021-11-03 08:20:07.7513021,7000,Error,Service Control Manager,System,484,2368,FS03.offsec.lan,6,,,,,,,,,,,,False,"EVTX-to-MITRE-Attack\TA0002-Execution\T1569.002-Service execution\ID7000,7009,7045-Payload deployed via service - Tchopper.evtx","Audit success, classic",0,"{""EventData"":{""Data"":[{""@Name"":""param1"",""#text"":""V0dG9uLlNpemUgPSBuZXctb2JqZWN0IFN5c3RlbS5EcmF3aW5nLlNpemUoMTAwLDIwKQ0KICAgICAgICAkQnV0dG9uLlRleHQgPSAiU3VibWl0Ig0KICAgICAgICAkQnV0dG9uLkFkZF9DbGljayh7""},{""@Name"":""param2"",""#text"":""%%1053""}],""Binary"":""73-00-65-00-67-00-32-00-30-00-32-00-00-00""}}"
605,9912,2021-11-03 08:20:08.8108109,7045,Info,Service Control Manager,System,484,2368,FS03.offsec.lan,6,S-1-5-21-4230534742-2542757381-3142984815-1111,A new service was installed in the system,,,Name: UmV0dXJuLURyb3BEb3dufSkNCiAgICAgICAgJGZvcm0uQ29udHJvbHMuQWRkKCRCdXR0b24pDQoNCiAgICAgICAgJERyb3BEb3duLlNlbGVjdGVkSW5kZXggPSAgMA0KICAgICAgICANCiAgICAgIC,StartType: demand start,Account: LocalSystem,,,,"c:\windows\system32\cmd.exe /c powershell -command ""Get-Service ""seg203"" | select -Expand DisplayName |out-file -append tmp_payload.txt""",False,"EVTX-to-MITRE-Attack\TA0002-Execution\T1569.002-Service execution\ID7000,7009,7045-Payload deployed via service - Tchopper.evtx","Audit success, classic",0,"{""EventData"":{""Data"":[{""@Name"":""ServiceName"",""#text"":""UmV0dXJuLURyb3BEb3dufSkNCiAgICAgICAgJGZvcm0uQ29udHJvbHMuQWRkKCRCdXR0b24pDQoNCiAgICAgICAgJERyb3BEb3duLlNlbGVjdGVkSW5kZXggPSAgMA0KICAgICAgICANCiAgICAgIC""},{""@Name"":""ImagePath"",""#text"":""c:\\windows\\system32\\cmd.exe /c powershell -command \""Get-Service \""seg203\"" | select -Expand DisplayName |out-file -append tmp_payload.txt\""""},{""@Name"":""ServiceType"",""#text"":""user mode service""},{""@Name"":""StartType"",""#text"":""demand start""},{""@Name"":""AccountName"",""#text"":""LocalSystem""}]}}"
606,9913,2021-11-03 08:20:09.1856143,7009,Error,Service Control Manager,System,484,2368,FS03.offsec.lan,6,,,,,,,,,,,,False,"EVTX-to-MITRE-Attack\TA0002-Execution\T1569.002-Service execution\ID7000,7009,7045-Payload deployed via service - Tchopper.evtx","Audit success, classic",0,"{""EventData"":{""Data"":[{""@Name"":""param1"",""#text"":""30000""},{""@Name"":""param2"",""#text"":""UmV0dXJuLURyb3BEb3dufSkNCiAgICAgICAgJGZvcm0uQ29udHJvbHMuQWRkKCRCdXR0b24pDQoNCiAgICAgICAgJERyb3BEb3duLlNlbGVjdGVkSW5kZXggPSAgMA0KICAgICAgICANCiAgICAgIC""}],""Binary"":""73-00-65-00-67-00-32-00-30-00-33-00-00-00""}}"
607,9914,2021-11-03 08:20:09.1856143,7000,Error,Service Control Manager,System,484,2368,FS03.offsec.lan,6,,,,,,,,,,,,False,"EVTX-to-MITRE-Attack\TA0002-Execution\T1569.002-Service execution\ID7000,7009,7045-Payload deployed via service - Tchopper.evtx","Audit success, classic",0,"{""EventData"":{""Data"":[{""@Name"":""param1"",""#text"":""UmV0dXJuLURyb3BEb3dufSkNCiAgICAgICAgJGZvcm0uQ29udHJvbHMuQWRkKCRCdXR0b24pDQoNCiAgICAgICAgJERyb3BEb3duLlNlbGVjdGVkSW5kZXggPSAgMA0KICAgICAgICANCiAgICAgIC""},{""@Name"":""param2"",""#text"":""%%1053""}],""Binary"":""73-00-65-00-67-00-32-00-30-00-33-00-00-00""}}"
608,9915,2021-11-03 08:20:10.2683645,7045,Info,Service Control Manager,System,484,2368,FS03.offsec.lan,6,S-1-5-21-4230534742-2542757381-3142984815-1111,A new service was installed in the system,,,Name: AgJEZvcm0uQWRkX1Nob3duKHskRm9ybS5BY3RpdmF0ZSgpfSkNCiAgICAgICAgW3ZvaWRdICRGb3JtLlNob3dEaWFsb2coKQ0KDQogICAgICAgICRDaG9pY2UNCiAgICAgfQ0KICAgICANCiAgICBj,StartType: demand start,Account: LocalSystem,,,,"c:\windows\system32\cmd.exe /c powershell -command ""Get-Service ""seg204"" | select -Expand DisplayName |out-file -append tmp_payload.txt""",False,"EVTX-to-MITRE-Attack\TA0002-Execution\T1569.002-Service execution\ID7000,7009,7045-Payload deployed via service - Tchopper.evtx","Audit success, classic",0,"{""EventData"":{""Data"":[{""@Name"":""ServiceName"",""#text"":""AgJEZvcm0uQWRkX1Nob3duKHskRm9ybS5BY3RpdmF0ZSgpfSkNCiAgICAgICAgW3ZvaWRdICRGb3JtLlNob3dEaWFsb2coKQ0KDQogICAgICAgICRDaG9pY2UNCiAgICAgfQ0KICAgICANCiAgICBj""},{""@Name"":""ImagePath"",""#text"":""c:\\windows\\system32\\cmd.exe /c powershell -command \""Get-Service \""seg204\"" | select -Expand DisplayName |out-file -append tmp_payload.txt\""""},{""@Name"":""ServiceType"",""#text"":""user mode service""},{""@Name"":""StartType"",""#text"":""demand start""},{""@Name"":""AccountName"",""#text"":""LocalSystem""}]}}"
609,9916,2021-11-03 08:20:10.6395242,7009,Error,Service Control Manager,System,484,2368,FS03.offsec.lan,6,,,,,,,,,,,,False,"EVTX-to-MITRE-Attack\TA0002-Execution\T1569.002-Service execution\ID7000,7009,7045-Payload deployed via service - Tchopper.evtx","Audit success, classic",0,"{""EventData"":{""Data"":[{""@Name"":""param1"",""#text"":""30000""},{""@Name"":""param2"",""#text"":""AgJEZvcm0uQWRkX1Nob3duKHskRm9ybS5BY3RpdmF0ZSgpfSkNCiAgICAgICAgW3ZvaWRdICRGb3JtLlNob3dEaWFsb2coKQ0KDQogICAgICAgICRDaG9pY2UNCiAgICAgfQ0KICAgICANCiAgICBj""}],""Binary"":""73-00-65-00-67-00-32-00-30-00-34-00-00-00""}}"
610,9917,2021-11-03 08:20:10.6395242,7000,Error,Service Control Manager,System,484,2368,FS03.offsec.lan,6,,,,,,,,,,,,False,"EVTX-to-MITRE-Attack\TA0002-Execution\T1569.002-Service execution\ID7000,7009,7045-Payload deployed via service - Tchopper.evtx","Audit success, classic",0,"{""EventData"":{""Data"":[{""@Name"":""param1"",""#text"":""AgJEZvcm0uQWRkX1Nob3duKHskRm9ybS5BY3RpdmF0ZSgpfSkNCiAgICAgICAgW3ZvaWRdICRGb3JtLlNob3dEaWFsb2coKQ0KDQogICAgICAgICRDaG9pY2UNCiAgICAgfQ0KICAgICANCiAgICBj""},{""@Name"":""param2"",""#text"":""%%1053""}],""Binary"":""73-00-65-00-67-00-32-00-30-00-34-00-00-00""}}"
611,9918,2021-11-03 08:20:11.7135030,7045,Info,Service Control Manager,System,484,2368,FS03.offsec.lan,6,S-1-5-21-4230534742-2542757381-3142984815-1111,A new service was installed in the system,,,Name: YXRjaCB7DQoNCiAgICAgICAgV3JpdGUtTG9nICRFUlJPUl9MT0cgIlVuYWJsZSB0byBnZW5lcmF0ZSBpbnB1dCBkcm9wIGRvd24iDQoNCiAgICAgICAgV3JpdGUtTG9nICRFUlJPUl9MT0cgJEVycm,StartType: demand start,Account: LocalSystem,,,,"c:\windows\system32\cmd.exe /c powershell -command ""Get-Service ""seg205"" | select -Expand DisplayName |out-file -append tmp_payload.txt""",False,"EVTX-to-MITRE-Attack\TA0002-Execution\T1569.002-Service execution\ID7000,7009,7045-Payload deployed via service - Tchopper.evtx","Audit success, classic",0,"{""EventData"":{""Data"":[{""@Name"":""ServiceName"",""#text"":""YXRjaCB7DQoNCiAgICAgICAgV3JpdGUtTG9nICRFUlJPUl9MT0cgIlVuYWJsZSB0byBnZW5lcmF0ZSBpbnB1dCBkcm9wIGRvd24iDQoNCiAgICAgICAgV3JpdGUtTG9nICRFUlJPUl9MT0cgJEVycm""},{""@Name"":""ImagePath"",""#text"":""c:\\windows\\system32\\cmd.exe /c powershell -command \""Get-Service \""seg205\"" | select -Expand DisplayName |out-file -append tmp_payload.txt\""""},{""@Name"":""ServiceType"",""#text"":""user mode service""},{""@Name"":""StartType"",""#text"":""demand start""},{""@Name"":""AccountName"",""#text"":""LocalSystem""}]}}"
612,9919,2021-11-03 08:20:12.0817019,7009,Error,Service Control Manager,System,484,2368,FS03.offsec.lan,6,,,,,,,,,,,,False,"EVTX-to-MITRE-Attack\TA0002-Execution\T1569.002-Service execution\ID7000,7009,7045-Payload deployed via service - Tchopper.evtx","Audit success, classic",0,"{""EventData"":{""Data"":[{""@Name"":""param1"",""#text"":""30000""},{""@Name"":""param2"",""#text"":""YXRjaCB7DQoNCiAgICAgICAgV3JpdGUtTG9nICRFUlJPUl9MT0cgIlVuYWJsZSB0byBnZW5lcmF0ZSBpbnB1dCBkcm9wIGRvd24iDQoNCiAgICAgICAgV3JpdGUtTG9nICRFUlJPUl9MT0cgJEVycm""}],""Binary"":""73-00-65-00-67-00-32-00-30-00-35-00-00-00""}}"
613,9920,2021-11-03 08:20:12.0817019,7000,Error,Service Control Manager,System,484,2368,FS03.offsec.lan,6,,,,,,,,,,,,False,"EVTX-to-MITRE-Attack\TA0002-Execution\T1569.002-Service execution\ID7000,7009,7045-Payload deployed via service - Tchopper.evtx","Audit success, classic",0,"{""EventData"":{""Data"":[{""@Name"":""param1"",""#text"":""YXRjaCB7DQoNCiAgICAgICAgV3JpdGUtTG9nICRFUlJPUl9MT0cgIlVuYWJsZSB0byBnZW5lcmF0ZSBpbnB1dCBkcm9wIGRvd24iDQoNCiAgICAgICAgV3JpdGUtTG9nICRFUlJPUl9MT0cgJEVycm""},{""@Name"":""param2"",""#text"":""%%1053""}],""Binary"":""73-00-65-00-67-00-32-00-30-00-35-00-00-00""}}"
614,9921,2021-11-03 08:20:13.1581877,7045,Info,Service Control Manager,System,484,2368,FS03.offsec.lan,6,S-1-5-21-4230534742-2542757381-3142984815-1111,A new service was installed in the system,,,Name: 9yWzBdDQoNCiAgICAgICAgJEVycm9yTGluZU51bWJlciA9ICRFcnJvclswXS5JbnZvY2F0aW9uSW5mby5zY3JpcHRsaW5lbnVtYmVyDQoNCiAgICAgICAgV3JpdGUtTG9nICRFUlJPUl9MT0cgIkNh,StartType: demand start,Account: LocalSystem,,,,"c:\windows\system32\cmd.exe /c powershell -command ""Get-Service ""seg206"" | select -Expand DisplayName |out-file -append tmp_payload.txt""",False,"EVTX-to-MITRE-Attack\TA0002-Execution\T1569.002-Service execution\ID7000,7009,7045-Payload deployed via service - Tchopper.evtx","Audit success, classic",0,"{""EventData"":{""Data"":[{""@Name"":""ServiceName"",""#text"":""9yWzBdDQoNCiAgICAgICAgJEVycm9yTGluZU51bWJlciA9ICRFcnJvclswXS5JbnZvY2F0aW9uSW5mby5zY3JpcHRsaW5lbnVtYmVyDQoNCiAgICAgICAgV3JpdGUtTG9nICRFUlJPUl9MT0cgIkNh""},{""@Name"":""ImagePath"",""#text"":""c:\\windows\\system32\\cmd.exe /c powershell -command \""Get-Service \""seg206\"" | select -Expand DisplayName |out-file -append tmp_payload.txt\""""},{""@Name"":""ServiceType"",""#text"":""user mode service""},{""@Name"":""StartType"",""#text"":""demand start""},{""@Name"":""AccountName"",""#text"":""LocalSystem""}]}}"
615,9922,2021-11-03 08:20:13.5331915,7009,Error,Service Control Manager,System,484,2368,FS03.offsec.lan,6,,,,,,,,,,,,False,"EVTX-to-MITRE-Attack\TA0002-Execution\T1569.002-Service execution\ID7000,7009,7045-Payload deployed via service - Tchopper.evtx","Audit success, classic",0,"{""EventData"":{""Data"":[{""@Name"":""param1"",""#text"":""30000""},{""@Name"":""param2"",""#text"":""9yWzBdDQoNCiAgICAgICAgJEVycm9yTGluZU51bWJlciA9ICRFcnJvclswXS5JbnZvY2F0aW9uSW5mby5zY3JpcHRsaW5lbnVtYmVyDQoNCiAgICAgICAgV3JpdGUtTG9nICRFUlJPUl9MT0cgIkNh""}],""Binary"":""73-00-65-00-67-00-32-00-30-00-36-00-00-00""}}"
616,9923,2021-11-03 08:20:13.5331915,7000,Error,Service Control Manager,System,484,2368,FS03.offsec.lan,6,,,,,,,,,,,,False,"EVTX-to-MITRE-Attack\TA0002-Execution\T1569.002-Service execution\ID7000,7009,7045-Payload deployed via service - Tchopper.evtx","Audit success, classic",0,"{""EventData"":{""Data"":[{""@Name"":""param1"",""#text"":""9yWzBdDQoNCiAgICAgICAgJEVycm9yTGluZU51bWJlciA9ICRFcnJvclswXS5JbnZvY2F0aW9uSW5mby5zY3JpcHRsaW5lbnVtYmVyDQoNCiAgICAgICAgV3JpdGUtTG9nICRFUlJPUl9MT0cgIkNh""},{""@Name"":""param2"",""#text"":""%%1053""}],""Binary"":""73-00-65-00-67-00-32-00-30-00-36-00-00-00""}}"
617,9924,2021-11-03 08:20:14.6147287,7045,Info,Service Control Manager,System,484,2368,FS03.offsec.lan,6,S-1-5-21-4230534742-2542757381-3142984815-1111,A new service was installed in the system,,,Name: dWdodCBvbiBsaW5lIG51bWJlcjogJEVycm9yTGluZU51bWJlciINCg0KICAgICAgICBleGl0DQoNCiAgICB9DQp9DQoNCg0KIyMjIyMjIyMjIyMjIyMjIyMjIyMjIyMjIyMjIyMjIyMjIyMjIyMjIy,StartType: demand start,Account: LocalSystem,,,,"c:\windows\system32\cmd.exe /c powershell -command ""Get-Service ""seg207"" | select -Expand DisplayName |out-file -append tmp_payload.txt""",False,"EVTX-to-MITRE-Attack\TA0002-Execution\T1569.002-Service execution\ID7000,7009,7045-Payload deployed via service - Tchopper.evtx","Audit success, classic",0,"{""EventData"":{""Data"":[{""@Name"":""ServiceName"",""#text"":""dWdodCBvbiBsaW5lIG51bWJlcjogJEVycm9yTGluZU51bWJlciINCg0KICAgICAgICBleGl0DQoNCiAgICB9DQp9DQoNCg0KIyMjIyMjIyMjIyMjIyMjIyMjIyMjIyMjIyMjIyMjIyMjIyMjIyMjIy""},{""@Name"":""ImagePath"",""#text"":""c:\\windows\\system32\\cmd.exe /c powershell -command \""Get-Service \""seg207\"" | select -Expand DisplayName |out-file -append tmp_payload.txt\""""},{""@Name"":""ServiceType"",""#text"":""user mode service""},{""@Name"":""StartType"",""#text"":""demand start""},{""@Name"":""AccountName"",""#text"":""LocalSystem""}]}}"
618,9925,2021-11-03 08:20:15.0365955,7009,Error,Service Control Manager,System,484,2368,FS03.offsec.lan,6,,,,,,,,,,,,False,"EVTX-to-MITRE-Attack\TA0002-Execution\T1569.002-Service execution\ID7000,7009,7045-Payload deployed via service - Tchopper.evtx","Audit success, classic",0,"{""EventData"":{""Data"":[{""@Name"":""param1"",""#text"":""30000""},{""@Name"":""param2"",""#text"":""dWdodCBvbiBsaW5lIG51bWJlcjogJEVycm9yTGluZU51bWJlciINCg0KICAgICAgICBleGl0DQoNCiAgICB9DQp9DQoNCg0KIyMjIyMjIyMjIyMjIyMjIyMjIyMjIyMjIyMjIyMjIyMjIyMjIyMjIy""}],""Binary"":""73-00-65-00-67-00-32-00-30-00-37-00-00-00""}}"
619,9926,2021-11-03 08:20:15.0365955,7000,Error,Service Control Manager,System,484,2368,FS03.offsec.lan,6,,,,,,,,,,,,False,"EVTX-to-MITRE-Attack\TA0002-Execution\T1569.002-Service execution\ID7000,7009,7045-Payload deployed via service - Tchopper.evtx","Audit success, classic",0,"{""EventData"":{""Data"":[{""@Name"":""param1"",""#text"":""dWdodCBvbiBsaW5lIG51bWJlcjogJEVycm9yTGluZU51bWJlciINCg0KICAgICAgICBleGl0DQoNCiAgICB9DQp9DQoNCg0KIyMjIyMjIyMjIyMjIyMjIyMjIyMjIyMjIyMjIyMjIyMjIyMjIyMjIy""},{""@Name"":""param2"",""#text"":""%%1053""}],""Binary"":""73-00-65-00-67-00-32-00-30-00-37-00-00-00""}}"
620,9927,2021-11-03 08:20:16.1153816,7045,Info,Service Control Manager,System,484,2368,FS03.offsec.lan,6,S-1-5-21-4230534742-2542757381-3142984815-1111,A new service was installed in the system,,,Name: MjIyMjIyMjIyMjIyMjIyMjIyMjIyMjIyMjIyMjIyMjIyMjIyMjIyMjIyMjIyMjIyMNCiNGdW5jdGlvbiB3aWxsIGdldCB0aGUgbGlzdCBvZiBjb21wdXRlcnMgYmFzZWQgb24gdGhlIHVzZXJzIHNl,StartType: demand start,Account: LocalSystem,,,,"c:\windows\system32\cmd.exe /c powershell -command ""Get-Service ""seg208"" | select -Expand DisplayName |out-file -append tmp_payload.txt""",False,"EVTX-to-MITRE-Attack\TA0002-Execution\T1569.002-Service execution\ID7000,7009,7045-Payload deployed via service - Tchopper.evtx","Audit success, classic",0,"{""EventData"":{""Data"":[{""@Name"":""ServiceName"",""#text"":""MjIyMjIyMjIyMjIyMjIyMjIyMjIyMjIyMjIyMjIyMjIyMjIyMjIyMjIyMjIyMjIyMNCiNGdW5jdGlvbiB3aWxsIGdldCB0aGUgbGlzdCBvZiBjb21wdXRlcnMgYmFzZWQgb24gdGhlIHVzZXJzIHNl""},{""@Name"":""ImagePath"",""#text"":""c:\\windows\\system32\\cmd.exe /c powershell -command \""Get-Service \""seg208\"" | select -Expand DisplayName |out-file -append tmp_payload.txt\""""},{""@Name"":""ServiceType"",""#text"":""user mode service""},{""@Name"":""StartType"",""#text"":""demand start""},{""@Name"":""AccountName"",""#text"":""LocalSystem""}]}}"
621,9928,2021-11-03 08:20:16.4903895,7009,Error,Service Control Manager,System,484,2368,FS03.offsec.lan,6,,,,,,,,,,,,False,"EVTX-to-MITRE-Attack\TA0002-Execution\T1569.002-Service execution\ID7000,7009,7045-Payload deployed via service - Tchopper.evtx","Audit success, classic",0,"{""EventData"":{""Data"":[{""@Name"":""param1"",""#text"":""30000""},{""@Name"":""param2"",""#text"":""MjIyMjIyMjIyMjIyMjIyMjIyMjIyMjIyMjIyMjIyMjIyMjIyMjIyMjIyMjIyMjIyMNCiNGdW5jdGlvbiB3aWxsIGdldCB0aGUgbGlzdCBvZiBjb21wdXRlcnMgYmFzZWQgb24gdGhlIHVzZXJzIHNl""}],""Binary"":""73-00-65-00-67-00-32-00-30-00-38-00-00-00""}}"
622,9929,2021-11-03 08:20:16.4903895,7000,Error,Service Control Manager,System,484,2368,FS03.offsec.lan,6,,,,,,,,,,,,False,"EVTX-to-MITRE-Attack\TA0002-Execution\T1569.002-Service execution\ID7000,7009,7045-Payload deployed via service - Tchopper.evtx","Audit success, classic",0,"{""EventData"":{""Data"":[{""@Name"":""param1"",""#text"":""MjIyMjIyMjIyMjIyMjIyMjIyMjIyMjIyMjIyMjIyMjIyMjIyMjIyMjIyMjIyMjIyMNCiNGdW5jdGlvbiB3aWxsIGdldCB0aGUgbGlzdCBvZiBjb21wdXRlcnMgYmFzZWQgb24gdGhlIHVzZXJzIHNl""},{""@Name"":""param2"",""#text"":""%%1053""}],""Binary"":""73-00-65-00-67-00-32-00-30-00-38-00-00-00""}}"
623,9930,2021-11-03 08:20:17.5561216,7045,Info,Service Control Manager,System,484,2368,FS03.offsec.lan,6,S-1-5-21-4230534742-2542757381-3142984815-1111,A new service was installed in the system,,,Name: bGVjdGVkIGxpc3QgdHlwZQ0KDQojQHBhcmFtICRDb21wdXRlckxpc3RUeXBlICAgLT4gVGhlIHR5cGUgb2YgY29tcHV0ZXIgbGlzdCAgIA0KDQojIyMjIyMjIyMjIyMjIyMjIyMjIyMjIyMjIyMjIy,StartType: demand start,Account: LocalSystem,,,,"c:\windows\system32\cmd.exe /c powershell -command ""Get-Service ""seg209"" | select -Expand DisplayName |out-file -append tmp_payload.txt""",False,"EVTX-to-MITRE-Attack\TA0002-Execution\T1569.002-Service execution\ID7000,7009,7045-Payload deployed via service - Tchopper.evtx","Audit success, classic",0,"{""EventData"":{""Data"":[{""@Name"":""ServiceName"",""#text"":""bGVjdGVkIGxpc3QgdHlwZQ0KDQojQHBhcmFtICRDb21wdXRlckxpc3RUeXBlICAgLT4gVGhlIHR5cGUgb2YgY29tcHV0ZXIgbGlzdCAgIA0KDQojIyMjIyMjIyMjIyMjIyMjIyMjIyMjIyMjIyMjIy""},{""@Name"":""ImagePath"",""#text"":""c:\\windows\\system32\\cmd.exe /c powershell -command \""Get-Service \""seg209\"" | select -Expand DisplayName |out-file -append tmp_payload.txt\""""},{""@Name"":""ServiceType"",""#text"":""user mode service""},{""@Name"":""StartType"",""#text"":""demand start""},{""@Name"":""AccountName"",""#text"":""LocalSystem""}]}}"
624,9931,2021-11-03 08:20:17.9467496,7009,Error,Service Control Manager,System,484,2368,FS03.offsec.lan,6,,,,,,,,,,,,False,"EVTX-to-MITRE-Attack\TA0002-Execution\T1569.002-Service execution\ID7000,7009,7045-Payload deployed via service - Tchopper.evtx","Audit success, classic",0,"{""EventData"":{""Data"":[{""@Name"":""param1"",""#text"":""30000""},{""@Name"":""param2"",""#text"":""bGVjdGVkIGxpc3QgdHlwZQ0KDQojQHBhcmFtICRDb21wdXRlckxpc3RUeXBlICAgLT4gVGhlIHR5cGUgb2YgY29tcHV0ZXIgbGlzdCAgIA0KDQojIyMjIyMjIyMjIyMjIyMjIyMjIyMjIyMjIyMjIy""}],""Binary"":""73-00-65-00-67-00-32-00-30-00-39-00-00-00""}}"
625,9932,2021-11-03 08:20:17.9467496,7000,Error,Service Control Manager,System,484,2368,FS03.offsec.lan,6,,,,,,,,,,,,False,"EVTX-to-MITRE-Attack\TA0002-Execution\T1569.002-Service execution\ID7000,7009,7045-Payload deployed via service - Tchopper.evtx","Audit success, classic",0,"{""EventData"":{""Data"":[{""@Name"":""param1"",""#text"":""bGVjdGVkIGxpc3QgdHlwZQ0KDQojQHBhcmFtICRDb21wdXRlckxpc3RUeXBlICAgLT4gVGhlIHR5cGUgb2YgY29tcHV0ZXIgbGlzdCAgIA0KDQojIyMjIyMjIyMjIyMjIyMjIyMjIyMjIyMjIyMjIy""},{""@Name"":""param2"",""#text"":""%%1053""}],""Binary"":""73-00-65-00-67-00-32-00-30-00-39-00-00-00""}}"
626,9933,2021-11-03 08:20:19.0337152,7045,Info,Service Control Manager,System,484,3168,FS03.offsec.lan,6,S-1-5-21-4230534742-2542757381-3142984815-1111,A new service was installed in the system,,,Name: MjIyMjIyMjIyMjIyMjIyMjIyMjIyMjIyMjIyMjIyMjIyMjIyMjIyMjIyMjIyMjIyMjIyMjIyMjIyMjIw0KDQpmdW5jdGlvbiBHZXQtQ29tcHV0ZXJMaXN0IHsgcGFyYW0oJENvbXB1dGVyTGlzdFR5,StartType: demand start,Account: LocalSystem,,,,"c:\windows\system32\cmd.exe /c powershell -command ""Get-Service ""seg210"" | select -Expand DisplayName |out-file -append tmp_payload.txt""",False,"EVTX-to-MITRE-Attack\TA0002-Execution\T1569.002-Service execution\ID7000,7009,7045-Payload deployed via service - Tchopper.evtx","Audit success, classic",0,"{""EventData"":{""Data"":[{""@Name"":""ServiceName"",""#text"":""MjIyMjIyMjIyMjIyMjIyMjIyMjIyMjIyMjIyMjIyMjIyMjIyMjIyMjIyMjIyMjIyMjIyMjIyMjIyMjIw0KDQpmdW5jdGlvbiBHZXQtQ29tcHV0ZXJMaXN0IHsgcGFyYW0oJENvbXB1dGVyTGlzdFR5""},{""@Name"":""ImagePath"",""#text"":""c:\\windows\\system32\\cmd.exe /c powershell -command \""Get-Service \""seg210\"" | select -Expand DisplayName |out-file -append tmp_payload.txt\""""},{""@Name"":""ServiceType"",""#text"":""user mode service""},{""@Name"":""StartType"",""#text"":""demand start""},{""@Name"":""AccountName"",""#text"":""LocalSystem""}]}}"
627,9934,2021-11-03 08:20:19.4087031,7009,Error,Service Control Manager,System,484,3168,FS03.offsec.lan,6,,,,,,,,,,,,False,"EVTX-to-MITRE-Attack\TA0002-Execution\T1569.002-Service execution\ID7000,7009,7045-Payload deployed via service - Tchopper.evtx","Audit success, classic",0,"{""EventData"":{""Data"":[{""@Name"":""param1"",""#text"":""30000""},{""@Name"":""param2"",""#text"":""MjIyMjIyMjIyMjIyMjIyMjIyMjIyMjIyMjIyMjIyMjIyMjIyMjIyMjIyMjIyMjIyMjIyMjIyMjIyMjIw0KDQpmdW5jdGlvbiBHZXQtQ29tcHV0ZXJMaXN0IHsgcGFyYW0oJENvbXB1dGVyTGlzdFR5""}],""Binary"":""73-00-65-00-67-00-32-00-31-00-30-00-00-00""}}"
628,9935,2021-11-03 08:20:19.4087031,7000,Error,Service Control Manager,System,484,3168,FS03.offsec.lan,6,,,,,,,,,,,,False,"EVTX-to-MITRE-Attack\TA0002-Execution\T1569.002-Service execution\ID7000,7009,7045-Payload deployed via service - Tchopper.evtx","Audit success, classic",0,"{""EventData"":{""Data"":[{""@Name"":""param1"",""#text"":""MjIyMjIyMjIyMjIyMjIyMjIyMjIyMjIyMjIyMjIyMjIyMjIyMjIyMjIyMjIyMjIyMjIyMjIyMjIyMjIw0KDQpmdW5jdGlvbiBHZXQtQ29tcHV0ZXJMaXN0IHsgcGFyYW0oJENvbXB1dGVyTGlzdFR5""},{""@Name"":""param2"",""#text"":""%%1053""}],""Binary"":""73-00-65-00-67-00-32-00-31-00-30-00-00-00""}}"
629,9936,2021-11-03 08:20:20.4868302,7045,Info,Service Control Manager,System,484,3168,FS03.offsec.lan,6,S-1-5-21-4230534742-2542757381-3142984815-1111,A new service was installed in the system,,,Name: cGUpDQoNCg0KICAgIHRyeSB7DQoNCiAgICAgICAgJENvbXB1dGVyTGlzdCA9IEB7fTsNCg0KICAgICAgICBzd2l0Y2goJENvbXB1dGVyTGlzdFR5cGUpIHsNCg0KICAgICAgICAgICAgJERPTUFJTl,StartType: demand start,Account: LocalSystem,,,,"c:\windows\system32\cmd.exe /c powershell -command ""Get-Service ""seg211"" | select -Expand DisplayName |out-file -append tmp_payload.txt""",False,"EVTX-to-MITRE-Attack\TA0002-Execution\T1569.002-Service execution\ID7000,7009,7045-Payload deployed via service - Tchopper.evtx","Audit success, classic",0,"{""EventData"":{""Data"":[{""@Name"":""ServiceName"",""#text"":""cGUpDQoNCg0KICAgIHRyeSB7DQoNCiAgICAgICAgJENvbXB1dGVyTGlzdCA9IEB7fTsNCg0KICAgICAgICBzd2l0Y2goJENvbXB1dGVyTGlzdFR5cGUpIHsNCg0KICAgICAgICAgICAgJERPTUFJTl""},{""@Name"":""ImagePath"",""#text"":""c:\\windows\\system32\\cmd.exe /c powershell -command \""Get-Service \""seg211\"" | select -Expand DisplayName |out-file -append tmp_payload.txt\""""},{""@Name"":""ServiceType"",""#text"":""user mode service""},{""@Name"":""StartType"",""#text"":""demand start""},{""@Name"":""AccountName"",""#text"":""LocalSystem""}]}}"
630,9937,2021-11-03 08:20:21.0180909,7009,Error,Service Control Manager,System,484,3168,FS03.offsec.lan,6,,,,,,,,,,,,False,"EVTX-to-MITRE-Attack\TA0002-Execution\T1569.002-Service execution\ID7000,7009,7045-Payload deployed via service - Tchopper.evtx","Audit success, classic",0,"{""EventData"":{""Data"":[{""@Name"":""param1"",""#text"":""30000""},{""@Name"":""param2"",""#text"":""cGUpDQoNCg0KICAgIHRyeSB7DQoNCiAgICAgICAgJENvbXB1dGVyTGlzdCA9IEB7fTsNCg0KICAgICAgICBzd2l0Y2goJENvbXB1dGVyTGlzdFR5cGUpIHsNCg0KICAgICAgICAgICAgJERPTUFJTl""}],""Binary"":""73-00-65-00-67-00-32-00-31-00-31-00-00-00""}}"
631,9938,2021-11-03 08:20:21.0180909,7000,Error,Service Control Manager,System,484,3168,FS03.offsec.lan,6,,,,,,,,,,,,False,"EVTX-to-MITRE-Attack\TA0002-Execution\T1569.002-Service execution\ID7000,7009,7045-Payload deployed via service - Tchopper.evtx","Audit success, classic",0,"{""EventData"":{""Data"":[{""@Name"":""param1"",""#text"":""cGUpDQoNCg0KICAgIHRyeSB7DQoNCiAgICAgICAgJENvbXB1dGVyTGlzdCA9IEB7fTsNCg0KICAgICAgICBzd2l0Y2goJENvbXB1dGVyTGlzdFR5cGUpIHsNCg0KICAgICAgICAgICAgJERPTUFJTl""},{""@Name"":""param2"",""#text"":""%%1053""}],""Binary"":""73-00-65-00-67-00-32-00-31-00-31-00-00-00""}}"
632,9939,2021-11-03 08:20:22.0805909,7045,Info,Service Control Manager,System,484,3168,FS03.offsec.lan,6,S-1-5-21-4230534742-2542757381-3142984815-1111,A new service was installed in the system,,,Name: 9PUFQgew0KICAgICAgICAgICAgDQogICAgICAgICAgICAgICAgJEdldEFEQ29tcHV0ZXJMaXN0ID0gR2V0LUFEQ29tcHV0ZXIgLUNyZWRlbnRpYWwgJEdsb2JhbDpDcmVkIC1GaWx0ZXIge2VuYWJs,StartType: demand start,Account: LocalSystem,,,,"c:\windows\system32\cmd.exe /c powershell -command ""Get-Service ""seg212"" | select -Expand DisplayName |out-file -append tmp_payload.txt""",False,"EVTX-to-MITRE-Attack\TA0002-Execution\T1569.002-Service execution\ID7000,7009,7045-Payload deployed via service - Tchopper.evtx","Audit success, classic",0,"{""EventData"":{""Data"":[{""@Name"":""ServiceName"",""#text"":""9PUFQgew0KICAgICAgICAgICAgDQogICAgICAgICAgICAgICAgJEdldEFEQ29tcHV0ZXJMaXN0ID0gR2V0LUFEQ29tcHV0ZXIgLUNyZWRlbnRpYWwgJEdsb2JhbDpDcmVkIC1GaWx0ZXIge2VuYWJs""},{""@Name"":""ImagePath"",""#text"":""c:\\windows\\system32\\cmd.exe /c powershell -command \""Get-Service \""seg212\"" | select -Expand DisplayName |out-file -append tmp_payload.txt\""""},{""@Name"":""ServiceType"",""#text"":""user mode service""},{""@Name"":""StartType"",""#text"":""demand start""},{""@Name"":""AccountName"",""#text"":""LocalSystem""}]}}"
633,9940,2021-11-03 08:20:22.4555863,7009,Error,Service Control Manager,System,484,3168,FS03.offsec.lan,6,,,,,,,,,,,,False,"EVTX-to-MITRE-Attack\TA0002-Execution\T1569.002-Service execution\ID7000,7009,7045-Payload deployed via service - Tchopper.evtx","Audit success, classic",0,"{""EventData"":{""Data"":[{""@Name"":""param1"",""#text"":""30000""},{""@Name"":""param2"",""#text"":""9PUFQgew0KICAgICAgICAgICAgDQogICAgICAgICAgICAgICAgJEdldEFEQ29tcHV0ZXJMaXN0ID0gR2V0LUFEQ29tcHV0ZXIgLUNyZWRlbnRpYWwgJEdsb2JhbDpDcmVkIC1GaWx0ZXIge2VuYWJs""}],""Binary"":""73-00-65-00-67-00-32-00-31-00-32-00-00-00""}}"
634,9941,2021-11-03 08:20:22.4555863,7000,Error,Service Control Manager,System,484,3168,FS03.offsec.lan,6,,,,,,,,,,,,False,"EVTX-to-MITRE-Attack\TA0002-Execution\T1569.002-Service execution\ID7000,7009,7045-Payload deployed via service - Tchopper.evtx","Audit success, classic",0,"{""EventData"":{""Data"":[{""@Name"":""param1"",""#text"":""9PUFQgew0KICAgICAgICAgICAgDQogICAgICAgICAgICAgICAgJEdldEFEQ29tcHV0ZXJMaXN0ID0gR2V0LUFEQ29tcHV0ZXIgLUNyZWRlbnRpYWwgJEdsb2JhbDpDcmVkIC1GaWx0ZXIge2VuYWJs""},{""@Name"":""param2"",""#text"":""%%1053""}],""Binary"":""73-00-65-00-67-00-32-00-31-00-32-00-00-00""}}"
635,9942,2021-11-03 08:20:23.5337255,7045,Info,Service Control Manager,System,484,3168,FS03.offsec.lan,6,S-1-5-21-4230534742-2542757381-3142984815-1111,A new service was installed in the system,,,Name: ZWQgLWVxICJ0cnVlIn0gLVByb3BlcnRpZXMgT3BlcmF0aW5nU3lzdGVtIHwgU2VsZWN0IEROU0hvc3RuYW1lLCBPcGVyYXRpbmdTeXN0ZW0NCiAgICAgICAgICAgICAgICANCiAgICAgICAgICAgIC,StartType: demand start,Account: LocalSystem,,,,"c:\windows\system32\cmd.exe /c powershell -command ""Get-Service ""seg213"" | select -Expand DisplayName |out-file -append tmp_payload.txt""",False,"EVTX-to-MITRE-Attack\TA0002-Execution\T1569.002-Service execution\ID7000,7009,7045-Payload deployed via service - Tchopper.evtx","Audit success, classic",0,"{""EventData"":{""Data"":[{""@Name"":""ServiceName"",""#text"":""ZWQgLWVxICJ0cnVlIn0gLVByb3BlcnRpZXMgT3BlcmF0aW5nU3lzdGVtIHwgU2VsZWN0IEROU0hvc3RuYW1lLCBPcGVyYXRpbmdTeXN0ZW0NCiAgICAgICAgICAgICAgICANCiAgICAgICAgICAgIC""},{""@Name"":""ImagePath"",""#text"":""c:\\windows\\system32\\cmd.exe /c powershell -command \""Get-Service \""seg213\"" | select -Expand DisplayName |out-file -append tmp_payload.txt\""""},{""@Name"":""ServiceType"",""#text"":""user mode service""},{""@Name"":""StartType"",""#text"":""demand start""},{""@Name"":""AccountName"",""#text"":""LocalSystem""}]}}"
636,9943,2021-11-03 08:20:23.9087087,7009,Error,Service Control Manager,System,484,3168,FS03.offsec.lan,6,,,,,,,,,,,,False,"EVTX-to-MITRE-Attack\TA0002-Execution\T1569.002-Service execution\ID7000,7009,7045-Payload deployed via service - Tchopper.evtx","Audit success, classic",0,"{""EventData"":{""Data"":[{""@Name"":""param1"",""#text"":""30000""},{""@Name"":""param2"",""#text"":""ZWQgLWVxICJ0cnVlIn0gLVByb3BlcnRpZXMgT3BlcmF0aW5nU3lzdGVtIHwgU2VsZWN0IEROU0hvc3RuYW1lLCBPcGVyYXRpbmdTeXN0ZW0NCiAgICAgICAgICAgICAgICANCiAgICAgICAgICAgIC""}],""Binary"":""73-00-65-00-67-00-32-00-31-00-33-00-00-00""}}"
637,9944,2021-11-03 08:20:23.9087087,7000,Error,Service Control Manager,System,484,3168,FS03.offsec.lan,6,,,,,,,,,,,,False,"EVTX-to-MITRE-Attack\TA0002-Execution\T1569.002-Service execution\ID7000,7009,7045-Payload deployed via service - Tchopper.evtx","Audit success, classic",0,"{""EventData"":{""Data"":[{""@Name"":""param1"",""#text"":""ZWQgLWVxICJ0cnVlIn0gLVByb3BlcnRpZXMgT3BlcmF0aW5nU3lzdGVtIHwgU2VsZWN0IEROU0hvc3RuYW1lLCBPcGVyYXRpbmdTeXN0ZW0NCiAgICAgICAgICAgICAgICANCiAgICAgICAgICAgIC""},{""@Name"":""param2"",""#text"":""%%1053""}],""Binary"":""73-00-65-00-67-00-32-00-31-00-33-00-00-00""}}"
638,9945,2021-11-03 08:20:24.9762303,7045,Info,Service Control Manager,System,484,3168,FS03.offsec.lan,6,S-1-5-21-4230534742-2542757381-3142984815-1111,A new service was installed in the system,,,Name: AgICAkQ29tcHV0ZXJMaXN0ID0gJEdldEFEQ29tcHV0ZXJMaXN0LkROU0hvc3ROYW1lDQoNCiAgICAgICAgICAgICAgICBicmVhaw0KICAgICAgICAgICAgICAgIA0KICAgICAgICAgICAgfSANCiAg,StartType: demand start,Account: LocalSystem,,,,"c:\windows\system32\cmd.exe /c powershell -command ""Get-Service ""seg214"" | select -Expand DisplayName |out-file -append tmp_payload.txt""",False,"EVTX-to-MITRE-Attack\TA0002-Execution\T1569.002-Service execution\ID7000,7009,7045-Payload deployed via service - Tchopper.evtx","Audit success, classic",0,"{""EventData"":{""Data"":[{""@Name"":""ServiceName"",""#text"":""AgICAkQ29tcHV0ZXJMaXN0ID0gJEdldEFEQ29tcHV0ZXJMaXN0LkROU0hvc3ROYW1lDQoNCiAgICAgICAgICAgICAgICBicmVhaw0KICAgICAgICAgICAgICAgIA0KICAgICAgICAgICAgfSANCiAg""},{""@Name"":""ImagePath"",""#text"":""c:\\windows\\system32\\cmd.exe /c powershell -command \""Get-Service \""seg214\"" | select -Expand DisplayName |out-file -append tmp_payload.txt\""""},{""@Name"":""ServiceType"",""#text"":""user mode service""},{""@Name"":""StartType"",""#text"":""demand start""},{""@Name"":""AccountName"",""#text"":""LocalSystem""}]}}"
639,9946,2021-11-03 08:20:25.3512209,7009,Error,Service Control Manager,System,484,3168,FS03.offsec.lan,6,,,,,,,,,,,,False,"EVTX-to-MITRE-Attack\TA0002-Execution\T1569.002-Service execution\ID7000,7009,7045-Payload deployed via service - Tchopper.evtx","Audit success, classic",0,"{""EventData"":{""Data"":[{""@Name"":""param1"",""#text"":""30000""},{""@Name"":""param2"",""#text"":""AgICAkQ29tcHV0ZXJMaXN0ID0gJEdldEFEQ29tcHV0ZXJMaXN0LkROU0hvc3ROYW1lDQoNCiAgICAgICAgICAgICAgICBicmVhaw0KICAgICAgICAgICAgICAgIA0KICAgICAgICAgICAgfSANCiAg""}],""Binary"":""73-00-65-00-67-00-32-00-31-00-34-00-00-00""}}"
640,9947,2021-11-03 08:20:25.3512209,7000,Error,Service Control Manager,System,484,3168,FS03.offsec.lan,6,,,,,,,,,,,,False,"EVTX-to-MITRE-Attack\TA0002-Execution\T1569.002-Service execution\ID7000,7009,7045-Payload deployed via service - Tchopper.evtx","Audit success, classic",0,"{""EventData"":{""Data"":[{""@Name"":""param1"",""#text"":""AgICAkQ29tcHV0ZXJMaXN0ID0gJEdldEFEQ29tcHV0ZXJMaXN0LkROU0hvc3ROYW1lDQoNCiAgICAgICAgICAgICAgICBicmVhaw0KICAgICAgICAgICAgICAgIA0KICAgICAgICAgICAgfSANCiAg""},{""@Name"":""param2"",""#text"":""%%1053""}],""Binary"":""73-00-65-00-67-00-32-00-31-00-34-00-00-00""}}"
641,9948,2021-11-03 08:20:26.4236527,7045,Info,Service Control Manager,System,484,3168,FS03.offsec.lan,6,S-1-5-21-4230534742-2542757381-3142984815-1111,A new service was installed in the system,,,Name: ICAgICAgIA0KICAgICAgICAgICAgJEZJTEVfT1BUIHsNCiAgICAgICAgICAgICAgICANCiAgICAgICAgICAgICAgICAkQ29tcHV0ZXJMaXN0ID0gR2V0LUZpbGVOYW1lICJEZXNrdG9wIiANCiAgIC,StartType: demand start,Account: LocalSystem,,,,"c:\windows\system32\cmd.exe /c powershell -command ""Get-Service ""seg215"" | select -Expand DisplayName |out-file -append tmp_payload.txt""",False,"EVTX-to-MITRE-Attack\TA0002-Execution\T1569.002-Service execution\ID7000,7009,7045-Payload deployed via service - Tchopper.evtx","Audit success, classic",0,"{""EventData"":{""Data"":[{""@Name"":""ServiceName"",""#text"":""ICAgICAgIA0KICAgICAgICAgICAgJEZJTEVfT1BUIHsNCiAgICAgICAgICAgICAgICANCiAgICAgICAgICAgICAgICAkQ29tcHV0ZXJMaXN0ID0gR2V0LUZpbGVOYW1lICJEZXNrdG9wIiANCiAgIC""},{""@Name"":""ImagePath"",""#text"":""c:\\windows\\system32\\cmd.exe /c powershell -command \""Get-Service \""seg215\"" | select -Expand DisplayName |out-file -append tmp_payload.txt\""""},{""@Name"":""ServiceType"",""#text"":""user mode service""},{""@Name"":""StartType"",""#text"":""demand start""},{""@Name"":""AccountName"",""#text"":""LocalSystem""}]}}"
642,9949,2021-11-03 08:20:26.7986247,7009,Error,Service Control Manager,System,484,3168,FS03.offsec.lan,6,,,,,,,,,,,,False,"EVTX-to-MITRE-Attack\TA0002-Execution\T1569.002-Service execution\ID7000,7009,7045-Payload deployed via service - Tchopper.evtx","Audit success, classic",0,"{""EventData"":{""Data"":[{""@Name"":""param1"",""#text"":""30000""},{""@Name"":""param2"",""#text"":""ICAgICAgIA0KICAgICAgICAgICAgJEZJTEVfT1BUIHsNCiAgICAgICAgICAgICAgICANCiAgICAgICAgICAgICAgICAkQ29tcHV0ZXJMaXN0ID0gR2V0LUZpbGVOYW1lICJEZXNrdG9wIiANCiAgIC""}],""Binary"":""73-00-65-00-67-00-32-00-31-00-35-00-00-00""}}"
643,9950,2021-11-03 08:20:26.7986247,7000,Error,Service Control Manager,System,484,3168,FS03.offsec.lan,6,,,,,,,,,,,,False,"EVTX-to-MITRE-Attack\TA0002-Execution\T1569.002-Service execution\ID7000,7009,7045-Payload deployed via service - Tchopper.evtx","Audit success, classic",0,"{""EventData"":{""Data"":[{""@Name"":""param1"",""#text"":""ICAgICAgIA0KICAgICAgICAgICAgJEZJTEVfT1BUIHsNCiAgICAgICAgICAgICAgICANCiAgICAgICAgICAgICAgICAkQ29tcHV0ZXJMaXN0ID0gR2V0LUZpbGVOYW1lICJEZXNrdG9wIiANCiAgIC""},{""@Name"":""param2"",""#text"":""%%1053""}],""Binary"":""73-00-65-00-67-00-32-00-31-00-35-00-00-00""}}"
644,9951,2021-11-03 08:20:27.8683252,7045,Info,Service Control Manager,System,484,3168,FS03.offsec.lan,6,S-1-5-21-4230534742-2542757381-3142984815-1111,A new service was installed in the system,,,Name: AgICAgICAgICAgICAkQ29tcHV0ZXJMaXN0ID0gR2V0LUNvbnRlbnQgJENvbXB1dGVyTGlzdA0KDQogICAgICAgICAgICAgICAgYnJlYWsNCiAgICAgICAgICAgIH0NCg0KICAgICAgICAgICAgJExP,StartType: demand start,Account: LocalSystem,,,,"c:\windows\system32\cmd.exe /c powershell -command ""Get-Service ""seg216"" | select -Expand DisplayName |out-file -append tmp_payload.txt""",False,"EVTX-to-MITRE-Attack\TA0002-Execution\T1569.002-Service execution\ID7000,7009,7045-Payload deployed via service - Tchopper.evtx","Audit success, classic",0,"{""EventData"":{""Data"":[{""@Name"":""ServiceName"",""#text"":""AgICAgICAgICAgICAkQ29tcHV0ZXJMaXN0ID0gR2V0LUNvbnRlbnQgJENvbXB1dGVyTGlzdA0KDQogICAgICAgICAgICAgICAgYnJlYWsNCiAgICAgICAgICAgIH0NCg0KICAgICAgICAgICAgJExP""},{""@Name"":""ImagePath"",""#text"":""c:\\windows\\system32\\cmd.exe /c powershell -command \""Get-Service \""seg216\"" | select -Expand DisplayName |out-file -append tmp_payload.txt\""""},{""@Name"":""ServiceType"",""#text"":""user mode service""},{""@Name"":""StartType"",""#text"":""demand start""},{""@Name"":""AccountName"",""#text"":""LocalSystem""}]}}"
645,9952,2021-11-03 08:20:28.2433299,7009,Error,Service Control Manager,System,484,3168,FS03.offsec.lan,6,,,,,,,,,,,,False,"EVTX-to-MITRE-Attack\TA0002-Execution\T1569.002-Service execution\ID7000,7009,7045-Payload deployed via service - Tchopper.evtx","Audit success, classic",0,"{""EventData"":{""Data"":[{""@Name"":""param1"",""#text"":""30000""},{""@Name"":""param2"",""#text"":""AgICAgICAgICAgICAkQ29tcHV0ZXJMaXN0ID0gR2V0LUNvbnRlbnQgJENvbXB1dGVyTGlzdA0KDQogICAgICAgICAgICAgICAgYnJlYWsNCiAgICAgICAgICAgIH0NCg0KICAgICAgICAgICAgJExP""}],""Binary"":""73-00-65-00-67-00-32-00-31-00-36-00-00-00""}}"
646,9953,2021-11-03 08:20:28.2433299,7000,Error,Service Control Manager,System,484,3168,FS03.offsec.lan,6,,,,,,,,,,,,False,"EVTX-to-MITRE-Attack\TA0002-Execution\T1569.002-Service execution\ID7000,7009,7045-Payload deployed via service - Tchopper.evtx","Audit success, classic",0,"{""EventData"":{""Data"":[{""@Name"":""param1"",""#text"":""AgICAgICAgICAgICAkQ29tcHV0ZXJMaXN0ID0gR2V0LUNvbnRlbnQgJENvbXB1dGVyTGlzdA0KDQogICAgICAgICAgICAgICAgYnJlYWsNCiAgICAgICAgICAgIH0NCg0KICAgICAgICAgICAgJExP""},{""@Name"":""param2"",""#text"":""%%1053""}],""Binary"":""73-00-65-00-67-00-32-00-31-00-36-00-00-00""}}"
647,9954,2021-11-03 08:20:29.3217184,7045,Info,Service Control Manager,System,484,3168,FS03.offsec.lan,6,S-1-5-21-4230534742-2542757381-3142984815-1111,A new service was installed in the system,,,Name: Q0FMSE9TVF9PUFQgew0KICAgICAgICAgICAgICAgIA0KICAgICAgICAgICAgICAgICRDb21wdXRlckxpc3QgPSAibG9jYWxob3N0Ig0KDQogICAgICAgICAgICAgICAgYnJlYWsNCiAgICAgICAgIC,StartType: demand start,Account: LocalSystem,,,,"c:\windows\system32\cmd.exe /c powershell -command ""Get-Service ""seg217"" | select -Expand DisplayName |out-file -append tmp_payload.txt""",False,"EVTX-to-MITRE-Attack\TA0002-Execution\T1569.002-Service execution\ID7000,7009,7045-Payload deployed via service - Tchopper.evtx","Audit success, classic",0,"{""EventData"":{""Data"":[{""@Name"":""ServiceName"",""#text"":""Q0FMSE9TVF9PUFQgew0KICAgICAgICAgICAgICAgIA0KICAgICAgICAgICAgICAgICRDb21wdXRlckxpc3QgPSAibG9jYWxob3N0Ig0KDQogICAgICAgICAgICAgICAgYnJlYWsNCiAgICAgICAgIC""},{""@Name"":""ImagePath"",""#text"":""c:\\windows\\system32\\cmd.exe /c powershell -command \""Get-Service \""seg217\"" | select -Expand DisplayName |out-file -append tmp_payload.txt\""""},{""@Name"":""ServiceType"",""#text"":""user mode service""},{""@Name"":""StartType"",""#text"":""demand start""},{""@Name"":""AccountName"",""#text"":""LocalSystem""}]}}"
648,9955,2021-11-03 08:20:29.7008303,7009,Error,Service Control Manager,System,484,3168,FS03.offsec.lan,6,,,,,,,,,,,,False,"EVTX-to-MITRE-Attack\TA0002-Execution\T1569.002-Service execution\ID7000,7009,7045-Payload deployed via service - Tchopper.evtx","Audit success, classic",0,"{""EventData"":{""Data"":[{""@Name"":""param1"",""#text"":""30000""},{""@Name"":""param2"",""#text"":""Q0FMSE9TVF9PUFQgew0KICAgICAgICAgICAgICAgIA0KICAgICAgICAgICAgICAgICRDb21wdXRlckxpc3QgPSAibG9jYWxob3N0Ig0KDQogICAgICAgICAgICAgICAgYnJlYWsNCiAgICAgICAgIC""}],""Binary"":""73-00-65-00-67-00-32-00-31-00-37-00-00-00""}}"
649,9956,2021-11-03 08:20:29.7008303,7000,Error,Service Control Manager,System,484,3168,FS03.offsec.lan,6,,,,,,,,,,,,False,"EVTX-to-MITRE-Attack\TA0002-Execution\T1569.002-Service execution\ID7000,7009,7045-Payload deployed via service - Tchopper.evtx","Audit success, classic",0,"{""EventData"":{""Data"":[{""@Name"":""param1"",""#text"":""Q0FMSE9TVF9PUFQgew0KICAgICAgICAgICAgICAgIA0KICAgICAgICAgICAgICAgICRDb21wdXRlckxpc3QgPSAibG9jYWxob3N0Ig0KDQogICAgICAgICAgICAgICAgYnJlYWsNCiAgICAgICAgIC""},{""@Name"":""param2"",""#text"":""%%1053""}],""Binary"":""73-00-65-00-67-00-32-00-31-00-37-00-00-00""}}"
650,9957,2021-11-03 08:20:30.7741498,7045,Info,Service Control Manager,System,484,2368,FS03.offsec.lan,6,S-1-5-21-4230534742-2542757381-3142984815-1111,A new service was installed in the system,,,Name: AgIH0gDQogICAgICAgIH0NCg0KICAgICAgICBSZXR1cm4gJENvbXB1dGVyTGlzdA0KDQogICAgfQ0KDQogICAgY2F0Y2ggew0KICAgIA0KICAgICAgICBXcml0ZS1Mb2cgJEVSUk9SX0xPRyAiVW5h,StartType: demand start,Account: LocalSystem,,,,"c:\windows\system32\cmd.exe /c powershell -command ""Get-Service ""seg218"" | select -Expand DisplayName |out-file -append tmp_payload.txt""",False,"EVTX-to-MITRE-Attack\TA0002-Execution\T1569.002-Service execution\ID7000,7009,7045-Payload deployed via service - Tchopper.evtx","Audit success, classic",0,"{""EventData"":{""Data"":[{""@Name"":""ServiceName"",""#text"":""AgIH0gDQogICAgICAgIH0NCg0KICAgICAgICBSZXR1cm4gJENvbXB1dGVyTGlzdA0KDQogICAgfQ0KDQogICAgY2F0Y2ggew0KICAgIA0KICAgICAgICBXcml0ZS1Mb2cgJEVSUk9SX0xPRyAiVW5h""},{""@Name"":""ImagePath"",""#text"":""c:\\windows\\system32\\cmd.exe /c powershell -command \""Get-Service \""seg218\"" | select -Expand DisplayName |out-file -append tmp_payload.txt\""""},{""@Name"":""ServiceType"",""#text"":""user mode service""},{""@Name"":""StartType"",""#text"":""demand start""},{""@Name"":""AccountName"",""#text"":""LocalSystem""}]}}"
651,9958,2021-11-03 08:20:31.1491493,7009,Error,Service Control Manager,System,484,2368,FS03.offsec.lan,6,,,,,,,,,,,,False,"EVTX-to-MITRE-Attack\TA0002-Execution\T1569.002-Service execution\ID7000,7009,7045-Payload deployed via service - Tchopper.evtx","Audit success, classic",0,"{""EventData"":{""Data"":[{""@Name"":""param1"",""#text"":""30000""},{""@Name"":""param2"",""#text"":""AgIH0gDQogICAgICAgIH0NCg0KICAgICAgICBSZXR1cm4gJENvbXB1dGVyTGlzdA0KDQogICAgfQ0KDQogICAgY2F0Y2ggew0KICAgIA0KICAgICAgICBXcml0ZS1Mb2cgJEVSUk9SX0xPRyAiVW5h""}],""Binary"":""73-00-65-00-67-00-32-00-31-00-38-00-00-00""}}"
652,9959,2021-11-03 08:20:31.1491493,7000,Error,Service Control Manager,System,484,2368,FS03.offsec.lan,6,,,,,,,,,,,,False,"EVTX-to-MITRE-Attack\TA0002-Execution\T1569.002-Service execution\ID7000,7009,7045-Payload deployed via service - Tchopper.evtx","Audit success, classic",0,"{""EventData"":{""Data"":[{""@Name"":""param1"",""#text"":""AgIH0gDQogICAgICAgIH0NCg0KICAgICAgICBSZXR1cm4gJENvbXB1dGVyTGlzdA0KDQogICAgfQ0KDQogICAgY2F0Y2ggew0KICAgIA0KICAgICAgICBXcml0ZS1Mb2cgJEVSUk9SX0xPRyAiVW5h""},{""@Name"":""param2"",""#text"":""%%1053""}],""Binary"":""73-00-65-00-67-00-32-00-31-00-38-00-00-00""}}"
653,9960,2021-11-03 08:20:32.2301353,7045,Info,Service Control Manager,System,484,2368,FS03.offsec.lan,6,S-1-5-21-4230534742-2542757381-3142984815-1111,A new service was installed in the system,,,Name: YmxlIHRvIGRldGVybWluZSBjb21wdXRlciBsaXN0Ig0KDQogICAgICAgIFdyaXRlLUxvZyAkRVJST1JfTE9HICRFcnJvclswXQ0KDQogICAgICAgICRFcnJvckxpbmVOdW1iZXIgPSAkRXJyb3JbMF,StartType: demand start,Account: LocalSystem,,,,"c:\windows\system32\cmd.exe /c powershell -command ""Get-Service ""seg219"" | select -Expand DisplayName |out-file -append tmp_payload.txt""",False,"EVTX-to-MITRE-Attack\TA0002-Execution\T1569.002-Service execution\ID7000,7009,7045-Payload deployed via service - Tchopper.evtx","Audit success, classic",0,"{""EventData"":{""Data"":[{""@Name"":""ServiceName"",""#text"":""YmxlIHRvIGRldGVybWluZSBjb21wdXRlciBsaXN0Ig0KDQogICAgICAgIFdyaXRlLUxvZyAkRVJST1JfTE9HICRFcnJvclswXQ0KDQogICAgICAgICRFcnJvckxpbmVOdW1iZXIgPSAkRXJyb3JbMF""},{""@Name"":""ImagePath"",""#text"":""c:\\windows\\system32\\cmd.exe /c powershell -command \""Get-Service \""seg219\"" | select -Expand DisplayName |out-file -append tmp_payload.txt\""""},{""@Name"":""ServiceType"",""#text"":""user mode service""},{""@Name"":""StartType"",""#text"":""demand start""},{""@Name"":""AccountName"",""#text"":""LocalSystem""}]}}"
654,9961,2021-11-03 08:20:32.6051451,7009,Error,Service Control Manager,System,484,2368,FS03.offsec.lan,6,,,,,,,,,,,,False,"EVTX-to-MITRE-Attack\TA0002-Execution\T1569.002-Service execution\ID7000,7009,7045-Payload deployed via service - Tchopper.evtx","Audit success, classic",0,"{""EventData"":{""Data"":[{""@Name"":""param1"",""#text"":""30000""},{""@Name"":""param2"",""#text"":""YmxlIHRvIGRldGVybWluZSBjb21wdXRlciBsaXN0Ig0KDQogICAgICAgIFdyaXRlLUxvZyAkRVJST1JfTE9HICRFcnJvclswXQ0KDQogICAgICAgICRFcnJvckxpbmVOdW1iZXIgPSAkRXJyb3JbMF""}],""Binary"":""73-00-65-00-67-00-32-00-31-00-39-00-00-00""}}"
655,9962,2021-11-03 08:20:32.6051451,7000,Error,Service Control Manager,System,484,2368,FS03.offsec.lan,6,,,,,,,,,,,,False,"EVTX-to-MITRE-Attack\TA0002-Execution\T1569.002-Service execution\ID7000,7009,7045-Payload deployed via service - Tchopper.evtx","Audit success, classic",0,"{""EventData"":{""Data"":[{""@Name"":""param1"",""#text"":""YmxlIHRvIGRldGVybWluZSBjb21wdXRlciBsaXN0Ig0KDQogICAgICAgIFdyaXRlLUxvZyAkRVJST1JfTE9HICRFcnJvclswXQ0KDQogICAgICAgICRFcnJvckxpbmVOdW1iZXIgPSAkRXJyb3JbMF""},{""@Name"":""param2"",""#text"":""%%1053""}],""Binary"":""73-00-65-00-67-00-32-00-31-00-39-00-00-00""}}"
656,9963,2021-11-03 08:20:33.6749118,7045,Info,Service Control Manager,System,484,2368,FS03.offsec.lan,6,S-1-5-21-4230534742-2542757381-3142984815-1111,A new service was installed in the system,,,Name: 0uSW52b2NhdGlvbkluZm8uc2NyaXB0bGluZW51bWJlcg0KDQogICAgICAgIFdyaXRlLUxvZyAkRVJST1JfTE9HICJDYXVnaHQgb24gbGluZSBudW1iZXI6ICRFcnJvckxpbmVOdW1iZXIiDQoNCiAg,StartType: demand start,Account: LocalSystem,,,,"c:\windows\system32\cmd.exe /c powershell -command ""Get-Service ""seg220"" | select -Expand DisplayName |out-file -append tmp_payload.txt""",False,"EVTX-to-MITRE-Attack\TA0002-Execution\T1569.002-Service execution\ID7000,7009,7045-Payload deployed via service - Tchopper.evtx","Audit success, classic",0,"{""EventData"":{""Data"":[{""@Name"":""ServiceName"",""#text"":""0uSW52b2NhdGlvbkluZm8uc2NyaXB0bGluZW51bWJlcg0KDQogICAgICAgIFdyaXRlLUxvZyAkRVJST1JfTE9HICJDYXVnaHQgb24gbGluZSBudW1iZXI6ICRFcnJvckxpbmVOdW1iZXIiDQoNCiAg""},{""@Name"":""ImagePath"",""#text"":""c:\\windows\\system32\\cmd.exe /c powershell -command \""Get-Service \""seg220\"" | select -Expand DisplayName |out-file -append tmp_payload.txt\""""},{""@Name"":""ServiceType"",""#text"":""user mode service""},{""@Name"":""StartType"",""#text"":""demand start""},{""@Name"":""AccountName"",""#text"":""LocalSystem""}]}}"
657,9964,2021-11-03 08:20:34.0499118,7009,Error,Service Control Manager,System,484,2368,FS03.offsec.lan,6,,,,,,,,,,,,False,"EVTX-to-MITRE-Attack\TA0002-Execution\T1569.002-Service execution\ID7000,7009,7045-Payload deployed via service - Tchopper.evtx","Audit success, classic",0,"{""EventData"":{""Data"":[{""@Name"":""param1"",""#text"":""30000""},{""@Name"":""param2"",""#text"":""0uSW52b2NhdGlvbkluZm8uc2NyaXB0bGluZW51bWJlcg0KDQogICAgICAgIFdyaXRlLUxvZyAkRVJST1JfTE9HICJDYXVnaHQgb24gbGluZSBudW1iZXI6ICRFcnJvckxpbmVOdW1iZXIiDQoNCiAg""}],""Binary"":""73-00-65-00-67-00-32-00-32-00-30-00-00-00""}}"
658,9965,2021-11-03 08:20:34.0499118,7000,Error,Service Control Manager,System,484,2368,FS03.offsec.lan,6,,,,,,,,,,,,False,"EVTX-to-MITRE-Attack\TA0002-Execution\T1569.002-Service execution\ID7000,7009,7045-Payload deployed via service - Tchopper.evtx","Audit success, classic",0,"{""EventData"":{""Data"":[{""@Name"":""param1"",""#text"":""0uSW52b2NhdGlvbkluZm8uc2NyaXB0bGluZW51bWJlcg0KDQogICAgICAgIFdyaXRlLUxvZyAkRVJST1JfTE9HICJDYXVnaHQgb24gbGluZSBudW1iZXI6ICRFcnJvckxpbmVOdW1iZXIiDQoNCiAg""},{""@Name"":""param2"",""#text"":""%%1053""}],""Binary"":""73-00-65-00-67-00-32-00-32-00-30-00-00-00""}}"
659,9966,2021-11-03 08:20:35.1282243,7045,Info,Service Control Manager,System,484,2368,FS03.offsec.lan,6,S-1-5-21-4230534742-2542757381-3142984815-1111,A new service was installed in the system,,,Name: ICAgICAgZXhpdA0KDQogICAgfQ0KfQ0KDQoNCg0KIyMjIyMjIyMjIyMjIyMjIyMjIyMjIyMjIyMjIyMjIyMjIyMjIyMjIyMjIyMjIyMjIyMjIyMjIyMjIyMjIyMjIyMjIyMjIyMjIyMjIyMjIyMjIy,StartType: demand start,Account: LocalSystem,,,,"c:\windows\system32\cmd.exe /c powershell -command ""Get-Service ""seg221"" | select -Expand DisplayName |out-file -append tmp_payload.txt""",False,"EVTX-to-MITRE-Attack\TA0002-Execution\T1569.002-Service execution\ID7000,7009,7045-Payload deployed via service - Tchopper.evtx","Audit success, classic",0,"{""EventData"":{""Data"":[{""@Name"":""ServiceName"",""#text"":""ICAgICAgZXhpdA0KDQogICAgfQ0KfQ0KDQoNCg0KIyMjIyMjIyMjIyMjIyMjIyMjIyMjIyMjIyMjIyMjIyMjIyMjIyMjIyMjIyMjIyMjIyMjIyMjIyMjIyMjIyMjIyMjIyMjIyMjIyMjIyMjIyMjIy""},{""@Name"":""ImagePath"",""#text"":""c:\\windows\\system32\\cmd.exe /c powershell -command \""Get-Service \""seg221\"" | select -Expand DisplayName |out-file -append tmp_payload.txt\""""},{""@Name"":""ServiceType"",""#text"":""user mode service""},{""@Name"":""StartType"",""#text"":""demand start""},{""@Name"":""AccountName"",""#text"":""LocalSystem""}]}}"
660,9967,2021-11-03 08:20:35.5032257,7009,Error,Service Control Manager,System,484,2368,FS03.offsec.lan,6,,,,,,,,,,,,False,"EVTX-to-MITRE-Attack\TA0002-Execution\T1569.002-Service execution\ID7000,7009,7045-Payload deployed via service - Tchopper.evtx","Audit success, classic",0,"{""EventData"":{""Data"":[{""@Name"":""param1"",""#text"":""30000""},{""@Name"":""param2"",""#text"":""ICAgICAgZXhpdA0KDQogICAgfQ0KfQ0KDQoNCg0KIyMjIyMjIyMjIyMjIyMjIyMjIyMjIyMjIyMjIyMjIyMjIyMjIyMjIyMjIyMjIyMjIyMjIyMjIyMjIyMjIyMjIyMjIyMjIyMjIyMjIyMjIyMjIy""}],""Binary"":""73-00-65-00-67-00-32-00-32-00-31-00-00-00""}}"
661,9968,2021-11-03 08:20:35.5032257,7000,Error,Service Control Manager,System,484,2368,FS03.offsec.lan,6,,,,,,,,,,,,False,"EVTX-to-MITRE-Attack\TA0002-Execution\T1569.002-Service execution\ID7000,7009,7045-Payload deployed via service - Tchopper.evtx","Audit success, classic",0,"{""EventData"":{""Data"":[{""@Name"":""param1"",""#text"":""ICAgICAgZXhpdA0KDQogICAgfQ0KfQ0KDQoNCg0KIyMjIyMjIyMjIyMjIyMjIyMjIyMjIyMjIyMjIyMjIyMjIyMjIyMjIyMjIyMjIyMjIyMjIyMjIyMjIyMjIyMjIyMjIyMjIyMjIyMjIyMjIyMjIy""},{""@Name"":""param2"",""#text"":""%%1053""}],""Binary"":""73-00-65-00-67-00-32-00-32-00-31-00-00-00""}}"
662,9969,2021-11-03 08:20:36.5829591,7045,Info,Service Control Manager,System,484,2368,FS03.offsec.lan,6,S-1-5-21-4230534742-2542757381-3142984815-1111,A new service was installed in the system,,,Name: MjIyMjIyMNCiNGdW5jdGlvbiB3aWxsIGxvZyBtZXNzYWdlcyB0aHJvdWdob3V0IHRoZSBzY3JpcHQgZXhlY3V0aW9uIA0KDQojQHBhcmFtICRzZXZlcml0eSAgIC0+IEhvdyBzZXZlcmUgb2YgdGhl,StartType: demand start,Account: LocalSystem,,,,"c:\windows\system32\cmd.exe /c powershell -command ""Get-Service ""seg222"" | select -Expand DisplayName |out-file -append tmp_payload.txt""",False,"EVTX-to-MITRE-Attack\TA0002-Execution\T1569.002-Service execution\ID7000,7009,7045-Payload deployed via service - Tchopper.evtx","Audit success, classic",0,"{""EventData"":{""Data"":[{""@Name"":""ServiceName"",""#text"":""MjIyMjIyMNCiNGdW5jdGlvbiB3aWxsIGxvZyBtZXNzYWdlcyB0aHJvdWdob3V0IHRoZSBzY3JpcHQgZXhlY3V0aW9uIA0KDQojQHBhcmFtICRzZXZlcml0eSAgIC0+IEhvdyBzZXZlcmUgb2YgdGhl""},{""@Name"":""ImagePath"",""#text"":""c:\\windows\\system32\\cmd.exe /c powershell -command \""Get-Service \""seg222\"" | select -Expand DisplayName |out-file -append tmp_payload.txt\""""},{""@Name"":""ServiceType"",""#text"":""user mode service""},{""@Name"":""StartType"",""#text"":""demand start""},{""@Name"":""AccountName"",""#text"":""LocalSystem""}]}}"
663,9970,2021-11-03 08:20:36.9579666,7009,Error,Service Control Manager,System,484,2368,FS03.offsec.lan,6,,,,,,,,,,,,False,"EVTX-to-MITRE-Attack\TA0002-Execution\T1569.002-Service execution\ID7000,7009,7045-Payload deployed via service - Tchopper.evtx","Audit success, classic",0,"{""EventData"":{""Data"":[{""@Name"":""param1"",""#text"":""30000""},{""@Name"":""param2"",""#text"":""MjIyMjIyMNCiNGdW5jdGlvbiB3aWxsIGxvZyBtZXNzYWdlcyB0aHJvdWdob3V0IHRoZSBzY3JpcHQgZXhlY3V0aW9uIA0KDQojQHBhcmFtICRzZXZlcml0eSAgIC0+IEhvdyBzZXZlcmUgb2YgdGhl""}],""Binary"":""73-00-65-00-67-00-32-00-32-00-32-00-00-00""}}"
664,9971,2021-11-03 08:20:36.9579666,7000,Error,Service Control Manager,System,484,2368,FS03.offsec.lan,6,,,,,,,,,,,,False,"EVTX-to-MITRE-Attack\TA0002-Execution\T1569.002-Service execution\ID7000,7009,7045-Payload deployed via service - Tchopper.evtx","Audit success, classic",0,"{""EventData"":{""Data"":[{""@Name"":""param1"",""#text"":""MjIyMjIyMNCiNGdW5jdGlvbiB3aWxsIGxvZyBtZXNzYWdlcyB0aHJvdWdob3V0IHRoZSBzY3JpcHQgZXhlY3V0aW9uIA0KDQojQHBhcmFtICRzZXZlcml0eSAgIC0+IEhvdyBzZXZlcmUgb2YgdGhl""},{""@Name"":""param2"",""#text"":""%%1053""}],""Binary"":""73-00-65-00-67-00-32-00-32-00-32-00-00-00""}}"
665,9972,2021-11-03 08:20:38.0204796,7045,Info,Service Control Manager,System,484,2368,FS03.offsec.lan,6,S-1-5-21-4230534742-2542757381-3142984815-1111,A new service was installed in the system,,,Name: IGlucHV0IG1lc3NhZ2UgdG8gbG9nICAgDQojQHBhcmFtICRsb2dNZXNzYWdlIC0+IFRoZSBtZXNzYWdlIHRoYXQgd2lsbCBiZSBsb2dnZWQgY2FzdCB0byBhIHN0cmluZw0KDQojIyMjIyMjIyMjIy,StartType: demand start,Account: LocalSystem,,,,"c:\windows\system32\cmd.exe /c powershell -command ""Get-Service ""seg223"" | select -Expand DisplayName |out-file -append tmp_payload.txt""",False,"EVTX-to-MITRE-Attack\TA0002-Execution\T1569.002-Service execution\ID7000,7009,7045-Payload deployed via service - Tchopper.evtx","Audit success, classic",0,"{""EventData"":{""Data"":[{""@Name"":""ServiceName"",""#text"":""IGlucHV0IG1lc3NhZ2UgdG8gbG9nICAgDQojQHBhcmFtICRsb2dNZXNzYWdlIC0+IFRoZSBtZXNzYWdlIHRoYXQgd2lsbCBiZSBsb2dnZWQgY2FzdCB0byBhIHN0cmluZw0KDQojIyMjIyMjIyMjIy""},{""@Name"":""ImagePath"",""#text"":""c:\\windows\\system32\\cmd.exe /c powershell -command \""Get-Service \""seg223\"" | select -Expand DisplayName |out-file -append tmp_payload.txt\""""},{""@Name"":""ServiceType"",""#text"":""user mode service""},{""@Name"":""StartType"",""#text"":""demand start""},{""@Name"":""AccountName"",""#text"":""LocalSystem""}]}}"
666,9973,2021-11-03 08:20:38.3954806,7009,Error,Service Control Manager,System,484,2368,FS03.offsec.lan,6,,,,,,,,,,,,False,"EVTX-to-MITRE-Attack\TA0002-Execution\T1569.002-Service execution\ID7000,7009,7045-Payload deployed via service - Tchopper.evtx","Audit success, classic",0,"{""EventData"":{""Data"":[{""@Name"":""param1"",""#text"":""30000""},{""@Name"":""param2"",""#text"":""IGlucHV0IG1lc3NhZ2UgdG8gbG9nICAgDQojQHBhcmFtICRsb2dNZXNzYWdlIC0+IFRoZSBtZXNzYWdlIHRoYXQgd2lsbCBiZSBsb2dnZWQgY2FzdCB0byBhIHN0cmluZw0KDQojIyMjIyMjIyMjIy""}],""Binary"":""73-00-65-00-67-00-32-00-32-00-33-00-00-00""}}"
667,9974,2021-11-03 08:20:38.3954806,7000,Error,Service Control Manager,System,484,2368,FS03.offsec.lan,6,,,,,,,,,,,,False,"EVTX-to-MITRE-Attack\TA0002-Execution\T1569.002-Service execution\ID7000,7009,7045-Payload deployed via service - Tchopper.evtx","Audit success, classic",0,"{""EventData"":{""Data"":[{""@Name"":""param1"",""#text"":""IGlucHV0IG1lc3NhZ2UgdG8gbG9nICAgDQojQHBhcmFtICRsb2dNZXNzYWdlIC0+IFRoZSBtZXNzYWdlIHRoYXQgd2lsbCBiZSBsb2dnZWQgY2FzdCB0byBhIHN0cmluZw0KDQojIyMjIyMjIyMjIy""},{""@Name"":""param2"",""#text"":""%%1053""}],""Binary"":""73-00-65-00-67-00-32-00-32-00-33-00-00-00""}}"
668,9975,2021-11-03 08:20:39.4703350,7045,Info,Service Control Manager,System,484,2368,FS03.offsec.lan,6,S-1-5-21-4230534742-2542757381-3142984815-1111,A new service was installed in the system,,,Name: MjIyMjIyMjIyMjIyMjIyMjIyMjIyMjIyMjIyMjIyMjIyMjIyMjIyMjIyMjIyMjIyMjIyMjIyMjIyMjIyMjIyMjIyMjIyMjIyMjIyMjIw0KDQpmdW5jdGlvbiBXcml0ZS1Mb2cgeyBwYXJhbSgkc2V2,StartType: demand start,Account: LocalSystem,,,,"c:\windows\system32\cmd.exe /c powershell -command ""Get-Service ""seg224"" | select -Expand DisplayName |out-file -append tmp_payload.txt""",False,"EVTX-to-MITRE-Attack\TA0002-Execution\T1569.002-Service execution\ID7000,7009,7045-Payload deployed via service - Tchopper.evtx","Audit success, classic",0,"{""EventData"":{""Data"":[{""@Name"":""ServiceName"",""#text"":""MjIyMjIyMjIyMjIyMjIyMjIyMjIyMjIyMjIyMjIyMjIyMjIyMjIyMjIyMjIyMjIyMjIyMjIyMjIyMjIyMjIyMjIyMjIyMjIyMjIyMjIw0KDQpmdW5jdGlvbiBXcml0ZS1Mb2cgeyBwYXJhbSgkc2V2""},{""@Name"":""ImagePath"",""#text"":""c:\\windows\\system32\\cmd.exe /c powershell -command \""Get-Service \""seg224\"" | select -Expand DisplayName |out-file -append tmp_payload.txt\""""},{""@Name"":""ServiceType"",""#text"":""user mode service""},{""@Name"":""StartType"",""#text"":""demand start""},{""@Name"":""AccountName"",""#text"":""LocalSystem""}]}}"
669,9976,2021-11-03 08:20:39.8314684,7009,Error,Service Control Manager,System,484,2368,FS03.offsec.lan,6,,,,,,,,,,,,False,"EVTX-to-MITRE-Attack\TA0002-Execution\T1569.002-Service execution\ID7000,7009,7045-Payload deployed via service - Tchopper.evtx","Audit success, classic",0,"{""EventData"":{""Data"":[{""@Name"":""param1"",""#text"":""30000""},{""@Name"":""param2"",""#text"":""MjIyMjIyMjIyMjIyMjIyMjIyMjIyMjIyMjIyMjIyMjIyMjIyMjIyMjIyMjIyMjIyMjIyMjIyMjIyMjIyMjIyMjIyMjIyMjIyMjIyMjIw0KDQpmdW5jdGlvbiBXcml0ZS1Mb2cgeyBwYXJhbSgkc2V2""}],""Binary"":""73-00-65-00-67-00-32-00-32-00-34-00-00-00""}}"
670,9977,2021-11-03 08:20:39.8314684,7000,Error,Service Control Manager,System,484,2368,FS03.offsec.lan,6,,,,,,,,,,,,False,"EVTX-to-MITRE-Attack\TA0002-Execution\T1569.002-Service execution\ID7000,7009,7045-Payload deployed via service - Tchopper.evtx","Audit success, classic",0,"{""EventData"":{""Data"":[{""@Name"":""param1"",""#text"":""MjIyMjIyMjIyMjIyMjIyMjIyMjIyMjIyMjIyMjIyMjIyMjIyMjIyMjIyMjIyMjIyMjIyMjIyMjIyMjIyMjIyMjIyMjIyMjIyMjIyMjIw0KDQpmdW5jdGlvbiBXcml0ZS1Mb2cgeyBwYXJhbSgkc2V2""},{""@Name"":""param2"",""#text"":""%%1053""}],""Binary"":""73-00-65-00-67-00-32-00-32-00-34-00-00-00""}}"
671,9978,2021-11-03 08:20:40.9332917,7045,Info,Service Control Manager,System,484,2368,FS03.offsec.lan,6,S-1-5-21-4230534742-2542757381-3142984815-1111,A new service was installed in the system,,,Name: ZXJpdHksIFtzdHJpbmddJGxvZ01lc3NhZ2UpDQogICAgDQogICAgdHJ5IHsNCiAgICAgICAgDQogICAgICAgIGlmICgkbG9nTWVzc2FnZS5sZW5ndGggLUdUIDIwMCkgew0KICAgICAgICAgICAgJG,StartType: demand start,Account: LocalSystem,,,,"c:\windows\system32\cmd.exe /c powershell -command ""Get-Service ""seg225"" | select -Expand DisplayName |out-file -append tmp_payload.txt""",False,"EVTX-to-MITRE-Attack\TA0002-Execution\T1569.002-Service execution\ID7000,7009,7045-Payload deployed via service - Tchopper.evtx","Audit success, classic",0,"{""EventData"":{""Data"":[{""@Name"":""ServiceName"",""#text"":""ZXJpdHksIFtzdHJpbmddJGxvZ01lc3NhZ2UpDQogICAgDQogICAgdHJ5IHsNCiAgICAgICAgDQogICAgICAgIGlmICgkbG9nTWVzc2FnZS5sZW5ndGggLUdUIDIwMCkgew0KICAgICAgICAgICAgJG""},{""@Name"":""ImagePath"",""#text"":""c:\\windows\\system32\\cmd.exe /c powershell -command \""Get-Service \""seg225\"" | select -Expand DisplayName |out-file -append tmp_payload.txt\""""},{""@Name"":""ServiceType"",""#text"":""user mode service""},{""@Name"":""StartType"",""#text"":""demand start""},{""@Name"":""AccountName"",""#text"":""LocalSystem""}]}}"
672,9979,2021-11-03 08:20:41.3082927,7009,Error,Service Control Manager,System,484,2368,FS03.offsec.lan,6,,,,,,,,,,,,False,"EVTX-to-MITRE-Attack\TA0002-Execution\T1569.002-Service execution\ID7000,7009,7045-Payload deployed via service - Tchopper.evtx","Audit success, classic",0,"{""EventData"":{""Data"":[{""@Name"":""param1"",""#text"":""30000""},{""@Name"":""param2"",""#text"":""ZXJpdHksIFtzdHJpbmddJGxvZ01lc3NhZ2UpDQogICAgDQogICAgdHJ5IHsNCiAgICAgICAgDQogICAgICAgIGlmICgkbG9nTWVzc2FnZS5sZW5ndGggLUdUIDIwMCkgew0KICAgICAgICAgICAgJG""}],""Binary"":""73-00-65-00-67-00-32-00-32-00-35-00-00-00""}}"
673,9980,2021-11-03 08:20:41.3082927,7000,Error,Service Control Manager,System,484,2368,FS03.offsec.lan,6,,,,,,,,,,,,False,"EVTX-to-MITRE-Attack\TA0002-Execution\T1569.002-Service execution\ID7000,7009,7045-Payload deployed via service - Tchopper.evtx","Audit success, classic",0,"{""EventData"":{""Data"":[{""@Name"":""param1"",""#text"":""ZXJpdHksIFtzdHJpbmddJGxvZ01lc3NhZ2UpDQogICAgDQogICAgdHJ5IHsNCiAgICAgICAgDQogICAgICAgIGlmICgkbG9nTWVzc2FnZS5sZW5ndGggLUdUIDIwMCkgew0KICAgICAgICAgICAgJG""},{""@Name"":""param2"",""#text"":""%%1053""}],""Binary"":""73-00-65-00-67-00-32-00-32-00-35-00-00-00""}}"
674,9981,2021-11-03 08:20:42.3864216,7045,Info,Service Control Manager,System,484,3168,FS03.offsec.lan,7,S-1-5-21-4230534742-2542757381-3142984815-1111,A new service was installed in the system,,,Name: xvZ01lc3NhZ2UgPSAkbG9nTWVzc2FnZS5TdWJzdHJpbmcoMCwyMDApICsgIi4uLiINCg0KICAgICAgICB9DQoNCiAgICAgICAgJG91dHB1dCA9ICRsb2dNZXNzYWdlICsgImBuIg0KDQogICAgICAg,StartType: demand start,Account: LocalSystem,,,,"c:\windows\system32\cmd.exe /c powershell -command ""Get-Service ""seg226"" | select -Expand DisplayName |out-file -append tmp_payload.txt""",False,"EVTX-to-MITRE-Attack\TA0002-Execution\T1569.002-Service execution\ID7000,7009,7045-Payload deployed via service - Tchopper.evtx","Audit success, classic",0,"{""EventData"":{""Data"":[{""@Name"":""ServiceName"",""#text"":""xvZ01lc3NhZ2UgPSAkbG9nTWVzc2FnZS5TdWJzdHJpbmcoMCwyMDApICsgIi4uLiINCg0KICAgICAgICB9DQoNCiAgICAgICAgJG91dHB1dCA9ICRsb2dNZXNzYWdlICsgImBuIg0KDQogICAgICAg""},{""@Name"":""ImagePath"",""#text"":""c:\\windows\\system32\\cmd.exe /c powershell -command \""Get-Service \""seg226\"" | select -Expand DisplayName |out-file -append tmp_payload.txt\""""},{""@Name"":""ServiceType"",""#text"":""user mode service""},{""@Name"":""StartType"",""#text"":""demand start""},{""@Name"":""AccountName"",""#text"":""LocalSystem""}]}}"
675,9982,2021-11-03 08:20:42.7614156,7009,Error,Service Control Manager,System,484,3168,FS03.offsec.lan,7,,,,,,,,,,,,False,"EVTX-to-MITRE-Attack\TA0002-Execution\T1569.002-Service execution\ID7000,7009,7045-Payload deployed via service - Tchopper.evtx","Audit success, classic",0,"{""EventData"":{""Data"":[{""@Name"":""param1"",""#text"":""30000""},{""@Name"":""param2"",""#text"":""xvZ01lc3NhZ2UgPSAkbG9nTWVzc2FnZS5TdWJzdHJpbmcoMCwyMDApICsgIi4uLiINCg0KICAgICAgICB9DQoNCiAgICAgICAgJG91dHB1dCA9ICRsb2dNZXNzYWdlICsgImBuIg0KDQogICAgICAg""}],""Binary"":""73-00-65-00-67-00-32-00-32-00-36-00-00-00""}}"
676,9983,2021-11-03 08:20:42.7614156,7000,Error,Service Control Manager,System,484,3168,FS03.offsec.lan,7,,,,,,,,,,,,False,"EVTX-to-MITRE-Attack\TA0002-Execution\T1569.002-Service execution\ID7000,7009,7045-Payload deployed via service - Tchopper.evtx","Audit success, classic",0,"{""EventData"":{""Data"":[{""@Name"":""param1"",""#text"":""xvZ01lc3NhZ2UgPSAkbG9nTWVzc2FnZS5TdWJzdHJpbmcoMCwyMDApICsgIi4uLiINCg0KICAgICAgICB9DQoNCiAgICAgICAgJG91dHB1dCA9ICRsb2dNZXNzYWdlICsgImBuIg0KDQogICAgICAg""},{""@Name"":""param2"",""#text"":""%%1053""}],""Binary"":""73-00-65-00-67-00-32-00-32-00-36-00-00-00""}}"
677,9984,2021-11-03 08:20:43.8242525,7045,Info,Service Control Manager,System,484,2368,FS03.offsec.lan,7,S-1-5-21-4230534742-2542757381-3142984815-1111,A new service was installed in the system,,,Name: IHN3aXRjaCgkU2V2ZXJpdHkpIHsNCiAgICAgICAgDQogICAgICAgICAgICAkSU5GT19MT0cge1dyaXRlLUhvc3QgJG91dHB1dCAtRm9yZSBHcmVlbjsgYnJlYWt9IA0KICAgICAgICAgICANCiAgIC,StartType: demand start,Account: LocalSystem,,,,"c:\windows\system32\cmd.exe /c powershell -command ""Get-Service ""seg227"" | select -Expand DisplayName |out-file -append tmp_payload.txt""",False,"EVTX-to-MITRE-Attack\TA0002-Execution\T1569.002-Service execution\ID7000,7009,7045-Payload deployed via service - Tchopper.evtx","Audit success, classic",0,"{""EventData"":{""Data"":[{""@Name"":""ServiceName"",""#text"":""IHN3aXRjaCgkU2V2ZXJpdHkpIHsNCiAgICAgICAgDQogICAgICAgICAgICAkSU5GT19MT0cge1dyaXRlLUhvc3QgJG91dHB1dCAtRm9yZSBHcmVlbjsgYnJlYWt9IA0KICAgICAgICAgICANCiAgIC""},{""@Name"":""ImagePath"",""#text"":""c:\\windows\\system32\\cmd.exe /c powershell -command \""Get-Service \""seg227\"" | select -Expand DisplayName |out-file -append tmp_payload.txt\""""},{""@Name"":""ServiceType"",""#text"":""user mode service""},{""@Name"":""StartType"",""#text"":""demand start""},{""@Name"":""AccountName"",""#text"":""LocalSystem""}]}}"
678,9985,2021-11-03 08:20:44.1992362,7009,Error,Service Control Manager,System,484,2368,FS03.offsec.lan,7,,,,,,,,,,,,False,"EVTX-to-MITRE-Attack\TA0002-Execution\T1569.002-Service execution\ID7000,7009,7045-Payload deployed via service - Tchopper.evtx","Audit success, classic",528,"{""EventData"":{""Data"":[{""@Name"":""param1"",""#text"":""30000""},{""@Name"":""param2"",""#text"":""IHN3aXRjaCgkU2V2ZXJpdHkpIHsNCiAgICAgICAgDQogICAgICAgICAgICAkSU5GT19MT0cge1dyaXRlLUhvc3QgJG91dHB1dCAtRm9yZSBHcmVlbjsgYnJlYWt9IA0KICAgICAgICAgICANCiAgIC""}],""Binary"":""73-00-65-00-67-00-32-00-32-00-37-00-00-00""}}"
679,9986,2021-11-03 08:20:44.1992362,7000,Error,Service Control Manager,System,484,2368,FS03.offsec.lan,7,,,,,,,,,,,,False,"EVTX-to-MITRE-Attack\TA0002-Execution\T1569.002-Service execution\ID7000,7009,7045-Payload deployed via service - Tchopper.evtx","Audit success, classic",0,"{""EventData"":{""Data"":[{""@Name"":""param1"",""#text"":""IHN3aXRjaCgkU2V2ZXJpdHkpIHsNCiAgICAgICAgDQogICAgICAgICAgICAkSU5GT19MT0cge1dyaXRlLUhvc3QgJG91dHB1dCAtRm9yZSBHcmVlbjsgYnJlYWt9IA0KICAgICAgICAgICANCiAgIC""},{""@Name"":""param2"",""#text"":""%%1053""}],""Binary"":""73-00-65-00-67-00-32-00-32-00-37-00-00-00""}}"
680,9987,2021-11-03 08:20:45.2773665,7045,Info,Service Control Manager,System,484,2368,FS03.offsec.lan,7,S-1-5-21-4230534742-2542757381-3142984815-1111,A new service was installed in the system,,,Name: AgICAgICAgICRJTlBVVF9MT0cge1dyaXRlLUhvc3QgJG91dHB1dCAtRm9yZSBDeWFuOyBicmVha30NCg0KICAgICAgICAgICAgJFdBUk5fTE9HIHtXcml0ZS1Ib3N0ICRvdXRwdXQgLUZvcmUgQ3lh,StartType: demand start,Account: LocalSystem,,,,"c:\windows\system32\cmd.exe /c powershell -command ""Get-Service ""seg228"" | select -Expand DisplayName |out-file -append tmp_payload.txt""",False,"EVTX-to-MITRE-Attack\TA0002-Execution\T1569.002-Service execution\ID7000,7009,7045-Payload deployed via service - Tchopper.evtx","Audit success, classic",0,"{""EventData"":{""Data"":[{""@Name"":""ServiceName"",""#text"":""AgICAgICAgICRJTlBVVF9MT0cge1dyaXRlLUhvc3QgJG91dHB1dCAtRm9yZSBDeWFuOyBicmVha30NCg0KICAgICAgICAgICAgJFdBUk5fTE9HIHtXcml0ZS1Ib3N0ICRvdXRwdXQgLUZvcmUgQ3lh""},{""@Name"":""ImagePath"",""#text"":""c:\\windows\\system32\\cmd.exe /c powershell -command \""Get-Service \""seg228\"" | select -Expand DisplayName |out-file -append tmp_payload.txt\""""},{""@Name"":""ServiceType"",""#text"":""user mode service""},{""@Name"":""StartType"",""#text"":""demand start""},{""@Name"":""AccountName"",""#text"":""LocalSystem""}]}}"
681,9988,2021-11-03 08:20:45.6523633,7009,Error,Service Control Manager,System,484,2368,FS03.offsec.lan,7,,,,,,,,,,,,False,"EVTX-to-MITRE-Attack\TA0002-Execution\T1569.002-Service execution\ID7000,7009,7045-Payload deployed via service - Tchopper.evtx","Audit success, classic",0,"{""EventData"":{""Data"":[{""@Name"":""param1"",""#text"":""30000""},{""@Name"":""param2"",""#text"":""AgICAgICAgICRJTlBVVF9MT0cge1dyaXRlLUhvc3QgJG91dHB1dCAtRm9yZSBDeWFuOyBicmVha30NCg0KICAgICAgICAgICAgJFdBUk5fTE9HIHtXcml0ZS1Ib3N0ICRvdXRwdXQgLUZvcmUgQ3lh""}],""Binary"":""73-00-65-00-67-00-32-00-32-00-38-00-00-00""}}"
682,9989,2021-11-03 08:20:45.6523633,7000,Error,Service Control Manager,System,484,2368,FS03.offsec.lan,7,,,,,,,,,,,,False,"EVTX-to-MITRE-Attack\TA0002-Execution\T1569.002-Service execution\ID7000,7009,7045-Payload deployed via service - Tchopper.evtx","Audit success, classic",0,"{""EventData"":{""Data"":[{""@Name"":""param1"",""#text"":""AgICAgICAgICRJTlBVVF9MT0cge1dyaXRlLUhvc3QgJG91dHB1dCAtRm9yZSBDeWFuOyBicmVha30NCg0KICAgICAgICAgICAgJFdBUk5fTE9HIHtXcml0ZS1Ib3N0ICRvdXRwdXQgLUZvcmUgQ3lh""},{""@Name"":""param2"",""#text"":""%%1053""}],""Binary"":""73-00-65-00-67-00-32-00-32-00-38-00-00-00""}}"
683,9990,2021-11-03 08:20:46.7465024,7045,Info,Service Control Manager,System,484,2368,FS03.offsec.lan,7,S-1-5-21-4230534742-2542757381-3142984815-1111,A new service was installed in the system,,,Name: bjsgYnJlYWt9DQoNCiAgICAgICAgICAgICRFUlJPUl9MT0cge1dyaXRlLUhvc3QgJG91dHB1dCAtRm9yZSBSZWQ7IGJyZWFrfQ0KDQogICAgICAgICAgICBEZWZhdWx0IHtXcml0ZS1Ib3N0ICJVbm,StartType: demand start,Account: LocalSystem,,,,"c:\windows\system32\cmd.exe /c powershell -command ""Get-Service ""seg229"" | select -Expand DisplayName |out-file -append tmp_payload.txt""",False,"EVTX-to-MITRE-Attack\TA0002-Execution\T1569.002-Service execution\ID7000,7009,7045-Payload deployed via service - Tchopper.evtx","Audit success, classic",0,"{""EventData"":{""Data"":[{""@Name"":""ServiceName"",""#text"":""bjsgYnJlYWt9DQoNCiAgICAgICAgICAgICRFUlJPUl9MT0cge1dyaXRlLUhvc3QgJG91dHB1dCAtRm9yZSBSZWQ7IGJyZWFrfQ0KDQogICAgICAgICAgICBEZWZhdWx0IHtXcml0ZS1Ib3N0ICJVbm""},{""@Name"":""ImagePath"",""#text"":""c:\\windows\\system32\\cmd.exe /c powershell -command \""Get-Service \""seg229\"" | select -Expand DisplayName |out-file -append tmp_payload.txt\""""},{""@Name"":""ServiceType"",""#text"":""user mode service""},{""@Name"":""StartType"",""#text"":""demand start""},{""@Name"":""AccountName"",""#text"":""LocalSystem""}]}}"
684,9991,2021-11-03 08:20:47.1213286,7009,Error,Service Control Manager,System,484,2368,FS03.offsec.lan,7,,,,,,,,,,,,False,"EVTX-to-MITRE-Attack\TA0002-Execution\T1569.002-Service execution\ID7000,7009,7045-Payload deployed via service - Tchopper.evtx","Audit success, classic",0,"{""EventData"":{""Data"":[{""@Name"":""param1"",""#text"":""30000""},{""@Name"":""param2"",""#text"":""bjsgYnJlYWt9DQoNCiAgICAgICAgICAgICRFUlJPUl9MT0cge1dyaXRlLUhvc3QgJG91dHB1dCAtRm9yZSBSZWQ7IGJyZWFrfQ0KDQogICAgICAgICAgICBEZWZhdWx0IHtXcml0ZS1Ib3N0ICJVbm""}],""Binary"":""73-00-65-00-67-00-32-00-32-00-39-00-00-00""}}"
685,9992,2021-11-03 08:20:47.1213286,7000,Error,Service Control Manager,System,484,2368,FS03.offsec.lan,7,,,,,,,,,,,,False,"EVTX-to-MITRE-Attack\TA0002-Execution\T1569.002-Service execution\ID7000,7009,7045-Payload deployed via service - Tchopper.evtx","Audit success, classic",0,"{""EventData"":{""Data"":[{""@Name"":""param1"",""#text"":""bjsgYnJlYWt9DQoNCiAgICAgICAgICAgICRFUlJPUl9MT0cge1dyaXRlLUhvc3QgJG91dHB1dCAtRm9yZSBSZWQ7IGJyZWFrfQ0KDQogICAgICAgICAgICBEZWZhdWx0IHtXcml0ZS1Ib3N0ICJVbm""},{""@Name"":""param2"",""#text"":""%%1053""}],""Binary"":""73-00-65-00-67-00-32-00-32-00-39-00-00-00""}}"
686,9993,2021-11-03 08:20:48.2006300,7045,Info,Service Control Manager,System,484,2368,FS03.offsec.lan,7,S-1-5-21-4230534742-2542757381-3142984815-1111,A new service was installed in the system,,,Name: FibGUgdG8gbG9nIGJhc2VkIG9uIHNlcmVyaXR5OiAkU2V2ZXJpdHkiIC1Gb3JlIEN5YW47IGJyZWFrfQ0KICAgICAgICB9DQoNCiAgICB9DQoNCiAgICBjYXRjaCB7DQogICAgICAgIA0KICAgICAg,StartType: demand start,Account: LocalSystem,,,,"c:\windows\system32\cmd.exe /c powershell -command ""Get-Service ""seg230"" | select -Expand DisplayName |out-file -append tmp_payload.txt""",False,"EVTX-to-MITRE-Attack\TA0002-Execution\T1569.002-Service execution\ID7000,7009,7045-Payload deployed via service - Tchopper.evtx","Audit success, classic",0,"{""EventData"":{""Data"":[{""@Name"":""ServiceName"",""#text"":""FibGUgdG8gbG9nIGJhc2VkIG9uIHNlcmVyaXR5OiAkU2V2ZXJpdHkiIC1Gb3JlIEN5YW47IGJyZWFrfQ0KICAgICAgICB9DQoNCiAgICB9DQoNCiAgICBjYXRjaCB7DQogICAgICAgIA0KICAgICAg""},{""@Name"":""ImagePath"",""#text"":""c:\\windows\\system32\\cmd.exe /c powershell -command \""Get-Service \""seg230\"" | select -Expand DisplayName |out-file -append tmp_payload.txt\""""},{""@Name"":""ServiceType"",""#text"":""user mode service""},{""@Name"":""StartType"",""#text"":""demand start""},{""@Name"":""AccountName"",""#text"":""LocalSystem""}]}}"
687,9994,2021-11-03 08:20:48.5600066,7009,Error,Service Control Manager,System,484,2368,FS03.offsec.lan,7,,,,,,,,,,,,False,"EVTX-to-MITRE-Attack\TA0002-Execution\T1569.002-Service execution\ID7000,7009,7045-Payload deployed via service - Tchopper.evtx","Audit success, classic",0,"{""EventData"":{""Data"":[{""@Name"":""param1"",""#text"":""30000""},{""@Name"":""param2"",""#text"":""FibGUgdG8gbG9nIGJhc2VkIG9uIHNlcmVyaXR5OiAkU2V2ZXJpdHkiIC1Gb3JlIEN5YW47IGJyZWFrfQ0KICAgICAgICB9DQoNCiAgICB9DQoNCiAgICBjYXRjaCB7DQogICAgICAgIA0KICAgICAg""}],""Binary"":""73-00-65-00-67-00-32-00-33-00-30-00-00-00""}}"
688,9995,2021-11-03 08:20:48.5600066,7000,Error,Service Control Manager,System,484,2368,FS03.offsec.lan,7,,,,,,,,,,,,False,"EVTX-to-MITRE-Attack\TA0002-Execution\T1569.002-Service execution\ID7000,7009,7045-Payload deployed via service - Tchopper.evtx","Audit success, classic",0,"{""EventData"":{""Data"":[{""@Name"":""param1"",""#text"":""FibGUgdG8gbG9nIGJhc2VkIG9uIHNlcmVyaXR5OiAkU2V2ZXJpdHkiIC1Gb3JlIEN5YW47IGJyZWFrfQ0KICAgICAgICB9DQoNCiAgICB9DQoNCiAgICBjYXRjaCB7DQogICAgICAgIA0KICAgICAg""},{""@Name"":""param2"",""#text"":""%%1053""}],""Binary"":""73-00-65-00-67-00-32-00-33-00-30-00-00-00""}}"
689,9996,2021-11-03 08:20:49.6410024,7045,Info,Service Control Manager,System,484,2368,FS03.offsec.lan,7,S-1-5-21-4230534742-2542757381-3142984815-1111,A new service was installed in the system,,,Name: ICBXcml0ZS1Ib3N0ICJVbmFibGUgdG8gbG9nYG4iIC1Gb3JlIFJlZA0KDQogICAgICAgIFdyaXRlLUhvc3QgJEVycm9yWzBdIC1Gb3JlIFJlZA0KDQogICAgICAgICRFcnJvckxpbmVOdW1iZXIgPS,StartType: demand start,Account: LocalSystem,,,,"c:\windows\system32\cmd.exe /c powershell -command ""Get-Service ""seg231"" | select -Expand DisplayName |out-file -append tmp_payload.txt""",False,"EVTX-to-MITRE-Attack\TA0002-Execution\T1569.002-Service execution\ID7000,7009,7045-Payload deployed via service - Tchopper.evtx","Audit success, classic",0,"{""EventData"":{""Data"":[{""@Name"":""ServiceName"",""#text"":""ICBXcml0ZS1Ib3N0ICJVbmFibGUgdG8gbG9nYG4iIC1Gb3JlIFJlZA0KDQogICAgICAgIFdyaXRlLUhvc3QgJEVycm9yWzBdIC1Gb3JlIFJlZA0KDQogICAgICAgICRFcnJvckxpbmVOdW1iZXIgPS""},{""@Name"":""ImagePath"",""#text"":""c:\\windows\\system32\\cmd.exe /c powershell -command \""Get-Service \""seg231\"" | select -Expand DisplayName |out-file -append tmp_payload.txt\""""},{""@Name"":""ServiceType"",""#text"":""user mode service""},{""@Name"":""StartType"",""#text"":""demand start""},{""@Name"":""AccountName"",""#text"":""LocalSystem""}]}}"
690,9997,2021-11-03 08:20:50.0159977,7009,Error,Service Control Manager,System,484,2368,FS03.offsec.lan,7,,,,,,,,,,,,False,"EVTX-to-MITRE-Attack\TA0002-Execution\T1569.002-Service execution\ID7000,7009,7045-Payload deployed via service - Tchopper.evtx","Audit success, classic",0,"{""EventData"":{""Data"":[{""@Name"":""param1"",""#text"":""30000""},{""@Name"":""param2"",""#text"":""ICBXcml0ZS1Ib3N0ICJVbmFibGUgdG8gbG9nYG4iIC1Gb3JlIFJlZA0KDQogICAgICAgIFdyaXRlLUhvc3QgJEVycm9yWzBdIC1Gb3JlIFJlZA0KDQogICAgICAgICRFcnJvckxpbmVOdW1iZXIgPS""}],""Binary"":""73-00-65-00-67-00-32-00-33-00-31-00-00-00""}}"
691,9998,2021-11-03 08:20:50.0159977,7000,Error,Service Control Manager,System,484,2368,FS03.offsec.lan,7,,,,,,,,,,,,False,"EVTX-to-MITRE-Attack\TA0002-Execution\T1569.002-Service execution\ID7000,7009,7045-Payload deployed via service - Tchopper.evtx","Audit success, classic",0,"{""EventData"":{""Data"":[{""@Name"":""param1"",""#text"":""ICBXcml0ZS1Ib3N0ICJVbmFibGUgdG8gbG9nYG4iIC1Gb3JlIFJlZA0KDQogICAgICAgIFdyaXRlLUhvc3QgJEVycm9yWzBdIC1Gb3JlIFJlZA0KDQogICAgICAgICRFcnJvckxpbmVOdW1iZXIgPS""},{""@Name"":""param2"",""#text"":""%%1053""}],""Binary"":""73-00-65-00-67-00-32-00-33-00-31-00-00-00""}}"
692,9999,2021-11-03 08:20:51.0860072,7045,Info,Service Control Manager,System,484,2368,FS03.offsec.lan,7,S-1-5-21-4230534742-2542757381-3142984815-1111,A new service was installed in the system,,,Name: AkRXJyb3JbMF0uSW52b2NhdGlvbkluZm8uc2NyaXB0bGluZW51bWJlcg0KDQogICAgICAgIFdyaXRlLUhvc3QgIkNhdWdodCBvbiBsaW5lIG51bWJlcjogJEVycm9yTGluZU51bWJlciIgLUZvcmUg,StartType: demand start,Account: LocalSystem,,,,"c:\windows\system32\cmd.exe /c powershell -command ""Get-Service ""seg232"" | select -Expand DisplayName |out-file -append tmp_payload.txt""",False,"EVTX-to-MITRE-Attack\TA0002-Execution\T1569.002-Service execution\ID7000,7009,7045-Payload deployed via service - Tchopper.evtx","Audit success, classic",0,"{""EventData"":{""Data"":[{""@Name"":""ServiceName"",""#text"":""AkRXJyb3JbMF0uSW52b2NhdGlvbkluZm8uc2NyaXB0bGluZW51bWJlcg0KDQogICAgICAgIFdyaXRlLUhvc3QgIkNhdWdodCBvbiBsaW5lIG51bWJlcjogJEVycm9yTGluZU51bWJlciIgLUZvcmUg""},{""@Name"":""ImagePath"",""#text"":""c:\\windows\\system32\\cmd.exe /c powershell -command \""Get-Service \""seg232\"" | select -Expand DisplayName |out-file -append tmp_payload.txt\""""},{""@Name"":""ServiceType"",""#text"":""user mode service""},{""@Name"":""StartType"",""#text"":""demand start""},{""@Name"":""AccountName"",""#text"":""LocalSystem""}]}}"
693,10000,2021-11-03 08:20:51.4765812,7009,Error,Service Control Manager,System,484,2368,FS03.offsec.lan,7,,,,,,,,,,,,False,"EVTX-to-MITRE-Attack\TA0002-Execution\T1569.002-Service execution\ID7000,7009,7045-Payload deployed via service - Tchopper.evtx","Audit success, classic",0,"{""EventData"":{""Data"":[{""@Name"":""param1"",""#text"":""30000""},{""@Name"":""param2"",""#text"":""AkRXJyb3JbMF0uSW52b2NhdGlvbkluZm8uc2NyaXB0bGluZW51bWJlcg0KDQogICAgICAgIFdyaXRlLUhvc3QgIkNhdWdodCBvbiBsaW5lIG51bWJlcjogJEVycm9yTGluZU51bWJlciIgLUZvcmUg""}],""Binary"":""73-00-65-00-67-00-32-00-33-00-32-00-00-00""}}"
694,10001,2021-11-03 08:20:51.4765812,7000,Error,Service Control Manager,System,484,2368,FS03.offsec.lan,7,,,,,,,,,,,,False,"EVTX-to-MITRE-Attack\TA0002-Execution\T1569.002-Service execution\ID7000,7009,7045-Payload deployed via service - Tchopper.evtx","Audit success, classic",0,"{""EventData"":{""Data"":[{""@Name"":""param1"",""#text"":""AkRXJyb3JbMF0uSW52b2NhdGlvbkluZm8uc2NyaXB0bGluZW51bWJlcg0KDQogICAgICAgIFdyaXRlLUhvc3QgIkNhdWdodCBvbiBsaW5lIG51bWJlcjogJEVycm9yTGluZU51bWJlciIgLUZvcmUg""},{""@Name"":""param2"",""#text"":""%%1053""}],""Binary"":""73-00-65-00-67-00-32-00-33-00-32-00-00-00""}}"
695,10002,2021-11-03 08:20:52.5367498,7045,Info,Service Control Manager,System,484,2368,FS03.offsec.lan,7,S-1-5-21-4230534742-2542757381-3142984815-1111,A new service was installed in the system,,,Name: UmVkDQoNCiAgICAgICAgZXhpdA0KDQogICAgfQ0KfQ0KDQoNCiMgSW1wb3J0cyB0aGUgZm9ybXMNCltTeXN0ZW0uUmVmbGVjdGlvbi5Bc3NlbWJseV06OkxvYWRXaXRoUGFydGlhbE5hbWUoIlN5c3,StartType: demand start,Account: LocalSystem,,,,"c:\windows\system32\cmd.exe /c powershell -command ""Get-Service ""seg233"" | select -Expand DisplayName |out-file -append tmp_payload.txt""",False,"EVTX-to-MITRE-Attack\TA0002-Execution\T1569.002-Service execution\ID7000,7009,7045-Payload deployed via service - Tchopper.evtx","Audit success, classic",0,"{""EventData"":{""Data"":[{""@Name"":""ServiceName"",""#text"":""UmVkDQoNCiAgICAgICAgZXhpdA0KDQogICAgfQ0KfQ0KDQoNCiMgSW1wb3J0cyB0aGUgZm9ybXMNCltTeXN0ZW0uUmVmbGVjdGlvbi5Bc3NlbWJseV06OkxvYWRXaXRoUGFydGlhbE5hbWUoIlN5c3""},{""@Name"":""ImagePath"",""#text"":""c:\\windows\\system32\\cmd.exe /c powershell -command \""Get-Service \""seg233\"" | select -Expand DisplayName |out-file -append tmp_payload.txt\""""},{""@Name"":""ServiceType"",""#text"":""user mode service""},{""@Name"":""StartType"",""#text"":""demand start""},{""@Name"":""AccountName"",""#text"":""LocalSystem""}]}}"
696,10003,2021-11-03 08:20:52.9273541,7009,Error,Service Control Manager,System,484,2368,FS03.offsec.lan,7,,,,,,,,,,,,False,"EVTX-to-MITRE-Attack\TA0002-Execution\T1569.002-Service execution\ID7000,7009,7045-Payload deployed via service - Tchopper.evtx","Audit success, classic",0,"{""EventData"":{""Data"":[{""@Name"":""param1"",""#text"":""30000""},{""@Name"":""param2"",""#text"":""UmVkDQoNCiAgICAgICAgZXhpdA0KDQogICAgfQ0KfQ0KDQoNCiMgSW1wb3J0cyB0aGUgZm9ybXMNCltTeXN0ZW0uUmVmbGVjdGlvbi5Bc3NlbWJseV06OkxvYWRXaXRoUGFydGlhbE5hbWUoIlN5c3""}],""Binary"":""73-00-65-00-67-00-32-00-33-00-33-00-00-00""}}"
697,10004,2021-11-03 08:20:52.9273541,7000,Error,Service Control Manager,System,484,2368,FS03.offsec.lan,7,,,,,,,,,,,,False,"EVTX-to-MITRE-Attack\TA0002-Execution\T1569.002-Service execution\ID7000,7009,7045-Payload deployed via service - Tchopper.evtx","Audit success, classic",0,"{""EventData"":{""Data"":[{""@Name"":""param1"",""#text"":""UmVkDQoNCiAgICAgICAgZXhpdA0KDQogICAgfQ0KfQ0KDQoNCiMgSW1wb3J0cyB0aGUgZm9ybXMNCltTeXN0ZW0uUmVmbGVjdGlvbi5Bc3NlbWJseV06OkxvYWRXaXRoUGFydGlhbE5hbWUoIlN5c3""},{""@Name"":""param2"",""#text"":""%%1053""}],""Binary"":""73-00-65-00-67-00-32-00-33-00-33-00-00-00""}}"
698,10005,2021-11-03 08:20:54.0107138,7045,Info,Service Control Manager,System,484,2368,FS03.offsec.lan,7,S-1-5-21-4230534742-2542757381-3142984815-1111,A new service was installed in the system,,,Name: RlbS53aW5kb3dzLmZvcm1zIikgfCBPdXQtTnVsbA0KDQojU2V0IHNldmVyaXRpZXMNCiRJTkZPX0xPRyA9ICJJbmZvIg0KJElOUFVUX0xPRyA9ICJJbnB1dCINCiRXQVJOX0xPRyA9ICJXYXJuIg0K,StartType: demand start,Account: LocalSystem,,,,"c:\windows\system32\cmd.exe /c powershell -command ""Get-Service ""seg234"" | select -Expand DisplayName |out-file -append tmp_payload.txt""",False,"EVTX-to-MITRE-Attack\TA0002-Execution\T1569.002-Service execution\ID7000,7009,7045-Payload deployed via service - Tchopper.evtx","Audit success, classic",0,"{""EventData"":{""Data"":[{""@Name"":""ServiceName"",""#text"":""RlbS53aW5kb3dzLmZvcm1zIikgfCBPdXQtTnVsbA0KDQojU2V0IHNldmVyaXRpZXMNCiRJTkZPX0xPRyA9ICJJbmZvIg0KJElOUFVUX0xPRyA9ICJJbnB1dCINCiRXQVJOX0xPRyA9ICJXYXJuIg0K""},{""@Name"":""ImagePath"",""#text"":""c:\\windows\\system32\\cmd.exe /c powershell -command \""Get-Service \""seg234\"" | select -Expand DisplayName |out-file -append tmp_payload.txt\""""},{""@Name"":""ServiceType"",""#text"":""user mode service""},{""@Name"":""StartType"",""#text"":""demand start""},{""@Name"":""AccountName"",""#text"":""LocalSystem""}]}}"
699,10006,2021-11-03 08:20:54.4325550,7009,Error,Service Control Manager,System,484,2368,FS03.offsec.lan,7,,,,,,,,,,,,False,"EVTX-to-MITRE-Attack\TA0002-Execution\T1569.002-Service execution\ID7000,7009,7045-Payload deployed via service - Tchopper.evtx","Audit success, classic",0,"{""EventData"":{""Data"":[{""@Name"":""param1"",""#text"":""30000""},{""@Name"":""param2"",""#text"":""RlbS53aW5kb3dzLmZvcm1zIikgfCBPdXQtTnVsbA0KDQojU2V0IHNldmVyaXRpZXMNCiRJTkZPX0xPRyA9ICJJbmZvIg0KJElOUFVUX0xPRyA9ICJJbnB1dCINCiRXQVJOX0xPRyA9ICJXYXJuIg0K""}],""Binary"":""73-00-65-00-67-00-32-00-33-00-34-00-00-00""}}"
700,10007,2021-11-03 08:20:54.4325550,7000,Error,Service Control Manager,System,484,2368,FS03.offsec.lan,7,,,,,,,,,,,,False,"EVTX-to-MITRE-Attack\TA0002-Execution\T1569.002-Service execution\ID7000,7009,7045-Payload deployed via service - Tchopper.evtx","Audit success, classic",0,"{""EventData"":{""Data"":[{""@Name"":""param1"",""#text"":""RlbS53aW5kb3dzLmZvcm1zIikgfCBPdXQtTnVsbA0KDQojU2V0IHNldmVyaXRpZXMNCiRJTkZPX0xPRyA9ICJJbmZvIg0KJElOUFVUX0xPRyA9ICJJbnB1dCINCiRXQVJOX0xPRyA9ICJXYXJuIg0K""},{""@Name"":""param2"",""#text"":""%%1053""}],""Binary"":""73-00-65-00-67-00-32-00-33-00-34-00-00-00""}}"
701,10008,2021-11-03 08:20:55.5272048,7045,Info,Service Control Manager,System,484,2368,FS03.offsec.lan,7,S-1-5-21-4230534742-2542757381-3142984815-1111,A new service was installed in the system,,,Name: JEVSUk9SX0xPRyA9ICJFcnJvciINCg0KI1NldCBDb21wdXRlciBMaXN0IE9wdGlvbnMNCiMkaG9zdGRvbWFpbiA9IChHZXQtQUREb21haW4pLkROU1Jvb3QNCiRGSUxFX09QVCA9ICJJUCBMaXN0Ig,StartType: demand start,Account: LocalSystem,,,,"c:\windows\system32\cmd.exe /c powershell -command ""Get-Service ""seg235"" | select -Expand DisplayName |out-file -append tmp_payload.txt""",False,"EVTX-to-MITRE-Attack\TA0002-Execution\T1569.002-Service execution\ID7000,7009,7045-Payload deployed via service - Tchopper.evtx","Audit success, classic",0,"{""EventData"":{""Data"":[{""@Name"":""ServiceName"",""#text"":""JEVSUk9SX0xPRyA9ICJFcnJvciINCg0KI1NldCBDb21wdXRlciBMaXN0IE9wdGlvbnMNCiMkaG9zdGRvbWFpbiA9IChHZXQtQUREb21haW4pLkROU1Jvb3QNCiRGSUxFX09QVCA9ICJJUCBMaXN0Ig""},{""@Name"":""ImagePath"",""#text"":""c:\\windows\\system32\\cmd.exe /c powershell -command \""Get-Service \""seg235\"" | select -Expand DisplayName |out-file -append tmp_payload.txt\""""},{""@Name"":""ServiceType"",""#text"":""user mode service""},{""@Name"":""StartType"",""#text"":""demand start""},{""@Name"":""AccountName"",""#text"":""LocalSystem""}]}}"
702,10009,2021-11-03 08:20:55.8865726,7009,Error,Service Control Manager,System,484,2368,FS03.offsec.lan,7,,,,,,,,,,,,False,"EVTX-to-MITRE-Attack\TA0002-Execution\T1569.002-Service execution\ID7000,7009,7045-Payload deployed via service - Tchopper.evtx","Audit success, classic",0,"{""EventData"":{""Data"":[{""@Name"":""param1"",""#text"":""30000""},{""@Name"":""param2"",""#text"":""JEVSUk9SX0xPRyA9ICJFcnJvciINCg0KI1NldCBDb21wdXRlciBMaXN0IE9wdGlvbnMNCiMkaG9zdGRvbWFpbiA9IChHZXQtQUREb21haW4pLkROU1Jvb3QNCiRGSUxFX09QVCA9ICJJUCBMaXN0Ig""}],""Binary"":""73-00-65-00-67-00-32-00-33-00-35-00-00-00""}}"
703,10010,2021-11-03 08:20:55.8865726,7000,Error,Service Control Manager,System,484,2368,FS03.offsec.lan,7,,,,,,,,,,,,False,"EVTX-to-MITRE-Attack\TA0002-Execution\T1569.002-Service execution\ID7000,7009,7045-Payload deployed via service - Tchopper.evtx","Audit success, classic",0,"{""EventData"":{""Data"":[{""@Name"":""param1"",""#text"":""JEVSUk9SX0xPRyA9ICJFcnJvciINCg0KI1NldCBDb21wdXRlciBMaXN0IE9wdGlvbnMNCiMkaG9zdGRvbWFpbiA9IChHZXQtQUREb21haW4pLkROU1Jvb3QNCiRGSUxFX09QVCA9ICJJUCBMaXN0Ig""},{""@Name"":""param2"",""#text"":""%%1053""}],""Binary"":""73-00-65-00-67-00-32-00-33-00-35-00-00-00""}}"
704,10011,2021-11-03 08:20:57.0011786,7045,Info,Service Control Manager,System,484,2368,FS03.offsec.lan,7,S-1-5-21-4230534742-2542757381-3142984815-1111,A new service was installed in the system,,,Name: 0KJERPTUFJTl9PUFQgPSAiRG9tYWluIg0KJExPQ0FMSE9TVF9PUFQgPSAiTG9jYWwgSG9zdCINCg0KDQpXcml0ZS1Mb2cgJElORk9fTE9HICJTdGFydGluZyBTY3JpcHQiDQoNCiMgRHJvcCBEb3du,StartType: demand start,Account: LocalSystem,,,,"c:\windows\system32\cmd.exe /c powershell -command ""Get-Service ""seg236"" | select -Expand DisplayName |out-file -append tmp_payload.txt""",False,"EVTX-to-MITRE-Attack\TA0002-Execution\T1569.002-Service execution\ID7000,7009,7045-Payload deployed via service - Tchopper.evtx","Audit success, classic",0,"{""EventData"":{""Data"":[{""@Name"":""ServiceName"",""#text"":""0KJERPTUFJTl9PUFQgPSAiRG9tYWluIg0KJExPQ0FMSE9TVF9PUFQgPSAiTG9jYWwgSG9zdCINCg0KDQpXcml0ZS1Mb2cgJElORk9fTE9HICJTdGFydGluZyBTY3JpcHQiDQoNCiMgRHJvcCBEb3du""},{""@Name"":""ImagePath"",""#text"":""c:\\windows\\system32\\cmd.exe /c powershell -command \""Get-Service \""seg236\"" | select -Expand DisplayName |out-file -append tmp_payload.txt\""""},{""@Name"":""ServiceType"",""#text"":""user mode service""},{""@Name"":""StartType"",""#text"":""demand start""},{""@Name"":""AccountName"",""#text"":""LocalSystem""}]}}"
705,10012,2021-11-03 08:20:57.3918150,7009,Error,Service Control Manager,System,484,2368,FS03.offsec.lan,7,,,,,,,,,,,,False,"EVTX-to-MITRE-Attack\TA0002-Execution\T1569.002-Service execution\ID7000,7009,7045-Payload deployed via service - Tchopper.evtx","Audit success, classic",0,"{""EventData"":{""Data"":[{""@Name"":""param1"",""#text"":""30000""},{""@Name"":""param2"",""#text"":""0KJERPTUFJTl9PUFQgPSAiRG9tYWluIg0KJExPQ0FMSE9TVF9PUFQgPSAiTG9jYWwgSG9zdCINCg0KDQpXcml0ZS1Mb2cgJElORk9fTE9HICJTdGFydGluZyBTY3JpcHQiDQoNCiMgRHJvcCBEb3du""}],""Binary"":""73-00-65-00-67-00-32-00-33-00-36-00-00-00""}}"
706,10013,2021-11-03 08:20:57.3918150,7000,Error,Service Control Manager,System,484,2368,FS03.offsec.lan,7,,,,,,,,,,,,False,"EVTX-to-MITRE-Attack\TA0002-Execution\T1569.002-Service execution\ID7000,7009,7045-Payload deployed via service - Tchopper.evtx","Audit success, classic",0,"{""EventData"":{""Data"":[{""@Name"":""param1"",""#text"":""0KJERPTUFJTl9PUFQgPSAiRG9tYWluIg0KJExPQ0FMSE9TVF9PUFQgPSAiTG9jYWwgSG9zdCINCg0KDQpXcml0ZS1Mb2cgJElORk9fTE9HICJTdGFydGluZyBTY3JpcHQiDQoNCiMgRHJvcCBEb3du""},{""@Name"":""param2"",""#text"":""%%1053""}],""Binary"":""73-00-65-00-67-00-32-00-33-00-36-00-00-00""}}"
707,10014,2021-11-03 08:20:58.4646671,7045,Info,Service Control Manager,System,484,2368,FS03.offsec.lan,7,S-1-5-21-4230534742-2542757381-3142984815-1111,A new service was installed in the system,,,Name: IE9wdGlvbnMNClthcnJheV0kQ29tcHV0ZXJMaXN0VHlwZU9wdGlvbnMgPSAkRklMRV9PUFQsICRMT0NBTEhPU1RfT1BULCAkRE9NQUlOX09QVA0KDQoNCiNTZXQgdGhlIGZ1bmN0aW9uIHZhcmlhYm,StartType: demand start,Account: LocalSystem,,,,"c:\windows\system32\cmd.exe /c powershell -command ""Get-Service ""seg237"" | select -Expand DisplayName |out-file -append tmp_payload.txt""",False,"EVTX-to-MITRE-Attack\TA0002-Execution\T1569.002-Service execution\ID7000,7009,7045-Payload deployed via service - Tchopper.evtx","Audit success, classic",0,"{""EventData"":{""Data"":[{""@Name"":""ServiceName"",""#text"":""IE9wdGlvbnMNClthcnJheV0kQ29tcHV0ZXJMaXN0VHlwZU9wdGlvbnMgPSAkRklMRV9PUFQsICRMT0NBTEhPU1RfT1BULCAkRE9NQUlOX09QVA0KDQoNCiNTZXQgdGhlIGZ1bmN0aW9uIHZhcmlhYm""},{""@Name"":""ImagePath"",""#text"":""c:\\windows\\system32\\cmd.exe /c powershell -command \""Get-Service \""seg237\"" | select -Expand DisplayName |out-file -append tmp_payload.txt\""""},{""@Name"":""ServiceType"",""#text"":""user mode service""},{""@Name"":""StartType"",""#text"":""demand start""},{""@Name"":""AccountName"",""#text"":""LocalSystem""}]}}"
708,10015,2021-11-03 08:20:58.8240447,7009,Error,Service Control Manager,System,484,2368,FS03.offsec.lan,7,,,,,,,,,,,,False,"EVTX-to-MITRE-Attack\TA0002-Execution\T1569.002-Service execution\ID7000,7009,7045-Payload deployed via service - Tchopper.evtx","Audit success, classic",0,"{""EventData"":{""Data"":[{""@Name"":""param1"",""#text"":""30000""},{""@Name"":""param2"",""#text"":""IE9wdGlvbnMNClthcnJheV0kQ29tcHV0ZXJMaXN0VHlwZU9wdGlvbnMgPSAkRklMRV9PUFQsICRMT0NBTEhPU1RfT1BULCAkRE9NQUlOX09QVA0KDQoNCiNTZXQgdGhlIGZ1bmN0aW9uIHZhcmlhYm""}],""Binary"":""73-00-65-00-67-00-32-00-33-00-37-00-00-00""}}"
709,10016,2021-11-03 08:20:58.8240447,7000,Error,Service Control Manager,System,484,2368,FS03.offsec.lan,7,,,,,,,,,,,,False,"EVTX-to-MITRE-Attack\TA0002-Execution\T1569.002-Service execution\ID7000,7009,7045-Payload deployed via service - Tchopper.evtx","Audit success, classic",0,"{""EventData"":{""Data"":[{""@Name"":""param1"",""#text"":""IE9wdGlvbnMNClthcnJheV0kQ29tcHV0ZXJMaXN0VHlwZU9wdGlvbnMgPSAkRklMRV9PUFQsICRMT0NBTEhPU1RfT1BULCAkRE9NQUlOX09QVA0KDQoNCiNTZXQgdGhlIGZ1bmN0aW9uIHZhcmlhYm""},{""@Name"":""param2"",""#text"":""%%1053""}],""Binary"":""73-00-65-00-67-00-32-00-33-00-37-00-00-00""}}"
710,10017,2021-11-03 08:20:59.9021899,7045,Info,Service Control Manager,System,484,2368,FS03.offsec.lan,7,S-1-5-21-4230534742-2542757381-3142984815-1111,A new service was installed in the system,,,Name: xlcw0KJENvbXB1dGVyTGlzdFR5cGUgID0gR2V0LUlucHV0RnJvbURyb3BEb3duICRDb21wdXRlckxpc3RUeXBlT3B0aW9ucyAiSVAgTGlzdCBUeXBlIg0KDQoNCiNTZXQgdGhlIGZ1bmN0aW9uIHZh,StartType: demand start,Account: LocalSystem,,,,"c:\windows\system32\cmd.exe /c powershell -command ""Get-Service ""seg238"" | select -Expand DisplayName |out-file -append tmp_payload.txt""",False,"EVTX-to-MITRE-Attack\TA0002-Execution\T1569.002-Service execution\ID7000,7009,7045-Payload deployed via service - Tchopper.evtx","Audit success, classic",0,"{""EventData"":{""Data"":[{""@Name"":""ServiceName"",""#text"":""xlcw0KJENvbXB1dGVyTGlzdFR5cGUgID0gR2V0LUlucHV0RnJvbURyb3BEb3duICRDb21wdXRlckxpc3RUeXBlT3B0aW9ucyAiSVAgTGlzdCBUeXBlIg0KDQoNCiNTZXQgdGhlIGZ1bmN0aW9uIHZh""},{""@Name"":""ImagePath"",""#text"":""c:\\windows\\system32\\cmd.exe /c powershell -command \""Get-Service \""seg238\"" | select -Expand DisplayName |out-file -append tmp_payload.txt\""""},{""@Name"":""ServiceType"",""#text"":""user mode service""},{""@Name"":""StartType"",""#text"":""demand start""},{""@Name"":""AccountName"",""#text"":""LocalSystem""}]}}"
711,10018,2021-11-03 08:21:00.2828555,7009,Error,Service Control Manager,System,484,2368,FS03.offsec.lan,7,,,,,,,,,,,,False,"EVTX-to-MITRE-Attack\TA0002-Execution\T1569.002-Service execution\ID7000,7009,7045-Payload deployed via service - Tchopper.evtx","Audit success, classic",0,"{""EventData"":{""Data"":[{""@Name"":""param1"",""#text"":""30000""},{""@Name"":""param2"",""#text"":""xlcw0KJENvbXB1dGVyTGlzdFR5cGUgID0gR2V0LUlucHV0RnJvbURyb3BEb3duICRDb21wdXRlckxpc3RUeXBlT3B0aW9ucyAiSVAgTGlzdCBUeXBlIg0KDQoNCiNTZXQgdGhlIGZ1bmN0aW9uIHZh""}],""Binary"":""73-00-65-00-67-00-32-00-33-00-38-00-00-00""}}"
712,10019,2021-11-03 08:21:00.2828555,7000,Error,Service Control Manager,System,484,2368,FS03.offsec.lan,7,,,,,,,,,,,,False,"EVTX-to-MITRE-Attack\TA0002-Execution\T1569.002-Service execution\ID7000,7009,7045-Payload deployed via service - Tchopper.evtx","Audit success, classic",0,"{""EventData"":{""Data"":[{""@Name"":""param1"",""#text"":""xlcw0KJENvbXB1dGVyTGlzdFR5cGUgID0gR2V0LUlucHV0RnJvbURyb3BEb3duICRDb21wdXRlckxpc3RUeXBlT3B0aW9ucyAiSVAgTGlzdCBUeXBlIg0KDQoNCiNTZXQgdGhlIGZ1bmN0aW9uIHZh""},{""@Name"":""param2"",""#text"":""%%1053""}],""Binary"":""73-00-65-00-67-00-32-00-33-00-38-00-00-00""}}"
713,10020,2021-11-03 08:21:01.3593479,7045,Info,Service Control Manager,System,484,2368,FS03.offsec.lan,7,S-1-5-21-4230534742-2542757381-3142984815-1111,A new service was installed in the system,,,Name: cmlhYmxlcw0KV3JpdGUtTG9nICRJTlBVVF9MT0cgIlNlbGVjdCBDb21wdXRlciBMaXN0Li4uIg0KDQokQ29tcHV0ZXJMaXN0ID0gR2V0LUNvbXB1dGVyTGlzdCAkQ29tcHV0ZXJMaXN0VHlwZQ0KJE,StartType: demand start,Account: LocalSystem,,,,"c:\windows\system32\cmd.exe /c powershell -command ""Get-Service ""seg239"" | select -Expand DisplayName |out-file -append tmp_payload.txt""",False,"EVTX-to-MITRE-Attack\TA0002-Execution\T1569.002-Service execution\ID7000,7009,7045-Payload deployed via service - Tchopper.evtx","Audit success, classic",0,"{""EventData"":{""Data"":[{""@Name"":""ServiceName"",""#text"":""cmlhYmxlcw0KV3JpdGUtTG9nICRJTlBVVF9MT0cgIlNlbGVjdCBDb21wdXRlciBMaXN0Li4uIg0KDQokQ29tcHV0ZXJMaXN0ID0gR2V0LUNvbXB1dGVyTGlzdCAkQ29tcHV0ZXJMaXN0VHlwZQ0KJE""},{""@Name"":""ImagePath"",""#text"":""c:\\windows\\system32\\cmd.exe /c powershell -command \""Get-Service \""seg239\"" | select -Expand DisplayName |out-file -append tmp_payload.txt\""""},{""@Name"":""ServiceType"",""#text"":""user mode service""},{""@Name"":""StartType"",""#text"":""demand start""},{""@Name"":""AccountName"",""#text"":""LocalSystem""}]}}"
714,10021,2021-11-03 08:21:01.7499708,7009,Error,Service Control Manager,System,484,2368,FS03.offsec.lan,7,,,,,,,,,,,,False,"EVTX-to-MITRE-Attack\TA0002-Execution\T1569.002-Service execution\ID7000,7009,7045-Payload deployed via service - Tchopper.evtx","Audit success, classic",0,"{""EventData"":{""Data"":[{""@Name"":""param1"",""#text"":""30000""},{""@Name"":""param2"",""#text"":""cmlhYmxlcw0KV3JpdGUtTG9nICRJTlBVVF9MT0cgIlNlbGVjdCBDb21wdXRlciBMaXN0Li4uIg0KDQokQ29tcHV0ZXJMaXN0ID0gR2V0LUNvbXB1dGVyTGlzdCAkQ29tcHV0ZXJMaXN0VHlwZQ0KJE""}],""Binary"":""73-00-65-00-67-00-32-00-33-00-39-00-00-00""}}"
715,10022,2021-11-03 08:21:01.7499708,7000,Error,Service Control Manager,System,484,2368,FS03.offsec.lan,7,,,,,,,,,,,,False,"EVTX-to-MITRE-Attack\TA0002-Execution\T1569.002-Service execution\ID7000,7009,7045-Payload deployed via service - Tchopper.evtx","Audit success, classic",0,"{""EventData"":{""Data"":[{""@Name"":""param1"",""#text"":""cmlhYmxlcw0KV3JpdGUtTG9nICRJTlBVVF9MT0cgIlNlbGVjdCBDb21wdXRlciBMaXN0Li4uIg0KDQokQ29tcHV0ZXJMaXN0ID0gR2V0LUNvbXB1dGVyTGlzdCAkQ29tcHV0ZXJMaXN0VHlwZQ0KJE""},{""@Name"":""param2"",""#text"":""%%1053""}],""Binary"":""73-00-65-00-67-00-32-00-33-00-39-00-00-00""}}"
716,10023,2021-11-03 08:21:02.8299889,7045,Info,Service Control Manager,System,484,2368,FS03.offsec.lan,7,S-1-5-21-4230534742-2542757381-3142984815-1111,A new service was installed in the system,,,Name: NvbXB1dGVyQ291bnQgPSAkQ29tcHV0ZXJMaXN0LkNvdW50DQokR2xvYmFsOkNyZWQgPSAkTnVsbA0KJEdsb2JhbDpDb25uZWN0aW9uSXNzdWVzID0gMCANCg0KI1NldCBhbGwgZXJyb3JzIHRvIHRl,StartType: demand start,Account: LocalSystem,,,,"c:\windows\system32\cmd.exe /c powershell -command ""Get-Service ""seg240"" | select -Expand DisplayName |out-file -append tmp_payload.txt""",False,"EVTX-to-MITRE-Attack\TA0002-Execution\T1569.002-Service execution\ID7000,7009,7045-Payload deployed via service - Tchopper.evtx","Audit success, classic",0,"{""EventData"":{""Data"":[{""@Name"":""ServiceName"",""#text"":""NvbXB1dGVyQ291bnQgPSAkQ29tcHV0ZXJMaXN0LkNvdW50DQokR2xvYmFsOkNyZWQgPSAkTnVsbA0KJEdsb2JhbDpDb25uZWN0aW9uSXNzdWVzID0gMCANCg0KI1NldCBhbGwgZXJyb3JzIHRvIHRl""},{""@Name"":""ImagePath"",""#text"":""c:\\windows\\system32\\cmd.exe /c powershell -command \""Get-Service \""seg240\"" | select -Expand DisplayName |out-file -append tmp_payload.txt\""""},{""@Name"":""ServiceType"",""#text"":""user mode service""},{""@Name"":""StartType"",""#text"":""demand start""},{""@Name"":""AccountName"",""#text"":""LocalSystem""}]}}"
717,10024,2021-11-03 08:21:03.1809739,7009,Error,Service Control Manager,System,484,2368,FS03.offsec.lan,7,,,,,,,,,,,,False,"EVTX-to-MITRE-Attack\TA0002-Execution\T1569.002-Service execution\ID7000,7009,7045-Payload deployed via service - Tchopper.evtx","Audit success, classic",0,"{""EventData"":{""Data"":[{""@Name"":""param1"",""#text"":""30000""},{""@Name"":""param2"",""#text"":""NvbXB1dGVyQ291bnQgPSAkQ29tcHV0ZXJMaXN0LkNvdW50DQokR2xvYmFsOkNyZWQgPSAkTnVsbA0KJEdsb2JhbDpDb25uZWN0aW9uSXNzdWVzID0gMCANCg0KI1NldCBhbGwgZXJyb3JzIHRvIHRl""}],""Binary"":""73-00-65-00-67-00-32-00-34-00-30-00-00-00""}}"
718,10025,2021-11-03 08:21:03.1809739,7000,Error,Service Control Manager,System,484,2368,FS03.offsec.lan,7,,,,,,,,,,,,False,"EVTX-to-MITRE-Attack\TA0002-Execution\T1569.002-Service execution\ID7000,7009,7045-Payload deployed via service - Tchopper.evtx","Audit success, classic",0,"{""EventData"":{""Data"":[{""@Name"":""param1"",""#text"":""NvbXB1dGVyQ291bnQgPSAkQ29tcHV0ZXJMaXN0LkNvdW50DQokR2xvYmFsOkNyZWQgPSAkTnVsbA0KJEdsb2JhbDpDb25uZWN0aW9uSXNzdWVzID0gMCANCg0KI1NldCBhbGwgZXJyb3JzIHRvIHRl""},{""@Name"":""param2"",""#text"":""%%1053""}],""Binary"":""73-00-65-00-67-00-32-00-34-00-30-00-00-00""}}"
719,10026,2021-11-03 08:21:04.2710999,7045,Info,Service Control Manager,System,484,2368,FS03.offsec.lan,7,S-1-5-21-4230534742-2542757381-3142984815-1111,A new service was installed in the system,,,Name: cm1pbmF0aW5nDQokRXJyb3JBY3Rpb25QcmVmZXJlbmNlID0gIlN0b3AiDQoNCldyaXRlLUxvZyAkSU5GT19MT0cgIlNlbGVjdGVkOiAkQ29tcHV0ZXJMaXN0VHlwZSAoJENvbXB1dGVyQ291bnQgQ2,StartType: demand start,Account: LocalSystem,,,,"c:\windows\system32\cmd.exe /c powershell -command ""Get-Service ""seg241"" | select -Expand DisplayName |out-file -append tmp_payload.txt""",False,"EVTX-to-MITRE-Attack\TA0002-Execution\T1569.002-Service execution\ID7000,7009,7045-Payload deployed via service - Tchopper.evtx","Audit success, classic",0,"{""EventData"":{""Data"":[{""@Name"":""ServiceName"",""#text"":""cm1pbmF0aW5nDQokRXJyb3JBY3Rpb25QcmVmZXJlbmNlID0gIlN0b3AiDQoNCldyaXRlLUxvZyAkSU5GT19MT0cgIlNlbGVjdGVkOiAkQ29tcHV0ZXJMaXN0VHlwZSAoJENvbXB1dGVyQ291bnQgQ2""},{""@Name"":""ImagePath"",""#text"":""c:\\windows\\system32\\cmd.exe /c powershell -command \""Get-Service \""seg241\"" | select -Expand DisplayName |out-file -append tmp_payload.txt\""""},{""@Name"":""ServiceType"",""#text"":""user mode service""},{""@Name"":""StartType"",""#text"":""demand start""},{""@Name"":""AccountName"",""#text"":""LocalSystem""}]}}"
720,10027,2021-11-03 08:21:04.6355903,7009,Error,Service Control Manager,System,484,2368,FS03.offsec.lan,7,,,,,,,,,,,,False,"EVTX-to-MITRE-Attack\TA0002-Execution\T1569.002-Service execution\ID7000,7009,7045-Payload deployed via service - Tchopper.evtx","Audit success, classic",0,"{""EventData"":{""Data"":[{""@Name"":""param1"",""#text"":""30000""},{""@Name"":""param2"",""#text"":""cm1pbmF0aW5nDQokRXJyb3JBY3Rpb25QcmVmZXJlbmNlID0gIlN0b3AiDQoNCldyaXRlLUxvZyAkSU5GT19MT0cgIlNlbGVjdGVkOiAkQ29tcHV0ZXJMaXN0VHlwZSAoJENvbXB1dGVyQ291bnQgQ2""}],""Binary"":""73-00-65-00-67-00-32-00-34-00-31-00-00-00""}}"
721,10028,2021-11-03 08:21:04.6355903,7000,Error,Service Control Manager,System,484,2368,FS03.offsec.lan,7,,,,,,,,,,,,False,"EVTX-to-MITRE-Attack\TA0002-Execution\T1569.002-Service execution\ID7000,7009,7045-Payload deployed via service - Tchopper.evtx","Audit success, classic",0,"{""EventData"":{""Data"":[{""@Name"":""param1"",""#text"":""cm1pbmF0aW5nDQokRXJyb3JBY3Rpb25QcmVmZXJlbmNlID0gIlN0b3AiDQoNCldyaXRlLUxvZyAkSU5GT19MT0cgIlNlbGVjdGVkOiAkQ29tcHV0ZXJMaXN0VHlwZSAoJENvbXB1dGVyQ291bnQgQ2""},{""@Name"":""param2"",""#text"":""%%1053""}],""Binary"":""73-00-65-00-67-00-32-00-34-00-31-00-00-00""}}"
722,10029,2021-11-03 08:21:05.7123884,7045,Info,Service Control Manager,System,484,2368,FS03.offsec.lan,7,S-1-5-21-4230534742-2542757381-3142984815-1111,A new service was installed in the system,,,Name: 9tcHV0ZXIocykgRm91bmQpIg0KDQojQ2FsbCBmdW5jdGlvbg0KJFRpbWUgPSBNZWFzdXJlLUNvbW1hbmQgLUV4cHJlc3Npb24gew0KICAgICRMb2dSZXBvcnQgPSBFeHBvcnQtTG9nUmVwb3J0ICRD,StartType: demand start,Account: LocalSystem,,,,"c:\windows\system32\cmd.exe /c powershell -command ""Get-Service ""seg242"" | select -Expand DisplayName |out-file -append tmp_payload.txt""",False,"EVTX-to-MITRE-Attack\TA0002-Execution\T1569.002-Service execution\ID7000,7009,7045-Payload deployed via service - Tchopper.evtx","Audit success, classic",0,"{""EventData"":{""Data"":[{""@Name"":""ServiceName"",""#text"":""9tcHV0ZXIocykgRm91bmQpIg0KDQojQ2FsbCBmdW5jdGlvbg0KJFRpbWUgPSBNZWFzdXJlLUNvbW1hbmQgLUV4cHJlc3Npb24gew0KICAgICRMb2dSZXBvcnQgPSBFeHBvcnQtTG9nUmVwb3J0ICRD""},{""@Name"":""ImagePath"",""#text"":""c:\\windows\\system32\\cmd.exe /c powershell -command \""Get-Service \""seg242\"" | select -Expand DisplayName |out-file -append tmp_payload.txt\""""},{""@Name"":""ServiceType"",""#text"":""user mode service""},{""@Name"":""StartType"",""#text"":""demand start""},{""@Name"":""AccountName"",""#text"":""LocalSystem""}]}}"
723,10030,2021-11-03 08:21:06.0873651,7009,Error,Service Control Manager,System,484,2368,FS03.offsec.lan,7,,,,,,,,,,,,False,"EVTX-to-MITRE-Attack\TA0002-Execution\T1569.002-Service execution\ID7000,7009,7045-Payload deployed via service - Tchopper.evtx","Audit success, classic",0,"{""EventData"":{""Data"":[{""@Name"":""param1"",""#text"":""30000""},{""@Name"":""param2"",""#text"":""9tcHV0ZXIocykgRm91bmQpIg0KDQojQ2FsbCBmdW5jdGlvbg0KJFRpbWUgPSBNZWFzdXJlLUNvbW1hbmQgLUV4cHJlc3Npb24gew0KICAgICRMb2dSZXBvcnQgPSBFeHBvcnQtTG9nUmVwb3J0ICRD""}],""Binary"":""73-00-65-00-67-00-32-00-34-00-32-00-00-00""}}"
724,10031,2021-11-03 08:21:06.0873651,7000,Error,Service Control Manager,System,484,2368,FS03.offsec.lan,7,,,,,,,,,,,,False,"EVTX-to-MITRE-Attack\TA0002-Execution\T1569.002-Service execution\ID7000,7009,7045-Payload deployed via service - Tchopper.evtx","Audit success, classic",0,"{""EventData"":{""Data"":[{""@Name"":""param1"",""#text"":""9tcHV0ZXIocykgRm91bmQpIg0KDQojQ2FsbCBmdW5jdGlvbg0KJFRpbWUgPSBNZWFzdXJlLUNvbW1hbmQgLUV4cHJlc3Npb24gew0KICAgICRMb2dSZXBvcnQgPSBFeHBvcnQtTG9nUmVwb3J0ICRD""},{""@Name"":""param2"",""#text"":""%%1053""}],""Binary"":""73-00-65-00-67-00-32-00-34-00-32-00-00-00""}}"
725,10032,2021-11-03 08:21:07.1593318,7045,Info,Service Control Manager,System,484,2368,FS03.offsec.lan,7,S-1-5-21-4230534742-2542757381-3142984815-1111,A new service was installed in the system,,,Name: b21wdXRlcmxpc3QgJENvbXB1dGVyQ291bnQgJENvbXB1dGVyTGlzdFR5cGUNCn0NCg0KJFRpbWUgPSBbbWF0aF06OlJvdW5kKCRUaW1lLlRvdGFsTWludXRlcywgMSkNCg0KV3JpdGUtTG9nICRJTk,StartType: demand start,Account: LocalSystem,,,,"c:\windows\system32\cmd.exe /c powershell -command ""Get-Service ""seg243"" | select -Expand DisplayName |out-file -append tmp_payload.txt""",False,"EVTX-to-MITRE-Attack\TA0002-Execution\T1569.002-Service execution\ID7000,7009,7045-Payload deployed via service - Tchopper.evtx","Audit success, classic",0,"{""EventData"":{""Data"":[{""@Name"":""ServiceName"",""#text"":""b21wdXRlcmxpc3QgJENvbXB1dGVyQ291bnQgJENvbXB1dGVyTGlzdFR5cGUNCn0NCg0KJFRpbWUgPSBbbWF0aF06OlJvdW5kKCRUaW1lLlRvdGFsTWludXRlcywgMSkNCg0KV3JpdGUtTG9nICRJTk""},{""@Name"":""ImagePath"",""#text"":""c:\\windows\\system32\\cmd.exe /c powershell -command \""Get-Service \""seg243\"" | select -Expand DisplayName |out-file -append tmp_payload.txt\""""},{""@Name"":""ServiceType"",""#text"":""user mode service""},{""@Name"":""StartType"",""#text"":""demand start""},{""@Name"":""AccountName"",""#text"":""LocalSystem""}]}}"
726,10033,2021-11-03 08:21:07.5343387,7009,Error,Service Control Manager,System,484,2368,FS03.offsec.lan,7,,,,,,,,,,,,False,"EVTX-to-MITRE-Attack\TA0002-Execution\T1569.002-Service execution\ID7000,7009,7045-Payload deployed via service - Tchopper.evtx","Audit success, classic",0,"{""EventData"":{""Data"":[{""@Name"":""param1"",""#text"":""30000""},{""@Name"":""param2"",""#text"":""b21wdXRlcmxpc3QgJENvbXB1dGVyQ291bnQgJENvbXB1dGVyTGlzdFR5cGUNCn0NCg0KJFRpbWUgPSBbbWF0aF06OlJvdW5kKCRUaW1lLlRvdGFsTWludXRlcywgMSkNCg0KV3JpdGUtTG9nICRJTk""}],""Binary"":""73-00-65-00-67-00-32-00-34-00-33-00-00-00""}}"
727,10034,2021-11-03 08:21:07.5343387,7000,Error,Service Control Manager,System,484,2368,FS03.offsec.lan,7,,,,,,,,,,,,False,"EVTX-to-MITRE-Attack\TA0002-Execution\T1569.002-Service execution\ID7000,7009,7045-Payload deployed via service - Tchopper.evtx","Audit success, classic",0,"{""EventData"":{""Data"":[{""@Name"":""param1"",""#text"":""b21wdXRlcmxpc3QgJENvbXB1dGVyQ291bnQgJENvbXB1dGVyTGlzdFR5cGUNCn0NCg0KJFRpbWUgPSBbbWF0aF06OlJvdW5kKCRUaW1lLlRvdGFsTWludXRlcywgMSkNCg0KV3JpdGUtTG9nICRJTk""},{""@Name"":""param2"",""#text"":""%%1053""}],""Binary"":""73-00-65-00-67-00-32-00-34-00-33-00-00-00""}}"
728,10035,2021-11-03 08:21:08.5975648,7045,Info,Service Control Manager,System,484,2368,FS03.offsec.lan,7,S-1-5-21-4230534742-2542757381-3142984815-1111,A new service was installed in the system,,,Name: ZPX0xPRyAiRXZlbnQgTG9nIFJlcG9ydCBTdWNjZXNzZnVsbHkgQ2FsY3VsYXRlZCAmIEV4cG9ydGVkIC0gJENvbXB1dGVyQ291bnQgQ29tcHV0ZXJzIC0gJFRpbWUgTWludXRlcyAtICRHbG9iYWw6,StartType: demand start,Account: LocalSystem,,,,"c:\windows\system32\cmd.exe /c powershell -command ""Get-Service ""seg244"" | select -Expand DisplayName |out-file -append tmp_payload.txt""",False,"EVTX-to-MITRE-Attack\TA0002-Execution\T1569.002-Service execution\ID7000,7009,7045-Payload deployed via service - Tchopper.evtx","Audit success, classic",0,"{""EventData"":{""Data"":[{""@Name"":""ServiceName"",""#text"":""ZPX0xPRyAiRXZlbnQgTG9nIFJlcG9ydCBTdWNjZXNzZnVsbHkgQ2FsY3VsYXRlZCAmIEV4cG9ydGVkIC0gJENvbXB1dGVyQ291bnQgQ29tcHV0ZXJzIC0gJFRpbWUgTWludXRlcyAtICRHbG9iYWw6""},{""@Name"":""ImagePath"",""#text"":""c:\\windows\\system32\\cmd.exe /c powershell -command \""Get-Service \""seg244\"" | select -Expand DisplayName |out-file -append tmp_payload.txt\""""},{""@Name"":""ServiceType"",""#text"":""user mode service""},{""@Name"":""StartType"",""#text"":""demand start""},{""@Name"":""AccountName"",""#text"":""LocalSystem""}]}}"
729,10036,2021-11-03 08:21:08.9881807,7009,Error,Service Control Manager,System,484,2368,FS03.offsec.lan,7,,,,,,,,,,,,False,"EVTX-to-MITRE-Attack\TA0002-Execution\T1569.002-Service execution\ID7000,7009,7045-Payload deployed via service - Tchopper.evtx","Audit success, classic",0,"{""EventData"":{""Data"":[{""@Name"":""param1"",""#text"":""30000""},{""@Name"":""param2"",""#text"":""ZPX0xPRyAiRXZlbnQgTG9nIFJlcG9ydCBTdWNjZXNzZnVsbHkgQ2FsY3VsYXRlZCAmIEV4cG9ydGVkIC0gJENvbXB1dGVyQ291bnQgQ29tcHV0ZXJzIC0gJFRpbWUgTWludXRlcyAtICRHbG9iYWw6""}],""Binary"":""73-00-65-00-67-00-32-00-34-00-34-00-00-00""}}"
730,10037,2021-11-03 08:21:08.9881807,7000,Error,Service Control Manager,System,484,2368,FS03.offsec.lan,7,,,,,,,,,,,,False,"EVTX-to-MITRE-Attack\TA0002-Execution\T1569.002-Service execution\ID7000,7009,7045-Payload deployed via service - Tchopper.evtx","Audit success, classic",0,"{""EventData"":{""Data"":[{""@Name"":""param1"",""#text"":""ZPX0xPRyAiRXZlbnQgTG9nIFJlcG9ydCBTdWNjZXNzZnVsbHkgQ2FsY3VsYXRlZCAmIEV4cG9ydGVkIC0gJENvbXB1dGVyQ291bnQgQ29tcHV0ZXJzIC0gJFRpbWUgTWludXRlcyAtICRHbG9iYWw6""},{""@Name"":""param2"",""#text"":""%%1053""}],""Binary"":""73-00-65-00-67-00-32-00-34-00-34-00-00-00""}}"
731,10038,2021-11-03 08:21:10.0845188,7045,Info,Service Control Manager,System,484,2368,FS03.offsec.lan,7,S-1-5-21-4230534742-2542757381-3142984815-1111,A new service was installed in the system,,,Name: Q29ubmVjdGlvbklzc3VlcyBDb25uZWN0aW9uIElzc3VlKHMpIg==,StartType: demand start,Account: LocalSystem,,,,"c:\windows\system32\cmd.exe /c powershell -command ""Get-Service ""seg245"" | select -Expand DisplayName |out-file -append tmp_payload.txt""",False,"EVTX-to-MITRE-Attack\TA0002-Execution\T1569.002-Service execution\ID7000,7009,7045-Payload deployed via service - Tchopper.evtx","Audit success, classic",0,"{""EventData"":{""Data"":[{""@Name"":""ServiceName"",""#text"":""Q29ubmVjdGlvbklzc3VlcyBDb25uZWN0aW9uIElzc3VlKHMpIg==""},{""@Name"":""ImagePath"",""#text"":""c:\\windows\\system32\\cmd.exe /c powershell -command \""Get-Service \""seg245\"" | select -Expand DisplayName |out-file -append tmp_payload.txt\""""},{""@Name"":""ServiceType"",""#text"":""user mode service""},{""@Name"":""StartType"",""#text"":""demand start""},{""@Name"":""AccountName"",""#text"":""LocalSystem""}]}}"
732,10039,2021-11-03 08:21:10.4595393,7009,Error,Service Control Manager,System,484,2368,FS03.offsec.lan,7,,,,,,,,,,,,False,"EVTX-to-MITRE-Attack\TA0002-Execution\T1569.002-Service execution\ID7000,7009,7045-Payload deployed via service - Tchopper.evtx","Audit success, classic",0,"{""EventData"":{""Data"":[{""@Name"":""param1"",""#text"":""30000""},{""@Name"":""param2"",""#text"":""Q29ubmVjdGlvbklzc3VlcyBDb25uZWN0aW9uIElzc3VlKHMpIg==""}],""Binary"":""73-00-65-00-67-00-32-00-34-00-35-00-00-00""}}"
733,10040,2021-11-03 08:21:10.4595393,7000,Error,Service Control Manager,System,484,2368,FS03.offsec.lan,7,,,,,,,,,,,,False,"EVTX-to-MITRE-Attack\TA0002-Execution\T1569.002-Service execution\ID7000,7009,7045-Payload deployed via service - Tchopper.evtx","Audit success, classic",0,"{""EventData"":{""Data"":[{""@Name"":""param1"",""#text"":""Q29ubmVjdGlvbklzc3VlcyBDb25uZWN0aW9uIElzc3VlKHMpIg==""},{""@Name"":""param2"",""#text"":""%%1053""}],""Binary"":""73-00-65-00-67-00-32-00-34-00-35-00-00-00""}}"
