RecordNumber,EventRecordId,TimeCreated,EventId,Level,Provider,Channel,ProcessId,ThreadId,Computer,ChunkNumber,UserId,MapDescription,UserName,RemoteHost,PayloadData1,PayloadData2,PayloadData3,PayloadData4,PayloadData5,PayloadData6,ExecutableInfo,HiddenRecord,SourceFile,Keywords,ExtraDataOffset,Payload
1,125522981,2021-03-26 16:59:24.8636870,4661,LogAlways,Microsoft-Windows-Security-Auditing,Security,4,268,rootdc1.offsec.lan,0,,Handle requested to an object,OFFSEC\admmig,,ObjectServer: Security Account Manager,ObjectType: SAM_SERVER,"ObjectName: CN=Server,CN=System,DC=offsec,DC=lan",,,,C:\Windows\System32\lsass.exe,False,EVTX-to-MITRE-Attack\TA0006-Credential Access\T1003-Credential dumping\ID4661-4658 Mimikatz sekurlsa password dump SAM.evtx,Audit success,0,"{""EventData"":{""Data"":[{""@Name"":""SubjectUserSid"",""#text"":""S-1-5-21-4230534742-2542757381-3142984815-1111""},{""@Name"":""SubjectUserName"",""#text"":""admmig""},{""@Name"":""SubjectDomainName"",""#text"":""OFFSEC""},{""@Name"":""SubjectLogonId"",""#text"":""0x493AC""},{""@Name"":""ObjectServer"",""#text"":""Security Account Manager""},{""@Name"":""ObjectType"",""#text"":""SAM_SERVER""},{""@Name"":""ObjectName"",""#text"":""CN=Server,CN=System,DC=offsec,DC=lan""},{""@Name"":""HandleId"",""#text"":""0x1D35E251D80""},{""@Name"":""TransactionId"",""#text"":""00000000-0000-0000-0000-000000000000""},{""@Name"":""AccessList"",""#text"":""%%1537, %%1538, %%1539, %%1540, %%5376, %%5377, %%5378, %%5379, %%5380, %%5381, %%5382, %%5383, %%5384, ""},{""@Name"":""AccessReason"",""#text"":""-""},{""@Name"":""AccessMask"",""#text"":""0xF01FF""},{""@Name"":""PrivilegeList"",""#text"":""-""},{""@Name"":""Properties"",""#text"":""---, {bf967aad-0de6-11d0-a285-00aa003049e2}, ""},{""@Name"":""RestrictedSidCount"",""#text"":""0""},{""@Name"":""ProcessId"",""#text"":""0x230""},{""@Name"":""ProcessName"",""#text"":""C:\\Windows\\System32\\lsass.exe""}]}}"
2,125522982,2021-03-26 16:59:24.8638327,4661,LogAlways,Microsoft-Windows-Security-Auditing,Security,4,268,rootdc1.offsec.lan,0,,Handle requested to an object,OFFSEC\admmig,,ObjectServer: Security Account Manager,ObjectType: SAM_DOMAIN,"ObjectName: DC=offsec,DC=lan",,,,C:\Windows\System32\lsass.exe,False,EVTX-to-MITRE-Attack\TA0006-Credential Access\T1003-Credential dumping\ID4661-4658 Mimikatz sekurlsa password dump SAM.evtx,Audit success,0,"{""EventData"":{""Data"":[{""@Name"":""SubjectUserSid"",""#text"":""S-1-5-21-4230534742-2542757381-3142984815-1111""},{""@Name"":""SubjectUserName"",""#text"":""admmig""},{""@Name"":""SubjectDomainName"",""#text"":""OFFSEC""},{""@Name"":""SubjectLogonId"",""#text"":""0x493AC""},{""@Name"":""ObjectServer"",""#text"":""Security Account Manager""},{""@Name"":""ObjectType"",""#text"":""SAM_DOMAIN""},{""@Name"":""ObjectName"",""#text"":""DC=offsec,DC=lan""},{""@Name"":""HandleId"",""#text"":""0x1D35E250A40""},{""@Name"":""TransactionId"",""#text"":""00000000-0000-0000-0000-000000000000""},{""@Name"":""AccessList"",""#text"":""%%1537, %%1538, %%1539, %%1540, %%5392, %%5394, %%5395, %%5396, %%5397, %%5398, %%5399, %%5400, ""},{""@Name"":""AccessReason"",""#text"":""-""},{""@Name"":""AccessMask"",""#text"":""0xF01FD""},{""@Name"":""PrivilegeList"",""#text"":""-""},{""@Name"":""Properties"",""#text"":""---, {19195a5a-6da0-11d0-afd3-00c04fd930c9}, %%1537, %%1538, %%1539, %%1540, %%5392, %%5394, %%5395, %%5396, %%5397, %%5398, %%5399, %%5400, {c7407360-20bf-11d0-a768-00aa006e0529}, {bf9679a4-0de6-11d0-a285-00aa003049e2}, {bf9679a5-0de6-11d0-a285-00aa003049e2}, {bf9679a6-0de6-11d0-a285-00aa003049e2}, {bf9679bb-0de6-11d0-a285-00aa003049e2}, {bf9679c2-0de6-11d0-a285-00aa003049e2}, {bf9679c3-0de6-11d0-a285-00aa003049e2}, {bf967a09-0de6-11d0-a285-00aa003049e2}, {bf967a0b-0de6-11d0-a285-00aa003049e2}, {b8119fd0-04f6-4762-ab7a-4986c76b3f9a}, {bf967a34-0de6-11d0-a285-00aa003049e2}, {bf967a33-0de6-11d0-a285-00aa003049e2}, {bf9679c5-0de6-11d0-a285-00aa003049e2}, {bf967a61-0de6-11d0-a285-00aa003049e2}, {bf967977-0de6-11d0-a285-00aa003049e2}, {bf96795e-0de6-11d0-a285-00aa003049e2}, {bf9679ea-0de6-11d0-a285-00aa003049e2}, {ab721a52-1e2f-11d0-9819-00aa0040529b}, ""},{""@Name"":""RestrictedSidCount"",""#text"":""0""},{""@Name"":""ProcessId"",""#text"":""0x230""},{""@Name"":""ProcessName"",""#text"":""C:\\Windows\\System32\\lsass.exe""}]}}"
3,125522983,2021-03-26 16:59:24.8757896,4661,LogAlways,Microsoft-Windows-Security-Auditing,Security,4,268,rootdc1.offsec.lan,0,,Handle requested to an object,OFFSEC\admmig,,ObjectServer: Security Account Manager,ObjectType: SAM_SERVER,ObjectName: SAM,,,,C:\Windows\System32\lsass.exe,False,EVTX-to-MITRE-Attack\TA0006-Credential Access\T1003-Credential dumping\ID4661-4658 Mimikatz sekurlsa password dump SAM.evtx,Audit success,0,"{""EventData"":{""Data"":[{""@Name"":""SubjectUserSid"",""#text"":""S-1-5-21-4230534742-2542757381-3142984815-1111""},{""@Name"":""SubjectUserName"",""#text"":""admmig""},{""@Name"":""SubjectDomainName"",""#text"":""OFFSEC""},{""@Name"":""SubjectLogonId"",""#text"":""0x493AC""},{""@Name"":""ObjectServer"",""#text"":""Security Account Manager""},{""@Name"":""ObjectType"",""#text"":""SAM_SERVER""},{""@Name"":""ObjectName"",""#text"":""SAM""},{""@Name"":""HandleId"",""#text"":""0x0""},{""@Name"":""TransactionId"",""#text"":""00000000-0000-0000-0000-000000000000""},{""@Name"":""AccessList"",""#text"":""%%5384, ""},{""@Name"":""AccessReason"",""#text"":""-""},{""@Name"":""AccessMask"",""#text"":""0x100""},{""@Name"":""PrivilegeList"",""#text"":""-""},{""@Name"":""Properties"",""#text"":""---, {bf967aad-0de6-11d0-a285-00aa003049e2}, %%5384, {91d67418-0135-4acc-8d79-c08e857cfbec}, ""},{""@Name"":""RestrictedSidCount"",""#text"":""0""},{""@Name"":""ProcessId"",""#text"":""0x230""},{""@Name"":""ProcessName"",""#text"":""C:\\Windows\\System32\\lsass.exe""}]}}"
4,125522984,2021-03-26 16:59:24.8803707,4661,LogAlways,Microsoft-Windows-Security-Auditing,Security,4,268,rootdc1.offsec.lan,0,,Handle requested to an object,OFFSEC\admmig,,ObjectServer: Security Account Manager,ObjectType: SAM_USER,ObjectName: S-1-5-21-4230534742-2542757381-3142984815-500,,,,C:\Windows\System32\lsass.exe,False,EVTX-to-MITRE-Attack\TA0006-Credential Access\T1003-Credential dumping\ID4661-4658 Mimikatz sekurlsa password dump SAM.evtx,Audit success,0,"{""EventData"":{""Data"":[{""@Name"":""SubjectUserSid"",""#text"":""S-1-5-21-4230534742-2542757381-3142984815-1111""},{""@Name"":""SubjectUserName"",""#text"":""admmig""},{""@Name"":""SubjectDomainName"",""#text"":""OFFSEC""},{""@Name"":""SubjectLogonId"",""#text"":""0x493AC""},{""@Name"":""ObjectServer"",""#text"":""Security Account Manager""},{""@Name"":""ObjectType"",""#text"":""SAM_USER""},{""@Name"":""ObjectName"",""#text"":""S-1-5-21-4230534742-2542757381-3142984815-500""},{""@Name"":""HandleId"",""#text"":""0x1D35E253590""},{""@Name"":""TransactionId"",""#text"":""00000000-0000-0000-0000-000000000000""},{""@Name"":""AccessList"",""#text"":""%%1537, %%1538, %%1539, %%1540, %%5440, %%5441, %%5442, %%5443, %%5444, %%5445, %%5447, %%5448, ""},{""@Name"":""AccessReason"",""#text"":""-""},{""@Name"":""AccessMask"",""#text"":""0xF01BF""},{""@Name"":""PrivilegeList"",""#text"":""-""},{""@Name"":""Properties"",""#text"":""---, {bf967aba-0de6-11d0-a285-00aa003049e2}, %%1537, %%1538, %%1539, %%1540, %%5440, %%5441, %%5442, %%5443, %%5444, %%5445, %%5447, %%5448, {59ba2f42-79a2-11d0-9020-00c04fc2d3cf}, {bf967938-0de6-11d0-a285-00aa003049e2}, {5fd42471-1262-11d0-a060-00aa006c33ed}, {bf9679e8-0de6-11d0-a285-00aa003049e2}, {bf967a00-0de6-11d0-a285-00aa003049e2}, {3e0abfd0-126a-11d0-a060-00aa006c33ed}, {bf967a6a-0de6-11d0-a285-00aa003049e2}, {bf967953-0de6-11d0-a285-00aa003049e2}, {4c164200-20c0-11d0-a768-00aa006e0529}, {bf967915-0de6-11d0-a285-00aa003049e2}, {bf967a0a-0de6-11d0-a285-00aa003049e2}, {bf967a68-0de6-11d0-a285-00aa003049e2}, {bf967a6d-0de6-11d0-a285-00aa003049e2}, {5f202010-79a5-11d0-9020-00c04fc2d4cf}, {bf96792e-0de6-11d0-a285-00aa003049e2}, {bf967985-0de6-11d0-a285-00aa003049e2}, {bf967986-0de6-11d0-a285-00aa003049e2}, {bf967996-0de6-11d0-a285-00aa003049e2}, {bf967997-0de6-11d0-a285-00aa003049e2}, {bf9679aa-0de6-11d0-a285-00aa003049e2}, {bf9679ab-0de6-11d0-a285-00aa003049e2}, {bf9679ac-0de6-11d0-a285-00aa003049e2}, {bf967a05-0de6-11d0-a285-00aa003049e2}, {bf9679a8-0de6-11d0-a285-00aa003049e2}, {e48d0154-bcf8-11d1-8702-00c04fb96050}, {bf967950-0de6-11d0-a285-00aa003049e2}, {bc0ac240-79a9-11d0-9020-00c04fc2d4cf}, {bf967991-0de6-11d0-a285-00aa003049e2}, {ab721a53-1e2f-11d0-9819-00aa0040529b}, {00299570-246d-11d0-a768-00aa006e0529}, {7ed84960-ad10-11d0-8a92-00aa006e0529}, ""},{""@Name"":""RestrictedSidCount"",""#text"":""0""},{""@Name"":""ProcessId"",""#text"":""0x230""},{""@Name"":""ProcessName"",""#text"":""C:\\Windows\\System32\\lsass.exe""}]}}"
5,125522985,2021-03-26 16:59:24.8831288,4658,LogAlways,Microsoft-Windows-Security-Auditing,Security,4,268,rootdc1.offsec.lan,0,,The handle to an object was closed,OFFSEC\admmig,,SID: S-1-5-21-4230534742-2542757381-3142984815-1111,ObjectServer: Security Account Manager,HandleId: 0x1D35E253590,,,,C:\Windows\System32\lsass.exe (PID: 0x230),False,EVTX-to-MITRE-Attack\TA0006-Credential Access\T1003-Credential dumping\ID4661-4658 Mimikatz sekurlsa password dump SAM.evtx,Audit success,0,"{""EventData"":{""Data"":[{""@Name"":""SubjectUserSid"",""#text"":""S-1-5-21-4230534742-2542757381-3142984815-1111""},{""@Name"":""SubjectUserName"",""#text"":""admmig""},{""@Name"":""SubjectDomainName"",""#text"":""OFFSEC""},{""@Name"":""SubjectLogonId"",""#text"":""0x493AC""},{""@Name"":""ObjectServer"",""#text"":""Security Account Manager""},{""@Name"":""HandleId"",""#text"":""0x1D35E253590""},{""@Name"":""ProcessId"",""#text"":""0x230""},{""@Name"":""ProcessName"",""#text"":""C:\\Windows\\System32\\lsass.exe""}]}}"
6,125522986,2021-03-26 16:59:24.8860465,4661,LogAlways,Microsoft-Windows-Security-Auditing,Security,4,268,rootdc1.offsec.lan,0,,Handle requested to an object,OFFSEC\admmig,,ObjectServer: Security Account Manager,ObjectType: SAM_USER,ObjectName: S-1-5-21-4230534742-2542757381-3142984815-501,,,,C:\Windows\System32\lsass.exe,False,EVTX-to-MITRE-Attack\TA0006-Credential Access\T1003-Credential dumping\ID4661-4658 Mimikatz sekurlsa password dump SAM.evtx,Audit success,0,"{""EventData"":{""Data"":[{""@Name"":""SubjectUserSid"",""#text"":""S-1-5-21-4230534742-2542757381-3142984815-1111""},{""@Name"":""SubjectUserName"",""#text"":""admmig""},{""@Name"":""SubjectDomainName"",""#text"":""OFFSEC""},{""@Name"":""SubjectLogonId"",""#text"":""0x493AC""},{""@Name"":""ObjectServer"",""#text"":""Security Account Manager""},{""@Name"":""ObjectType"",""#text"":""SAM_USER""},{""@Name"":""ObjectName"",""#text"":""S-1-5-21-4230534742-2542757381-3142984815-501""},{""@Name"":""HandleId"",""#text"":""0x1D35E252250""},{""@Name"":""TransactionId"",""#text"":""00000000-0000-0000-0000-000000000000""},{""@Name"":""AccessList"",""#text"":""%%1537, %%1538, %%1539, %%1540, %%5440, %%5441, %%5442, %%5443, %%5444, %%5445, %%5446, %%5447, %%5448, ""},{""@Name"":""AccessReason"",""#text"":""-""},{""@Name"":""AccessMask"",""#text"":""0xF01FF""},{""@Name"":""PrivilegeList"",""#text"":""-""},{""@Name"":""Properties"",""#text"":""---, {bf967aba-0de6-11d0-a285-00aa003049e2}, %%1537, %%1538, %%1539, %%1540, %%5440, %%5441, %%5442, %%5443, %%5444, %%5445, %%5446, %%5447, %%5448, {59ba2f42-79a2-11d0-9020-00c04fc2d3cf}, {bf967938-0de6-11d0-a285-00aa003049e2}, {5fd42471-1262-11d0-a060-00aa006c33ed}, {bf9679e8-0de6-11d0-a285-00aa003049e2}, {bf967a00-0de6-11d0-a285-00aa003049e2}, {3e0abfd0-126a-11d0-a060-00aa006c33ed}, {bf967a6a-0de6-11d0-a285-00aa003049e2}, {bf967953-0de6-11d0-a285-00aa003049e2}, {4c164200-20c0-11d0-a768-00aa006e0529}, {bf967915-0de6-11d0-a285-00aa003049e2}, {bf967a0a-0de6-11d0-a285-00aa003049e2}, {bf967a68-0de6-11d0-a285-00aa003049e2}, {bf967a6d-0de6-11d0-a285-00aa003049e2}, {5f202010-79a5-11d0-9020-00c04fc2d4cf}, {bf96792e-0de6-11d0-a285-00aa003049e2}, {bf967985-0de6-11d0-a285-00aa003049e2}, {bf967986-0de6-11d0-a285-00aa003049e2}, {bf967996-0de6-11d0-a285-00aa003049e2}, {bf967997-0de6-11d0-a285-00aa003049e2}, {bf9679aa-0de6-11d0-a285-00aa003049e2}, {bf9679ab-0de6-11d0-a285-00aa003049e2}, {bf9679ac-0de6-11d0-a285-00aa003049e2}, {bf967a05-0de6-11d0-a285-00aa003049e2}, {bf9679a8-0de6-11d0-a285-00aa003049e2}, {e48d0154-bcf8-11d1-8702-00c04fb96050}, {bf967950-0de6-11d0-a285-00aa003049e2}, {bc0ac240-79a9-11d0-9020-00c04fc2d4cf}, {bf967991-0de6-11d0-a285-00aa003049e2}, {ab721a53-1e2f-11d0-9819-00aa0040529b}, {00299570-246d-11d0-a768-00aa006e0529}, {7ed84960-ad10-11d0-8a92-00aa006e0529}, ""},{""@Name"":""RestrictedSidCount"",""#text"":""0""},{""@Name"":""ProcessId"",""#text"":""0x230""},{""@Name"":""ProcessName"",""#text"":""C:\\Windows\\System32\\lsass.exe""}]}}"
7,125522987,2021-03-26 16:59:24.8888037,4658,LogAlways,Microsoft-Windows-Security-Auditing,Security,4,268,rootdc1.offsec.lan,0,,The handle to an object was closed,OFFSEC\admmig,,SID: S-1-5-21-4230534742-2542757381-3142984815-1111,ObjectServer: Security Account Manager,HandleId: 0x1D35E252250,,,,C:\Windows\System32\lsass.exe (PID: 0x230),False,EVTX-to-MITRE-Attack\TA0006-Credential Access\T1003-Credential dumping\ID4661-4658 Mimikatz sekurlsa password dump SAM.evtx,Audit success,0,"{""EventData"":{""Data"":[{""@Name"":""SubjectUserSid"",""#text"":""S-1-5-21-4230534742-2542757381-3142984815-1111""},{""@Name"":""SubjectUserName"",""#text"":""admmig""},{""@Name"":""SubjectDomainName"",""#text"":""OFFSEC""},{""@Name"":""SubjectLogonId"",""#text"":""0x493AC""},{""@Name"":""ObjectServer"",""#text"":""Security Account Manager""},{""@Name"":""HandleId"",""#text"":""0x1D35E252250""},{""@Name"":""ProcessId"",""#text"":""0x230""},{""@Name"":""ProcessName"",""#text"":""C:\\Windows\\System32\\lsass.exe""}]}}"
8,125522988,2021-03-26 16:59:24.8889475,4661,LogAlways,Microsoft-Windows-Security-Auditing,Security,4,268,rootdc1.offsec.lan,0,,Handle requested to an object,OFFSEC\admmig,,ObjectServer: Security Account Manager,ObjectType: SAM_SERVER,ObjectName: SAM,,,,C:\Windows\System32\lsass.exe,False,EVTX-to-MITRE-Attack\TA0006-Credential Access\T1003-Credential dumping\ID4661-4658 Mimikatz sekurlsa password dump SAM.evtx,Audit success,0,"{""EventData"":{""Data"":[{""@Name"":""SubjectUserSid"",""#text"":""S-1-5-21-4230534742-2542757381-3142984815-1111""},{""@Name"":""SubjectUserName"",""#text"":""admmig""},{""@Name"":""SubjectDomainName"",""#text"":""OFFSEC""},{""@Name"":""SubjectLogonId"",""#text"":""0x493AC""},{""@Name"":""ObjectServer"",""#text"":""Security Account Manager""},{""@Name"":""ObjectType"",""#text"":""SAM_SERVER""},{""@Name"":""ObjectName"",""#text"":""SAM""},{""@Name"":""HandleId"",""#text"":""0x0""},{""@Name"":""TransactionId"",""#text"":""00000000-0000-0000-0000-000000000000""},{""@Name"":""AccessList"",""#text"":""%%5384, ""},{""@Name"":""AccessReason"",""#text"":""-""},{""@Name"":""AccessMask"",""#text"":""0x100""},{""@Name"":""PrivilegeList"",""#text"":""-""},{""@Name"":""Properties"",""#text"":""---, {bf967aad-0de6-11d0-a285-00aa003049e2}, %%5384, {91d67418-0135-4acc-8d79-c08e857cfbec}, ""},{""@Name"":""RestrictedSidCount"",""#text"":""0""},{""@Name"":""ProcessId"",""#text"":""0x230""},{""@Name"":""ProcessName"",""#text"":""C:\\Windows\\System32\\lsass.exe""}]}}"
9,125522989,2021-03-26 16:59:24.8923150,4661,LogAlways,Microsoft-Windows-Security-Auditing,Security,4,268,rootdc1.offsec.lan,0,,Handle requested to an object,OFFSEC\admmig,,ObjectServer: Security Account Manager,ObjectType: SAM_USER,ObjectName: S-1-5-21-4230534742-2542757381-3142984815-502,,,,C:\Windows\System32\lsass.exe,False,EVTX-to-MITRE-Attack\TA0006-Credential Access\T1003-Credential dumping\ID4661-4658 Mimikatz sekurlsa password dump SAM.evtx,Audit success,0,"{""EventData"":{""Data"":[{""@Name"":""SubjectUserSid"",""#text"":""S-1-5-21-4230534742-2542757381-3142984815-1111""},{""@Name"":""SubjectUserName"",""#text"":""admmig""},{""@Name"":""SubjectDomainName"",""#text"":""OFFSEC""},{""@Name"":""SubjectLogonId"",""#text"":""0x493AC""},{""@Name"":""ObjectServer"",""#text"":""Security Account Manager""},{""@Name"":""ObjectType"",""#text"":""SAM_USER""},{""@Name"":""ObjectName"",""#text"":""S-1-5-21-4230534742-2542757381-3142984815-502""},{""@Name"":""HandleId"",""#text"":""0x1D35E2530C0""},{""@Name"":""TransactionId"",""#text"":""00000000-0000-0000-0000-000000000000""},{""@Name"":""AccessList"",""#text"":""%%1537, %%1538, %%1539, %%1540, %%5440, %%5441, %%5442, %%5443, %%5444, %%5445, %%5447, %%5448, ""},{""@Name"":""AccessReason"",""#text"":""-""},{""@Name"":""AccessMask"",""#text"":""0xF01BF""},{""@Name"":""PrivilegeList"",""#text"":""-""},{""@Name"":""Properties"",""#text"":""---, {bf967aba-0de6-11d0-a285-00aa003049e2}, %%1537, %%1538, %%1539, %%1540, %%5440, %%5441, %%5442, %%5443, %%5444, %%5445, %%5447, %%5448, {59ba2f42-79a2-11d0-9020-00c04fc2d3cf}, {bf967938-0de6-11d0-a285-00aa003049e2}, {5fd42471-1262-11d0-a060-00aa006c33ed}, {bf9679e8-0de6-11d0-a285-00aa003049e2}, {bf967a00-0de6-11d0-a285-00aa003049e2}, {3e0abfd0-126a-11d0-a060-00aa006c33ed}, {bf967a6a-0de6-11d0-a285-00aa003049e2}, {bf967953-0de6-11d0-a285-00aa003049e2}, {4c164200-20c0-11d0-a768-00aa006e0529}, {bf967915-0de6-11d0-a285-00aa003049e2}, {bf967a0a-0de6-11d0-a285-00aa003049e2}, {bf967a68-0de6-11d0-a285-00aa003049e2}, {bf967a6d-0de6-11d0-a285-00aa003049e2}, {5f202010-79a5-11d0-9020-00c04fc2d4cf}, {bf96792e-0de6-11d0-a285-00aa003049e2}, {bf967985-0de6-11d0-a285-00aa003049e2}, {bf967986-0de6-11d0-a285-00aa003049e2}, {bf967996-0de6-11d0-a285-00aa003049e2}, {bf967997-0de6-11d0-a285-00aa003049e2}, {bf9679aa-0de6-11d0-a285-00aa003049e2}, {bf9679ab-0de6-11d0-a285-00aa003049e2}, {bf9679ac-0de6-11d0-a285-00aa003049e2}, {bf967a05-0de6-11d0-a285-00aa003049e2}, {bf9679a8-0de6-11d0-a285-00aa003049e2}, {e48d0154-bcf8-11d1-8702-00c04fb96050}, {bf967950-0de6-11d0-a285-00aa003049e2}, {bc0ac240-79a9-11d0-9020-00c04fc2d4cf}, {bf967991-0de6-11d0-a285-00aa003049e2}, {ab721a53-1e2f-11d0-9819-00aa0040529b}, {00299570-246d-11d0-a768-00aa006e0529}, {7ed84960-ad10-11d0-8a92-00aa006e0529}, ""},{""@Name"":""RestrictedSidCount"",""#text"":""0""},{""@Name"":""ProcessId"",""#text"":""0x230""},{""@Name"":""ProcessName"",""#text"":""C:\\Windows\\System32\\lsass.exe""}]}}"
10,125522990,2021-03-26 16:59:24.8958137,4658,LogAlways,Microsoft-Windows-Security-Auditing,Security,4,268,rootdc1.offsec.lan,0,,The handle to an object was closed,OFFSEC\admmig,,SID: S-1-5-21-4230534742-2542757381-3142984815-1111,ObjectServer: Security Account Manager,HandleId: 0x1D35E2530C0,,,,C:\Windows\System32\lsass.exe (PID: 0x230),False,EVTX-to-MITRE-Attack\TA0006-Credential Access\T1003-Credential dumping\ID4661-4658 Mimikatz sekurlsa password dump SAM.evtx,Audit success,0,"{""EventData"":{""Data"":[{""@Name"":""SubjectUserSid"",""#text"":""S-1-5-21-4230534742-2542757381-3142984815-1111""},{""@Name"":""SubjectUserName"",""#text"":""admmig""},{""@Name"":""SubjectDomainName"",""#text"":""OFFSEC""},{""@Name"":""SubjectLogonId"",""#text"":""0x493AC""},{""@Name"":""ObjectServer"",""#text"":""Security Account Manager""},{""@Name"":""HandleId"",""#text"":""0x1D35E2530C0""},{""@Name"":""ProcessId"",""#text"":""0x230""},{""@Name"":""ProcessName"",""#text"":""C:\\Windows\\System32\\lsass.exe""}]}}"
11,125522991,2021-03-26 16:59:24.8990463,4661,LogAlways,Microsoft-Windows-Security-Auditing,Security,4,268,rootdc1.offsec.lan,0,,Handle requested to an object,OFFSEC\admmig,,ObjectServer: Security Account Manager,ObjectType: SAM_USER,ObjectName: S-1-5-21-4230534742-2542757381-3142984815-503,,,,C:\Windows\System32\lsass.exe,False,EVTX-to-MITRE-Attack\TA0006-Credential Access\T1003-Credential dumping\ID4661-4658 Mimikatz sekurlsa password dump SAM.evtx,Audit success,0,"{""EventData"":{""Data"":[{""@Name"":""SubjectUserSid"",""#text"":""S-1-5-21-4230534742-2542757381-3142984815-1111""},{""@Name"":""SubjectUserName"",""#text"":""admmig""},{""@Name"":""SubjectDomainName"",""#text"":""OFFSEC""},{""@Name"":""SubjectLogonId"",""#text"":""0x493AC""},{""@Name"":""ObjectServer"",""#text"":""Security Account Manager""},{""@Name"":""ObjectType"",""#text"":""SAM_USER""},{""@Name"":""ObjectName"",""#text"":""S-1-5-21-4230534742-2542757381-3142984815-503""},{""@Name"":""HandleId"",""#text"":""0x1D35E2530C0""},{""@Name"":""TransactionId"",""#text"":""00000000-0000-0000-0000-000000000000""},{""@Name"":""AccessList"",""#text"":""%%1537, %%1538, %%1539, %%1540, %%5440, %%5441, %%5442, %%5443, %%5444, %%5445, %%5446, %%5447, %%5448, ""},{""@Name"":""AccessReason"",""#text"":""-""},{""@Name"":""AccessMask"",""#text"":""0xF01FF""},{""@Name"":""PrivilegeList"",""#text"":""-""},{""@Name"":""Properties"",""#text"":""---, {bf967aba-0de6-11d0-a285-00aa003049e2}, %%1537, %%1538, %%1539, %%1540, %%5440, %%5441, %%5442, %%5443, %%5444, %%5445, %%5446, %%5447, %%5448, {59ba2f42-79a2-11d0-9020-00c04fc2d3cf}, {bf967938-0de6-11d0-a285-00aa003049e2}, {5fd42471-1262-11d0-a060-00aa006c33ed}, {bf9679e8-0de6-11d0-a285-00aa003049e2}, {bf967a00-0de6-11d0-a285-00aa003049e2}, {3e0abfd0-126a-11d0-a060-00aa006c33ed}, {bf967a6a-0de6-11d0-a285-00aa003049e2}, {bf967953-0de6-11d0-a285-00aa003049e2}, {4c164200-20c0-11d0-a768-00aa006e0529}, {bf967915-0de6-11d0-a285-00aa003049e2}, {bf967a0a-0de6-11d0-a285-00aa003049e2}, {bf967a68-0de6-11d0-a285-00aa003049e2}, {bf967a6d-0de6-11d0-a285-00aa003049e2}, {5f202010-79a5-11d0-9020-00c04fc2d4cf}, {bf96792e-0de6-11d0-a285-00aa003049e2}, {bf967985-0de6-11d0-a285-00aa003049e2}, {bf967986-0de6-11d0-a285-00aa003049e2}, {bf967996-0de6-11d0-a285-00aa003049e2}, {bf967997-0de6-11d0-a285-00aa003049e2}, {bf9679aa-0de6-11d0-a285-00aa003049e2}, {bf9679ab-0de6-11d0-a285-00aa003049e2}, {bf9679ac-0de6-11d0-a285-00aa003049e2}, {bf967a05-0de6-11d0-a285-00aa003049e2}, {bf9679a8-0de6-11d0-a285-00aa003049e2}, {e48d0154-bcf8-11d1-8702-00c04fb96050}, {bf967950-0de6-11d0-a285-00aa003049e2}, {bc0ac240-79a9-11d0-9020-00c04fc2d4cf}, {bf967991-0de6-11d0-a285-00aa003049e2}, {ab721a53-1e2f-11d0-9819-00aa0040529b}, {00299570-246d-11d0-a768-00aa006e0529}, {7ed84960-ad10-11d0-8a92-00aa006e0529}, ""},{""@Name"":""RestrictedSidCount"",""#text"":""0""},{""@Name"":""ProcessId"",""#text"":""0x230""},{""@Name"":""ProcessName"",""#text"":""C:\\Windows\\System32\\lsass.exe""}]}}"
12,125522992,2021-03-26 16:59:24.9016166,4658,LogAlways,Microsoft-Windows-Security-Auditing,Security,4,268,rootdc1.offsec.lan,0,,The handle to an object was closed,OFFSEC\admmig,,SID: S-1-5-21-4230534742-2542757381-3142984815-1111,ObjectServer: Security Account Manager,HandleId: 0x1D35E2530C0,,,,C:\Windows\System32\lsass.exe (PID: 0x230),False,EVTX-to-MITRE-Attack\TA0006-Credential Access\T1003-Credential dumping\ID4661-4658 Mimikatz sekurlsa password dump SAM.evtx,Audit success,0,"{""EventData"":{""Data"":[{""@Name"":""SubjectUserSid"",""#text"":""S-1-5-21-4230534742-2542757381-3142984815-1111""},{""@Name"":""SubjectUserName"",""#text"":""admmig""},{""@Name"":""SubjectDomainName"",""#text"":""OFFSEC""},{""@Name"":""SubjectLogonId"",""#text"":""0x493AC""},{""@Name"":""ObjectServer"",""#text"":""Security Account Manager""},{""@Name"":""HandleId"",""#text"":""0x1D35E2530C0""},{""@Name"":""ProcessId"",""#text"":""0x230""},{""@Name"":""ProcessName"",""#text"":""C:\\Windows\\System32\\lsass.exe""}]}}"
13,125522993,2021-03-26 16:59:24.9017417,4661,LogAlways,Microsoft-Windows-Security-Auditing,Security,4,268,rootdc1.offsec.lan,0,,Handle requested to an object,OFFSEC\admmig,,ObjectServer: Security Account Manager,ObjectType: SAM_SERVER,ObjectName: SAM,,,,C:\Windows\System32\lsass.exe,False,EVTX-to-MITRE-Attack\TA0006-Credential Access\T1003-Credential dumping\ID4661-4658 Mimikatz sekurlsa password dump SAM.evtx,Audit success,0,"{""EventData"":{""Data"":[{""@Name"":""SubjectUserSid"",""#text"":""S-1-5-21-4230534742-2542757381-3142984815-1111""},{""@Name"":""SubjectUserName"",""#text"":""admmig""},{""@Name"":""SubjectDomainName"",""#text"":""OFFSEC""},{""@Name"":""SubjectLogonId"",""#text"":""0x493AC""},{""@Name"":""ObjectServer"",""#text"":""Security Account Manager""},{""@Name"":""ObjectType"",""#text"":""SAM_SERVER""},{""@Name"":""ObjectName"",""#text"":""SAM""},{""@Name"":""HandleId"",""#text"":""0x0""},{""@Name"":""TransactionId"",""#text"":""00000000-0000-0000-0000-000000000000""},{""@Name"":""AccessList"",""#text"":""%%5384, ""},{""@Name"":""AccessReason"",""#text"":""-""},{""@Name"":""AccessMask"",""#text"":""0x100""},{""@Name"":""PrivilegeList"",""#text"":""-""},{""@Name"":""Properties"",""#text"":""---, {bf967aad-0de6-11d0-a285-00aa003049e2}, %%5384, {91d67418-0135-4acc-8d79-c08e857cfbec}, ""},{""@Name"":""RestrictedSidCount"",""#text"":""0""},{""@Name"":""ProcessId"",""#text"":""0x230""},{""@Name"":""ProcessName"",""#text"":""C:\\Windows\\System32\\lsass.exe""}]}}"
14,125522994,2021-03-26 16:59:24.9050681,4661,LogAlways,Microsoft-Windows-Security-Auditing,Security,4,268,rootdc1.offsec.lan,0,,Handle requested to an object,OFFSEC\admmig,,ObjectServer: Security Account Manager,ObjectType: SAM_USER,ObjectName: S-1-5-21-4230534742-2542757381-3142984815-1111,,,,C:\Windows\System32\lsass.exe,False,EVTX-to-MITRE-Attack\TA0006-Credential Access\T1003-Credential dumping\ID4661-4658 Mimikatz sekurlsa password dump SAM.evtx,Audit success,0,"{""EventData"":{""Data"":[{""@Name"":""SubjectUserSid"",""#text"":""S-1-5-21-4230534742-2542757381-3142984815-1111""},{""@Name"":""SubjectUserName"",""#text"":""admmig""},{""@Name"":""SubjectDomainName"",""#text"":""OFFSEC""},{""@Name"":""SubjectLogonId"",""#text"":""0x493AC""},{""@Name"":""ObjectServer"",""#text"":""Security Account Manager""},{""@Name"":""ObjectType"",""#text"":""SAM_USER""},{""@Name"":""ObjectName"",""#text"":""S-1-5-21-4230534742-2542757381-3142984815-1111""},{""@Name"":""HandleId"",""#text"":""0x1D35E252250""},{""@Name"":""TransactionId"",""#text"":""00000000-0000-0000-0000-000000000000""},{""@Name"":""AccessList"",""#text"":""%%1537, %%1538, %%1539, %%1540, %%5440, %%5441, %%5442, %%5443, %%5444, %%5445, %%5447, %%5448, ""},{""@Name"":""AccessReason"",""#text"":""-""},{""@Name"":""AccessMask"",""#text"":""0xF01BF""},{""@Name"":""PrivilegeList"",""#text"":""-""},{""@Name"":""Properties"",""#text"":""---, {bf967aba-0de6-11d0-a285-00aa003049e2}, %%1537, %%1538, %%1539, %%1540, %%5440, %%5441, %%5442, %%5443, %%5444, %%5445, %%5447, %%5448, {59ba2f42-79a2-11d0-9020-00c04fc2d3cf}, {bf967938-0de6-11d0-a285-00aa003049e2}, {5fd42471-1262-11d0-a060-00aa006c33ed}, {bf9679e8-0de6-11d0-a285-00aa003049e2}, {bf967a00-0de6-11d0-a285-00aa003049e2}, {3e0abfd0-126a-11d0-a060-00aa006c33ed}, {bf967a6a-0de6-11d0-a285-00aa003049e2}, {bf967953-0de6-11d0-a285-00aa003049e2}, {4c164200-20c0-11d0-a768-00aa006e0529}, {bf967915-0de6-11d0-a285-00aa003049e2}, {bf967a0a-0de6-11d0-a285-00aa003049e2}, {bf967a68-0de6-11d0-a285-00aa003049e2}, {bf967a6d-0de6-11d0-a285-00aa003049e2}, {5f202010-79a5-11d0-9020-00c04fc2d4cf}, {bf96792e-0de6-11d0-a285-00aa003049e2}, {bf967985-0de6-11d0-a285-00aa003049e2}, {bf967986-0de6-11d0-a285-00aa003049e2}, {bf967996-0de6-11d0-a285-00aa003049e2}, {bf967997-0de6-11d0-a285-00aa003049e2}, {bf9679aa-0de6-11d0-a285-00aa003049e2}, {bf9679ab-0de6-11d0-a285-00aa003049e2}, {bf9679ac-0de6-11d0-a285-00aa003049e2}, {bf967a05-0de6-11d0-a285-00aa003049e2}, {bf9679a8-0de6-11d0-a285-00aa003049e2}, {e48d0154-bcf8-11d1-8702-00c04fb96050}, {bf967950-0de6-11d0-a285-00aa003049e2}, {bc0ac240-79a9-11d0-9020-00c04fc2d4cf}, {bf967991-0de6-11d0-a285-00aa003049e2}, {ab721a53-1e2f-11d0-9819-00aa0040529b}, {00299570-246d-11d0-a768-00aa006e0529}, {7ed84960-ad10-11d0-8a92-00aa006e0529}, ""},{""@Name"":""RestrictedSidCount"",""#text"":""0""},{""@Name"":""ProcessId"",""#text"":""0x230""},{""@Name"":""ProcessName"",""#text"":""C:\\Windows\\System32\\lsass.exe""}]}}"
15,125522995,2021-03-26 16:59:24.9077057,4658,LogAlways,Microsoft-Windows-Security-Auditing,Security,4,268,rootdc1.offsec.lan,0,,The handle to an object was closed,OFFSEC\admmig,,SID: S-1-5-21-4230534742-2542757381-3142984815-1111,ObjectServer: Security Account Manager,HandleId: 0x1D35E252250,,,,C:\Windows\System32\lsass.exe (PID: 0x230),False,EVTX-to-MITRE-Attack\TA0006-Credential Access\T1003-Credential dumping\ID4661-4658 Mimikatz sekurlsa password dump SAM.evtx,Audit success,0,"{""EventData"":{""Data"":[{""@Name"":""SubjectUserSid"",""#text"":""S-1-5-21-4230534742-2542757381-3142984815-1111""},{""@Name"":""SubjectUserName"",""#text"":""admmig""},{""@Name"":""SubjectDomainName"",""#text"":""OFFSEC""},{""@Name"":""SubjectLogonId"",""#text"":""0x493AC""},{""@Name"":""ObjectServer"",""#text"":""Security Account Manager""},{""@Name"":""HandleId"",""#text"":""0x1D35E252250""},{""@Name"":""ProcessId"",""#text"":""0x230""},{""@Name"":""ProcessName"",""#text"":""C:\\Windows\\System32\\lsass.exe""}]}}"
16,125522996,2021-03-26 16:59:24.9120403,4661,LogAlways,Microsoft-Windows-Security-Auditing,Security,4,268,rootdc1.offsec.lan,0,,Handle requested to an object,OFFSEC\admmig,,ObjectServer: Security Account Manager,ObjectType: SAM_USER,ObjectName: S-1-5-21-4230534742-2542757381-3142984815-1112,,,,C:\Windows\System32\lsass.exe,False,EVTX-to-MITRE-Attack\TA0006-Credential Access\T1003-Credential dumping\ID4661-4658 Mimikatz sekurlsa password dump SAM.evtx,Audit success,0,"{""EventData"":{""Data"":[{""@Name"":""SubjectUserSid"",""#text"":""S-1-5-21-4230534742-2542757381-3142984815-1111""},{""@Name"":""SubjectUserName"",""#text"":""admmig""},{""@Name"":""SubjectDomainName"",""#text"":""OFFSEC""},{""@Name"":""SubjectLogonId"",""#text"":""0x493AC""},{""@Name"":""ObjectServer"",""#text"":""Security Account Manager""},{""@Name"":""ObjectType"",""#text"":""SAM_USER""},{""@Name"":""ObjectName"",""#text"":""S-1-5-21-4230534742-2542757381-3142984815-1112""},{""@Name"":""HandleId"",""#text"":""0x1D35E252250""},{""@Name"":""TransactionId"",""#text"":""00000000-0000-0000-0000-000000000000""},{""@Name"":""AccessList"",""#text"":""%%1537, %%1538, %%1539, %%1540, %%5440, %%5441, %%5442, %%5443, %%5444, %%5445, %%5447, %%5448, ""},{""@Name"":""AccessReason"",""#text"":""-""},{""@Name"":""AccessMask"",""#text"":""0xF01BF""},{""@Name"":""PrivilegeList"",""#text"":""-""},{""@Name"":""Properties"",""#text"":""---, {bf967aba-0de6-11d0-a285-00aa003049e2}, %%1537, %%1538, %%1539, %%1540, %%5440, %%5441, %%5442, %%5443, %%5444, %%5445, %%5447, %%5448, {59ba2f42-79a2-11d0-9020-00c04fc2d3cf}, {bf967938-0de6-11d0-a285-00aa003049e2}, {5fd42471-1262-11d0-a060-00aa006c33ed}, {bf9679e8-0de6-11d0-a285-00aa003049e2}, {bf967a00-0de6-11d0-a285-00aa003049e2}, {3e0abfd0-126a-11d0-a060-00aa006c33ed}, {bf967a6a-0de6-11d0-a285-00aa003049e2}, {bf967953-0de6-11d0-a285-00aa003049e2}, {4c164200-20c0-11d0-a768-00aa006e0529}, {bf967915-0de6-11d0-a285-00aa003049e2}, {bf967a0a-0de6-11d0-a285-00aa003049e2}, {bf967a68-0de6-11d0-a285-00aa003049e2}, {bf967a6d-0de6-11d0-a285-00aa003049e2}, {5f202010-79a5-11d0-9020-00c04fc2d4cf}, {bf96792e-0de6-11d0-a285-00aa003049e2}, {bf967985-0de6-11d0-a285-00aa003049e2}, {bf967986-0de6-11d0-a285-00aa003049e2}, {bf967996-0de6-11d0-a285-00aa003049e2}, {bf967997-0de6-11d0-a285-00aa003049e2}, {bf9679aa-0de6-11d0-a285-00aa003049e2}, {bf9679ab-0de6-11d0-a285-00aa003049e2}, {bf9679ac-0de6-11d0-a285-00aa003049e2}, {bf967a05-0de6-11d0-a285-00aa003049e2}, {bf9679a8-0de6-11d0-a285-00aa003049e2}, {e48d0154-bcf8-11d1-8702-00c04fb96050}, {bf967950-0de6-11d0-a285-00aa003049e2}, {bc0ac240-79a9-11d0-9020-00c04fc2d4cf}, {bf967991-0de6-11d0-a285-00aa003049e2}, {ab721a53-1e2f-11d0-9819-00aa0040529b}, {00299570-246d-11d0-a768-00aa006e0529}, {7ed84960-ad10-11d0-8a92-00aa006e0529}, ""},{""@Name"":""RestrictedSidCount"",""#text"":""0""},{""@Name"":""ProcessId"",""#text"":""0x230""},{""@Name"":""ProcessName"",""#text"":""C:\\Windows\\System32\\lsass.exe""}]}}"
17,125522997,2021-03-26 16:59:24.9139736,4658,LogAlways,Microsoft-Windows-Security-Auditing,Security,4,268,rootdc1.offsec.lan,0,,The handle to an object was closed,OFFSEC\admmig,,SID: S-1-5-21-4230534742-2542757381-3142984815-1111,ObjectServer: Security Account Manager,HandleId: 0x1D35E252250,,,,C:\Windows\System32\lsass.exe (PID: 0x230),False,EVTX-to-MITRE-Attack\TA0006-Credential Access\T1003-Credential dumping\ID4661-4658 Mimikatz sekurlsa password dump SAM.evtx,Audit success,0,"{""EventData"":{""Data"":[{""@Name"":""SubjectUserSid"",""#text"":""S-1-5-21-4230534742-2542757381-3142984815-1111""},{""@Name"":""SubjectUserName"",""#text"":""admmig""},{""@Name"":""SubjectDomainName"",""#text"":""OFFSEC""},{""@Name"":""SubjectLogonId"",""#text"":""0x493AC""},{""@Name"":""ObjectServer"",""#text"":""Security Account Manager""},{""@Name"":""HandleId"",""#text"":""0x1D35E252250""},{""@Name"":""ProcessId"",""#text"":""0x230""},{""@Name"":""ProcessName"",""#text"":""C:\\Windows\\System32\\lsass.exe""}]}}"
18,125522998,2021-03-26 16:59:24.9139858,4661,LogAlways,Microsoft-Windows-Security-Auditing,Security,4,268,rootdc1.offsec.lan,0,,Handle requested to an object,OFFSEC\admmig,,ObjectServer: Security Account Manager,ObjectType: SAM_SERVER,ObjectName: SAM,,,,C:\Windows\System32\lsass.exe,False,EVTX-to-MITRE-Attack\TA0006-Credential Access\T1003-Credential dumping\ID4661-4658 Mimikatz sekurlsa password dump SAM.evtx,Audit success,0,"{""EventData"":{""Data"":[{""@Name"":""SubjectUserSid"",""#text"":""S-1-5-21-4230534742-2542757381-3142984815-1111""},{""@Name"":""SubjectUserName"",""#text"":""admmig""},{""@Name"":""SubjectDomainName"",""#text"":""OFFSEC""},{""@Name"":""SubjectLogonId"",""#text"":""0x493AC""},{""@Name"":""ObjectServer"",""#text"":""Security Account Manager""},{""@Name"":""ObjectType"",""#text"":""SAM_SERVER""},{""@Name"":""ObjectName"",""#text"":""SAM""},{""@Name"":""HandleId"",""#text"":""0x0""},{""@Name"":""TransactionId"",""#text"":""00000000-0000-0000-0000-000000000000""},{""@Name"":""AccessList"",""#text"":""%%5384, ""},{""@Name"":""AccessReason"",""#text"":""-""},{""@Name"":""AccessMask"",""#text"":""0x100""},{""@Name"":""PrivilegeList"",""#text"":""-""},{""@Name"":""Properties"",""#text"":""---, {bf967aad-0de6-11d0-a285-00aa003049e2}, %%5384, {91d67418-0135-4acc-8d79-c08e857cfbec}, ""},{""@Name"":""RestrictedSidCount"",""#text"":""0""},{""@Name"":""ProcessId"",""#text"":""0x230""},{""@Name"":""ProcessName"",""#text"":""C:\\Windows\\System32\\lsass.exe""}]}}"
19,125522999,2021-03-26 16:59:24.9165281,4661,LogAlways,Microsoft-Windows-Security-Auditing,Security,4,268,rootdc1.offsec.lan,0,,Handle requested to an object,OFFSEC\admmig,,ObjectServer: Security Account Manager,ObjectType: SAM_USER,ObjectName: S-1-5-21-4230534742-2542757381-3142984815-1119,,,,C:\Windows\System32\lsass.exe,False,EVTX-to-MITRE-Attack\TA0006-Credential Access\T1003-Credential dumping\ID4661-4658 Mimikatz sekurlsa password dump SAM.evtx,Audit success,0,"{""EventData"":{""Data"":[{""@Name"":""SubjectUserSid"",""#text"":""S-1-5-21-4230534742-2542757381-3142984815-1111""},{""@Name"":""SubjectUserName"",""#text"":""admmig""},{""@Name"":""SubjectDomainName"",""#text"":""OFFSEC""},{""@Name"":""SubjectLogonId"",""#text"":""0x493AC""},{""@Name"":""ObjectServer"",""#text"":""Security Account Manager""},{""@Name"":""ObjectType"",""#text"":""SAM_USER""},{""@Name"":""ObjectName"",""#text"":""S-1-5-21-4230534742-2542757381-3142984815-1119""},{""@Name"":""HandleId"",""#text"":""0x1D35E2530C0""},{""@Name"":""TransactionId"",""#text"":""00000000-0000-0000-0000-000000000000""},{""@Name"":""AccessList"",""#text"":""%%1537, %%1538, %%1539, %%1540, %%5440, %%5441, %%5442, %%5443, %%5444, %%5445, %%5446, %%5447, ""},{""@Name"":""AccessReason"",""#text"":""-""},{""@Name"":""AccessMask"",""#text"":""0xF00FF""},{""@Name"":""PrivilegeList"",""#text"":""-""},{""@Name"":""Properties"",""#text"":""---, {bf967aba-0de6-11d0-a285-00aa003049e2}, %%1537, %%1538, %%1539, %%1540, %%5440, %%5441, %%5442, %%5443, %%5444, %%5445, %%5446, %%5447, {ab721a53-1e2f-11d0-9819-00aa0040529b}, %%1537, %%1538, %%1539, %%1540, %%5440, %%5441, %%5442, %%5443, %%5444, %%5445, %%5446, %%5447, %%5448, {bf967938-0de6-11d0-a285-00aa003049e2}, {5fd42471-1262-11d0-a060-00aa006c33ed}, {bf9679e8-0de6-11d0-a285-00aa003049e2}, {bf967a00-0de6-11d0-a285-00aa003049e2}, {3e0abfd0-126a-11d0-a060-00aa006c33ed}, {bf967a6a-0de6-11d0-a285-00aa003049e2}, {bf967953-0de6-11d0-a285-00aa003049e2}, {4c164200-20c0-11d0-a768-00aa006e0529}, {bf967915-0de6-11d0-a285-00aa003049e2}, {bf967a0a-0de6-11d0-a285-00aa003049e2}, {bf967a68-0de6-11d0-a285-00aa003049e2}, {bf967a6d-0de6-11d0-a285-00aa003049e2}, {5f202010-79a5-11d0-9020-00c04fc2d4cf}, {59ba2f42-79a2-11d0-9020-00c04fc2d3cf}, {bf967985-0de6-11d0-a285-00aa003049e2}, {bf967986-0de6-11d0-a285-00aa003049e2}, {bf967996-0de6-11d0-a285-00aa003049e2}, {bf967997-0de6-11d0-a285-00aa003049e2}, {bf9679aa-0de6-11d0-a285-00aa003049e2}, {bf9679ab-0de6-11d0-a285-00aa003049e2}, {bf9679ac-0de6-11d0-a285-00aa003049e2}, {bf967a05-0de6-11d0-a285-00aa003049e2}, {bf9679a8-0de6-11d0-a285-00aa003049e2}, {e48d0154-bcf8-11d1-8702-00c04fb96050}, {bf967950-0de6-11d0-a285-00aa003049e2}, {bc0ac240-79a9-11d0-9020-00c04fc2d4cf}, {bf967991-0de6-11d0-a285-00aa003049e2}, {bf96792e-0de6-11d0-a285-00aa003049e2}, {00299570-246d-11d0-a768-00aa006e0529}, {7ed84960-ad10-11d0-8a92-00aa006e0529}, ""},{""@Name"":""RestrictedSidCount"",""#text"":""0""},{""@Name"":""ProcessId"",""#text"":""0x230""},{""@Name"":""ProcessName"",""#text"":""C:\\Windows\\System32\\lsass.exe""}]}}"
20,125523000,2021-03-26 16:59:24.9180281,4658,LogAlways,Microsoft-Windows-Security-Auditing,Security,4,268,rootdc1.offsec.lan,0,,The handle to an object was closed,OFFSEC\admmig,,SID: S-1-5-21-4230534742-2542757381-3142984815-1111,ObjectServer: Security Account Manager,HandleId: 0x1D35E2530C0,,,,C:\Windows\System32\lsass.exe (PID: 0x230),False,EVTX-to-MITRE-Attack\TA0006-Credential Access\T1003-Credential dumping\ID4661-4658 Mimikatz sekurlsa password dump SAM.evtx,Audit success,0,"{""EventData"":{""Data"":[{""@Name"":""SubjectUserSid"",""#text"":""S-1-5-21-4230534742-2542757381-3142984815-1111""},{""@Name"":""SubjectUserName"",""#text"":""admmig""},{""@Name"":""SubjectDomainName"",""#text"":""OFFSEC""},{""@Name"":""SubjectLogonId"",""#text"":""0x493AC""},{""@Name"":""ObjectServer"",""#text"":""Security Account Manager""},{""@Name"":""HandleId"",""#text"":""0x1D35E2530C0""},{""@Name"":""ProcessId"",""#text"":""0x230""},{""@Name"":""ProcessName"",""#text"":""C:\\Windows\\System32\\lsass.exe""}]}}"
21,125523001,2021-03-26 16:59:24.9205354,4661,LogAlways,Microsoft-Windows-Security-Auditing,Security,4,268,rootdc1.offsec.lan,0,,Handle requested to an object,OFFSEC\admmig,,ObjectServer: Security Account Manager,ObjectType: SAM_USER,ObjectName: S-1-5-21-4230534742-2542757381-3142984815-1129,,,,C:\Windows\System32\lsass.exe,False,EVTX-to-MITRE-Attack\TA0006-Credential Access\T1003-Credential dumping\ID4661-4658 Mimikatz sekurlsa password dump SAM.evtx,Audit success,0,"{""EventData"":{""Data"":[{""@Name"":""SubjectUserSid"",""#text"":""S-1-5-21-4230534742-2542757381-3142984815-1111""},{""@Name"":""SubjectUserName"",""#text"":""admmig""},{""@Name"":""SubjectDomainName"",""#text"":""OFFSEC""},{""@Name"":""SubjectLogonId"",""#text"":""0x493AC""},{""@Name"":""ObjectServer"",""#text"":""Security Account Manager""},{""@Name"":""ObjectType"",""#text"":""SAM_USER""},{""@Name"":""ObjectName"",""#text"":""S-1-5-21-4230534742-2542757381-3142984815-1129""},{""@Name"":""HandleId"",""#text"":""0x1D35E2518B0""},{""@Name"":""TransactionId"",""#text"":""00000000-0000-0000-0000-000000000000""},{""@Name"":""AccessList"",""#text"":""%%1537, %%1538, %%1539, %%1540, %%5440, %%5441, %%5442, %%5443, %%5444, %%5445, %%5446, %%5447, ""},{""@Name"":""AccessReason"",""#text"":""-""},{""@Name"":""AccessMask"",""#text"":""0xF00FF""},{""@Name"":""PrivilegeList"",""#text"":""-""},{""@Name"":""Properties"",""#text"":""---, {bf967aba-0de6-11d0-a285-00aa003049e2}, %%1537, %%1538, %%1539, %%1540, %%5440, %%5441, %%5442, %%5443, %%5444, %%5445, %%5446, %%5447, {ab721a53-1e2f-11d0-9819-00aa0040529b}, %%1537, %%1538, %%1539, %%1540, %%5440, %%5441, %%5442, %%5443, %%5444, %%5445, %%5446, %%5447, %%5448, {bf967938-0de6-11d0-a285-00aa003049e2}, {5fd42471-1262-11d0-a060-00aa006c33ed}, {bf9679e8-0de6-11d0-a285-00aa003049e2}, {bf967a00-0de6-11d0-a285-00aa003049e2}, {3e0abfd0-126a-11d0-a060-00aa006c33ed}, {bf967a6a-0de6-11d0-a285-00aa003049e2}, {bf967953-0de6-11d0-a285-00aa003049e2}, {4c164200-20c0-11d0-a768-00aa006e0529}, {bf967915-0de6-11d0-a285-00aa003049e2}, {bf967a0a-0de6-11d0-a285-00aa003049e2}, {bf967a68-0de6-11d0-a285-00aa003049e2}, {bf967a6d-0de6-11d0-a285-00aa003049e2}, {5f202010-79a5-11d0-9020-00c04fc2d4cf}, {59ba2f42-79a2-11d0-9020-00c04fc2d3cf}, {bf967985-0de6-11d0-a285-00aa003049e2}, {bf967986-0de6-11d0-a285-00aa003049e2}, {bf967996-0de6-11d0-a285-00aa003049e2}, {bf967997-0de6-11d0-a285-00aa003049e2}, {bf9679aa-0de6-11d0-a285-00aa003049e2}, {bf9679ab-0de6-11d0-a285-00aa003049e2}, {bf9679ac-0de6-11d0-a285-00aa003049e2}, {bf967a05-0de6-11d0-a285-00aa003049e2}, {bf9679a8-0de6-11d0-a285-00aa003049e2}, {e48d0154-bcf8-11d1-8702-00c04fb96050}, {bf967950-0de6-11d0-a285-00aa003049e2}, {bc0ac240-79a9-11d0-9020-00c04fc2d4cf}, {bf967991-0de6-11d0-a285-00aa003049e2}, {bf96792e-0de6-11d0-a285-00aa003049e2}, {00299570-246d-11d0-a768-00aa006e0529}, {7ed84960-ad10-11d0-8a92-00aa006e0529}, ""},{""@Name"":""RestrictedSidCount"",""#text"":""0""},{""@Name"":""ProcessId"",""#text"":""0x230""},{""@Name"":""ProcessName"",""#text"":""C:\\Windows\\System32\\lsass.exe""}]}}"
22,125523002,2021-03-26 16:59:24.9223599,4658,LogAlways,Microsoft-Windows-Security-Auditing,Security,4,268,rootdc1.offsec.lan,0,,The handle to an object was closed,OFFSEC\admmig,,SID: S-1-5-21-4230534742-2542757381-3142984815-1111,ObjectServer: Security Account Manager,HandleId: 0x1D35E2518B0,,,,C:\Windows\System32\lsass.exe (PID: 0x230),False,EVTX-to-MITRE-Attack\TA0006-Credential Access\T1003-Credential dumping\ID4661-4658 Mimikatz sekurlsa password dump SAM.evtx,Audit success,0,"{""EventData"":{""Data"":[{""@Name"":""SubjectUserSid"",""#text"":""S-1-5-21-4230534742-2542757381-3142984815-1111""},{""@Name"":""SubjectUserName"",""#text"":""admmig""},{""@Name"":""SubjectDomainName"",""#text"":""OFFSEC""},{""@Name"":""SubjectLogonId"",""#text"":""0x493AC""},{""@Name"":""ObjectServer"",""#text"":""Security Account Manager""},{""@Name"":""HandleId"",""#text"":""0x1D35E2518B0""},{""@Name"":""ProcessId"",""#text"":""0x230""},{""@Name"":""ProcessName"",""#text"":""C:\\Windows\\System32\\lsass.exe""}]}}"
23,125523003,2021-03-26 16:59:24.9223720,4661,LogAlways,Microsoft-Windows-Security-Auditing,Security,4,268,rootdc1.offsec.lan,0,,Handle requested to an object,OFFSEC\admmig,,ObjectServer: Security Account Manager,ObjectType: SAM_SERVER,ObjectName: SAM,,,,C:\Windows\System32\lsass.exe,False,EVTX-to-MITRE-Attack\TA0006-Credential Access\T1003-Credential dumping\ID4661-4658 Mimikatz sekurlsa password dump SAM.evtx,Audit success,0,"{""EventData"":{""Data"":[{""@Name"":""SubjectUserSid"",""#text"":""S-1-5-21-4230534742-2542757381-3142984815-1111""},{""@Name"":""SubjectUserName"",""#text"":""admmig""},{""@Name"":""SubjectDomainName"",""#text"":""OFFSEC""},{""@Name"":""SubjectLogonId"",""#text"":""0x493AC""},{""@Name"":""ObjectServer"",""#text"":""Security Account Manager""},{""@Name"":""ObjectType"",""#text"":""SAM_SERVER""},{""@Name"":""ObjectName"",""#text"":""SAM""},{""@Name"":""HandleId"",""#text"":""0x0""},{""@Name"":""TransactionId"",""#text"":""00000000-0000-0000-0000-000000000000""},{""@Name"":""AccessList"",""#text"":""%%5384, ""},{""@Name"":""AccessReason"",""#text"":""-""},{""@Name"":""AccessMask"",""#text"":""0x100""},{""@Name"":""PrivilegeList"",""#text"":""-""},{""@Name"":""Properties"",""#text"":""---, {bf967aad-0de6-11d0-a285-00aa003049e2}, %%5384, {91d67418-0135-4acc-8d79-c08e857cfbec}, ""},{""@Name"":""RestrictedSidCount"",""#text"":""0""},{""@Name"":""ProcessId"",""#text"":""0x230""},{""@Name"":""ProcessName"",""#text"":""C:\\Windows\\System32\\lsass.exe""}]}}"
24,125523004,2021-03-26 16:59:24.9248677,4661,LogAlways,Microsoft-Windows-Security-Auditing,Security,4,268,rootdc1.offsec.lan,0,,Handle requested to an object,OFFSEC\admmig,,ObjectServer: Security Account Manager,ObjectType: SAM_USER,ObjectName: S-1-5-21-4230534742-2542757381-3142984815-1147,,,,C:\Windows\System32\lsass.exe,False,EVTX-to-MITRE-Attack\TA0006-Credential Access\T1003-Credential dumping\ID4661-4658 Mimikatz sekurlsa password dump SAM.evtx,Audit success,0,"{""EventData"":{""Data"":[{""@Name"":""SubjectUserSid"",""#text"":""S-1-5-21-4230534742-2542757381-3142984815-1111""},{""@Name"":""SubjectUserName"",""#text"":""admmig""},{""@Name"":""SubjectDomainName"",""#text"":""OFFSEC""},{""@Name"":""SubjectLogonId"",""#text"":""0x493AC""},{""@Name"":""ObjectServer"",""#text"":""Security Account Manager""},{""@Name"":""ObjectType"",""#text"":""SAM_USER""},{""@Name"":""ObjectName"",""#text"":""S-1-5-21-4230534742-2542757381-3142984815-1147""},{""@Name"":""HandleId"",""#text"":""0x1D35E253590""},{""@Name"":""TransactionId"",""#text"":""00000000-0000-0000-0000-000000000000""},{""@Name"":""AccessList"",""#text"":""%%1537, %%1538, %%1539, %%1540, %%5440, %%5441, %%5442, %%5443, %%5444, %%5445, %%5446, %%5447, ""},{""@Name"":""AccessReason"",""#text"":""-""},{""@Name"":""AccessMask"",""#text"":""0xF00FF""},{""@Name"":""PrivilegeList"",""#text"":""-""},{""@Name"":""Properties"",""#text"":""---, {bf967aba-0de6-11d0-a285-00aa003049e2}, %%1537, %%1538, %%1539, %%1540, %%5440, %%5441, %%5442, %%5443, %%5444, %%5445, %%5446, %%5447, {ab721a53-1e2f-11d0-9819-00aa0040529b}, %%1537, %%1538, %%1539, %%1540, %%5440, %%5441, %%5442, %%5443, %%5444, %%5445, %%5446, %%5447, %%5448, {bf967938-0de6-11d0-a285-00aa003049e2}, {5fd42471-1262-11d0-a060-00aa006c33ed}, {bf9679e8-0de6-11d0-a285-00aa003049e2}, {bf967a00-0de6-11d0-a285-00aa003049e2}, {3e0abfd0-126a-11d0-a060-00aa006c33ed}, {bf967a6a-0de6-11d0-a285-00aa003049e2}, {bf967953-0de6-11d0-a285-00aa003049e2}, {4c164200-20c0-11d0-a768-00aa006e0529}, {bf967915-0de6-11d0-a285-00aa003049e2}, {bf967a0a-0de6-11d0-a285-00aa003049e2}, {bf967a68-0de6-11d0-a285-00aa003049e2}, {bf967a6d-0de6-11d0-a285-00aa003049e2}, {5f202010-79a5-11d0-9020-00c04fc2d4cf}, {59ba2f42-79a2-11d0-9020-00c04fc2d3cf}, {bf967985-0de6-11d0-a285-00aa003049e2}, {bf967986-0de6-11d0-a285-00aa003049e2}, {bf967996-0de6-11d0-a285-00aa003049e2}, {bf967997-0de6-11d0-a285-00aa003049e2}, {bf9679aa-0de6-11d0-a285-00aa003049e2}, {bf9679ab-0de6-11d0-a285-00aa003049e2}, {bf9679ac-0de6-11d0-a285-00aa003049e2}, {bf967a05-0de6-11d0-a285-00aa003049e2}, {bf9679a8-0de6-11d0-a285-00aa003049e2}, {e48d0154-bcf8-11d1-8702-00c04fb96050}, {bf967950-0de6-11d0-a285-00aa003049e2}, {bc0ac240-79a9-11d0-9020-00c04fc2d4cf}, {bf967991-0de6-11d0-a285-00aa003049e2}, {bf96792e-0de6-11d0-a285-00aa003049e2}, {00299570-246d-11d0-a768-00aa006e0529}, {7ed84960-ad10-11d0-8a92-00aa006e0529}, ""},{""@Name"":""RestrictedSidCount"",""#text"":""0""},{""@Name"":""ProcessId"",""#text"":""0x230""},{""@Name"":""ProcessName"",""#text"":""C:\\Windows\\System32\\lsass.exe""}]}}"
25,125523005,2021-03-26 16:59:24.9271513,4658,LogAlways,Microsoft-Windows-Security-Auditing,Security,4,268,rootdc1.offsec.lan,0,,The handle to an object was closed,OFFSEC\admmig,,SID: S-1-5-21-4230534742-2542757381-3142984815-1111,ObjectServer: Security Account Manager,HandleId: 0x1D35E253590,,,,C:\Windows\System32\lsass.exe (PID: 0x230),False,EVTX-to-MITRE-Attack\TA0006-Credential Access\T1003-Credential dumping\ID4661-4658 Mimikatz sekurlsa password dump SAM.evtx,Audit success,0,"{""EventData"":{""Data"":[{""@Name"":""SubjectUserSid"",""#text"":""S-1-5-21-4230534742-2542757381-3142984815-1111""},{""@Name"":""SubjectUserName"",""#text"":""admmig""},{""@Name"":""SubjectDomainName"",""#text"":""OFFSEC""},{""@Name"":""SubjectLogonId"",""#text"":""0x493AC""},{""@Name"":""ObjectServer"",""#text"":""Security Account Manager""},{""@Name"":""HandleId"",""#text"":""0x1D35E253590""},{""@Name"":""ProcessId"",""#text"":""0x230""},{""@Name"":""ProcessName"",""#text"":""C:\\Windows\\System32\\lsass.exe""}]}}"
26,125523006,2021-03-26 16:59:24.9296021,4661,LogAlways,Microsoft-Windows-Security-Auditing,Security,4,268,rootdc1.offsec.lan,0,,Handle requested to an object,OFFSEC\admmig,,ObjectServer: Security Account Manager,ObjectType: SAM_USER,ObjectName: S-1-5-21-4230534742-2542757381-3142984815-1154,,,,C:\Windows\System32\lsass.exe,False,EVTX-to-MITRE-Attack\TA0006-Credential Access\T1003-Credential dumping\ID4661-4658 Mimikatz sekurlsa password dump SAM.evtx,Audit success,0,"{""EventData"":{""Data"":[{""@Name"":""SubjectUserSid"",""#text"":""S-1-5-21-4230534742-2542757381-3142984815-1111""},{""@Name"":""SubjectUserName"",""#text"":""admmig""},{""@Name"":""SubjectDomainName"",""#text"":""OFFSEC""},{""@Name"":""SubjectLogonId"",""#text"":""0x493AC""},{""@Name"":""ObjectServer"",""#text"":""Security Account Manager""},{""@Name"":""ObjectType"",""#text"":""SAM_USER""},{""@Name"":""ObjectName"",""#text"":""S-1-5-21-4230534742-2542757381-3142984815-1154""},{""@Name"":""HandleId"",""#text"":""0x1D35E250570""},{""@Name"":""TransactionId"",""#text"":""00000000-0000-0000-0000-000000000000""},{""@Name"":""AccessList"",""#text"":""%%1537, %%1538, %%1539, %%1540, %%5440, %%5441, %%5442, %%5443, %%5444, %%5445, %%5447, %%5448, ""},{""@Name"":""AccessReason"",""#text"":""-""},{""@Name"":""AccessMask"",""#text"":""0xF01BF""},{""@Name"":""PrivilegeList"",""#text"":""-""},{""@Name"":""Properties"",""#text"":""---, {bf967aba-0de6-11d0-a285-00aa003049e2}, %%1537, %%1538, %%1539, %%1540, %%5440, %%5441, %%5442, %%5443, %%5444, %%5445, %%5447, %%5448, {59ba2f42-79a2-11d0-9020-00c04fc2d3cf}, {bf967938-0de6-11d0-a285-00aa003049e2}, {5fd42471-1262-11d0-a060-00aa006c33ed}, {bf9679e8-0de6-11d0-a285-00aa003049e2}, {bf967a00-0de6-11d0-a285-00aa003049e2}, {3e0abfd0-126a-11d0-a060-00aa006c33ed}, {bf967a6a-0de6-11d0-a285-00aa003049e2}, {bf967953-0de6-11d0-a285-00aa003049e2}, {4c164200-20c0-11d0-a768-00aa006e0529}, {bf967915-0de6-11d0-a285-00aa003049e2}, {bf967a0a-0de6-11d0-a285-00aa003049e2}, {bf967a68-0de6-11d0-a285-00aa003049e2}, {bf967a6d-0de6-11d0-a285-00aa003049e2}, {5f202010-79a5-11d0-9020-00c04fc2d4cf}, {bf96792e-0de6-11d0-a285-00aa003049e2}, {bf967985-0de6-11d0-a285-00aa003049e2}, {bf967986-0de6-11d0-a285-00aa003049e2}, {bf967996-0de6-11d0-a285-00aa003049e2}, {bf967997-0de6-11d0-a285-00aa003049e2}, {bf9679aa-0de6-11d0-a285-00aa003049e2}, {bf9679ab-0de6-11d0-a285-00aa003049e2}, {bf9679ac-0de6-11d0-a285-00aa003049e2}, {bf967a05-0de6-11d0-a285-00aa003049e2}, {bf9679a8-0de6-11d0-a285-00aa003049e2}, {e48d0154-bcf8-11d1-8702-00c04fb96050}, {bf967950-0de6-11d0-a285-00aa003049e2}, {bc0ac240-79a9-11d0-9020-00c04fc2d4cf}, {bf967991-0de6-11d0-a285-00aa003049e2}, {ab721a53-1e2f-11d0-9819-00aa0040529b}, {00299570-246d-11d0-a768-00aa006e0529}, {7ed84960-ad10-11d0-8a92-00aa006e0529}, ""},{""@Name"":""RestrictedSidCount"",""#text"":""0""},{""@Name"":""ProcessId"",""#text"":""0x230""},{""@Name"":""ProcessName"",""#text"":""C:\\Windows\\System32\\lsass.exe""}]}}"
27,125523007,2021-03-26 16:59:24.9316377,4658,LogAlways,Microsoft-Windows-Security-Auditing,Security,4,268,rootdc1.offsec.lan,0,,The handle to an object was closed,OFFSEC\admmig,,SID: S-1-5-21-4230534742-2542757381-3142984815-1111,ObjectServer: Security Account Manager,HandleId: 0x1D35E250570,,,,C:\Windows\System32\lsass.exe (PID: 0x230),False,EVTX-to-MITRE-Attack\TA0006-Credential Access\T1003-Credential dumping\ID4661-4658 Mimikatz sekurlsa password dump SAM.evtx,Audit success,0,"{""EventData"":{""Data"":[{""@Name"":""SubjectUserSid"",""#text"":""S-1-5-21-4230534742-2542757381-3142984815-1111""},{""@Name"":""SubjectUserName"",""#text"":""admmig""},{""@Name"":""SubjectDomainName"",""#text"":""OFFSEC""},{""@Name"":""SubjectLogonId"",""#text"":""0x493AC""},{""@Name"":""ObjectServer"",""#text"":""Security Account Manager""},{""@Name"":""HandleId"",""#text"":""0x1D35E250570""},{""@Name"":""ProcessId"",""#text"":""0x230""},{""@Name"":""ProcessName"",""#text"":""C:\\Windows\\System32\\lsass.exe""}]}}"
28,125523008,2021-03-26 16:59:24.9316499,4661,LogAlways,Microsoft-Windows-Security-Auditing,Security,4,268,rootdc1.offsec.lan,0,,Handle requested to an object,OFFSEC\admmig,,ObjectServer: Security Account Manager,ObjectType: SAM_SERVER,ObjectName: SAM,,,,C:\Windows\System32\lsass.exe,False,EVTX-to-MITRE-Attack\TA0006-Credential Access\T1003-Credential dumping\ID4661-4658 Mimikatz sekurlsa password dump SAM.evtx,Audit success,0,"{""EventData"":{""Data"":[{""@Name"":""SubjectUserSid"",""#text"":""S-1-5-21-4230534742-2542757381-3142984815-1111""},{""@Name"":""SubjectUserName"",""#text"":""admmig""},{""@Name"":""SubjectDomainName"",""#text"":""OFFSEC""},{""@Name"":""SubjectLogonId"",""#text"":""0x493AC""},{""@Name"":""ObjectServer"",""#text"":""Security Account Manager""},{""@Name"":""ObjectType"",""#text"":""SAM_SERVER""},{""@Name"":""ObjectName"",""#text"":""SAM""},{""@Name"":""HandleId"",""#text"":""0x0""},{""@Name"":""TransactionId"",""#text"":""00000000-0000-0000-0000-000000000000""},{""@Name"":""AccessList"",""#text"":""%%5384, ""},{""@Name"":""AccessReason"",""#text"":""-""},{""@Name"":""AccessMask"",""#text"":""0x100""},{""@Name"":""PrivilegeList"",""#text"":""-""},{""@Name"":""Properties"",""#text"":""---, {bf967aad-0de6-11d0-a285-00aa003049e2}, %%5384, {91d67418-0135-4acc-8d79-c08e857cfbec}, ""},{""@Name"":""RestrictedSidCount"",""#text"":""0""},{""@Name"":""ProcessId"",""#text"":""0x230""},{""@Name"":""ProcessName"",""#text"":""C:\\Windows\\System32\\lsass.exe""}]}}"
29,125523009,2021-03-26 16:59:24.9340301,4661,LogAlways,Microsoft-Windows-Security-Auditing,Security,4,268,rootdc1.offsec.lan,0,,Handle requested to an object,OFFSEC\admmig,,ObjectServer: Security Account Manager,ObjectType: SAM_USER,ObjectName: S-1-5-21-4230534742-2542757381-3142984815-1155,,,,C:\Windows\System32\lsass.exe,False,EVTX-to-MITRE-Attack\TA0006-Credential Access\T1003-Credential dumping\ID4661-4658 Mimikatz sekurlsa password dump SAM.evtx,Audit success,0,"{""EventData"":{""Data"":[{""@Name"":""SubjectUserSid"",""#text"":""S-1-5-21-4230534742-2542757381-3142984815-1111""},{""@Name"":""SubjectUserName"",""#text"":""admmig""},{""@Name"":""SubjectDomainName"",""#text"":""OFFSEC""},{""@Name"":""SubjectLogonId"",""#text"":""0x493AC""},{""@Name"":""ObjectServer"",""#text"":""Security Account Manager""},{""@Name"":""ObjectType"",""#text"":""SAM_USER""},{""@Name"":""ObjectName"",""#text"":""S-1-5-21-4230534742-2542757381-3142984815-1155""},{""@Name"":""HandleId"",""#text"":""0x1D35E253590""},{""@Name"":""TransactionId"",""#text"":""00000000-0000-0000-0000-000000000000""},{""@Name"":""AccessList"",""#text"":""%%1537, %%1538, %%1539, %%1540, %%5440, %%5441, %%5442, %%5443, %%5444, %%5445, %%5447, %%5448, ""},{""@Name"":""AccessReason"",""#text"":""-""},{""@Name"":""AccessMask"",""#text"":""0xF01BF""},{""@Name"":""PrivilegeList"",""#text"":""-""},{""@Name"":""Properties"",""#text"":""---, {bf967aba-0de6-11d0-a285-00aa003049e2}, %%1537, %%1538, %%1539, %%1540, %%5440, %%5441, %%5442, %%5443, %%5444, %%5445, %%5447, %%5448, {59ba2f42-79a2-11d0-9020-00c04fc2d3cf}, {bf967938-0de6-11d0-a285-00aa003049e2}, {5fd42471-1262-11d0-a060-00aa006c33ed}, {bf9679e8-0de6-11d0-a285-00aa003049e2}, {bf967a00-0de6-11d0-a285-00aa003049e2}, {3e0abfd0-126a-11d0-a060-00aa006c33ed}, {bf967a6a-0de6-11d0-a285-00aa003049e2}, {bf967953-0de6-11d0-a285-00aa003049e2}, {4c164200-20c0-11d0-a768-00aa006e0529}, {bf967915-0de6-11d0-a285-00aa003049e2}, {bf967a0a-0de6-11d0-a285-00aa003049e2}, {bf967a68-0de6-11d0-a285-00aa003049e2}, {bf967a6d-0de6-11d0-a285-00aa003049e2}, {5f202010-79a5-11d0-9020-00c04fc2d4cf}, {bf96792e-0de6-11d0-a285-00aa003049e2}, {bf967985-0de6-11d0-a285-00aa003049e2}, {bf967986-0de6-11d0-a285-00aa003049e2}, {bf967996-0de6-11d0-a285-00aa003049e2}, {bf967997-0de6-11d0-a285-00aa003049e2}, {bf9679aa-0de6-11d0-a285-00aa003049e2}, {bf9679ab-0de6-11d0-a285-00aa003049e2}, {bf9679ac-0de6-11d0-a285-00aa003049e2}, {bf967a05-0de6-11d0-a285-00aa003049e2}, {bf9679a8-0de6-11d0-a285-00aa003049e2}, {e48d0154-bcf8-11d1-8702-00c04fb96050}, {bf967950-0de6-11d0-a285-00aa003049e2}, {bc0ac240-79a9-11d0-9020-00c04fc2d4cf}, {bf967991-0de6-11d0-a285-00aa003049e2}, {ab721a53-1e2f-11d0-9819-00aa0040529b}, {00299570-246d-11d0-a768-00aa006e0529}, {7ed84960-ad10-11d0-8a92-00aa006e0529}, ""},{""@Name"":""RestrictedSidCount"",""#text"":""0""},{""@Name"":""ProcessId"",""#text"":""0x230""},{""@Name"":""ProcessName"",""#text"":""C:\\Windows\\System32\\lsass.exe""}]}}"
30,125523010,2021-03-26 16:59:24.9354115,4658,LogAlways,Microsoft-Windows-Security-Auditing,Security,4,268,rootdc1.offsec.lan,0,,The handle to an object was closed,OFFSEC\admmig,,SID: S-1-5-21-4230534742-2542757381-3142984815-1111,ObjectServer: Security Account Manager,HandleId: 0x1D35E253590,,,,C:\Windows\System32\lsass.exe (PID: 0x230),False,EVTX-to-MITRE-Attack\TA0006-Credential Access\T1003-Credential dumping\ID4661-4658 Mimikatz sekurlsa password dump SAM.evtx,Audit success,0,"{""EventData"":{""Data"":[{""@Name"":""SubjectUserSid"",""#text"":""S-1-5-21-4230534742-2542757381-3142984815-1111""},{""@Name"":""SubjectUserName"",""#text"":""admmig""},{""@Name"":""SubjectDomainName"",""#text"":""OFFSEC""},{""@Name"":""SubjectLogonId"",""#text"":""0x493AC""},{""@Name"":""ObjectServer"",""#text"":""Security Account Manager""},{""@Name"":""HandleId"",""#text"":""0x1D35E253590""},{""@Name"":""ProcessId"",""#text"":""0x230""},{""@Name"":""ProcessName"",""#text"":""C:\\Windows\\System32\\lsass.exe""}]}}"
31,125523011,2021-03-26 16:59:24.9378216,4661,LogAlways,Microsoft-Windows-Security-Auditing,Security,4,268,rootdc1.offsec.lan,0,,Handle requested to an object,OFFSEC\admmig,,ObjectServer: Security Account Manager,ObjectType: SAM_USER,ObjectName: S-1-5-21-4230534742-2542757381-3142984815-1156,,,,C:\Windows\System32\lsass.exe,False,EVTX-to-MITRE-Attack\TA0006-Credential Access\T1003-Credential dumping\ID4661-4658 Mimikatz sekurlsa password dump SAM.evtx,Audit success,0,"{""EventData"":{""Data"":[{""@Name"":""SubjectUserSid"",""#text"":""S-1-5-21-4230534742-2542757381-3142984815-1111""},{""@Name"":""SubjectUserName"",""#text"":""admmig""},{""@Name"":""SubjectDomainName"",""#text"":""OFFSEC""},{""@Name"":""SubjectLogonId"",""#text"":""0x493AC""},{""@Name"":""ObjectServer"",""#text"":""Security Account Manager""},{""@Name"":""ObjectType"",""#text"":""SAM_USER""},{""@Name"":""ObjectName"",""#text"":""S-1-5-21-4230534742-2542757381-3142984815-1156""},{""@Name"":""HandleId"",""#text"":""0x1D35E250570""},{""@Name"":""TransactionId"",""#text"":""00000000-0000-0000-0000-000000000000""},{""@Name"":""AccessList"",""#text"":""%%1537, %%1538, %%1539, %%1540, %%5440, %%5441, %%5442, %%5443, %%5444, %%5445, %%5446, %%5447, ""},{""@Name"":""AccessReason"",""#text"":""-""},{""@Name"":""AccessMask"",""#text"":""0xF00FF""},{""@Name"":""PrivilegeList"",""#text"":""-""},{""@Name"":""Properties"",""#text"":""---, {bf967aba-0de6-11d0-a285-00aa003049e2}, %%1537, %%1538, %%1539, %%1540, %%5440, %%5441, %%5442, %%5443, %%5444, %%5445, %%5446, %%5447, {ab721a53-1e2f-11d0-9819-00aa0040529b}, %%1537, %%1538, %%1539, %%1540, %%5440, %%5441, %%5442, %%5443, %%5444, %%5445, %%5446, %%5447, %%5448, {bf967938-0de6-11d0-a285-00aa003049e2}, {5fd42471-1262-11d0-a060-00aa006c33ed}, {bf9679e8-0de6-11d0-a285-00aa003049e2}, {bf967a00-0de6-11d0-a285-00aa003049e2}, {3e0abfd0-126a-11d0-a060-00aa006c33ed}, {bf967a6a-0de6-11d0-a285-00aa003049e2}, {bf967953-0de6-11d0-a285-00aa003049e2}, {4c164200-20c0-11d0-a768-00aa006e0529}, {bf967915-0de6-11d0-a285-00aa003049e2}, {bf967a0a-0de6-11d0-a285-00aa003049e2}, {bf967a68-0de6-11d0-a285-00aa003049e2}, {bf967a6d-0de6-11d0-a285-00aa003049e2}, {5f202010-79a5-11d0-9020-00c04fc2d4cf}, {59ba2f42-79a2-11d0-9020-00c04fc2d3cf}, {bf967985-0de6-11d0-a285-00aa003049e2}, {bf967986-0de6-11d0-a285-00aa003049e2}, {bf967996-0de6-11d0-a285-00aa003049e2}, {bf967997-0de6-11d0-a285-00aa003049e2}, {bf9679aa-0de6-11d0-a285-00aa003049e2}, {bf9679ab-0de6-11d0-a285-00aa003049e2}, {bf9679ac-0de6-11d0-a285-00aa003049e2}, {bf967a05-0de6-11d0-a285-00aa003049e2}, {bf9679a8-0de6-11d0-a285-00aa003049e2}, {e48d0154-bcf8-11d1-8702-00c04fb96050}, {bf967950-0de6-11d0-a285-00aa003049e2}, {bc0ac240-79a9-11d0-9020-00c04fc2d4cf}, {bf967991-0de6-11d0-a285-00aa003049e2}, {bf96792e-0de6-11d0-a285-00aa003049e2}, {00299570-246d-11d0-a768-00aa006e0529}, {7ed84960-ad10-11d0-8a92-00aa006e0529}, ""},{""@Name"":""RestrictedSidCount"",""#text"":""0""},{""@Name"":""ProcessId"",""#text"":""0x230""},{""@Name"":""ProcessName"",""#text"":""C:\\Windows\\System32\\lsass.exe""}]}}"
32,125523012,2021-03-26 16:59:24.9401487,4658,LogAlways,Microsoft-Windows-Security-Auditing,Security,4,268,rootdc1.offsec.lan,0,,The handle to an object was closed,OFFSEC\admmig,,SID: S-1-5-21-4230534742-2542757381-3142984815-1111,ObjectServer: Security Account Manager,HandleId: 0x1D35E250570,,,,C:\Windows\System32\lsass.exe (PID: 0x230),False,EVTX-to-MITRE-Attack\TA0006-Credential Access\T1003-Credential dumping\ID4661-4658 Mimikatz sekurlsa password dump SAM.evtx,Audit success,0,"{""EventData"":{""Data"":[{""@Name"":""SubjectUserSid"",""#text"":""S-1-5-21-4230534742-2542757381-3142984815-1111""},{""@Name"":""SubjectUserName"",""#text"":""admmig""},{""@Name"":""SubjectDomainName"",""#text"":""OFFSEC""},{""@Name"":""SubjectLogonId"",""#text"":""0x493AC""},{""@Name"":""ObjectServer"",""#text"":""Security Account Manager""},{""@Name"":""HandleId"",""#text"":""0x1D35E250570""},{""@Name"":""ProcessId"",""#text"":""0x230""},{""@Name"":""ProcessName"",""#text"":""C:\\Windows\\System32\\lsass.exe""}]}}"
33,125523013,2021-03-26 16:59:24.9401608,4661,LogAlways,Microsoft-Windows-Security-Auditing,Security,4,268,rootdc1.offsec.lan,1,,Handle requested to an object,OFFSEC\admmig,,ObjectServer: Security Account Manager,ObjectType: SAM_SERVER,ObjectName: SAM,,,,C:\Windows\System32\lsass.exe,False,EVTX-to-MITRE-Attack\TA0006-Credential Access\T1003-Credential dumping\ID4661-4658 Mimikatz sekurlsa password dump SAM.evtx,Audit success,0,"{""EventData"":{""Data"":[{""@Name"":""SubjectUserSid"",""#text"":""S-1-5-21-4230534742-2542757381-3142984815-1111""},{""@Name"":""SubjectUserName"",""#text"":""admmig""},{""@Name"":""SubjectDomainName"",""#text"":""OFFSEC""},{""@Name"":""SubjectLogonId"",""#text"":""0x493AC""},{""@Name"":""ObjectServer"",""#text"":""Security Account Manager""},{""@Name"":""ObjectType"",""#text"":""SAM_SERVER""},{""@Name"":""ObjectName"",""#text"":""SAM""},{""@Name"":""HandleId"",""#text"":""0x0""},{""@Name"":""TransactionId"",""#text"":""00000000-0000-0000-0000-000000000000""},{""@Name"":""AccessList"",""#text"":""%%5384, ""},{""@Name"":""AccessReason"",""#text"":""-""},{""@Name"":""AccessMask"",""#text"":""0x100""},{""@Name"":""PrivilegeList"",""#text"":""-""},{""@Name"":""Properties"",""#text"":""---, {bf967aad-0de6-11d0-a285-00aa003049e2}, %%5384, {91d67418-0135-4acc-8d79-c08e857cfbec}, ""},{""@Name"":""RestrictedSidCount"",""#text"":""0""},{""@Name"":""ProcessId"",""#text"":""0x230""},{""@Name"":""ProcessName"",""#text"":""C:\\Windows\\System32\\lsass.exe""}]}}"
34,125523014,2021-03-26 16:59:24.9439532,4661,LogAlways,Microsoft-Windows-Security-Auditing,Security,4,268,rootdc1.offsec.lan,1,,Handle requested to an object,OFFSEC\admmig,,ObjectServer: Security Account Manager,ObjectType: SAM_USER,ObjectName: S-1-5-21-4230534742-2542757381-3142984815-1161,,,,C:\Windows\System32\lsass.exe,False,EVTX-to-MITRE-Attack\TA0006-Credential Access\T1003-Credential dumping\ID4661-4658 Mimikatz sekurlsa password dump SAM.evtx,Audit success,0,"{""EventData"":{""Data"":[{""@Name"":""SubjectUserSid"",""#text"":""S-1-5-21-4230534742-2542757381-3142984815-1111""},{""@Name"":""SubjectUserName"",""#text"":""admmig""},{""@Name"":""SubjectDomainName"",""#text"":""OFFSEC""},{""@Name"":""SubjectLogonId"",""#text"":""0x493AC""},{""@Name"":""ObjectServer"",""#text"":""Security Account Manager""},{""@Name"":""ObjectType"",""#text"":""SAM_USER""},{""@Name"":""ObjectName"",""#text"":""S-1-5-21-4230534742-2542757381-3142984815-1161""},{""@Name"":""HandleId"",""#text"":""0x1D35E252250""},{""@Name"":""TransactionId"",""#text"":""00000000-0000-0000-0000-000000000000""},{""@Name"":""AccessList"",""#text"":""%%1537, %%1538, %%1539, %%1540, %%5440, %%5441, %%5442, %%5443, %%5444, %%5445, %%5446, %%5447, %%5448, ""},{""@Name"":""AccessReason"",""#text"":""-""},{""@Name"":""AccessMask"",""#text"":""0xF01FF""},{""@Name"":""PrivilegeList"",""#text"":""-""},{""@Name"":""Properties"",""#text"":""---, {bf967aba-0de6-11d0-a285-00aa003049e2}, %%1537, %%1538, %%1539, %%1540, %%5440, %%5441, %%5442, %%5443, %%5444, %%5445, %%5446, %%5447, %%5448, {59ba2f42-79a2-11d0-9020-00c04fc2d3cf}, {bf967938-0de6-11d0-a285-00aa003049e2}, {5fd42471-1262-11d0-a060-00aa006c33ed}, {bf9679e8-0de6-11d0-a285-00aa003049e2}, {bf967a00-0de6-11d0-a285-00aa003049e2}, {3e0abfd0-126a-11d0-a060-00aa006c33ed}, {bf967a6a-0de6-11d0-a285-00aa003049e2}, {bf967953-0de6-11d0-a285-00aa003049e2}, {4c164200-20c0-11d0-a768-00aa006e0529}, {bf967915-0de6-11d0-a285-00aa003049e2}, {bf967a0a-0de6-11d0-a285-00aa003049e2}, {bf967a68-0de6-11d0-a285-00aa003049e2}, {bf967a6d-0de6-11d0-a285-00aa003049e2}, {5f202010-79a5-11d0-9020-00c04fc2d4cf}, {bf96792e-0de6-11d0-a285-00aa003049e2}, {bf967985-0de6-11d0-a285-00aa003049e2}, {bf967986-0de6-11d0-a285-00aa003049e2}, {bf967996-0de6-11d0-a285-00aa003049e2}, {bf967997-0de6-11d0-a285-00aa003049e2}, {bf9679aa-0de6-11d0-a285-00aa003049e2}, {bf9679ab-0de6-11d0-a285-00aa003049e2}, {bf9679ac-0de6-11d0-a285-00aa003049e2}, {bf967a05-0de6-11d0-a285-00aa003049e2}, {bf9679a8-0de6-11d0-a285-00aa003049e2}, {e48d0154-bcf8-11d1-8702-00c04fb96050}, {bf967950-0de6-11d0-a285-00aa003049e2}, {bc0ac240-79a9-11d0-9020-00c04fc2d4cf}, {bf967991-0de6-11d0-a285-00aa003049e2}, {ab721a53-1e2f-11d0-9819-00aa0040529b}, {00299570-246d-11d0-a768-00aa006e0529}, {7ed84960-ad10-11d0-8a92-00aa006e0529}, ""},{""@Name"":""RestrictedSidCount"",""#text"":""0""},{""@Name"":""ProcessId"",""#text"":""0x230""},{""@Name"":""ProcessName"",""#text"":""C:\\Windows\\System32\\lsass.exe""}]}}"
35,125523015,2021-03-26 16:59:24.9453659,4658,LogAlways,Microsoft-Windows-Security-Auditing,Security,4,268,rootdc1.offsec.lan,1,,The handle to an object was closed,OFFSEC\admmig,,SID: S-1-5-21-4230534742-2542757381-3142984815-1111,ObjectServer: Security Account Manager,HandleId: 0x1D35E252250,,,,C:\Windows\System32\lsass.exe (PID: 0x230),False,EVTX-to-MITRE-Attack\TA0006-Credential Access\T1003-Credential dumping\ID4661-4658 Mimikatz sekurlsa password dump SAM.evtx,Audit success,0,"{""EventData"":{""Data"":[{""@Name"":""SubjectUserSid"",""#text"":""S-1-5-21-4230534742-2542757381-3142984815-1111""},{""@Name"":""SubjectUserName"",""#text"":""admmig""},{""@Name"":""SubjectDomainName"",""#text"":""OFFSEC""},{""@Name"":""SubjectLogonId"",""#text"":""0x493AC""},{""@Name"":""ObjectServer"",""#text"":""Security Account Manager""},{""@Name"":""HandleId"",""#text"":""0x1D35E252250""},{""@Name"":""ProcessId"",""#text"":""0x230""},{""@Name"":""ProcessName"",""#text"":""C:\\Windows\\System32\\lsass.exe""}]}}"
36,125523016,2021-03-26 16:59:24.9477434,4661,LogAlways,Microsoft-Windows-Security-Auditing,Security,4,268,rootdc1.offsec.lan,1,,Handle requested to an object,OFFSEC\admmig,,ObjectServer: Security Account Manager,ObjectType: SAM_USER,ObjectName: S-1-5-21-4230534742-2542757381-3142984815-1170,,,,C:\Windows\System32\lsass.exe,False,EVTX-to-MITRE-Attack\TA0006-Credential Access\T1003-Credential dumping\ID4661-4658 Mimikatz sekurlsa password dump SAM.evtx,Audit success,0,"{""EventData"":{""Data"":[{""@Name"":""SubjectUserSid"",""#text"":""S-1-5-21-4230534742-2542757381-3142984815-1111""},{""@Name"":""SubjectUserName"",""#text"":""admmig""},{""@Name"":""SubjectDomainName"",""#text"":""OFFSEC""},{""@Name"":""SubjectLogonId"",""#text"":""0x493AC""},{""@Name"":""ObjectServer"",""#text"":""Security Account Manager""},{""@Name"":""ObjectType"",""#text"":""SAM_USER""},{""@Name"":""ObjectName"",""#text"":""S-1-5-21-4230534742-2542757381-3142984815-1170""},{""@Name"":""HandleId"",""#text"":""0x1D35E2513E0""},{""@Name"":""TransactionId"",""#text"":""00000000-0000-0000-0000-000000000000""},{""@Name"":""AccessList"",""#text"":""%%1537, %%1538, %%1539, %%1540, %%5440, %%5441, %%5442, %%5443, %%5444, %%5445, %%5446, %%5447, %%5448, ""},{""@Name"":""AccessReason"",""#text"":""-""},{""@Name"":""AccessMask"",""#text"":""0xF01FF""},{""@Name"":""PrivilegeList"",""#text"":""-""},{""@Name"":""Properties"",""#text"":""---, {bf967aba-0de6-11d0-a285-00aa003049e2}, %%1537, %%1538, %%1539, %%1540, %%5440, %%5441, %%5442, %%5443, %%5444, %%5445, %%5446, %%5447, %%5448, {59ba2f42-79a2-11d0-9020-00c04fc2d3cf}, {bf967938-0de6-11d0-a285-00aa003049e2}, {5fd42471-1262-11d0-a060-00aa006c33ed}, {bf9679e8-0de6-11d0-a285-00aa003049e2}, {bf967a00-0de6-11d0-a285-00aa003049e2}, {3e0abfd0-126a-11d0-a060-00aa006c33ed}, {bf967a6a-0de6-11d0-a285-00aa003049e2}, {bf967953-0de6-11d0-a285-00aa003049e2}, {4c164200-20c0-11d0-a768-00aa006e0529}, {bf967915-0de6-11d0-a285-00aa003049e2}, {bf967a0a-0de6-11d0-a285-00aa003049e2}, {bf967a68-0de6-11d0-a285-00aa003049e2}, {bf967a6d-0de6-11d0-a285-00aa003049e2}, {5f202010-79a5-11d0-9020-00c04fc2d4cf}, {bf96792e-0de6-11d0-a285-00aa003049e2}, {bf967985-0de6-11d0-a285-00aa003049e2}, {bf967986-0de6-11d0-a285-00aa003049e2}, {bf967996-0de6-11d0-a285-00aa003049e2}, {bf967997-0de6-11d0-a285-00aa003049e2}, {bf9679aa-0de6-11d0-a285-00aa003049e2}, {bf9679ab-0de6-11d0-a285-00aa003049e2}, {bf9679ac-0de6-11d0-a285-00aa003049e2}, {bf967a05-0de6-11d0-a285-00aa003049e2}, {bf9679a8-0de6-11d0-a285-00aa003049e2}, {e48d0154-bcf8-11d1-8702-00c04fb96050}, {bf967950-0de6-11d0-a285-00aa003049e2}, {bc0ac240-79a9-11d0-9020-00c04fc2d4cf}, {bf967991-0de6-11d0-a285-00aa003049e2}, {ab721a53-1e2f-11d0-9819-00aa0040529b}, {00299570-246d-11d0-a768-00aa006e0529}, {7ed84960-ad10-11d0-8a92-00aa006e0529}, ""},{""@Name"":""RestrictedSidCount"",""#text"":""0""},{""@Name"":""ProcessId"",""#text"":""0x230""},{""@Name"":""ProcessName"",""#text"":""C:\\Windows\\System32\\lsass.exe""}]}}"
37,125523017,2021-03-26 16:59:24.9497468,4658,LogAlways,Microsoft-Windows-Security-Auditing,Security,4,268,rootdc1.offsec.lan,1,,The handle to an object was closed,OFFSEC\admmig,,SID: S-1-5-21-4230534742-2542757381-3142984815-1111,ObjectServer: Security Account Manager,HandleId: 0x1D35E2513E0,,,,C:\Windows\System32\lsass.exe (PID: 0x230),False,EVTX-to-MITRE-Attack\TA0006-Credential Access\T1003-Credential dumping\ID4661-4658 Mimikatz sekurlsa password dump SAM.evtx,Audit success,0,"{""EventData"":{""Data"":[{""@Name"":""SubjectUserSid"",""#text"":""S-1-5-21-4230534742-2542757381-3142984815-1111""},{""@Name"":""SubjectUserName"",""#text"":""admmig""},{""@Name"":""SubjectDomainName"",""#text"":""OFFSEC""},{""@Name"":""SubjectLogonId"",""#text"":""0x493AC""},{""@Name"":""ObjectServer"",""#text"":""Security Account Manager""},{""@Name"":""HandleId"",""#text"":""0x1D35E2513E0""},{""@Name"":""ProcessId"",""#text"":""0x230""},{""@Name"":""ProcessName"",""#text"":""C:\\Windows\\System32\\lsass.exe""}]}}"
38,125523018,2021-03-26 16:59:24.9497594,4661,LogAlways,Microsoft-Windows-Security-Auditing,Security,4,268,rootdc1.offsec.lan,1,,Handle requested to an object,OFFSEC\admmig,,ObjectServer: Security Account Manager,ObjectType: SAM_SERVER,ObjectName: SAM,,,,C:\Windows\System32\lsass.exe,False,EVTX-to-MITRE-Attack\TA0006-Credential Access\T1003-Credential dumping\ID4661-4658 Mimikatz sekurlsa password dump SAM.evtx,Audit success,0,"{""EventData"":{""Data"":[{""@Name"":""SubjectUserSid"",""#text"":""S-1-5-21-4230534742-2542757381-3142984815-1111""},{""@Name"":""SubjectUserName"",""#text"":""admmig""},{""@Name"":""SubjectDomainName"",""#text"":""OFFSEC""},{""@Name"":""SubjectLogonId"",""#text"":""0x493AC""},{""@Name"":""ObjectServer"",""#text"":""Security Account Manager""},{""@Name"":""ObjectType"",""#text"":""SAM_SERVER""},{""@Name"":""ObjectName"",""#text"":""SAM""},{""@Name"":""HandleId"",""#text"":""0x0""},{""@Name"":""TransactionId"",""#text"":""00000000-0000-0000-0000-000000000000""},{""@Name"":""AccessList"",""#text"":""%%5384, ""},{""@Name"":""AccessReason"",""#text"":""-""},{""@Name"":""AccessMask"",""#text"":""0x100""},{""@Name"":""PrivilegeList"",""#text"":""-""},{""@Name"":""Properties"",""#text"":""---, {bf967aad-0de6-11d0-a285-00aa003049e2}, %%5384, {91d67418-0135-4acc-8d79-c08e857cfbec}, ""},{""@Name"":""RestrictedSidCount"",""#text"":""0""},{""@Name"":""ProcessId"",""#text"":""0x230""},{""@Name"":""ProcessName"",""#text"":""C:\\Windows\\System32\\lsass.exe""}]}}"
39,125523019,2021-03-26 16:59:24.9522853,4661,LogAlways,Microsoft-Windows-Security-Auditing,Security,4,268,rootdc1.offsec.lan,1,,Handle requested to an object,OFFSEC\admmig,,ObjectServer: Security Account Manager,ObjectType: SAM_USER,ObjectName: S-1-5-21-4230534742-2542757381-3142984815-1171,,,,C:\Windows\System32\lsass.exe,False,EVTX-to-MITRE-Attack\TA0006-Credential Access\T1003-Credential dumping\ID4661-4658 Mimikatz sekurlsa password dump SAM.evtx,Audit success,0,"{""EventData"":{""Data"":[{""@Name"":""SubjectUserSid"",""#text"":""S-1-5-21-4230534742-2542757381-3142984815-1111""},{""@Name"":""SubjectUserName"",""#text"":""admmig""},{""@Name"":""SubjectDomainName"",""#text"":""OFFSEC""},{""@Name"":""SubjectLogonId"",""#text"":""0x493AC""},{""@Name"":""ObjectServer"",""#text"":""Security Account Manager""},{""@Name"":""ObjectType"",""#text"":""SAM_USER""},{""@Name"":""ObjectName"",""#text"":""S-1-5-21-4230534742-2542757381-3142984815-1171""},{""@Name"":""HandleId"",""#text"":""0x1D35E2518B0""},{""@Name"":""TransactionId"",""#text"":""00000000-0000-0000-0000-000000000000""},{""@Name"":""AccessList"",""#text"":""%%1537, %%1538, %%1539, %%1540, %%5440, %%5441, %%5442, %%5443, %%5444, %%5445, %%5446, %%5447, ""},{""@Name"":""AccessReason"",""#text"":""-""},{""@Name"":""AccessMask"",""#text"":""0xF00FF""},{""@Name"":""PrivilegeList"",""#text"":""-""},{""@Name"":""Properties"",""#text"":""---, {bf967aba-0de6-11d0-a285-00aa003049e2}, %%1537, %%1538, %%1539, %%1540, %%5440, %%5441, %%5442, %%5443, %%5444, %%5445, %%5446, %%5447, {ab721a53-1e2f-11d0-9819-00aa0040529b}, %%1537, %%1538, %%1539, %%1540, %%5440, %%5441, %%5442, %%5443, %%5444, %%5445, %%5446, %%5447, %%5448, {bf967938-0de6-11d0-a285-00aa003049e2}, {5fd42471-1262-11d0-a060-00aa006c33ed}, {bf9679e8-0de6-11d0-a285-00aa003049e2}, {bf967a00-0de6-11d0-a285-00aa003049e2}, {3e0abfd0-126a-11d0-a060-00aa006c33ed}, {bf967a6a-0de6-11d0-a285-00aa003049e2}, {bf967953-0de6-11d0-a285-00aa003049e2}, {4c164200-20c0-11d0-a768-00aa006e0529}, {bf967915-0de6-11d0-a285-00aa003049e2}, {bf967a0a-0de6-11d0-a285-00aa003049e2}, {bf967a68-0de6-11d0-a285-00aa003049e2}, {bf967a6d-0de6-11d0-a285-00aa003049e2}, {5f202010-79a5-11d0-9020-00c04fc2d4cf}, {59ba2f42-79a2-11d0-9020-00c04fc2d3cf}, {bf967985-0de6-11d0-a285-00aa003049e2}, {bf967986-0de6-11d0-a285-00aa003049e2}, {bf967996-0de6-11d0-a285-00aa003049e2}, {bf967997-0de6-11d0-a285-00aa003049e2}, {bf9679aa-0de6-11d0-a285-00aa003049e2}, {bf9679ab-0de6-11d0-a285-00aa003049e2}, {bf9679ac-0de6-11d0-a285-00aa003049e2}, {bf967a05-0de6-11d0-a285-00aa003049e2}, {bf9679a8-0de6-11d0-a285-00aa003049e2}, {e48d0154-bcf8-11d1-8702-00c04fb96050}, {bf967950-0de6-11d0-a285-00aa003049e2}, {bc0ac240-79a9-11d0-9020-00c04fc2d4cf}, {bf967991-0de6-11d0-a285-00aa003049e2}, {bf96792e-0de6-11d0-a285-00aa003049e2}, {00299570-246d-11d0-a768-00aa006e0529}, {7ed84960-ad10-11d0-8a92-00aa006e0529}, ""},{""@Name"":""RestrictedSidCount"",""#text"":""0""},{""@Name"":""ProcessId"",""#text"":""0x230""},{""@Name"":""ProcessName"",""#text"":""C:\\Windows\\System32\\lsass.exe""}]}}"
40,125523020,2021-03-26 16:59:25.0699671,4658,LogAlways,Microsoft-Windows-Security-Auditing,Security,4,344,rootdc1.offsec.lan,1,,The handle to an object was closed,OFFSEC\admmig,,SID: S-1-5-21-4230534742-2542757381-3142984815-1111,ObjectServer: Security Account Manager,HandleId: 0x1D35E2518B0,,,,C:\Windows\System32\lsass.exe (PID: 0x230),False,EVTX-to-MITRE-Attack\TA0006-Credential Access\T1003-Credential dumping\ID4661-4658 Mimikatz sekurlsa password dump SAM.evtx,Audit success,0,"{""EventData"":{""Data"":[{""@Name"":""SubjectUserSid"",""#text"":""S-1-5-21-4230534742-2542757381-3142984815-1111""},{""@Name"":""SubjectUserName"",""#text"":""admmig""},{""@Name"":""SubjectDomainName"",""#text"":""OFFSEC""},{""@Name"":""SubjectLogonId"",""#text"":""0x493AC""},{""@Name"":""ObjectServer"",""#text"":""Security Account Manager""},{""@Name"":""HandleId"",""#text"":""0x1D35E2518B0""},{""@Name"":""ProcessId"",""#text"":""0x230""},{""@Name"":""ProcessName"",""#text"":""C:\\Windows\\System32\\lsass.exe""}]}}"
41,125523021,2021-03-26 16:59:25.0730082,4661,LogAlways,Microsoft-Windows-Security-Auditing,Security,4,344,rootdc1.offsec.lan,1,,Handle requested to an object,OFFSEC\admmig,,ObjectServer: Security Account Manager,ObjectType: SAM_USER,ObjectName: S-1-5-21-4230534742-2542757381-3142984815-1173,,,,C:\Windows\System32\lsass.exe,False,EVTX-to-MITRE-Attack\TA0006-Credential Access\T1003-Credential dumping\ID4661-4658 Mimikatz sekurlsa password dump SAM.evtx,Audit success,0,"{""EventData"":{""Data"":[{""@Name"":""SubjectUserSid"",""#text"":""S-1-5-21-4230534742-2542757381-3142984815-1111""},{""@Name"":""SubjectUserName"",""#text"":""admmig""},{""@Name"":""SubjectDomainName"",""#text"":""OFFSEC""},{""@Name"":""SubjectLogonId"",""#text"":""0x493AC""},{""@Name"":""ObjectServer"",""#text"":""Security Account Manager""},{""@Name"":""ObjectType"",""#text"":""SAM_USER""},{""@Name"":""ObjectName"",""#text"":""S-1-5-21-4230534742-2542757381-3142984815-1173""},{""@Name"":""HandleId"",""#text"":""0x1D35E2518B0""},{""@Name"":""TransactionId"",""#text"":""00000000-0000-0000-0000-000000000000""},{""@Name"":""AccessList"",""#text"":""%%1537, %%1538, %%1539, %%1540, %%5440, %%5441, %%5442, %%5443, %%5444, %%5445, %%5446, %%5447, %%5448, ""},{""@Name"":""AccessReason"",""#text"":""-""},{""@Name"":""AccessMask"",""#text"":""0xF01FF""},{""@Name"":""PrivilegeList"",""#text"":""-""},{""@Name"":""Properties"",""#text"":""---, {bf967aba-0de6-11d0-a285-00aa003049e2}, %%1537, %%1538, %%1539, %%1540, %%5440, %%5441, %%5442, %%5443, %%5444, %%5445, %%5446, %%5447, %%5448, {59ba2f42-79a2-11d0-9020-00c04fc2d3cf}, {bf967938-0de6-11d0-a285-00aa003049e2}, {5fd42471-1262-11d0-a060-00aa006c33ed}, {bf9679e8-0de6-11d0-a285-00aa003049e2}, {bf967a00-0de6-11d0-a285-00aa003049e2}, {3e0abfd0-126a-11d0-a060-00aa006c33ed}, {bf967a6a-0de6-11d0-a285-00aa003049e2}, {bf967953-0de6-11d0-a285-00aa003049e2}, {4c164200-20c0-11d0-a768-00aa006e0529}, {bf967915-0de6-11d0-a285-00aa003049e2}, {bf967a0a-0de6-11d0-a285-00aa003049e2}, {bf967a68-0de6-11d0-a285-00aa003049e2}, {bf967a6d-0de6-11d0-a285-00aa003049e2}, {5f202010-79a5-11d0-9020-00c04fc2d4cf}, {bf96792e-0de6-11d0-a285-00aa003049e2}, {bf967985-0de6-11d0-a285-00aa003049e2}, {bf967986-0de6-11d0-a285-00aa003049e2}, {bf967996-0de6-11d0-a285-00aa003049e2}, {bf967997-0de6-11d0-a285-00aa003049e2}, {bf9679aa-0de6-11d0-a285-00aa003049e2}, {bf9679ab-0de6-11d0-a285-00aa003049e2}, {bf9679ac-0de6-11d0-a285-00aa003049e2}, {bf967a05-0de6-11d0-a285-00aa003049e2}, {bf9679a8-0de6-11d0-a285-00aa003049e2}, {e48d0154-bcf8-11d1-8702-00c04fb96050}, {bf967950-0de6-11d0-a285-00aa003049e2}, {bc0ac240-79a9-11d0-9020-00c04fc2d4cf}, {bf967991-0de6-11d0-a285-00aa003049e2}, {ab721a53-1e2f-11d0-9819-00aa0040529b}, {00299570-246d-11d0-a768-00aa006e0529}, {7ed84960-ad10-11d0-8a92-00aa006e0529}, ""},{""@Name"":""RestrictedSidCount"",""#text"":""0""},{""@Name"":""ProcessId"",""#text"":""0x230""},{""@Name"":""ProcessName"",""#text"":""C:\\Windows\\System32\\lsass.exe""}]}}"
42,125523022,2021-03-26 16:59:25.0756285,4658,LogAlways,Microsoft-Windows-Security-Auditing,Security,4,344,rootdc1.offsec.lan,1,,The handle to an object was closed,OFFSEC\admmig,,SID: S-1-5-21-4230534742-2542757381-3142984815-1111,ObjectServer: Security Account Manager,HandleId: 0x1D35E2518B0,,,,C:\Windows\System32\lsass.exe (PID: 0x230),False,EVTX-to-MITRE-Attack\TA0006-Credential Access\T1003-Credential dumping\ID4661-4658 Mimikatz sekurlsa password dump SAM.evtx,Audit success,0,"{""EventData"":{""Data"":[{""@Name"":""SubjectUserSid"",""#text"":""S-1-5-21-4230534742-2542757381-3142984815-1111""},{""@Name"":""SubjectUserName"",""#text"":""admmig""},{""@Name"":""SubjectDomainName"",""#text"":""OFFSEC""},{""@Name"":""SubjectLogonId"",""#text"":""0x493AC""},{""@Name"":""ObjectServer"",""#text"":""Security Account Manager""},{""@Name"":""HandleId"",""#text"":""0x1D35E2518B0""},{""@Name"":""ProcessId"",""#text"":""0x230""},{""@Name"":""ProcessName"",""#text"":""C:\\Windows\\System32\\lsass.exe""}]}}"
43,125523023,2021-03-26 16:59:25.0758171,4661,LogAlways,Microsoft-Windows-Security-Auditing,Security,4,344,rootdc1.offsec.lan,1,,Handle requested to an object,OFFSEC\admmig,,ObjectServer: Security Account Manager,ObjectType: SAM_SERVER,ObjectName: SAM,,,,C:\Windows\System32\lsass.exe,False,EVTX-to-MITRE-Attack\TA0006-Credential Access\T1003-Credential dumping\ID4661-4658 Mimikatz sekurlsa password dump SAM.evtx,Audit success,0,"{""EventData"":{""Data"":[{""@Name"":""SubjectUserSid"",""#text"":""S-1-5-21-4230534742-2542757381-3142984815-1111""},{""@Name"":""SubjectUserName"",""#text"":""admmig""},{""@Name"":""SubjectDomainName"",""#text"":""OFFSEC""},{""@Name"":""SubjectLogonId"",""#text"":""0x493AC""},{""@Name"":""ObjectServer"",""#text"":""Security Account Manager""},{""@Name"":""ObjectType"",""#text"":""SAM_SERVER""},{""@Name"":""ObjectName"",""#text"":""SAM""},{""@Name"":""HandleId"",""#text"":""0x0""},{""@Name"":""TransactionId"",""#text"":""00000000-0000-0000-0000-000000000000""},{""@Name"":""AccessList"",""#text"":""%%5384, ""},{""@Name"":""AccessReason"",""#text"":""-""},{""@Name"":""AccessMask"",""#text"":""0x100""},{""@Name"":""PrivilegeList"",""#text"":""-""},{""@Name"":""Properties"",""#text"":""---, {bf967aad-0de6-11d0-a285-00aa003049e2}, %%5384, {91d67418-0135-4acc-8d79-c08e857cfbec}, ""},{""@Name"":""RestrictedSidCount"",""#text"":""0""},{""@Name"":""ProcessId"",""#text"":""0x230""},{""@Name"":""ProcessName"",""#text"":""C:\\Windows\\System32\\lsass.exe""}]}}"
44,125523024,2021-03-26 16:59:25.0798248,4661,LogAlways,Microsoft-Windows-Security-Auditing,Security,4,344,rootdc1.offsec.lan,1,,Handle requested to an object,OFFSEC\admmig,,ObjectServer: Security Account Manager,ObjectType: SAM_USER,ObjectName: S-1-5-21-4230534742-2542757381-3142984815-1174,,,,C:\Windows\System32\lsass.exe,False,EVTX-to-MITRE-Attack\TA0006-Credential Access\T1003-Credential dumping\ID4661-4658 Mimikatz sekurlsa password dump SAM.evtx,Audit success,0,"{""EventData"":{""Data"":[{""@Name"":""SubjectUserSid"",""#text"":""S-1-5-21-4230534742-2542757381-3142984815-1111""},{""@Name"":""SubjectUserName"",""#text"":""admmig""},{""@Name"":""SubjectDomainName"",""#text"":""OFFSEC""},{""@Name"":""SubjectLogonId"",""#text"":""0x493AC""},{""@Name"":""ObjectServer"",""#text"":""Security Account Manager""},{""@Name"":""ObjectType"",""#text"":""SAM_USER""},{""@Name"":""ObjectName"",""#text"":""S-1-5-21-4230534742-2542757381-3142984815-1174""},{""@Name"":""HandleId"",""#text"":""0x1D35E2530C0""},{""@Name"":""TransactionId"",""#text"":""00000000-0000-0000-0000-000000000000""},{""@Name"":""AccessList"",""#text"":""%%1537, %%1538, %%1539, %%1540, %%5440, %%5441, %%5442, %%5443, %%5444, %%5445, %%5446, %%5447, %%5448, ""},{""@Name"":""AccessReason"",""#text"":""-""},{""@Name"":""AccessMask"",""#text"":""0xF01FF""},{""@Name"":""PrivilegeList"",""#text"":""-""},{""@Name"":""Properties"",""#text"":""---, {bf967aba-0de6-11d0-a285-00aa003049e2}, %%1537, %%1538, %%1539, %%1540, %%5440, %%5441, %%5442, %%5443, %%5444, %%5445, %%5446, %%5447, %%5448, {59ba2f42-79a2-11d0-9020-00c04fc2d3cf}, {bf967938-0de6-11d0-a285-00aa003049e2}, {5fd42471-1262-11d0-a060-00aa006c33ed}, {bf9679e8-0de6-11d0-a285-00aa003049e2}, {bf967a00-0de6-11d0-a285-00aa003049e2}, {3e0abfd0-126a-11d0-a060-00aa006c33ed}, {bf967a6a-0de6-11d0-a285-00aa003049e2}, {bf967953-0de6-11d0-a285-00aa003049e2}, {4c164200-20c0-11d0-a768-00aa006e0529}, {bf967915-0de6-11d0-a285-00aa003049e2}, {bf967a0a-0de6-11d0-a285-00aa003049e2}, {bf967a68-0de6-11d0-a285-00aa003049e2}, {bf967a6d-0de6-11d0-a285-00aa003049e2}, {5f202010-79a5-11d0-9020-00c04fc2d4cf}, {bf96792e-0de6-11d0-a285-00aa003049e2}, {bf967985-0de6-11d0-a285-00aa003049e2}, {bf967986-0de6-11d0-a285-00aa003049e2}, {bf967996-0de6-11d0-a285-00aa003049e2}, {bf967997-0de6-11d0-a285-00aa003049e2}, {bf9679aa-0de6-11d0-a285-00aa003049e2}, {bf9679ab-0de6-11d0-a285-00aa003049e2}, {bf9679ac-0de6-11d0-a285-00aa003049e2}, {bf967a05-0de6-11d0-a285-00aa003049e2}, {bf9679a8-0de6-11d0-a285-00aa003049e2}, {e48d0154-bcf8-11d1-8702-00c04fb96050}, {bf967950-0de6-11d0-a285-00aa003049e2}, {bc0ac240-79a9-11d0-9020-00c04fc2d4cf}, {bf967991-0de6-11d0-a285-00aa003049e2}, {ab721a53-1e2f-11d0-9819-00aa0040529b}, {00299570-246d-11d0-a768-00aa006e0529}, {7ed84960-ad10-11d0-8a92-00aa006e0529}, ""},{""@Name"":""RestrictedSidCount"",""#text"":""0""},{""@Name"":""ProcessId"",""#text"":""0x230""},{""@Name"":""ProcessName"",""#text"":""C:\\Windows\\System32\\lsass.exe""}]}}"
45,125523025,2021-03-26 16:59:25.0837751,4658,LogAlways,Microsoft-Windows-Security-Auditing,Security,4,344,rootdc1.offsec.lan,1,,The handle to an object was closed,OFFSEC\admmig,,SID: S-1-5-21-4230534742-2542757381-3142984815-1111,ObjectServer: Security Account Manager,HandleId: 0x1D35E2530C0,,,,C:\Windows\System32\lsass.exe (PID: 0x230),False,EVTX-to-MITRE-Attack\TA0006-Credential Access\T1003-Credential dumping\ID4661-4658 Mimikatz sekurlsa password dump SAM.evtx,Audit success,0,"{""EventData"":{""Data"":[{""@Name"":""SubjectUserSid"",""#text"":""S-1-5-21-4230534742-2542757381-3142984815-1111""},{""@Name"":""SubjectUserName"",""#text"":""admmig""},{""@Name"":""SubjectDomainName"",""#text"":""OFFSEC""},{""@Name"":""SubjectLogonId"",""#text"":""0x493AC""},{""@Name"":""ObjectServer"",""#text"":""Security Account Manager""},{""@Name"":""HandleId"",""#text"":""0x1D35E2530C0""},{""@Name"":""ProcessId"",""#text"":""0x230""},{""@Name"":""ProcessName"",""#text"":""C:\\Windows\\System32\\lsass.exe""}]}}"
46,125523026,2021-03-26 16:59:25.0876474,4661,LogAlways,Microsoft-Windows-Security-Auditing,Security,4,344,rootdc1.offsec.lan,1,,Handle requested to an object,OFFSEC\admmig,,ObjectServer: Security Account Manager,ObjectType: SAM_USER,ObjectName: S-1-5-21-4230534742-2542757381-3142984815-1178,,,,C:\Windows\System32\lsass.exe,False,EVTX-to-MITRE-Attack\TA0006-Credential Access\T1003-Credential dumping\ID4661-4658 Mimikatz sekurlsa password dump SAM.evtx,Audit success,0,"{""EventData"":{""Data"":[{""@Name"":""SubjectUserSid"",""#text"":""S-1-5-21-4230534742-2542757381-3142984815-1111""},{""@Name"":""SubjectUserName"",""#text"":""admmig""},{""@Name"":""SubjectDomainName"",""#text"":""OFFSEC""},{""@Name"":""SubjectLogonId"",""#text"":""0x493AC""},{""@Name"":""ObjectServer"",""#text"":""Security Account Manager""},{""@Name"":""ObjectType"",""#text"":""SAM_USER""},{""@Name"":""ObjectName"",""#text"":""S-1-5-21-4230534742-2542757381-3142984815-1178""},{""@Name"":""HandleId"",""#text"":""0x1D35E2530C0""},{""@Name"":""TransactionId"",""#text"":""00000000-0000-0000-0000-000000000000""},{""@Name"":""AccessList"",""#text"":""%%1537, %%1538, %%1539, %%1540, %%5440, %%5441, %%5442, %%5443, %%5444, %%5445, %%5446, %%5447, %%5448, ""},{""@Name"":""AccessReason"",""#text"":""-""},{""@Name"":""AccessMask"",""#text"":""0xF01FF""},{""@Name"":""PrivilegeList"",""#text"":""-""},{""@Name"":""Properties"",""#text"":""---, {bf967aba-0de6-11d0-a285-00aa003049e2}, %%1537, %%1538, %%1539, %%1540, %%5440, %%5441, %%5442, %%5443, %%5444, %%5445, %%5446, %%5447, %%5448, {59ba2f42-79a2-11d0-9020-00c04fc2d3cf}, {bf967938-0de6-11d0-a285-00aa003049e2}, {5fd42471-1262-11d0-a060-00aa006c33ed}, {bf9679e8-0de6-11d0-a285-00aa003049e2}, {bf967a00-0de6-11d0-a285-00aa003049e2}, {3e0abfd0-126a-11d0-a060-00aa006c33ed}, {bf967a6a-0de6-11d0-a285-00aa003049e2}, {bf967953-0de6-11d0-a285-00aa003049e2}, {4c164200-20c0-11d0-a768-00aa006e0529}, {bf967915-0de6-11d0-a285-00aa003049e2}, {bf967a0a-0de6-11d0-a285-00aa003049e2}, {bf967a68-0de6-11d0-a285-00aa003049e2}, {bf967a6d-0de6-11d0-a285-00aa003049e2}, {5f202010-79a5-11d0-9020-00c04fc2d4cf}, {bf96792e-0de6-11d0-a285-00aa003049e2}, {bf967985-0de6-11d0-a285-00aa003049e2}, {bf967986-0de6-11d0-a285-00aa003049e2}, {bf967996-0de6-11d0-a285-00aa003049e2}, {bf967997-0de6-11d0-a285-00aa003049e2}, {bf9679aa-0de6-11d0-a285-00aa003049e2}, {bf9679ab-0de6-11d0-a285-00aa003049e2}, {bf9679ac-0de6-11d0-a285-00aa003049e2}, {bf967a05-0de6-11d0-a285-00aa003049e2}, {bf9679a8-0de6-11d0-a285-00aa003049e2}, {e48d0154-bcf8-11d1-8702-00c04fb96050}, {bf967950-0de6-11d0-a285-00aa003049e2}, {bc0ac240-79a9-11d0-9020-00c04fc2d4cf}, {bf967991-0de6-11d0-a285-00aa003049e2}, {ab721a53-1e2f-11d0-9819-00aa0040529b}, {00299570-246d-11d0-a768-00aa006e0529}, {7ed84960-ad10-11d0-8a92-00aa006e0529}, ""},{""@Name"":""RestrictedSidCount"",""#text"":""0""},{""@Name"":""ProcessId"",""#text"":""0x230""},{""@Name"":""ProcessName"",""#text"":""C:\\Windows\\System32\\lsass.exe""}]}}"
47,125523027,2021-03-26 16:59:25.0902505,4658,LogAlways,Microsoft-Windows-Security-Auditing,Security,4,344,rootdc1.offsec.lan,1,,The handle to an object was closed,OFFSEC\admmig,,SID: S-1-5-21-4230534742-2542757381-3142984815-1111,ObjectServer: Security Account Manager,HandleId: 0x1D35E2530C0,,,,C:\Windows\System32\lsass.exe (PID: 0x230),False,EVTX-to-MITRE-Attack\TA0006-Credential Access\T1003-Credential dumping\ID4661-4658 Mimikatz sekurlsa password dump SAM.evtx,Audit success,0,"{""EventData"":{""Data"":[{""@Name"":""SubjectUserSid"",""#text"":""S-1-5-21-4230534742-2542757381-3142984815-1111""},{""@Name"":""SubjectUserName"",""#text"":""admmig""},{""@Name"":""SubjectDomainName"",""#text"":""OFFSEC""},{""@Name"":""SubjectLogonId"",""#text"":""0x493AC""},{""@Name"":""ObjectServer"",""#text"":""Security Account Manager""},{""@Name"":""HandleId"",""#text"":""0x1D35E2530C0""},{""@Name"":""ProcessId"",""#text"":""0x230""},{""@Name"":""ProcessName"",""#text"":""C:\\Windows\\System32\\lsass.exe""}]}}"
48,125523028,2021-03-26 16:59:25.0904303,4661,LogAlways,Microsoft-Windows-Security-Auditing,Security,4,344,rootdc1.offsec.lan,1,,Handle requested to an object,OFFSEC\admmig,,ObjectServer: Security Account Manager,ObjectType: SAM_SERVER,ObjectName: SAM,,,,C:\Windows\System32\lsass.exe,False,EVTX-to-MITRE-Attack\TA0006-Credential Access\T1003-Credential dumping\ID4661-4658 Mimikatz sekurlsa password dump SAM.evtx,Audit success,0,"{""EventData"":{""Data"":[{""@Name"":""SubjectUserSid"",""#text"":""S-1-5-21-4230534742-2542757381-3142984815-1111""},{""@Name"":""SubjectUserName"",""#text"":""admmig""},{""@Name"":""SubjectDomainName"",""#text"":""OFFSEC""},{""@Name"":""SubjectLogonId"",""#text"":""0x493AC""},{""@Name"":""ObjectServer"",""#text"":""Security Account Manager""},{""@Name"":""ObjectType"",""#text"":""SAM_SERVER""},{""@Name"":""ObjectName"",""#text"":""SAM""},{""@Name"":""HandleId"",""#text"":""0x0""},{""@Name"":""TransactionId"",""#text"":""00000000-0000-0000-0000-000000000000""},{""@Name"":""AccessList"",""#text"":""%%5384, ""},{""@Name"":""AccessReason"",""#text"":""-""},{""@Name"":""AccessMask"",""#text"":""0x100""},{""@Name"":""PrivilegeList"",""#text"":""-""},{""@Name"":""Properties"",""#text"":""---, {bf967aad-0de6-11d0-a285-00aa003049e2}, %%5384, {91d67418-0135-4acc-8d79-c08e857cfbec}, ""},{""@Name"":""RestrictedSidCount"",""#text"":""0""},{""@Name"":""ProcessId"",""#text"":""0x230""},{""@Name"":""ProcessName"",""#text"":""C:\\Windows\\System32\\lsass.exe""}]}}"
49,125523029,2021-03-26 16:59:25.0941279,4661,LogAlways,Microsoft-Windows-Security-Auditing,Security,4,344,rootdc1.offsec.lan,1,,Handle requested to an object,OFFSEC\admmig,,ObjectServer: Security Account Manager,ObjectType: SAM_USER,ObjectName: S-1-5-21-4230534742-2542757381-3142984815-1180,,,,C:\Windows\System32\lsass.exe,False,EVTX-to-MITRE-Attack\TA0006-Credential Access\T1003-Credential dumping\ID4661-4658 Mimikatz sekurlsa password dump SAM.evtx,Audit success,0,"{""EventData"":{""Data"":[{""@Name"":""SubjectUserSid"",""#text"":""S-1-5-21-4230534742-2542757381-3142984815-1111""},{""@Name"":""SubjectUserName"",""#text"":""admmig""},{""@Name"":""SubjectDomainName"",""#text"":""OFFSEC""},{""@Name"":""SubjectLogonId"",""#text"":""0x493AC""},{""@Name"":""ObjectServer"",""#text"":""Security Account Manager""},{""@Name"":""ObjectType"",""#text"":""SAM_USER""},{""@Name"":""ObjectName"",""#text"":""S-1-5-21-4230534742-2542757381-3142984815-1180""},{""@Name"":""HandleId"",""#text"":""0x1D35E2518B0""},{""@Name"":""TransactionId"",""#text"":""00000000-0000-0000-0000-000000000000""},{""@Name"":""AccessList"",""#text"":""%%1537, %%1538, %%1539, %%1540, %%5440, %%5441, %%5442, %%5443, %%5444, %%5445, %%5446, %%5447, %%5448, ""},{""@Name"":""AccessReason"",""#text"":""-""},{""@Name"":""AccessMask"",""#text"":""0xF01FF""},{""@Name"":""PrivilegeList"",""#text"":""-""},{""@Name"":""Properties"",""#text"":""---, {bf967aba-0de6-11d0-a285-00aa003049e2}, %%1537, %%1538, %%1539, %%1540, %%5440, %%5441, %%5442, %%5443, %%5444, %%5445, %%5446, %%5447, %%5448, {59ba2f42-79a2-11d0-9020-00c04fc2d3cf}, {bf967938-0de6-11d0-a285-00aa003049e2}, {5fd42471-1262-11d0-a060-00aa006c33ed}, {bf9679e8-0de6-11d0-a285-00aa003049e2}, {bf967a00-0de6-11d0-a285-00aa003049e2}, {3e0abfd0-126a-11d0-a060-00aa006c33ed}, {bf967a6a-0de6-11d0-a285-00aa003049e2}, {bf967953-0de6-11d0-a285-00aa003049e2}, {4c164200-20c0-11d0-a768-00aa006e0529}, {bf967915-0de6-11d0-a285-00aa003049e2}, {bf967a0a-0de6-11d0-a285-00aa003049e2}, {bf967a68-0de6-11d0-a285-00aa003049e2}, {bf967a6d-0de6-11d0-a285-00aa003049e2}, {5f202010-79a5-11d0-9020-00c04fc2d4cf}, {bf96792e-0de6-11d0-a285-00aa003049e2}, {bf967985-0de6-11d0-a285-00aa003049e2}, {bf967986-0de6-11d0-a285-00aa003049e2}, {bf967996-0de6-11d0-a285-00aa003049e2}, {bf967997-0de6-11d0-a285-00aa003049e2}, {bf9679aa-0de6-11d0-a285-00aa003049e2}, {bf9679ab-0de6-11d0-a285-00aa003049e2}, {bf9679ac-0de6-11d0-a285-00aa003049e2}, {bf967a05-0de6-11d0-a285-00aa003049e2}, {bf9679a8-0de6-11d0-a285-00aa003049e2}, {e48d0154-bcf8-11d1-8702-00c04fb96050}, {bf967950-0de6-11d0-a285-00aa003049e2}, {bc0ac240-79a9-11d0-9020-00c04fc2d4cf}, {bf967991-0de6-11d0-a285-00aa003049e2}, {ab721a53-1e2f-11d0-9819-00aa0040529b}, {00299570-246d-11d0-a768-00aa006e0529}, {7ed84960-ad10-11d0-8a92-00aa006e0529}, ""},{""@Name"":""RestrictedSidCount"",""#text"":""0""},{""@Name"":""ProcessId"",""#text"":""0x230""},{""@Name"":""ProcessName"",""#text"":""C:\\Windows\\System32\\lsass.exe""}]}}"
50,125523030,2021-03-26 16:59:25.0965268,4658,LogAlways,Microsoft-Windows-Security-Auditing,Security,4,344,rootdc1.offsec.lan,1,,The handle to an object was closed,OFFSEC\admmig,,SID: S-1-5-21-4230534742-2542757381-3142984815-1111,ObjectServer: Security Account Manager,HandleId: 0x1D35E2518B0,,,,C:\Windows\System32\lsass.exe (PID: 0x230),False,EVTX-to-MITRE-Attack\TA0006-Credential Access\T1003-Credential dumping\ID4661-4658 Mimikatz sekurlsa password dump SAM.evtx,Audit success,0,"{""EventData"":{""Data"":[{""@Name"":""SubjectUserSid"",""#text"":""S-1-5-21-4230534742-2542757381-3142984815-1111""},{""@Name"":""SubjectUserName"",""#text"":""admmig""},{""@Name"":""SubjectDomainName"",""#text"":""OFFSEC""},{""@Name"":""SubjectLogonId"",""#text"":""0x493AC""},{""@Name"":""ObjectServer"",""#text"":""Security Account Manager""},{""@Name"":""HandleId"",""#text"":""0x1D35E2518B0""},{""@Name"":""ProcessId"",""#text"":""0x230""},{""@Name"":""ProcessName"",""#text"":""C:\\Windows\\System32\\lsass.exe""}]}}"
51,125523031,2021-03-26 16:59:25.1111871,4661,LogAlways,Microsoft-Windows-Security-Auditing,Security,4,344,rootdc1.offsec.lan,1,,Handle requested to an object,OFFSEC\admmig,,ObjectServer: Security Account Manager,ObjectType: SAM_USER,ObjectName: S-1-5-21-4230534742-2542757381-3142984815-1181,,,,C:\Windows\System32\lsass.exe,False,EVTX-to-MITRE-Attack\TA0006-Credential Access\T1003-Credential dumping\ID4661-4658 Mimikatz sekurlsa password dump SAM.evtx,Audit success,0,"{""EventData"":{""Data"":[{""@Name"":""SubjectUserSid"",""#text"":""S-1-5-21-4230534742-2542757381-3142984815-1111""},{""@Name"":""SubjectUserName"",""#text"":""admmig""},{""@Name"":""SubjectDomainName"",""#text"":""OFFSEC""},{""@Name"":""SubjectLogonId"",""#text"":""0x493AC""},{""@Name"":""ObjectServer"",""#text"":""Security Account Manager""},{""@Name"":""ObjectType"",""#text"":""SAM_USER""},{""@Name"":""ObjectName"",""#text"":""S-1-5-21-4230534742-2542757381-3142984815-1181""},{""@Name"":""HandleId"",""#text"":""0x1D35E24FBD0""},{""@Name"":""TransactionId"",""#text"":""00000000-0000-0000-0000-000000000000""},{""@Name"":""AccessList"",""#text"":""%%1537, %%1538, %%1539, %%1540, %%5440, %%5441, %%5442, %%5443, %%5444, %%5445, %%5446, %%5447, %%5448, ""},{""@Name"":""AccessReason"",""#text"":""-""},{""@Name"":""AccessMask"",""#text"":""0xF01FF""},{""@Name"":""PrivilegeList"",""#text"":""-""},{""@Name"":""Properties"",""#text"":""---, {bf967aba-0de6-11d0-a285-00aa003049e2}, %%1537, %%1538, %%1539, %%1540, %%5440, %%5441, %%5442, %%5443, %%5444, %%5445, %%5446, %%5447, %%5448, {59ba2f42-79a2-11d0-9020-00c04fc2d3cf}, {bf967938-0de6-11d0-a285-00aa003049e2}, {5fd42471-1262-11d0-a060-00aa006c33ed}, {bf9679e8-0de6-11d0-a285-00aa003049e2}, {bf967a00-0de6-11d0-a285-00aa003049e2}, {3e0abfd0-126a-11d0-a060-00aa006c33ed}, {bf967a6a-0de6-11d0-a285-00aa003049e2}, {bf967953-0de6-11d0-a285-00aa003049e2}, {4c164200-20c0-11d0-a768-00aa006e0529}, {bf967915-0de6-11d0-a285-00aa003049e2}, {bf967a0a-0de6-11d0-a285-00aa003049e2}, {bf967a68-0de6-11d0-a285-00aa003049e2}, {bf967a6d-0de6-11d0-a285-00aa003049e2}, {5f202010-79a5-11d0-9020-00c04fc2d4cf}, {bf96792e-0de6-11d0-a285-00aa003049e2}, {bf967985-0de6-11d0-a285-00aa003049e2}, {bf967986-0de6-11d0-a285-00aa003049e2}, {bf967996-0de6-11d0-a285-00aa003049e2}, {bf967997-0de6-11d0-a285-00aa003049e2}, {bf9679aa-0de6-11d0-a285-00aa003049e2}, {bf9679ab-0de6-11d0-a285-00aa003049e2}, {bf9679ac-0de6-11d0-a285-00aa003049e2}, {bf967a05-0de6-11d0-a285-00aa003049e2}, {bf9679a8-0de6-11d0-a285-00aa003049e2}, {e48d0154-bcf8-11d1-8702-00c04fb96050}, {bf967950-0de6-11d0-a285-00aa003049e2}, {bc0ac240-79a9-11d0-9020-00c04fc2d4cf}, {bf967991-0de6-11d0-a285-00aa003049e2}, {ab721a53-1e2f-11d0-9819-00aa0040529b}, {00299570-246d-11d0-a768-00aa006e0529}, {7ed84960-ad10-11d0-8a92-00aa006e0529}, ""},{""@Name"":""RestrictedSidCount"",""#text"":""0""},{""@Name"":""ProcessId"",""#text"":""0x230""},{""@Name"":""ProcessName"",""#text"":""C:\\Windows\\System32\\lsass.exe""}]}}"
52,125523032,2021-03-26 16:59:25.1142964,4658,LogAlways,Microsoft-Windows-Security-Auditing,Security,4,344,rootdc1.offsec.lan,1,,The handle to an object was closed,OFFSEC\admmig,,SID: S-1-5-21-4230534742-2542757381-3142984815-1111,ObjectServer: Security Account Manager,HandleId: 0x1D35E24FBD0,,,,C:\Windows\System32\lsass.exe (PID: 0x230),False,EVTX-to-MITRE-Attack\TA0006-Credential Access\T1003-Credential dumping\ID4661-4658 Mimikatz sekurlsa password dump SAM.evtx,Audit success,0,"{""EventData"":{""Data"":[{""@Name"":""SubjectUserSid"",""#text"":""S-1-5-21-4230534742-2542757381-3142984815-1111""},{""@Name"":""SubjectUserName"",""#text"":""admmig""},{""@Name"":""SubjectDomainName"",""#text"":""OFFSEC""},{""@Name"":""SubjectLogonId"",""#text"":""0x493AC""},{""@Name"":""ObjectServer"",""#text"":""Security Account Manager""},{""@Name"":""HandleId"",""#text"":""0x1D35E24FBD0""},{""@Name"":""ProcessId"",""#text"":""0x230""},{""@Name"":""ProcessName"",""#text"":""C:\\Windows\\System32\\lsass.exe""}]}}"
53,125523033,2021-03-26 16:59:25.1144473,4661,LogAlways,Microsoft-Windows-Security-Auditing,Security,4,344,rootdc1.offsec.lan,1,,Handle requested to an object,OFFSEC\admmig,,ObjectServer: Security Account Manager,ObjectType: SAM_SERVER,ObjectName: SAM,,,,C:\Windows\System32\lsass.exe,False,EVTX-to-MITRE-Attack\TA0006-Credential Access\T1003-Credential dumping\ID4661-4658 Mimikatz sekurlsa password dump SAM.evtx,Audit success,0,"{""EventData"":{""Data"":[{""@Name"":""SubjectUserSid"",""#text"":""S-1-5-21-4230534742-2542757381-3142984815-1111""},{""@Name"":""SubjectUserName"",""#text"":""admmig""},{""@Name"":""SubjectDomainName"",""#text"":""OFFSEC""},{""@Name"":""SubjectLogonId"",""#text"":""0x493AC""},{""@Name"":""ObjectServer"",""#text"":""Security Account Manager""},{""@Name"":""ObjectType"",""#text"":""SAM_SERVER""},{""@Name"":""ObjectName"",""#text"":""SAM""},{""@Name"":""HandleId"",""#text"":""0x0""},{""@Name"":""TransactionId"",""#text"":""00000000-0000-0000-0000-000000000000""},{""@Name"":""AccessList"",""#text"":""%%5384, ""},{""@Name"":""AccessReason"",""#text"":""-""},{""@Name"":""AccessMask"",""#text"":""0x100""},{""@Name"":""PrivilegeList"",""#text"":""-""},{""@Name"":""Properties"",""#text"":""---, {bf967aad-0de6-11d0-a285-00aa003049e2}, %%5384, {91d67418-0135-4acc-8d79-c08e857cfbec}, ""},{""@Name"":""RestrictedSidCount"",""#text"":""0""},{""@Name"":""ProcessId"",""#text"":""0x230""},{""@Name"":""ProcessName"",""#text"":""C:\\Windows\\System32\\lsass.exe""}]}}"
54,125523034,2021-03-26 16:59:25.1177344,4661,LogAlways,Microsoft-Windows-Security-Auditing,Security,4,344,rootdc1.offsec.lan,1,,Handle requested to an object,OFFSEC\admmig,,ObjectServer: Security Account Manager,ObjectType: SAM_USER,ObjectName: S-1-5-21-4230534742-2542757381-3142984815-1188,,,,C:\Windows\System32\lsass.exe,False,EVTX-to-MITRE-Attack\TA0006-Credential Access\T1003-Credential dumping\ID4661-4658 Mimikatz sekurlsa password dump SAM.evtx,Audit success,0,"{""EventData"":{""Data"":[{""@Name"":""SubjectUserSid"",""#text"":""S-1-5-21-4230534742-2542757381-3142984815-1111""},{""@Name"":""SubjectUserName"",""#text"":""admmig""},{""@Name"":""SubjectDomainName"",""#text"":""OFFSEC""},{""@Name"":""SubjectLogonId"",""#text"":""0x493AC""},{""@Name"":""ObjectServer"",""#text"":""Security Account Manager""},{""@Name"":""ObjectType"",""#text"":""SAM_USER""},{""@Name"":""ObjectName"",""#text"":""S-1-5-21-4230534742-2542757381-3142984815-1188""},{""@Name"":""HandleId"",""#text"":""0x1D35E252BF0""},{""@Name"":""TransactionId"",""#text"":""00000000-0000-0000-0000-000000000000""},{""@Name"":""AccessList"",""#text"":""%%1537, %%1538, %%1539, %%1540, %%5440, %%5441, %%5442, %%5443, %%5444, %%5445, %%5446, %%5447, %%5448, ""},{""@Name"":""AccessReason"",""#text"":""-""},{""@Name"":""AccessMask"",""#text"":""0xF01FF""},{""@Name"":""PrivilegeList"",""#text"":""-""},{""@Name"":""Properties"",""#text"":""---, {bf967aba-0de6-11d0-a285-00aa003049e2}, %%1537, %%1538, %%1539, %%1540, %%5440, %%5441, %%5442, %%5443, %%5444, %%5445, %%5446, %%5447, %%5448, {59ba2f42-79a2-11d0-9020-00c04fc2d3cf}, {bf967938-0de6-11d0-a285-00aa003049e2}, {5fd42471-1262-11d0-a060-00aa006c33ed}, {bf9679e8-0de6-11d0-a285-00aa003049e2}, {bf967a00-0de6-11d0-a285-00aa003049e2}, {3e0abfd0-126a-11d0-a060-00aa006c33ed}, {bf967a6a-0de6-11d0-a285-00aa003049e2}, {bf967953-0de6-11d0-a285-00aa003049e2}, {4c164200-20c0-11d0-a768-00aa006e0529}, {bf967915-0de6-11d0-a285-00aa003049e2}, {bf967a0a-0de6-11d0-a285-00aa003049e2}, {bf967a68-0de6-11d0-a285-00aa003049e2}, {bf967a6d-0de6-11d0-a285-00aa003049e2}, {5f202010-79a5-11d0-9020-00c04fc2d4cf}, {bf96792e-0de6-11d0-a285-00aa003049e2}, {bf967985-0de6-11d0-a285-00aa003049e2}, {bf967986-0de6-11d0-a285-00aa003049e2}, {bf967996-0de6-11d0-a285-00aa003049e2}, {bf967997-0de6-11d0-a285-00aa003049e2}, {bf9679aa-0de6-11d0-a285-00aa003049e2}, {bf9679ab-0de6-11d0-a285-00aa003049e2}, {bf9679ac-0de6-11d0-a285-00aa003049e2}, {bf967a05-0de6-11d0-a285-00aa003049e2}, {bf9679a8-0de6-11d0-a285-00aa003049e2}, {e48d0154-bcf8-11d1-8702-00c04fb96050}, {bf967950-0de6-11d0-a285-00aa003049e2}, {bc0ac240-79a9-11d0-9020-00c04fc2d4cf}, {bf967991-0de6-11d0-a285-00aa003049e2}, {ab721a53-1e2f-11d0-9819-00aa0040529b}, {00299570-246d-11d0-a768-00aa006e0529}, {7ed84960-ad10-11d0-8a92-00aa006e0529}, ""},{""@Name"":""RestrictedSidCount"",""#text"":""0""},{""@Name"":""ProcessId"",""#text"":""0x230""},{""@Name"":""ProcessName"",""#text"":""C:\\Windows\\System32\\lsass.exe""}]}}"
55,125523035,2021-03-26 16:59:25.1200918,4658,LogAlways,Microsoft-Windows-Security-Auditing,Security,4,344,rootdc1.offsec.lan,1,,The handle to an object was closed,OFFSEC\admmig,,SID: S-1-5-21-4230534742-2542757381-3142984815-1111,ObjectServer: Security Account Manager,HandleId: 0x1D35E252BF0,,,,C:\Windows\System32\lsass.exe (PID: 0x230),False,EVTX-to-MITRE-Attack\TA0006-Credential Access\T1003-Credential dumping\ID4661-4658 Mimikatz sekurlsa password dump SAM.evtx,Audit success,0,"{""EventData"":{""Data"":[{""@Name"":""SubjectUserSid"",""#text"":""S-1-5-21-4230534742-2542757381-3142984815-1111""},{""@Name"":""SubjectUserName"",""#text"":""admmig""},{""@Name"":""SubjectDomainName"",""#text"":""OFFSEC""},{""@Name"":""SubjectLogonId"",""#text"":""0x493AC""},{""@Name"":""ObjectServer"",""#text"":""Security Account Manager""},{""@Name"":""HandleId"",""#text"":""0x1D35E252BF0""},{""@Name"":""ProcessId"",""#text"":""0x230""},{""@Name"":""ProcessName"",""#text"":""C:\\Windows\\System32\\lsass.exe""}]}}"
56,125523036,2021-03-26 16:59:25.1230184,4661,LogAlways,Microsoft-Windows-Security-Auditing,Security,4,344,rootdc1.offsec.lan,1,,Handle requested to an object,OFFSEC\admmig,,ObjectServer: Security Account Manager,ObjectType: SAM_USER,ObjectName: S-1-5-21-4230534742-2542757381-3142984815-1189,,,,C:\Windows\System32\lsass.exe,False,EVTX-to-MITRE-Attack\TA0006-Credential Access\T1003-Credential dumping\ID4661-4658 Mimikatz sekurlsa password dump SAM.evtx,Audit success,0,"{""EventData"":{""Data"":[{""@Name"":""SubjectUserSid"",""#text"":""S-1-5-21-4230534742-2542757381-3142984815-1111""},{""@Name"":""SubjectUserName"",""#text"":""admmig""},{""@Name"":""SubjectDomainName"",""#text"":""OFFSEC""},{""@Name"":""SubjectLogonId"",""#text"":""0x493AC""},{""@Name"":""ObjectServer"",""#text"":""Security Account Manager""},{""@Name"":""ObjectType"",""#text"":""SAM_USER""},{""@Name"":""ObjectName"",""#text"":""S-1-5-21-4230534742-2542757381-3142984815-1189""},{""@Name"":""HandleId"",""#text"":""0x1D35E2513E0""},{""@Name"":""TransactionId"",""#text"":""00000000-0000-0000-0000-000000000000""},{""@Name"":""AccessList"",""#text"":""%%1537, %%1538, %%1539, %%1540, %%5440, %%5441, %%5442, %%5443, %%5444, %%5445, %%5446, %%5447, %%5448, ""},{""@Name"":""AccessReason"",""#text"":""-""},{""@Name"":""AccessMask"",""#text"":""0xF01FF""},{""@Name"":""PrivilegeList"",""#text"":""-""},{""@Name"":""Properties"",""#text"":""---, {bf967aba-0de6-11d0-a285-00aa003049e2}, %%1537, %%1538, %%1539, %%1540, %%5440, %%5441, %%5442, %%5443, %%5444, %%5445, %%5446, %%5447, %%5448, {59ba2f42-79a2-11d0-9020-00c04fc2d3cf}, {bf967938-0de6-11d0-a285-00aa003049e2}, {5fd42471-1262-11d0-a060-00aa006c33ed}, {bf9679e8-0de6-11d0-a285-00aa003049e2}, {bf967a00-0de6-11d0-a285-00aa003049e2}, {3e0abfd0-126a-11d0-a060-00aa006c33ed}, {bf967a6a-0de6-11d0-a285-00aa003049e2}, {bf967953-0de6-11d0-a285-00aa003049e2}, {4c164200-20c0-11d0-a768-00aa006e0529}, {bf967915-0de6-11d0-a285-00aa003049e2}, {bf967a0a-0de6-11d0-a285-00aa003049e2}, {bf967a68-0de6-11d0-a285-00aa003049e2}, {bf967a6d-0de6-11d0-a285-00aa003049e2}, {5f202010-79a5-11d0-9020-00c04fc2d4cf}, {bf96792e-0de6-11d0-a285-00aa003049e2}, {bf967985-0de6-11d0-a285-00aa003049e2}, {bf967986-0de6-11d0-a285-00aa003049e2}, {bf967996-0de6-11d0-a285-00aa003049e2}, {bf967997-0de6-11d0-a285-00aa003049e2}, {bf9679aa-0de6-11d0-a285-00aa003049e2}, {bf9679ab-0de6-11d0-a285-00aa003049e2}, {bf9679ac-0de6-11d0-a285-00aa003049e2}, {bf967a05-0de6-11d0-a285-00aa003049e2}, {bf9679a8-0de6-11d0-a285-00aa003049e2}, {e48d0154-bcf8-11d1-8702-00c04fb96050}, {bf967950-0de6-11d0-a285-00aa003049e2}, {bc0ac240-79a9-11d0-9020-00c04fc2d4cf}, {bf967991-0de6-11d0-a285-00aa003049e2}, {ab721a53-1e2f-11d0-9819-00aa0040529b}, {00299570-246d-11d0-a768-00aa006e0529}, {7ed84960-ad10-11d0-8a92-00aa006e0529}, ""},{""@Name"":""RestrictedSidCount"",""#text"":""0""},{""@Name"":""ProcessId"",""#text"":""0x230""},{""@Name"":""ProcessName"",""#text"":""C:\\Windows\\System32\\lsass.exe""}]}}"
57,125523037,2021-03-26 16:59:25.1253805,4658,LogAlways,Microsoft-Windows-Security-Auditing,Security,4,344,rootdc1.offsec.lan,1,,The handle to an object was closed,OFFSEC\admmig,,SID: S-1-5-21-4230534742-2542757381-3142984815-1111,ObjectServer: Security Account Manager,HandleId: 0x1D35E2513E0,,,,C:\Windows\System32\lsass.exe (PID: 0x230),False,EVTX-to-MITRE-Attack\TA0006-Credential Access\T1003-Credential dumping\ID4661-4658 Mimikatz sekurlsa password dump SAM.evtx,Audit success,0,"{""EventData"":{""Data"":[{""@Name"":""SubjectUserSid"",""#text"":""S-1-5-21-4230534742-2542757381-3142984815-1111""},{""@Name"":""SubjectUserName"",""#text"":""admmig""},{""@Name"":""SubjectDomainName"",""#text"":""OFFSEC""},{""@Name"":""SubjectLogonId"",""#text"":""0x493AC""},{""@Name"":""ObjectServer"",""#text"":""Security Account Manager""},{""@Name"":""HandleId"",""#text"":""0x1D35E2513E0""},{""@Name"":""ProcessId"",""#text"":""0x230""},{""@Name"":""ProcessName"",""#text"":""C:\\Windows\\System32\\lsass.exe""}]}}"
58,125523038,2021-03-26 16:59:25.1255145,4661,LogAlways,Microsoft-Windows-Security-Auditing,Security,4,344,rootdc1.offsec.lan,1,,Handle requested to an object,OFFSEC\admmig,,ObjectServer: Security Account Manager,ObjectType: SAM_SERVER,ObjectName: SAM,,,,C:\Windows\System32\lsass.exe,False,EVTX-to-MITRE-Attack\TA0006-Credential Access\T1003-Credential dumping\ID4661-4658 Mimikatz sekurlsa password dump SAM.evtx,Audit success,0,"{""EventData"":{""Data"":[{""@Name"":""SubjectUserSid"",""#text"":""S-1-5-21-4230534742-2542757381-3142984815-1111""},{""@Name"":""SubjectUserName"",""#text"":""admmig""},{""@Name"":""SubjectDomainName"",""#text"":""OFFSEC""},{""@Name"":""SubjectLogonId"",""#text"":""0x493AC""},{""@Name"":""ObjectServer"",""#text"":""Security Account Manager""},{""@Name"":""ObjectType"",""#text"":""SAM_SERVER""},{""@Name"":""ObjectName"",""#text"":""SAM""},{""@Name"":""HandleId"",""#text"":""0x0""},{""@Name"":""TransactionId"",""#text"":""00000000-0000-0000-0000-000000000000""},{""@Name"":""AccessList"",""#text"":""%%5384, ""},{""@Name"":""AccessReason"",""#text"":""-""},{""@Name"":""AccessMask"",""#text"":""0x100""},{""@Name"":""PrivilegeList"",""#text"":""-""},{""@Name"":""Properties"",""#text"":""---, {bf967aad-0de6-11d0-a285-00aa003049e2}, %%5384, {91d67418-0135-4acc-8d79-c08e857cfbec}, ""},{""@Name"":""RestrictedSidCount"",""#text"":""0""},{""@Name"":""ProcessId"",""#text"":""0x230""},{""@Name"":""ProcessName"",""#text"":""C:\\Windows\\System32\\lsass.exe""}]}}"
59,125523039,2021-03-26 16:59:25.1290553,4661,LogAlways,Microsoft-Windows-Security-Auditing,Security,4,344,rootdc1.offsec.lan,1,,Handle requested to an object,OFFSEC\admmig,,ObjectServer: Security Account Manager,ObjectType: SAM_USER,ObjectName: S-1-5-21-4230534742-2542757381-3142984815-1209,,,,C:\Windows\System32\lsass.exe,False,EVTX-to-MITRE-Attack\TA0006-Credential Access\T1003-Credential dumping\ID4661-4658 Mimikatz sekurlsa password dump SAM.evtx,Audit success,0,"{""EventData"":{""Data"":[{""@Name"":""SubjectUserSid"",""#text"":""S-1-5-21-4230534742-2542757381-3142984815-1111""},{""@Name"":""SubjectUserName"",""#text"":""admmig""},{""@Name"":""SubjectDomainName"",""#text"":""OFFSEC""},{""@Name"":""SubjectLogonId"",""#text"":""0x493AC""},{""@Name"":""ObjectServer"",""#text"":""Security Account Manager""},{""@Name"":""ObjectType"",""#text"":""SAM_USER""},{""@Name"":""ObjectName"",""#text"":""S-1-5-21-4230534742-2542757381-3142984815-1209""},{""@Name"":""HandleId"",""#text"":""0x1D35E2513E0""},{""@Name"":""TransactionId"",""#text"":""00000000-0000-0000-0000-000000000000""},{""@Name"":""AccessList"",""#text"":""%%1537, %%1538, %%1539, %%1540, %%5440, %%5441, %%5442, %%5443, %%5444, %%5445, %%5446, %%5447, %%5448, ""},{""@Name"":""AccessReason"",""#text"":""-""},{""@Name"":""AccessMask"",""#text"":""0xF01FF""},{""@Name"":""PrivilegeList"",""#text"":""-""},{""@Name"":""Properties"",""#text"":""---, {bf967aba-0de6-11d0-a285-00aa003049e2}, %%1537, %%1538, %%1539, %%1540, %%5440, %%5441, %%5442, %%5443, %%5444, %%5445, %%5446, %%5447, %%5448, {59ba2f42-79a2-11d0-9020-00c04fc2d3cf}, {bf967938-0de6-11d0-a285-00aa003049e2}, {5fd42471-1262-11d0-a060-00aa006c33ed}, {bf9679e8-0de6-11d0-a285-00aa003049e2}, {bf967a00-0de6-11d0-a285-00aa003049e2}, {3e0abfd0-126a-11d0-a060-00aa006c33ed}, {bf967a6a-0de6-11d0-a285-00aa003049e2}, {bf967953-0de6-11d0-a285-00aa003049e2}, {4c164200-20c0-11d0-a768-00aa006e0529}, {bf967915-0de6-11d0-a285-00aa003049e2}, {bf967a0a-0de6-11d0-a285-00aa003049e2}, {bf967a68-0de6-11d0-a285-00aa003049e2}, {bf967a6d-0de6-11d0-a285-00aa003049e2}, {5f202010-79a5-11d0-9020-00c04fc2d4cf}, {bf96792e-0de6-11d0-a285-00aa003049e2}, {bf967985-0de6-11d0-a285-00aa003049e2}, {bf967986-0de6-11d0-a285-00aa003049e2}, {bf967996-0de6-11d0-a285-00aa003049e2}, {bf967997-0de6-11d0-a285-00aa003049e2}, {bf9679aa-0de6-11d0-a285-00aa003049e2}, {bf9679ab-0de6-11d0-a285-00aa003049e2}, {bf9679ac-0de6-11d0-a285-00aa003049e2}, {bf967a05-0de6-11d0-a285-00aa003049e2}, {bf9679a8-0de6-11d0-a285-00aa003049e2}, {e48d0154-bcf8-11d1-8702-00c04fb96050}, {bf967950-0de6-11d0-a285-00aa003049e2}, {bc0ac240-79a9-11d0-9020-00c04fc2d4cf}, {bf967991-0de6-11d0-a285-00aa003049e2}, {ab721a53-1e2f-11d0-9819-00aa0040529b}, {00299570-246d-11d0-a768-00aa006e0529}, {7ed84960-ad10-11d0-8a92-00aa006e0529}, ""},{""@Name"":""RestrictedSidCount"",""#text"":""0""},{""@Name"":""ProcessId"",""#text"":""0x230""},{""@Name"":""ProcessName"",""#text"":""C:\\Windows\\System32\\lsass.exe""}]}}"
60,125523040,2021-03-26 16:59:25.1318829,4658,LogAlways,Microsoft-Windows-Security-Auditing,Security,4,344,rootdc1.offsec.lan,1,,The handle to an object was closed,OFFSEC\admmig,,SID: S-1-5-21-4230534742-2542757381-3142984815-1111,ObjectServer: Security Account Manager,HandleId: 0x1D35E2513E0,,,,C:\Windows\System32\lsass.exe (PID: 0x230),False,EVTX-to-MITRE-Attack\TA0006-Credential Access\T1003-Credential dumping\ID4661-4658 Mimikatz sekurlsa password dump SAM.evtx,Audit success,0,"{""EventData"":{""Data"":[{""@Name"":""SubjectUserSid"",""#text"":""S-1-5-21-4230534742-2542757381-3142984815-1111""},{""@Name"":""SubjectUserName"",""#text"":""admmig""},{""@Name"":""SubjectDomainName"",""#text"":""OFFSEC""},{""@Name"":""SubjectLogonId"",""#text"":""0x493AC""},{""@Name"":""ObjectServer"",""#text"":""Security Account Manager""},{""@Name"":""HandleId"",""#text"":""0x1D35E2513E0""},{""@Name"":""ProcessId"",""#text"":""0x230""},{""@Name"":""ProcessName"",""#text"":""C:\\Windows\\System32\\lsass.exe""}]}}"
61,125523041,2021-03-26 16:59:25.1344327,4661,LogAlways,Microsoft-Windows-Security-Auditing,Security,4,344,rootdc1.offsec.lan,1,,Handle requested to an object,OFFSEC\admmig,,ObjectServer: Security Account Manager,ObjectType: SAM_USER,ObjectName: S-1-5-21-4230534742-2542757381-3142984815-1210,,,,C:\Windows\System32\lsass.exe,False,EVTX-to-MITRE-Attack\TA0006-Credential Access\T1003-Credential dumping\ID4661-4658 Mimikatz sekurlsa password dump SAM.evtx,Audit success,0,"{""EventData"":{""Data"":[{""@Name"":""SubjectUserSid"",""#text"":""S-1-5-21-4230534742-2542757381-3142984815-1111""},{""@Name"":""SubjectUserName"",""#text"":""admmig""},{""@Name"":""SubjectDomainName"",""#text"":""OFFSEC""},{""@Name"":""SubjectLogonId"",""#text"":""0x493AC""},{""@Name"":""ObjectServer"",""#text"":""Security Account Manager""},{""@Name"":""ObjectType"",""#text"":""SAM_USER""},{""@Name"":""ObjectName"",""#text"":""S-1-5-21-4230534742-2542757381-3142984815-1210""},{""@Name"":""HandleId"",""#text"":""0x1D35E252BF0""},{""@Name"":""TransactionId"",""#text"":""00000000-0000-0000-0000-000000000000""},{""@Name"":""AccessList"",""#text"":""%%1537, %%1538, %%1539, %%1540, %%5440, %%5441, %%5442, %%5443, %%5444, %%5445, %%5446, %%5447, %%5448, ""},{""@Name"":""AccessReason"",""#text"":""-""},{""@Name"":""AccessMask"",""#text"":""0xF01FF""},{""@Name"":""PrivilegeList"",""#text"":""-""},{""@Name"":""Properties"",""#text"":""---, {bf967aba-0de6-11d0-a285-00aa003049e2}, %%1537, %%1538, %%1539, %%1540, %%5440, %%5441, %%5442, %%5443, %%5444, %%5445, %%5446, %%5447, %%5448, {59ba2f42-79a2-11d0-9020-00c04fc2d3cf}, {bf967938-0de6-11d0-a285-00aa003049e2}, {5fd42471-1262-11d0-a060-00aa006c33ed}, {bf9679e8-0de6-11d0-a285-00aa003049e2}, {bf967a00-0de6-11d0-a285-00aa003049e2}, {3e0abfd0-126a-11d0-a060-00aa006c33ed}, {bf967a6a-0de6-11d0-a285-00aa003049e2}, {bf967953-0de6-11d0-a285-00aa003049e2}, {4c164200-20c0-11d0-a768-00aa006e0529}, {bf967915-0de6-11d0-a285-00aa003049e2}, {bf967a0a-0de6-11d0-a285-00aa003049e2}, {bf967a68-0de6-11d0-a285-00aa003049e2}, {bf967a6d-0de6-11d0-a285-00aa003049e2}, {5f202010-79a5-11d0-9020-00c04fc2d4cf}, {bf96792e-0de6-11d0-a285-00aa003049e2}, {bf967985-0de6-11d0-a285-00aa003049e2}, {bf967986-0de6-11d0-a285-00aa003049e2}, {bf967996-0de6-11d0-a285-00aa003049e2}, {bf967997-0de6-11d0-a285-00aa003049e2}, {bf9679aa-0de6-11d0-a285-00aa003049e2}, {bf9679ab-0de6-11d0-a285-00aa003049e2}, {bf9679ac-0de6-11d0-a285-00aa003049e2}, {bf967a05-0de6-11d0-a285-00aa003049e2}, {bf9679a8-0de6-11d0-a285-00aa003049e2}, {e48d0154-bcf8-11d1-8702-00c04fb96050}, {bf967950-0de6-11d0-a285-00aa003049e2}, {bc0ac240-79a9-11d0-9020-00c04fc2d4cf}, {bf967991-0de6-11d0-a285-00aa003049e2}, {ab721a53-1e2f-11d0-9819-00aa0040529b}, {00299570-246d-11d0-a768-00aa006e0529}, {7ed84960-ad10-11d0-8a92-00aa006e0529}, ""},{""@Name"":""RestrictedSidCount"",""#text"":""0""},{""@Name"":""ProcessId"",""#text"":""0x230""},{""@Name"":""ProcessName"",""#text"":""C:\\Windows\\System32\\lsass.exe""}]}}"
62,125523042,2021-03-26 16:59:25.1361330,4658,LogAlways,Microsoft-Windows-Security-Auditing,Security,4,344,rootdc1.offsec.lan,1,,The handle to an object was closed,OFFSEC\admmig,,SID: S-1-5-21-4230534742-2542757381-3142984815-1111,ObjectServer: Security Account Manager,HandleId: 0x1D35E252BF0,,,,C:\Windows\System32\lsass.exe (PID: 0x230),False,EVTX-to-MITRE-Attack\TA0006-Credential Access\T1003-Credential dumping\ID4661-4658 Mimikatz sekurlsa password dump SAM.evtx,Audit success,0,"{""EventData"":{""Data"":[{""@Name"":""SubjectUserSid"",""#text"":""S-1-5-21-4230534742-2542757381-3142984815-1111""},{""@Name"":""SubjectUserName"",""#text"":""admmig""},{""@Name"":""SubjectDomainName"",""#text"":""OFFSEC""},{""@Name"":""SubjectLogonId"",""#text"":""0x493AC""},{""@Name"":""ObjectServer"",""#text"":""Security Account Manager""},{""@Name"":""HandleId"",""#text"":""0x1D35E252BF0""},{""@Name"":""ProcessId"",""#text"":""0x230""},{""@Name"":""ProcessName"",""#text"":""C:\\Windows\\System32\\lsass.exe""}]}}"
63,125523043,2021-03-26 16:59:25.1362736,4661,LogAlways,Microsoft-Windows-Security-Auditing,Security,4,344,rootdc1.offsec.lan,1,,Handle requested to an object,OFFSEC\admmig,,ObjectServer: Security Account Manager,ObjectType: SAM_SERVER,ObjectName: SAM,,,,C:\Windows\System32\lsass.exe,False,EVTX-to-MITRE-Attack\TA0006-Credential Access\T1003-Credential dumping\ID4661-4658 Mimikatz sekurlsa password dump SAM.evtx,Audit success,0,"{""EventData"":{""Data"":[{""@Name"":""SubjectUserSid"",""#text"":""S-1-5-21-4230534742-2542757381-3142984815-1111""},{""@Name"":""SubjectUserName"",""#text"":""admmig""},{""@Name"":""SubjectDomainName"",""#text"":""OFFSEC""},{""@Name"":""SubjectLogonId"",""#text"":""0x493AC""},{""@Name"":""ObjectServer"",""#text"":""Security Account Manager""},{""@Name"":""ObjectType"",""#text"":""SAM_SERVER""},{""@Name"":""ObjectName"",""#text"":""SAM""},{""@Name"":""HandleId"",""#text"":""0x0""},{""@Name"":""TransactionId"",""#text"":""00000000-0000-0000-0000-000000000000""},{""@Name"":""AccessList"",""#text"":""%%5384, ""},{""@Name"":""AccessReason"",""#text"":""-""},{""@Name"":""AccessMask"",""#text"":""0x100""},{""@Name"":""PrivilegeList"",""#text"":""-""},{""@Name"":""Properties"",""#text"":""---, {bf967aad-0de6-11d0-a285-00aa003049e2}, %%5384, {91d67418-0135-4acc-8d79-c08e857cfbec}, ""},{""@Name"":""RestrictedSidCount"",""#text"":""0""},{""@Name"":""ProcessId"",""#text"":""0x230""},{""@Name"":""ProcessName"",""#text"":""C:\\Windows\\System32\\lsass.exe""}]}}"
64,125523044,2021-03-26 16:59:25.1400399,4661,LogAlways,Microsoft-Windows-Security-Auditing,Security,4,344,rootdc1.offsec.lan,2,,Handle requested to an object,OFFSEC\admmig,,ObjectServer: Security Account Manager,ObjectType: SAM_USER,ObjectName: S-1-5-21-4230534742-2542757381-3142984815-1211,,,,C:\Windows\System32\lsass.exe,False,EVTX-to-MITRE-Attack\TA0006-Credential Access\T1003-Credential dumping\ID4661-4658 Mimikatz sekurlsa password dump SAM.evtx,Audit success,0,"{""EventData"":{""Data"":[{""@Name"":""SubjectUserSid"",""#text"":""S-1-5-21-4230534742-2542757381-3142984815-1111""},{""@Name"":""SubjectUserName"",""#text"":""admmig""},{""@Name"":""SubjectDomainName"",""#text"":""OFFSEC""},{""@Name"":""SubjectLogonId"",""#text"":""0x493AC""},{""@Name"":""ObjectServer"",""#text"":""Security Account Manager""},{""@Name"":""ObjectType"",""#text"":""SAM_USER""},{""@Name"":""ObjectName"",""#text"":""S-1-5-21-4230534742-2542757381-3142984815-1211""},{""@Name"":""HandleId"",""#text"":""0x1D35E253590""},{""@Name"":""TransactionId"",""#text"":""00000000-0000-0000-0000-000000000000""},{""@Name"":""AccessList"",""#text"":""%%1537, %%1538, %%1539, %%1540, %%5440, %%5441, %%5442, %%5443, %%5444, %%5445, %%5446, %%5447, %%5448, ""},{""@Name"":""AccessReason"",""#text"":""-""},{""@Name"":""AccessMask"",""#text"":""0xF01FF""},{""@Name"":""PrivilegeList"",""#text"":""-""},{""@Name"":""Properties"",""#text"":""---, {bf967aba-0de6-11d0-a285-00aa003049e2}, %%1537, %%1538, %%1539, %%1540, %%5440, %%5441, %%5442, %%5443, %%5444, %%5445, %%5446, %%5447, %%5448, {59ba2f42-79a2-11d0-9020-00c04fc2d3cf}, {bf967938-0de6-11d0-a285-00aa003049e2}, {5fd42471-1262-11d0-a060-00aa006c33ed}, {bf9679e8-0de6-11d0-a285-00aa003049e2}, {bf967a00-0de6-11d0-a285-00aa003049e2}, {3e0abfd0-126a-11d0-a060-00aa006c33ed}, {bf967a6a-0de6-11d0-a285-00aa003049e2}, {bf967953-0de6-11d0-a285-00aa003049e2}, {4c164200-20c0-11d0-a768-00aa006e0529}, {bf967915-0de6-11d0-a285-00aa003049e2}, {bf967a0a-0de6-11d0-a285-00aa003049e2}, {bf967a68-0de6-11d0-a285-00aa003049e2}, {bf967a6d-0de6-11d0-a285-00aa003049e2}, {5f202010-79a5-11d0-9020-00c04fc2d4cf}, {bf96792e-0de6-11d0-a285-00aa003049e2}, {bf967985-0de6-11d0-a285-00aa003049e2}, {bf967986-0de6-11d0-a285-00aa003049e2}, {bf967996-0de6-11d0-a285-00aa003049e2}, {bf967997-0de6-11d0-a285-00aa003049e2}, {bf9679aa-0de6-11d0-a285-00aa003049e2}, {bf9679ab-0de6-11d0-a285-00aa003049e2}, {bf9679ac-0de6-11d0-a285-00aa003049e2}, {bf967a05-0de6-11d0-a285-00aa003049e2}, {bf9679a8-0de6-11d0-a285-00aa003049e2}, {e48d0154-bcf8-11d1-8702-00c04fb96050}, {bf967950-0de6-11d0-a285-00aa003049e2}, {bc0ac240-79a9-11d0-9020-00c04fc2d4cf}, {bf967991-0de6-11d0-a285-00aa003049e2}, {ab721a53-1e2f-11d0-9819-00aa0040529b}, {00299570-246d-11d0-a768-00aa006e0529}, {7ed84960-ad10-11d0-8a92-00aa006e0529}, ""},{""@Name"":""RestrictedSidCount"",""#text"":""0""},{""@Name"":""ProcessId"",""#text"":""0x230""},{""@Name"":""ProcessName"",""#text"":""C:\\Windows\\System32\\lsass.exe""}]}}"
65,125523045,2021-03-26 16:59:25.1424407,4658,LogAlways,Microsoft-Windows-Security-Auditing,Security,4,344,rootdc1.offsec.lan,2,,The handle to an object was closed,OFFSEC\admmig,,SID: S-1-5-21-4230534742-2542757381-3142984815-1111,ObjectServer: Security Account Manager,HandleId: 0x1D35E253590,,,,C:\Windows\System32\lsass.exe (PID: 0x230),False,EVTX-to-MITRE-Attack\TA0006-Credential Access\T1003-Credential dumping\ID4661-4658 Mimikatz sekurlsa password dump SAM.evtx,Audit success,0,"{""EventData"":{""Data"":[{""@Name"":""SubjectUserSid"",""#text"":""S-1-5-21-4230534742-2542757381-3142984815-1111""},{""@Name"":""SubjectUserName"",""#text"":""admmig""},{""@Name"":""SubjectDomainName"",""#text"":""OFFSEC""},{""@Name"":""SubjectLogonId"",""#text"":""0x493AC""},{""@Name"":""ObjectServer"",""#text"":""Security Account Manager""},{""@Name"":""HandleId"",""#text"":""0x1D35E253590""},{""@Name"":""ProcessId"",""#text"":""0x230""},{""@Name"":""ProcessName"",""#text"":""C:\\Windows\\System32\\lsass.exe""}]}}"
66,125523046,2021-03-26 16:59:25.1465871,4661,LogAlways,Microsoft-Windows-Security-Auditing,Security,4,344,rootdc1.offsec.lan,2,,Handle requested to an object,OFFSEC\admmig,,ObjectServer: Security Account Manager,ObjectType: SAM_USER,ObjectName: S-1-5-21-4230534742-2542757381-3142984815-1212,,,,C:\Windows\System32\lsass.exe,False,EVTX-to-MITRE-Attack\TA0006-Credential Access\T1003-Credential dumping\ID4661-4658 Mimikatz sekurlsa password dump SAM.evtx,Audit success,0,"{""EventData"":{""Data"":[{""@Name"":""SubjectUserSid"",""#text"":""S-1-5-21-4230534742-2542757381-3142984815-1111""},{""@Name"":""SubjectUserName"",""#text"":""admmig""},{""@Name"":""SubjectDomainName"",""#text"":""OFFSEC""},{""@Name"":""SubjectLogonId"",""#text"":""0x493AC""},{""@Name"":""ObjectServer"",""#text"":""Security Account Manager""},{""@Name"":""ObjectType"",""#text"":""SAM_USER""},{""@Name"":""ObjectName"",""#text"":""S-1-5-21-4230534742-2542757381-3142984815-1212""},{""@Name"":""HandleId"",""#text"":""0x1D35E252250""},{""@Name"":""TransactionId"",""#text"":""00000000-0000-0000-0000-000000000000""},{""@Name"":""AccessList"",""#text"":""%%1537, %%1538, %%1539, %%1540, %%5440, %%5441, %%5442, %%5443, %%5444, %%5445, %%5446, %%5447, %%5448, ""},{""@Name"":""AccessReason"",""#text"":""-""},{""@Name"":""AccessMask"",""#text"":""0xF01FF""},{""@Name"":""PrivilegeList"",""#text"":""-""},{""@Name"":""Properties"",""#text"":""---, {bf967aba-0de6-11d0-a285-00aa003049e2}, %%1537, %%1538, %%1539, %%1540, %%5440, %%5441, %%5442, %%5443, %%5444, %%5445, %%5446, %%5447, %%5448, {59ba2f42-79a2-11d0-9020-00c04fc2d3cf}, {bf967938-0de6-11d0-a285-00aa003049e2}, {5fd42471-1262-11d0-a060-00aa006c33ed}, {bf9679e8-0de6-11d0-a285-00aa003049e2}, {bf967a00-0de6-11d0-a285-00aa003049e2}, {3e0abfd0-126a-11d0-a060-00aa006c33ed}, {bf967a6a-0de6-11d0-a285-00aa003049e2}, {bf967953-0de6-11d0-a285-00aa003049e2}, {4c164200-20c0-11d0-a768-00aa006e0529}, {bf967915-0de6-11d0-a285-00aa003049e2}, {bf967a0a-0de6-11d0-a285-00aa003049e2}, {bf967a68-0de6-11d0-a285-00aa003049e2}, {bf967a6d-0de6-11d0-a285-00aa003049e2}, {5f202010-79a5-11d0-9020-00c04fc2d4cf}, {bf96792e-0de6-11d0-a285-00aa003049e2}, {bf967985-0de6-11d0-a285-00aa003049e2}, {bf967986-0de6-11d0-a285-00aa003049e2}, {bf967996-0de6-11d0-a285-00aa003049e2}, {bf967997-0de6-11d0-a285-00aa003049e2}, {bf9679aa-0de6-11d0-a285-00aa003049e2}, {bf9679ab-0de6-11d0-a285-00aa003049e2}, {bf9679ac-0de6-11d0-a285-00aa003049e2}, {bf967a05-0de6-11d0-a285-00aa003049e2}, {bf9679a8-0de6-11d0-a285-00aa003049e2}, {e48d0154-bcf8-11d1-8702-00c04fb96050}, {bf967950-0de6-11d0-a285-00aa003049e2}, {bc0ac240-79a9-11d0-9020-00c04fc2d4cf}, {bf967991-0de6-11d0-a285-00aa003049e2}, {ab721a53-1e2f-11d0-9819-00aa0040529b}, {00299570-246d-11d0-a768-00aa006e0529}, {7ed84960-ad10-11d0-8a92-00aa006e0529}, ""},{""@Name"":""RestrictedSidCount"",""#text"":""0""},{""@Name"":""ProcessId"",""#text"":""0x230""},{""@Name"":""ProcessName"",""#text"":""C:\\Windows\\System32\\lsass.exe""}]}}"
67,125523047,2021-03-26 16:59:25.1488907,4658,LogAlways,Microsoft-Windows-Security-Auditing,Security,4,344,rootdc1.offsec.lan,2,,The handle to an object was closed,OFFSEC\admmig,,SID: S-1-5-21-4230534742-2542757381-3142984815-1111,ObjectServer: Security Account Manager,HandleId: 0x1D35E252250,,,,C:\Windows\System32\lsass.exe (PID: 0x230),False,EVTX-to-MITRE-Attack\TA0006-Credential Access\T1003-Credential dumping\ID4661-4658 Mimikatz sekurlsa password dump SAM.evtx,Audit success,0,"{""EventData"":{""Data"":[{""@Name"":""SubjectUserSid"",""#text"":""S-1-5-21-4230534742-2542757381-3142984815-1111""},{""@Name"":""SubjectUserName"",""#text"":""admmig""},{""@Name"":""SubjectDomainName"",""#text"":""OFFSEC""},{""@Name"":""SubjectLogonId"",""#text"":""0x493AC""},{""@Name"":""ObjectServer"",""#text"":""Security Account Manager""},{""@Name"":""HandleId"",""#text"":""0x1D35E252250""},{""@Name"":""ProcessId"",""#text"":""0x230""},{""@Name"":""ProcessName"",""#text"":""C:\\Windows\\System32\\lsass.exe""}]}}"
68,125523048,2021-03-26 16:59:25.1490336,4661,LogAlways,Microsoft-Windows-Security-Auditing,Security,4,344,rootdc1.offsec.lan,2,,Handle requested to an object,OFFSEC\admmig,,ObjectServer: Security Account Manager,ObjectType: SAM_SERVER,ObjectName: SAM,,,,C:\Windows\System32\lsass.exe,False,EVTX-to-MITRE-Attack\TA0006-Credential Access\T1003-Credential dumping\ID4661-4658 Mimikatz sekurlsa password dump SAM.evtx,Audit success,0,"{""EventData"":{""Data"":[{""@Name"":""SubjectUserSid"",""#text"":""S-1-5-21-4230534742-2542757381-3142984815-1111""},{""@Name"":""SubjectUserName"",""#text"":""admmig""},{""@Name"":""SubjectDomainName"",""#text"":""OFFSEC""},{""@Name"":""SubjectLogonId"",""#text"":""0x493AC""},{""@Name"":""ObjectServer"",""#text"":""Security Account Manager""},{""@Name"":""ObjectType"",""#text"":""SAM_SERVER""},{""@Name"":""ObjectName"",""#text"":""SAM""},{""@Name"":""HandleId"",""#text"":""0x0""},{""@Name"":""TransactionId"",""#text"":""00000000-0000-0000-0000-000000000000""},{""@Name"":""AccessList"",""#text"":""%%5384, ""},{""@Name"":""AccessReason"",""#text"":""-""},{""@Name"":""AccessMask"",""#text"":""0x100""},{""@Name"":""PrivilegeList"",""#text"":""-""},{""@Name"":""Properties"",""#text"":""---, {bf967aad-0de6-11d0-a285-00aa003049e2}, %%5384, {91d67418-0135-4acc-8d79-c08e857cfbec}, ""},{""@Name"":""RestrictedSidCount"",""#text"":""0""},{""@Name"":""ProcessId"",""#text"":""0x230""},{""@Name"":""ProcessName"",""#text"":""C:\\Windows\\System32\\lsass.exe""}]}}"
69,125523049,2021-03-26 16:59:25.1526472,4661,LogAlways,Microsoft-Windows-Security-Auditing,Security,4,344,rootdc1.offsec.lan,2,,Handle requested to an object,OFFSEC\admmig,,ObjectServer: Security Account Manager,ObjectType: SAM_USER,ObjectName: S-1-5-21-4230534742-2542757381-3142984815-1213,,,,C:\Windows\System32\lsass.exe,False,EVTX-to-MITRE-Attack\TA0006-Credential Access\T1003-Credential dumping\ID4661-4658 Mimikatz sekurlsa password dump SAM.evtx,Audit success,0,"{""EventData"":{""Data"":[{""@Name"":""SubjectUserSid"",""#text"":""S-1-5-21-4230534742-2542757381-3142984815-1111""},{""@Name"":""SubjectUserName"",""#text"":""admmig""},{""@Name"":""SubjectDomainName"",""#text"":""OFFSEC""},{""@Name"":""SubjectLogonId"",""#text"":""0x493AC""},{""@Name"":""ObjectServer"",""#text"":""Security Account Manager""},{""@Name"":""ObjectType"",""#text"":""SAM_USER""},{""@Name"":""ObjectName"",""#text"":""S-1-5-21-4230534742-2542757381-3142984815-1213""},{""@Name"":""HandleId"",""#text"":""0x1D35E252BF0""},{""@Name"":""TransactionId"",""#text"":""00000000-0000-0000-0000-000000000000""},{""@Name"":""AccessList"",""#text"":""%%1537, %%1538, %%1539, %%1540, %%5440, %%5441, %%5442, %%5443, %%5444, %%5445, %%5446, %%5447, %%5448, ""},{""@Name"":""AccessReason"",""#text"":""-""},{""@Name"":""AccessMask"",""#text"":""0xF01FF""},{""@Name"":""PrivilegeList"",""#text"":""-""},{""@Name"":""Properties"",""#text"":""---, {bf967aba-0de6-11d0-a285-00aa003049e2}, %%1537, %%1538, %%1539, %%1540, %%5440, %%5441, %%5442, %%5443, %%5444, %%5445, %%5446, %%5447, %%5448, {59ba2f42-79a2-11d0-9020-00c04fc2d3cf}, {bf967938-0de6-11d0-a285-00aa003049e2}, {5fd42471-1262-11d0-a060-00aa006c33ed}, {bf9679e8-0de6-11d0-a285-00aa003049e2}, {bf967a00-0de6-11d0-a285-00aa003049e2}, {3e0abfd0-126a-11d0-a060-00aa006c33ed}, {bf967a6a-0de6-11d0-a285-00aa003049e2}, {bf967953-0de6-11d0-a285-00aa003049e2}, {4c164200-20c0-11d0-a768-00aa006e0529}, {bf967915-0de6-11d0-a285-00aa003049e2}, {bf967a0a-0de6-11d0-a285-00aa003049e2}, {bf967a68-0de6-11d0-a285-00aa003049e2}, {bf967a6d-0de6-11d0-a285-00aa003049e2}, {5f202010-79a5-11d0-9020-00c04fc2d4cf}, {bf96792e-0de6-11d0-a285-00aa003049e2}, {bf967985-0de6-11d0-a285-00aa003049e2}, {bf967986-0de6-11d0-a285-00aa003049e2}, {bf967996-0de6-11d0-a285-00aa003049e2}, {bf967997-0de6-11d0-a285-00aa003049e2}, {bf9679aa-0de6-11d0-a285-00aa003049e2}, {bf9679ab-0de6-11d0-a285-00aa003049e2}, {bf9679ac-0de6-11d0-a285-00aa003049e2}, {bf967a05-0de6-11d0-a285-00aa003049e2}, {bf9679a8-0de6-11d0-a285-00aa003049e2}, {e48d0154-bcf8-11d1-8702-00c04fb96050}, {bf967950-0de6-11d0-a285-00aa003049e2}, {bc0ac240-79a9-11d0-9020-00c04fc2d4cf}, {bf967991-0de6-11d0-a285-00aa003049e2}, {ab721a53-1e2f-11d0-9819-00aa0040529b}, {00299570-246d-11d0-a768-00aa006e0529}, {7ed84960-ad10-11d0-8a92-00aa006e0529}, ""},{""@Name"":""RestrictedSidCount"",""#text"":""0""},{""@Name"":""ProcessId"",""#text"":""0x230""},{""@Name"":""ProcessName"",""#text"":""C:\\Windows\\System32\\lsass.exe""}]}}"
70,125523050,2021-03-26 16:59:25.1549462,4658,LogAlways,Microsoft-Windows-Security-Auditing,Security,4,344,rootdc1.offsec.lan,2,,The handle to an object was closed,OFFSEC\admmig,,SID: S-1-5-21-4230534742-2542757381-3142984815-1111,ObjectServer: Security Account Manager,HandleId: 0x1D35E252BF0,,,,C:\Windows\System32\lsass.exe (PID: 0x230),False,EVTX-to-MITRE-Attack\TA0006-Credential Access\T1003-Credential dumping\ID4661-4658 Mimikatz sekurlsa password dump SAM.evtx,Audit success,0,"{""EventData"":{""Data"":[{""@Name"":""SubjectUserSid"",""#text"":""S-1-5-21-4230534742-2542757381-3142984815-1111""},{""@Name"":""SubjectUserName"",""#text"":""admmig""},{""@Name"":""SubjectDomainName"",""#text"":""OFFSEC""},{""@Name"":""SubjectLogonId"",""#text"":""0x493AC""},{""@Name"":""ObjectServer"",""#text"":""Security Account Manager""},{""@Name"":""HandleId"",""#text"":""0x1D35E252BF0""},{""@Name"":""ProcessId"",""#text"":""0x230""},{""@Name"":""ProcessName"",""#text"":""C:\\Windows\\System32\\lsass.exe""}]}}"
71,125523051,2021-03-26 16:59:25.1582666,4661,LogAlways,Microsoft-Windows-Security-Auditing,Security,4,344,rootdc1.offsec.lan,2,,Handle requested to an object,OFFSEC\admmig,,ObjectServer: Security Account Manager,ObjectType: SAM_USER,ObjectName: S-1-5-21-4230534742-2542757381-3142984815-1214,,,,C:\Windows\System32\lsass.exe,False,EVTX-to-MITRE-Attack\TA0006-Credential Access\T1003-Credential dumping\ID4661-4658 Mimikatz sekurlsa password dump SAM.evtx,Audit success,0,"{""EventData"":{""Data"":[{""@Name"":""SubjectUserSid"",""#text"":""S-1-5-21-4230534742-2542757381-3142984815-1111""},{""@Name"":""SubjectUserName"",""#text"":""admmig""},{""@Name"":""SubjectDomainName"",""#text"":""OFFSEC""},{""@Name"":""SubjectLogonId"",""#text"":""0x493AC""},{""@Name"":""ObjectServer"",""#text"":""Security Account Manager""},{""@Name"":""ObjectType"",""#text"":""SAM_USER""},{""@Name"":""ObjectName"",""#text"":""S-1-5-21-4230534742-2542757381-3142984815-1214""},{""@Name"":""HandleId"",""#text"":""0x1D35E2513E0""},{""@Name"":""TransactionId"",""#text"":""00000000-0000-0000-0000-000000000000""},{""@Name"":""AccessList"",""#text"":""%%1537, %%1538, %%1539, %%1540, %%5440, %%5441, %%5442, %%5443, %%5444, %%5445, %%5446, %%5447, %%5448, ""},{""@Name"":""AccessReason"",""#text"":""-""},{""@Name"":""AccessMask"",""#text"":""0xF01FF""},{""@Name"":""PrivilegeList"",""#text"":""-""},{""@Name"":""Properties"",""#text"":""---, {bf967aba-0de6-11d0-a285-00aa003049e2}, %%1537, %%1538, %%1539, %%1540, %%5440, %%5441, %%5442, %%5443, %%5444, %%5445, %%5446, %%5447, %%5448, {59ba2f42-79a2-11d0-9020-00c04fc2d3cf}, {bf967938-0de6-11d0-a285-00aa003049e2}, {5fd42471-1262-11d0-a060-00aa006c33ed}, {bf9679e8-0de6-11d0-a285-00aa003049e2}, {bf967a00-0de6-11d0-a285-00aa003049e2}, {3e0abfd0-126a-11d0-a060-00aa006c33ed}, {bf967a6a-0de6-11d0-a285-00aa003049e2}, {bf967953-0de6-11d0-a285-00aa003049e2}, {4c164200-20c0-11d0-a768-00aa006e0529}, {bf967915-0de6-11d0-a285-00aa003049e2}, {bf967a0a-0de6-11d0-a285-00aa003049e2}, {bf967a68-0de6-11d0-a285-00aa003049e2}, {bf967a6d-0de6-11d0-a285-00aa003049e2}, {5f202010-79a5-11d0-9020-00c04fc2d4cf}, {bf96792e-0de6-11d0-a285-00aa003049e2}, {bf967985-0de6-11d0-a285-00aa003049e2}, {bf967986-0de6-11d0-a285-00aa003049e2}, {bf967996-0de6-11d0-a285-00aa003049e2}, {bf967997-0de6-11d0-a285-00aa003049e2}, {bf9679aa-0de6-11d0-a285-00aa003049e2}, {bf9679ab-0de6-11d0-a285-00aa003049e2}, {bf9679ac-0de6-11d0-a285-00aa003049e2}, {bf967a05-0de6-11d0-a285-00aa003049e2}, {bf9679a8-0de6-11d0-a285-00aa003049e2}, {e48d0154-bcf8-11d1-8702-00c04fb96050}, {bf967950-0de6-11d0-a285-00aa003049e2}, {bc0ac240-79a9-11d0-9020-00c04fc2d4cf}, {bf967991-0de6-11d0-a285-00aa003049e2}, {ab721a53-1e2f-11d0-9819-00aa0040529b}, {00299570-246d-11d0-a768-00aa006e0529}, {7ed84960-ad10-11d0-8a92-00aa006e0529}, ""},{""@Name"":""RestrictedSidCount"",""#text"":""0""},{""@Name"":""ProcessId"",""#text"":""0x230""},{""@Name"":""ProcessName"",""#text"":""C:\\Windows\\System32\\lsass.exe""}]}}"
72,125523052,2021-03-26 16:59:25.1615421,4658,LogAlways,Microsoft-Windows-Security-Auditing,Security,4,344,rootdc1.offsec.lan,2,,The handle to an object was closed,OFFSEC\admmig,,SID: S-1-5-21-4230534742-2542757381-3142984815-1111,ObjectServer: Security Account Manager,HandleId: 0x1D35E2513E0,,,,C:\Windows\System32\lsass.exe (PID: 0x230),False,EVTX-to-MITRE-Attack\TA0006-Credential Access\T1003-Credential dumping\ID4661-4658 Mimikatz sekurlsa password dump SAM.evtx,Audit success,0,"{""EventData"":{""Data"":[{""@Name"":""SubjectUserSid"",""#text"":""S-1-5-21-4230534742-2542757381-3142984815-1111""},{""@Name"":""SubjectUserName"",""#text"":""admmig""},{""@Name"":""SubjectDomainName"",""#text"":""OFFSEC""},{""@Name"":""SubjectLogonId"",""#text"":""0x493AC""},{""@Name"":""ObjectServer"",""#text"":""Security Account Manager""},{""@Name"":""HandleId"",""#text"":""0x1D35E2513E0""},{""@Name"":""ProcessId"",""#text"":""0x230""},{""@Name"":""ProcessName"",""#text"":""C:\\Windows\\System32\\lsass.exe""}]}}"
73,125523053,2021-03-26 16:59:25.1616892,4661,LogAlways,Microsoft-Windows-Security-Auditing,Security,4,344,rootdc1.offsec.lan,2,,Handle requested to an object,OFFSEC\admmig,,ObjectServer: Security Account Manager,ObjectType: SAM_SERVER,ObjectName: SAM,,,,C:\Windows\System32\lsass.exe,False,EVTX-to-MITRE-Attack\TA0006-Credential Access\T1003-Credential dumping\ID4661-4658 Mimikatz sekurlsa password dump SAM.evtx,Audit success,0,"{""EventData"":{""Data"":[{""@Name"":""SubjectUserSid"",""#text"":""S-1-5-21-4230534742-2542757381-3142984815-1111""},{""@Name"":""SubjectUserName"",""#text"":""admmig""},{""@Name"":""SubjectDomainName"",""#text"":""OFFSEC""},{""@Name"":""SubjectLogonId"",""#text"":""0x493AC""},{""@Name"":""ObjectServer"",""#text"":""Security Account Manager""},{""@Name"":""ObjectType"",""#text"":""SAM_SERVER""},{""@Name"":""ObjectName"",""#text"":""SAM""},{""@Name"":""HandleId"",""#text"":""0x0""},{""@Name"":""TransactionId"",""#text"":""00000000-0000-0000-0000-000000000000""},{""@Name"":""AccessList"",""#text"":""%%5384, ""},{""@Name"":""AccessReason"",""#text"":""-""},{""@Name"":""AccessMask"",""#text"":""0x100""},{""@Name"":""PrivilegeList"",""#text"":""-""},{""@Name"":""Properties"",""#text"":""---, {bf967aad-0de6-11d0-a285-00aa003049e2}, %%5384, {91d67418-0135-4acc-8d79-c08e857cfbec}, ""},{""@Name"":""RestrictedSidCount"",""#text"":""0""},{""@Name"":""ProcessId"",""#text"":""0x230""},{""@Name"":""ProcessName"",""#text"":""C:\\Windows\\System32\\lsass.exe""}]}}"
74,125523054,2021-03-26 16:59:25.1653084,4661,LogAlways,Microsoft-Windows-Security-Auditing,Security,4,344,rootdc1.offsec.lan,2,,Handle requested to an object,OFFSEC\admmig,,ObjectServer: Security Account Manager,ObjectType: SAM_USER,ObjectName: S-1-5-21-4230534742-2542757381-3142984815-1215,,,,C:\Windows\System32\lsass.exe,False,EVTX-to-MITRE-Attack\TA0006-Credential Access\T1003-Credential dumping\ID4661-4658 Mimikatz sekurlsa password dump SAM.evtx,Audit success,0,"{""EventData"":{""Data"":[{""@Name"":""SubjectUserSid"",""#text"":""S-1-5-21-4230534742-2542757381-3142984815-1111""},{""@Name"":""SubjectUserName"",""#text"":""admmig""},{""@Name"":""SubjectDomainName"",""#text"":""OFFSEC""},{""@Name"":""SubjectLogonId"",""#text"":""0x493AC""},{""@Name"":""ObjectServer"",""#text"":""Security Account Manager""},{""@Name"":""ObjectType"",""#text"":""SAM_USER""},{""@Name"":""ObjectName"",""#text"":""S-1-5-21-4230534742-2542757381-3142984815-1215""},{""@Name"":""HandleId"",""#text"":""0x1D35E2513E0""},{""@Name"":""TransactionId"",""#text"":""00000000-0000-0000-0000-000000000000""},{""@Name"":""AccessList"",""#text"":""%%1537, %%1538, %%1539, %%1540, %%5440, %%5441, %%5442, %%5443, %%5444, %%5445, %%5446, %%5447, %%5448, ""},{""@Name"":""AccessReason"",""#text"":""-""},{""@Name"":""AccessMask"",""#text"":""0xF01FF""},{""@Name"":""PrivilegeList"",""#text"":""-""},{""@Name"":""Properties"",""#text"":""---, {bf967aba-0de6-11d0-a285-00aa003049e2}, %%1537, %%1538, %%1539, %%1540, %%5440, %%5441, %%5442, %%5443, %%5444, %%5445, %%5446, %%5447, %%5448, {59ba2f42-79a2-11d0-9020-00c04fc2d3cf}, {bf967938-0de6-11d0-a285-00aa003049e2}, {5fd42471-1262-11d0-a060-00aa006c33ed}, {bf9679e8-0de6-11d0-a285-00aa003049e2}, {bf967a00-0de6-11d0-a285-00aa003049e2}, {3e0abfd0-126a-11d0-a060-00aa006c33ed}, {bf967a6a-0de6-11d0-a285-00aa003049e2}, {bf967953-0de6-11d0-a285-00aa003049e2}, {4c164200-20c0-11d0-a768-00aa006e0529}, {bf967915-0de6-11d0-a285-00aa003049e2}, {bf967a0a-0de6-11d0-a285-00aa003049e2}, {bf967a68-0de6-11d0-a285-00aa003049e2}, {bf967a6d-0de6-11d0-a285-00aa003049e2}, {5f202010-79a5-11d0-9020-00c04fc2d4cf}, {bf96792e-0de6-11d0-a285-00aa003049e2}, {bf967985-0de6-11d0-a285-00aa003049e2}, {bf967986-0de6-11d0-a285-00aa003049e2}, {bf967996-0de6-11d0-a285-00aa003049e2}, {bf967997-0de6-11d0-a285-00aa003049e2}, {bf9679aa-0de6-11d0-a285-00aa003049e2}, {bf9679ab-0de6-11d0-a285-00aa003049e2}, {bf9679ac-0de6-11d0-a285-00aa003049e2}, {bf967a05-0de6-11d0-a285-00aa003049e2}, {bf9679a8-0de6-11d0-a285-00aa003049e2}, {e48d0154-bcf8-11d1-8702-00c04fb96050}, {bf967950-0de6-11d0-a285-00aa003049e2}, {bc0ac240-79a9-11d0-9020-00c04fc2d4cf}, {bf967991-0de6-11d0-a285-00aa003049e2}, {ab721a53-1e2f-11d0-9819-00aa0040529b}, {00299570-246d-11d0-a768-00aa006e0529}, {7ed84960-ad10-11d0-8a92-00aa006e0529}, ""},{""@Name"":""RestrictedSidCount"",""#text"":""0""},{""@Name"":""ProcessId"",""#text"":""0x230""},{""@Name"":""ProcessName"",""#text"":""C:\\Windows\\System32\\lsass.exe""}]}}"
75,125523055,2021-03-26 16:59:25.1678227,4658,LogAlways,Microsoft-Windows-Security-Auditing,Security,4,344,rootdc1.offsec.lan,2,,The handle to an object was closed,OFFSEC\admmig,,SID: S-1-5-21-4230534742-2542757381-3142984815-1111,ObjectServer: Security Account Manager,HandleId: 0x1D35E2513E0,,,,C:\Windows\System32\lsass.exe (PID: 0x230),False,EVTX-to-MITRE-Attack\TA0006-Credential Access\T1003-Credential dumping\ID4661-4658 Mimikatz sekurlsa password dump SAM.evtx,Audit success,0,"{""EventData"":{""Data"":[{""@Name"":""SubjectUserSid"",""#text"":""S-1-5-21-4230534742-2542757381-3142984815-1111""},{""@Name"":""SubjectUserName"",""#text"":""admmig""},{""@Name"":""SubjectDomainName"",""#text"":""OFFSEC""},{""@Name"":""SubjectLogonId"",""#text"":""0x493AC""},{""@Name"":""ObjectServer"",""#text"":""Security Account Manager""},{""@Name"":""HandleId"",""#text"":""0x1D35E2513E0""},{""@Name"":""ProcessId"",""#text"":""0x230""},{""@Name"":""ProcessName"",""#text"":""C:\\Windows\\System32\\lsass.exe""}]}}"
76,125523056,2021-03-26 16:59:25.1712219,4661,LogAlways,Microsoft-Windows-Security-Auditing,Security,4,344,rootdc1.offsec.lan,2,,Handle requested to an object,OFFSEC\admmig,,ObjectServer: Security Account Manager,ObjectType: SAM_USER,ObjectName: S-1-5-21-4230534742-2542757381-3142984815-1216,,,,C:\Windows\System32\lsass.exe,False,EVTX-to-MITRE-Attack\TA0006-Credential Access\T1003-Credential dumping\ID4661-4658 Mimikatz sekurlsa password dump SAM.evtx,Audit success,0,"{""EventData"":{""Data"":[{""@Name"":""SubjectUserSid"",""#text"":""S-1-5-21-4230534742-2542757381-3142984815-1111""},{""@Name"":""SubjectUserName"",""#text"":""admmig""},{""@Name"":""SubjectDomainName"",""#text"":""OFFSEC""},{""@Name"":""SubjectLogonId"",""#text"":""0x493AC""},{""@Name"":""ObjectServer"",""#text"":""Security Account Manager""},{""@Name"":""ObjectType"",""#text"":""SAM_USER""},{""@Name"":""ObjectName"",""#text"":""S-1-5-21-4230534742-2542757381-3142984815-1216""},{""@Name"":""HandleId"",""#text"":""0x1D35E2500A0""},{""@Name"":""TransactionId"",""#text"":""00000000-0000-0000-0000-000000000000""},{""@Name"":""AccessList"",""#text"":""%%1537, %%1538, %%1539, %%1540, %%5440, %%5441, %%5442, %%5443, %%5444, %%5445, %%5446, %%5447, %%5448, ""},{""@Name"":""AccessReason"",""#text"":""-""},{""@Name"":""AccessMask"",""#text"":""0xF01FF""},{""@Name"":""PrivilegeList"",""#text"":""-""},{""@Name"":""Properties"",""#text"":""---, {bf967aba-0de6-11d0-a285-00aa003049e2}, %%1537, %%1538, %%1539, %%1540, %%5440, %%5441, %%5442, %%5443, %%5444, %%5445, %%5446, %%5447, %%5448, {59ba2f42-79a2-11d0-9020-00c04fc2d3cf}, {bf967938-0de6-11d0-a285-00aa003049e2}, {5fd42471-1262-11d0-a060-00aa006c33ed}, {bf9679e8-0de6-11d0-a285-00aa003049e2}, {bf967a00-0de6-11d0-a285-00aa003049e2}, {3e0abfd0-126a-11d0-a060-00aa006c33ed}, {bf967a6a-0de6-11d0-a285-00aa003049e2}, {bf967953-0de6-11d0-a285-00aa003049e2}, {4c164200-20c0-11d0-a768-00aa006e0529}, {bf967915-0de6-11d0-a285-00aa003049e2}, {bf967a0a-0de6-11d0-a285-00aa003049e2}, {bf967a68-0de6-11d0-a285-00aa003049e2}, {bf967a6d-0de6-11d0-a285-00aa003049e2}, {5f202010-79a5-11d0-9020-00c04fc2d4cf}, {bf96792e-0de6-11d0-a285-00aa003049e2}, {bf967985-0de6-11d0-a285-00aa003049e2}, {bf967986-0de6-11d0-a285-00aa003049e2}, {bf967996-0de6-11d0-a285-00aa003049e2}, {bf967997-0de6-11d0-a285-00aa003049e2}, {bf9679aa-0de6-11d0-a285-00aa003049e2}, {bf9679ab-0de6-11d0-a285-00aa003049e2}, {bf9679ac-0de6-11d0-a285-00aa003049e2}, {bf967a05-0de6-11d0-a285-00aa003049e2}, {bf9679a8-0de6-11d0-a285-00aa003049e2}, {e48d0154-bcf8-11d1-8702-00c04fb96050}, {bf967950-0de6-11d0-a285-00aa003049e2}, {bc0ac240-79a9-11d0-9020-00c04fc2d4cf}, {bf967991-0de6-11d0-a285-00aa003049e2}, {ab721a53-1e2f-11d0-9819-00aa0040529b}, {00299570-246d-11d0-a768-00aa006e0529}, {7ed84960-ad10-11d0-8a92-00aa006e0529}, ""},{""@Name"":""RestrictedSidCount"",""#text"":""0""},{""@Name"":""ProcessId"",""#text"":""0x230""},{""@Name"":""ProcessName"",""#text"":""C:\\Windows\\System32\\lsass.exe""}]}}"
77,125523057,2021-03-26 16:59:25.1796791,4658,LogAlways,Microsoft-Windows-Security-Auditing,Security,4,344,rootdc1.offsec.lan,2,,The handle to an object was closed,OFFSEC\admmig,,SID: S-1-5-21-4230534742-2542757381-3142984815-1111,ObjectServer: Security Account Manager,HandleId: 0x1D35E2500A0,,,,C:\Windows\System32\lsass.exe (PID: 0x230),False,EVTX-to-MITRE-Attack\TA0006-Credential Access\T1003-Credential dumping\ID4661-4658 Mimikatz sekurlsa password dump SAM.evtx,Audit success,0,"{""EventData"":{""Data"":[{""@Name"":""SubjectUserSid"",""#text"":""S-1-5-21-4230534742-2542757381-3142984815-1111""},{""@Name"":""SubjectUserName"",""#text"":""admmig""},{""@Name"":""SubjectDomainName"",""#text"":""OFFSEC""},{""@Name"":""SubjectLogonId"",""#text"":""0x493AC""},{""@Name"":""ObjectServer"",""#text"":""Security Account Manager""},{""@Name"":""HandleId"",""#text"":""0x1D35E2500A0""},{""@Name"":""ProcessId"",""#text"":""0x230""},{""@Name"":""ProcessName"",""#text"":""C:\\Windows\\System32\\lsass.exe""}]}}"
78,125523058,2021-03-26 16:59:25.1798930,4661,LogAlways,Microsoft-Windows-Security-Auditing,Security,4,344,rootdc1.offsec.lan,2,,Handle requested to an object,OFFSEC\admmig,,ObjectServer: Security Account Manager,ObjectType: SAM_SERVER,ObjectName: SAM,,,,C:\Windows\System32\lsass.exe,False,EVTX-to-MITRE-Attack\TA0006-Credential Access\T1003-Credential dumping\ID4661-4658 Mimikatz sekurlsa password dump SAM.evtx,Audit success,0,"{""EventData"":{""Data"":[{""@Name"":""SubjectUserSid"",""#text"":""S-1-5-21-4230534742-2542757381-3142984815-1111""},{""@Name"":""SubjectUserName"",""#text"":""admmig""},{""@Name"":""SubjectDomainName"",""#text"":""OFFSEC""},{""@Name"":""SubjectLogonId"",""#text"":""0x493AC""},{""@Name"":""ObjectServer"",""#text"":""Security Account Manager""},{""@Name"":""ObjectType"",""#text"":""SAM_SERVER""},{""@Name"":""ObjectName"",""#text"":""SAM""},{""@Name"":""HandleId"",""#text"":""0x0""},{""@Name"":""TransactionId"",""#text"":""00000000-0000-0000-0000-000000000000""},{""@Name"":""AccessList"",""#text"":""%%5384, ""},{""@Name"":""AccessReason"",""#text"":""-""},{""@Name"":""AccessMask"",""#text"":""0x100""},{""@Name"":""PrivilegeList"",""#text"":""-""},{""@Name"":""Properties"",""#text"":""---, {bf967aad-0de6-11d0-a285-00aa003049e2}, %%5384, {91d67418-0135-4acc-8d79-c08e857cfbec}, ""},{""@Name"":""RestrictedSidCount"",""#text"":""0""},{""@Name"":""ProcessId"",""#text"":""0x230""},{""@Name"":""ProcessName"",""#text"":""C:\\Windows\\System32\\lsass.exe""}]}}"
79,125523059,2021-03-26 16:59:25.1883750,4661,LogAlways,Microsoft-Windows-Security-Auditing,Security,4,344,rootdc1.offsec.lan,2,,Handle requested to an object,OFFSEC\admmig,,ObjectServer: Security Account Manager,ObjectType: SAM_USER,ObjectName: S-1-5-21-4230534742-2542757381-3142984815-1217,,,,C:\Windows\System32\lsass.exe,False,EVTX-to-MITRE-Attack\TA0006-Credential Access\T1003-Credential dumping\ID4661-4658 Mimikatz sekurlsa password dump SAM.evtx,Audit success,0,"{""EventData"":{""Data"":[{""@Name"":""SubjectUserSid"",""#text"":""S-1-5-21-4230534742-2542757381-3142984815-1111""},{""@Name"":""SubjectUserName"",""#text"":""admmig""},{""@Name"":""SubjectDomainName"",""#text"":""OFFSEC""},{""@Name"":""SubjectLogonId"",""#text"":""0x493AC""},{""@Name"":""ObjectServer"",""#text"":""Security Account Manager""},{""@Name"":""ObjectType"",""#text"":""SAM_USER""},{""@Name"":""ObjectName"",""#text"":""S-1-5-21-4230534742-2542757381-3142984815-1217""},{""@Name"":""HandleId"",""#text"":""0x1D35E24FBD0""},{""@Name"":""TransactionId"",""#text"":""00000000-0000-0000-0000-000000000000""},{""@Name"":""AccessList"",""#text"":""%%1537, %%1538, %%1539, %%1540, %%5440, %%5441, %%5442, %%5443, %%5444, %%5445, %%5446, %%5447, %%5448, ""},{""@Name"":""AccessReason"",""#text"":""-""},{""@Name"":""AccessMask"",""#text"":""0xF01FF""},{""@Name"":""PrivilegeList"",""#text"":""-""},{""@Name"":""Properties"",""#text"":""---, {bf967aba-0de6-11d0-a285-00aa003049e2}, %%1537, %%1538, %%1539, %%1540, %%5440, %%5441, %%5442, %%5443, %%5444, %%5445, %%5446, %%5447, %%5448, {59ba2f42-79a2-11d0-9020-00c04fc2d3cf}, {bf967938-0de6-11d0-a285-00aa003049e2}, {5fd42471-1262-11d0-a060-00aa006c33ed}, {bf9679e8-0de6-11d0-a285-00aa003049e2}, {bf967a00-0de6-11d0-a285-00aa003049e2}, {3e0abfd0-126a-11d0-a060-00aa006c33ed}, {bf967a6a-0de6-11d0-a285-00aa003049e2}, {bf967953-0de6-11d0-a285-00aa003049e2}, {4c164200-20c0-11d0-a768-00aa006e0529}, {bf967915-0de6-11d0-a285-00aa003049e2}, {bf967a0a-0de6-11d0-a285-00aa003049e2}, {bf967a68-0de6-11d0-a285-00aa003049e2}, {bf967a6d-0de6-11d0-a285-00aa003049e2}, {5f202010-79a5-11d0-9020-00c04fc2d4cf}, {bf96792e-0de6-11d0-a285-00aa003049e2}, {bf967985-0de6-11d0-a285-00aa003049e2}, {bf967986-0de6-11d0-a285-00aa003049e2}, {bf967996-0de6-11d0-a285-00aa003049e2}, {bf967997-0de6-11d0-a285-00aa003049e2}, {bf9679aa-0de6-11d0-a285-00aa003049e2}, {bf9679ab-0de6-11d0-a285-00aa003049e2}, {bf9679ac-0de6-11d0-a285-00aa003049e2}, {bf967a05-0de6-11d0-a285-00aa003049e2}, {bf9679a8-0de6-11d0-a285-00aa003049e2}, {e48d0154-bcf8-11d1-8702-00c04fb96050}, {bf967950-0de6-11d0-a285-00aa003049e2}, {bc0ac240-79a9-11d0-9020-00c04fc2d4cf}, {bf967991-0de6-11d0-a285-00aa003049e2}, {ab721a53-1e2f-11d0-9819-00aa0040529b}, {00299570-246d-11d0-a768-00aa006e0529}, {7ed84960-ad10-11d0-8a92-00aa006e0529}, ""},{""@Name"":""RestrictedSidCount"",""#text"":""0""},{""@Name"":""ProcessId"",""#text"":""0x230""},{""@Name"":""ProcessName"",""#text"":""C:\\Windows\\System32\\lsass.exe""}]}}"
80,125523060,2021-03-26 16:59:25.2225215,4658,LogAlways,Microsoft-Windows-Security-Auditing,Security,4,344,rootdc1.offsec.lan,2,,The handle to an object was closed,OFFSEC\admmig,,SID: S-1-5-21-4230534742-2542757381-3142984815-1111,ObjectServer: Security Account Manager,HandleId: 0x1D35E24FBD0,,,,C:\Windows\System32\lsass.exe (PID: 0x230),False,EVTX-to-MITRE-Attack\TA0006-Credential Access\T1003-Credential dumping\ID4661-4658 Mimikatz sekurlsa password dump SAM.evtx,Audit success,0,"{""EventData"":{""Data"":[{""@Name"":""SubjectUserSid"",""#text"":""S-1-5-21-4230534742-2542757381-3142984815-1111""},{""@Name"":""SubjectUserName"",""#text"":""admmig""},{""@Name"":""SubjectDomainName"",""#text"":""OFFSEC""},{""@Name"":""SubjectLogonId"",""#text"":""0x493AC""},{""@Name"":""ObjectServer"",""#text"":""Security Account Manager""},{""@Name"":""HandleId"",""#text"":""0x1D35E24FBD0""},{""@Name"":""ProcessId"",""#text"":""0x230""},{""@Name"":""ProcessName"",""#text"":""C:\\Windows\\System32\\lsass.exe""}]}}"
81,125523061,2021-03-26 16:59:25.2266694,4661,LogAlways,Microsoft-Windows-Security-Auditing,Security,4,344,rootdc1.offsec.lan,2,,Handle requested to an object,OFFSEC\admmig,,ObjectServer: Security Account Manager,ObjectType: SAM_USER,ObjectName: S-1-5-21-4230534742-2542757381-3142984815-1218,,,,C:\Windows\System32\lsass.exe,False,EVTX-to-MITRE-Attack\TA0006-Credential Access\T1003-Credential dumping\ID4661-4658 Mimikatz sekurlsa password dump SAM.evtx,Audit success,0,"{""EventData"":{""Data"":[{""@Name"":""SubjectUserSid"",""#text"":""S-1-5-21-4230534742-2542757381-3142984815-1111""},{""@Name"":""SubjectUserName"",""#text"":""admmig""},{""@Name"":""SubjectDomainName"",""#text"":""OFFSEC""},{""@Name"":""SubjectLogonId"",""#text"":""0x493AC""},{""@Name"":""ObjectServer"",""#text"":""Security Account Manager""},{""@Name"":""ObjectType"",""#text"":""SAM_USER""},{""@Name"":""ObjectName"",""#text"":""S-1-5-21-4230534742-2542757381-3142984815-1218""},{""@Name"":""HandleId"",""#text"":""0x1D35E24FBD0""},{""@Name"":""TransactionId"",""#text"":""00000000-0000-0000-0000-000000000000""},{""@Name"":""AccessList"",""#text"":""%%1537, %%1538, %%1539, %%1540, %%5440, %%5441, %%5442, %%5443, %%5444, %%5445, %%5446, %%5447, %%5448, ""},{""@Name"":""AccessReason"",""#text"":""-""},{""@Name"":""AccessMask"",""#text"":""0xF01FF""},{""@Name"":""PrivilegeList"",""#text"":""-""},{""@Name"":""Properties"",""#text"":""---, {bf967aba-0de6-11d0-a285-00aa003049e2}, %%1537, %%1538, %%1539, %%1540, %%5440, %%5441, %%5442, %%5443, %%5444, %%5445, %%5446, %%5447, %%5448, {59ba2f42-79a2-11d0-9020-00c04fc2d3cf}, {bf967938-0de6-11d0-a285-00aa003049e2}, {5fd42471-1262-11d0-a060-00aa006c33ed}, {bf9679e8-0de6-11d0-a285-00aa003049e2}, {bf967a00-0de6-11d0-a285-00aa003049e2}, {3e0abfd0-126a-11d0-a060-00aa006c33ed}, {bf967a6a-0de6-11d0-a285-00aa003049e2}, {bf967953-0de6-11d0-a285-00aa003049e2}, {4c164200-20c0-11d0-a768-00aa006e0529}, {bf967915-0de6-11d0-a285-00aa003049e2}, {bf967a0a-0de6-11d0-a285-00aa003049e2}, {bf967a68-0de6-11d0-a285-00aa003049e2}, {bf967a6d-0de6-11d0-a285-00aa003049e2}, {5f202010-79a5-11d0-9020-00c04fc2d4cf}, {bf96792e-0de6-11d0-a285-00aa003049e2}, {bf967985-0de6-11d0-a285-00aa003049e2}, {bf967986-0de6-11d0-a285-00aa003049e2}, {bf967996-0de6-11d0-a285-00aa003049e2}, {bf967997-0de6-11d0-a285-00aa003049e2}, {bf9679aa-0de6-11d0-a285-00aa003049e2}, {bf9679ab-0de6-11d0-a285-00aa003049e2}, {bf9679ac-0de6-11d0-a285-00aa003049e2}, {bf967a05-0de6-11d0-a285-00aa003049e2}, {bf9679a8-0de6-11d0-a285-00aa003049e2}, {e48d0154-bcf8-11d1-8702-00c04fb96050}, {bf967950-0de6-11d0-a285-00aa003049e2}, {bc0ac240-79a9-11d0-9020-00c04fc2d4cf}, {bf967991-0de6-11d0-a285-00aa003049e2}, {ab721a53-1e2f-11d0-9819-00aa0040529b}, {00299570-246d-11d0-a768-00aa006e0529}, {7ed84960-ad10-11d0-8a92-00aa006e0529}, ""},{""@Name"":""RestrictedSidCount"",""#text"":""0""},{""@Name"":""ProcessId"",""#text"":""0x230""},{""@Name"":""ProcessName"",""#text"":""C:\\Windows\\System32\\lsass.exe""}]}}"
82,125523062,2021-03-26 16:59:25.2291099,4658,LogAlways,Microsoft-Windows-Security-Auditing,Security,4,344,rootdc1.offsec.lan,2,,The handle to an object was closed,OFFSEC\admmig,,SID: S-1-5-21-4230534742-2542757381-3142984815-1111,ObjectServer: Security Account Manager,HandleId: 0x1D35E24FBD0,,,,C:\Windows\System32\lsass.exe (PID: 0x230),False,EVTX-to-MITRE-Attack\TA0006-Credential Access\T1003-Credential dumping\ID4661-4658 Mimikatz sekurlsa password dump SAM.evtx,Audit success,0,"{""EventData"":{""Data"":[{""@Name"":""SubjectUserSid"",""#text"":""S-1-5-21-4230534742-2542757381-3142984815-1111""},{""@Name"":""SubjectUserName"",""#text"":""admmig""},{""@Name"":""SubjectDomainName"",""#text"":""OFFSEC""},{""@Name"":""SubjectLogonId"",""#text"":""0x493AC""},{""@Name"":""ObjectServer"",""#text"":""Security Account Manager""},{""@Name"":""HandleId"",""#text"":""0x1D35E24FBD0""},{""@Name"":""ProcessId"",""#text"":""0x230""},{""@Name"":""ProcessName"",""#text"":""C:\\Windows\\System32\\lsass.exe""}]}}"
83,125523063,2021-03-26 16:59:25.2292617,4661,LogAlways,Microsoft-Windows-Security-Auditing,Security,4,344,rootdc1.offsec.lan,2,,Handle requested to an object,OFFSEC\admmig,,ObjectServer: Security Account Manager,ObjectType: SAM_SERVER,ObjectName: SAM,,,,C:\Windows\System32\lsass.exe,False,EVTX-to-MITRE-Attack\TA0006-Credential Access\T1003-Credential dumping\ID4661-4658 Mimikatz sekurlsa password dump SAM.evtx,Audit success,0,"{""EventData"":{""Data"":[{""@Name"":""SubjectUserSid"",""#text"":""S-1-5-21-4230534742-2542757381-3142984815-1111""},{""@Name"":""SubjectUserName"",""#text"":""admmig""},{""@Name"":""SubjectDomainName"",""#text"":""OFFSEC""},{""@Name"":""SubjectLogonId"",""#text"":""0x493AC""},{""@Name"":""ObjectServer"",""#text"":""Security Account Manager""},{""@Name"":""ObjectType"",""#text"":""SAM_SERVER""},{""@Name"":""ObjectName"",""#text"":""SAM""},{""@Name"":""HandleId"",""#text"":""0x0""},{""@Name"":""TransactionId"",""#text"":""00000000-0000-0000-0000-000000000000""},{""@Name"":""AccessList"",""#text"":""%%5384, ""},{""@Name"":""AccessReason"",""#text"":""-""},{""@Name"":""AccessMask"",""#text"":""0x100""},{""@Name"":""PrivilegeList"",""#text"":""-""},{""@Name"":""Properties"",""#text"":""---, {bf967aad-0de6-11d0-a285-00aa003049e2}, %%5384, {91d67418-0135-4acc-8d79-c08e857cfbec}, ""},{""@Name"":""RestrictedSidCount"",""#text"":""0""},{""@Name"":""ProcessId"",""#text"":""0x230""},{""@Name"":""ProcessName"",""#text"":""C:\\Windows\\System32\\lsass.exe""}]}}"
84,125523064,2021-03-26 16:59:25.2331340,4661,LogAlways,Microsoft-Windows-Security-Auditing,Security,4,344,rootdc1.offsec.lan,2,,Handle requested to an object,OFFSEC\admmig,,ObjectServer: Security Account Manager,ObjectType: SAM_USER,ObjectName: S-1-5-21-4230534742-2542757381-3142984815-1220,,,,C:\Windows\System32\lsass.exe,False,EVTX-to-MITRE-Attack\TA0006-Credential Access\T1003-Credential dumping\ID4661-4658 Mimikatz sekurlsa password dump SAM.evtx,Audit success,0,"{""EventData"":{""Data"":[{""@Name"":""SubjectUserSid"",""#text"":""S-1-5-21-4230534742-2542757381-3142984815-1111""},{""@Name"":""SubjectUserName"",""#text"":""admmig""},{""@Name"":""SubjectDomainName"",""#text"":""OFFSEC""},{""@Name"":""SubjectLogonId"",""#text"":""0x493AC""},{""@Name"":""ObjectServer"",""#text"":""Security Account Manager""},{""@Name"":""ObjectType"",""#text"":""SAM_USER""},{""@Name"":""ObjectName"",""#text"":""S-1-5-21-4230534742-2542757381-3142984815-1220""},{""@Name"":""HandleId"",""#text"":""0x1D35E2530C0""},{""@Name"":""TransactionId"",""#text"":""00000000-0000-0000-0000-000000000000""},{""@Name"":""AccessList"",""#text"":""%%1537, %%1538, %%1539, %%1540, %%5440, %%5441, %%5442, %%5443, %%5444, %%5445, %%5446, %%5447, %%5448, ""},{""@Name"":""AccessReason"",""#text"":""-""},{""@Name"":""AccessMask"",""#text"":""0xF01FF""},{""@Name"":""PrivilegeList"",""#text"":""-""},{""@Name"":""Properties"",""#text"":""---, {bf967aba-0de6-11d0-a285-00aa003049e2}, %%1537, %%1538, %%1539, %%1540, %%5440, %%5441, %%5442, %%5443, %%5444, %%5445, %%5446, %%5447, %%5448, {59ba2f42-79a2-11d0-9020-00c04fc2d3cf}, {bf967938-0de6-11d0-a285-00aa003049e2}, {5fd42471-1262-11d0-a060-00aa006c33ed}, {bf9679e8-0de6-11d0-a285-00aa003049e2}, {bf967a00-0de6-11d0-a285-00aa003049e2}, {3e0abfd0-126a-11d0-a060-00aa006c33ed}, {bf967a6a-0de6-11d0-a285-00aa003049e2}, {bf967953-0de6-11d0-a285-00aa003049e2}, {4c164200-20c0-11d0-a768-00aa006e0529}, {bf967915-0de6-11d0-a285-00aa003049e2}, {bf967a0a-0de6-11d0-a285-00aa003049e2}, {bf967a68-0de6-11d0-a285-00aa003049e2}, {bf967a6d-0de6-11d0-a285-00aa003049e2}, {5f202010-79a5-11d0-9020-00c04fc2d4cf}, {bf96792e-0de6-11d0-a285-00aa003049e2}, {bf967985-0de6-11d0-a285-00aa003049e2}, {bf967986-0de6-11d0-a285-00aa003049e2}, {bf967996-0de6-11d0-a285-00aa003049e2}, {bf967997-0de6-11d0-a285-00aa003049e2}, {bf9679aa-0de6-11d0-a285-00aa003049e2}, {bf9679ab-0de6-11d0-a285-00aa003049e2}, {bf9679ac-0de6-11d0-a285-00aa003049e2}, {bf967a05-0de6-11d0-a285-00aa003049e2}, {bf9679a8-0de6-11d0-a285-00aa003049e2}, {e48d0154-bcf8-11d1-8702-00c04fb96050}, {bf967950-0de6-11d0-a285-00aa003049e2}, {bc0ac240-79a9-11d0-9020-00c04fc2d4cf}, {bf967991-0de6-11d0-a285-00aa003049e2}, {ab721a53-1e2f-11d0-9819-00aa0040529b}, {00299570-246d-11d0-a768-00aa006e0529}, {7ed84960-ad10-11d0-8a92-00aa006e0529}, ""},{""@Name"":""RestrictedSidCount"",""#text"":""0""},{""@Name"":""ProcessId"",""#text"":""0x230""},{""@Name"":""ProcessName"",""#text"":""C:\\Windows\\System32\\lsass.exe""}]}}"
85,125523065,2021-03-26 16:59:25.2361629,4658,LogAlways,Microsoft-Windows-Security-Auditing,Security,4,344,rootdc1.offsec.lan,2,,The handle to an object was closed,OFFSEC\admmig,,SID: S-1-5-21-4230534742-2542757381-3142984815-1111,ObjectServer: Security Account Manager,HandleId: 0x1D35E2530C0,,,,C:\Windows\System32\lsass.exe (PID: 0x230),False,EVTX-to-MITRE-Attack\TA0006-Credential Access\T1003-Credential dumping\ID4661-4658 Mimikatz sekurlsa password dump SAM.evtx,Audit success,0,"{""EventData"":{""Data"":[{""@Name"":""SubjectUserSid"",""#text"":""S-1-5-21-4230534742-2542757381-3142984815-1111""},{""@Name"":""SubjectUserName"",""#text"":""admmig""},{""@Name"":""SubjectDomainName"",""#text"":""OFFSEC""},{""@Name"":""SubjectLogonId"",""#text"":""0x493AC""},{""@Name"":""ObjectServer"",""#text"":""Security Account Manager""},{""@Name"":""HandleId"",""#text"":""0x1D35E2530C0""},{""@Name"":""ProcessId"",""#text"":""0x230""},{""@Name"":""ProcessName"",""#text"":""C:\\Windows\\System32\\lsass.exe""}]}}"
86,125523066,2021-03-26 16:59:25.2427260,4661,LogAlways,Microsoft-Windows-Security-Auditing,Security,4,344,rootdc1.offsec.lan,2,,Handle requested to an object,OFFSEC\admmig,,ObjectServer: Security Account Manager,ObjectType: SAM_USER,ObjectName: S-1-5-21-4230534742-2542757381-3142984815-1221,,,,C:\Windows\System32\lsass.exe,False,EVTX-to-MITRE-Attack\TA0006-Credential Access\T1003-Credential dumping\ID4661-4658 Mimikatz sekurlsa password dump SAM.evtx,Audit success,0,"{""EventData"":{""Data"":[{""@Name"":""SubjectUserSid"",""#text"":""S-1-5-21-4230534742-2542757381-3142984815-1111""},{""@Name"":""SubjectUserName"",""#text"":""admmig""},{""@Name"":""SubjectDomainName"",""#text"":""OFFSEC""},{""@Name"":""SubjectLogonId"",""#text"":""0x493AC""},{""@Name"":""ObjectServer"",""#text"":""Security Account Manager""},{""@Name"":""ObjectType"",""#text"":""SAM_USER""},{""@Name"":""ObjectName"",""#text"":""S-1-5-21-4230534742-2542757381-3142984815-1221""},{""@Name"":""HandleId"",""#text"":""0x1D35E252BF0""},{""@Name"":""TransactionId"",""#text"":""00000000-0000-0000-0000-000000000000""},{""@Name"":""AccessList"",""#text"":""%%1537, %%1538, %%1539, %%1540, %%5440, %%5441, %%5442, %%5443, %%5444, %%5445, %%5446, %%5447, %%5448, ""},{""@Name"":""AccessReason"",""#text"":""-""},{""@Name"":""AccessMask"",""#text"":""0xF01FF""},{""@Name"":""PrivilegeList"",""#text"":""-""},{""@Name"":""Properties"",""#text"":""---, {bf967aba-0de6-11d0-a285-00aa003049e2}, %%1537, %%1538, %%1539, %%1540, %%5440, %%5441, %%5442, %%5443, %%5444, %%5445, %%5446, %%5447, %%5448, {59ba2f42-79a2-11d0-9020-00c04fc2d3cf}, {bf967938-0de6-11d0-a285-00aa003049e2}, {5fd42471-1262-11d0-a060-00aa006c33ed}, {bf9679e8-0de6-11d0-a285-00aa003049e2}, {bf967a00-0de6-11d0-a285-00aa003049e2}, {3e0abfd0-126a-11d0-a060-00aa006c33ed}, {bf967a6a-0de6-11d0-a285-00aa003049e2}, {bf967953-0de6-11d0-a285-00aa003049e2}, {4c164200-20c0-11d0-a768-00aa006e0529}, {bf967915-0de6-11d0-a285-00aa003049e2}, {bf967a0a-0de6-11d0-a285-00aa003049e2}, {bf967a68-0de6-11d0-a285-00aa003049e2}, {bf967a6d-0de6-11d0-a285-00aa003049e2}, {5f202010-79a5-11d0-9020-00c04fc2d4cf}, {bf96792e-0de6-11d0-a285-00aa003049e2}, {bf967985-0de6-11d0-a285-00aa003049e2}, {bf967986-0de6-11d0-a285-00aa003049e2}, {bf967996-0de6-11d0-a285-00aa003049e2}, {bf967997-0de6-11d0-a285-00aa003049e2}, {bf9679aa-0de6-11d0-a285-00aa003049e2}, {bf9679ab-0de6-11d0-a285-00aa003049e2}, {bf9679ac-0de6-11d0-a285-00aa003049e2}, {bf967a05-0de6-11d0-a285-00aa003049e2}, {bf9679a8-0de6-11d0-a285-00aa003049e2}, {e48d0154-bcf8-11d1-8702-00c04fb96050}, {bf967950-0de6-11d0-a285-00aa003049e2}, {bc0ac240-79a9-11d0-9020-00c04fc2d4cf}, {bf967991-0de6-11d0-a285-00aa003049e2}, {ab721a53-1e2f-11d0-9819-00aa0040529b}, {00299570-246d-11d0-a768-00aa006e0529}, {7ed84960-ad10-11d0-8a92-00aa006e0529}, ""},{""@Name"":""RestrictedSidCount"",""#text"":""0""},{""@Name"":""ProcessId"",""#text"":""0x230""},{""@Name"":""ProcessName"",""#text"":""C:\\Windows\\System32\\lsass.exe""}]}}"
87,125523067,2021-03-26 16:59:25.2459894,4658,LogAlways,Microsoft-Windows-Security-Auditing,Security,4,344,rootdc1.offsec.lan,2,,The handle to an object was closed,OFFSEC\admmig,,SID: S-1-5-21-4230534742-2542757381-3142984815-1111,ObjectServer: Security Account Manager,HandleId: 0x1D35E252BF0,,,,C:\Windows\System32\lsass.exe (PID: 0x230),False,EVTX-to-MITRE-Attack\TA0006-Credential Access\T1003-Credential dumping\ID4661-4658 Mimikatz sekurlsa password dump SAM.evtx,Audit success,0,"{""EventData"":{""Data"":[{""@Name"":""SubjectUserSid"",""#text"":""S-1-5-21-4230534742-2542757381-3142984815-1111""},{""@Name"":""SubjectUserName"",""#text"":""admmig""},{""@Name"":""SubjectDomainName"",""#text"":""OFFSEC""},{""@Name"":""SubjectLogonId"",""#text"":""0x493AC""},{""@Name"":""ObjectServer"",""#text"":""Security Account Manager""},{""@Name"":""HandleId"",""#text"":""0x1D35E252BF0""},{""@Name"":""ProcessId"",""#text"":""0x230""},{""@Name"":""ProcessName"",""#text"":""C:\\Windows\\System32\\lsass.exe""}]}}"
88,125523068,2021-03-26 16:59:25.2461897,4661,LogAlways,Microsoft-Windows-Security-Auditing,Security,4,344,rootdc1.offsec.lan,2,,Handle requested to an object,OFFSEC\admmig,,ObjectServer: Security Account Manager,ObjectType: SAM_SERVER,ObjectName: SAM,,,,C:\Windows\System32\lsass.exe,False,EVTX-to-MITRE-Attack\TA0006-Credential Access\T1003-Credential dumping\ID4661-4658 Mimikatz sekurlsa password dump SAM.evtx,Audit success,0,"{""EventData"":{""Data"":[{""@Name"":""SubjectUserSid"",""#text"":""S-1-5-21-4230534742-2542757381-3142984815-1111""},{""@Name"":""SubjectUserName"",""#text"":""admmig""},{""@Name"":""SubjectDomainName"",""#text"":""OFFSEC""},{""@Name"":""SubjectLogonId"",""#text"":""0x493AC""},{""@Name"":""ObjectServer"",""#text"":""Security Account Manager""},{""@Name"":""ObjectType"",""#text"":""SAM_SERVER""},{""@Name"":""ObjectName"",""#text"":""SAM""},{""@Name"":""HandleId"",""#text"":""0x0""},{""@Name"":""TransactionId"",""#text"":""00000000-0000-0000-0000-000000000000""},{""@Name"":""AccessList"",""#text"":""%%5384, ""},{""@Name"":""AccessReason"",""#text"":""-""},{""@Name"":""AccessMask"",""#text"":""0x100""},{""@Name"":""PrivilegeList"",""#text"":""-""},{""@Name"":""Properties"",""#text"":""---, {bf967aad-0de6-11d0-a285-00aa003049e2}, %%5384, {91d67418-0135-4acc-8d79-c08e857cfbec}, ""},{""@Name"":""RestrictedSidCount"",""#text"":""0""},{""@Name"":""ProcessId"",""#text"":""0x230""},{""@Name"":""ProcessName"",""#text"":""C:\\Windows\\System32\\lsass.exe""}]}}"
89,125523069,2021-03-26 16:59:25.2528565,4661,LogAlways,Microsoft-Windows-Security-Auditing,Security,4,344,rootdc1.offsec.lan,2,,Handle requested to an object,OFFSEC\admmig,,ObjectServer: Security Account Manager,ObjectType: SAM_USER,ObjectName: S-1-5-21-4230534742-2542757381-3142984815-1222,,,,C:\Windows\System32\lsass.exe,False,EVTX-to-MITRE-Attack\TA0006-Credential Access\T1003-Credential dumping\ID4661-4658 Mimikatz sekurlsa password dump SAM.evtx,Audit success,0,"{""EventData"":{""Data"":[{""@Name"":""SubjectUserSid"",""#text"":""S-1-5-21-4230534742-2542757381-3142984815-1111""},{""@Name"":""SubjectUserName"",""#text"":""admmig""},{""@Name"":""SubjectDomainName"",""#text"":""OFFSEC""},{""@Name"":""SubjectLogonId"",""#text"":""0x493AC""},{""@Name"":""ObjectServer"",""#text"":""Security Account Manager""},{""@Name"":""ObjectType"",""#text"":""SAM_USER""},{""@Name"":""ObjectName"",""#text"":""S-1-5-21-4230534742-2542757381-3142984815-1222""},{""@Name"":""HandleId"",""#text"":""0x1D35E252250""},{""@Name"":""TransactionId"",""#text"":""00000000-0000-0000-0000-000000000000""},{""@Name"":""AccessList"",""#text"":""%%1537, %%1538, %%1539, %%1540, %%5440, %%5441, %%5442, %%5443, %%5444, %%5445, %%5446, %%5447, %%5448, ""},{""@Name"":""AccessReason"",""#text"":""-""},{""@Name"":""AccessMask"",""#text"":""0xF01FF""},{""@Name"":""PrivilegeList"",""#text"":""-""},{""@Name"":""Properties"",""#text"":""---, {bf967aba-0de6-11d0-a285-00aa003049e2}, %%1537, %%1538, %%1539, %%1540, %%5440, %%5441, %%5442, %%5443, %%5444, %%5445, %%5446, %%5447, %%5448, {59ba2f42-79a2-11d0-9020-00c04fc2d3cf}, {bf967938-0de6-11d0-a285-00aa003049e2}, {5fd42471-1262-11d0-a060-00aa006c33ed}, {bf9679e8-0de6-11d0-a285-00aa003049e2}, {bf967a00-0de6-11d0-a285-00aa003049e2}, {3e0abfd0-126a-11d0-a060-00aa006c33ed}, {bf967a6a-0de6-11d0-a285-00aa003049e2}, {bf967953-0de6-11d0-a285-00aa003049e2}, {4c164200-20c0-11d0-a768-00aa006e0529}, {bf967915-0de6-11d0-a285-00aa003049e2}, {bf967a0a-0de6-11d0-a285-00aa003049e2}, {bf967a68-0de6-11d0-a285-00aa003049e2}, {bf967a6d-0de6-11d0-a285-00aa003049e2}, {5f202010-79a5-11d0-9020-00c04fc2d4cf}, {bf96792e-0de6-11d0-a285-00aa003049e2}, {bf967985-0de6-11d0-a285-00aa003049e2}, {bf967986-0de6-11d0-a285-00aa003049e2}, {bf967996-0de6-11d0-a285-00aa003049e2}, {bf967997-0de6-11d0-a285-00aa003049e2}, {bf9679aa-0de6-11d0-a285-00aa003049e2}, {bf9679ab-0de6-11d0-a285-00aa003049e2}, {bf9679ac-0de6-11d0-a285-00aa003049e2}, {bf967a05-0de6-11d0-a285-00aa003049e2}, {bf9679a8-0de6-11d0-a285-00aa003049e2}, {e48d0154-bcf8-11d1-8702-00c04fb96050}, {bf967950-0de6-11d0-a285-00aa003049e2}, {bc0ac240-79a9-11d0-9020-00c04fc2d4cf}, {bf967991-0de6-11d0-a285-00aa003049e2}, {ab721a53-1e2f-11d0-9819-00aa0040529b}, {00299570-246d-11d0-a768-00aa006e0529}, {7ed84960-ad10-11d0-8a92-00aa006e0529}, ""},{""@Name"":""RestrictedSidCount"",""#text"":""0""},{""@Name"":""ProcessId"",""#text"":""0x230""},{""@Name"":""ProcessName"",""#text"":""C:\\Windows\\System32\\lsass.exe""}]}}"
90,125523070,2021-03-26 16:59:25.2589754,4658,LogAlways,Microsoft-Windows-Security-Auditing,Security,4,344,rootdc1.offsec.lan,2,,The handle to an object was closed,OFFSEC\admmig,,SID: S-1-5-21-4230534742-2542757381-3142984815-1111,ObjectServer: Security Account Manager,HandleId: 0x1D35E252250,,,,C:\Windows\System32\lsass.exe (PID: 0x230),False,EVTX-to-MITRE-Attack\TA0006-Credential Access\T1003-Credential dumping\ID4661-4658 Mimikatz sekurlsa password dump SAM.evtx,Audit success,0,"{""EventData"":{""Data"":[{""@Name"":""SubjectUserSid"",""#text"":""S-1-5-21-4230534742-2542757381-3142984815-1111""},{""@Name"":""SubjectUserName"",""#text"":""admmig""},{""@Name"":""SubjectDomainName"",""#text"":""OFFSEC""},{""@Name"":""SubjectLogonId"",""#text"":""0x493AC""},{""@Name"":""ObjectServer"",""#text"":""Security Account Manager""},{""@Name"":""HandleId"",""#text"":""0x1D35E252250""},{""@Name"":""ProcessId"",""#text"":""0x230""},{""@Name"":""ProcessName"",""#text"":""C:\\Windows\\System32\\lsass.exe""}]}}"
91,125523071,2021-03-26 16:59:25.2630120,4661,LogAlways,Microsoft-Windows-Security-Auditing,Security,4,344,rootdc1.offsec.lan,2,,Handle requested to an object,OFFSEC\admmig,,ObjectServer: Security Account Manager,ObjectType: SAM_USER,ObjectName: S-1-5-21-4230534742-2542757381-3142984815-1223,,,,C:\Windows\System32\lsass.exe,False,EVTX-to-MITRE-Attack\TA0006-Credential Access\T1003-Credential dumping\ID4661-4658 Mimikatz sekurlsa password dump SAM.evtx,Audit success,0,"{""EventData"":{""Data"":[{""@Name"":""SubjectUserSid"",""#text"":""S-1-5-21-4230534742-2542757381-3142984815-1111""},{""@Name"":""SubjectUserName"",""#text"":""admmig""},{""@Name"":""SubjectDomainName"",""#text"":""OFFSEC""},{""@Name"":""SubjectLogonId"",""#text"":""0x493AC""},{""@Name"":""ObjectServer"",""#text"":""Security Account Manager""},{""@Name"":""ObjectType"",""#text"":""SAM_USER""},{""@Name"":""ObjectName"",""#text"":""S-1-5-21-4230534742-2542757381-3142984815-1223""},{""@Name"":""HandleId"",""#text"":""0x1D35E252250""},{""@Name"":""TransactionId"",""#text"":""00000000-0000-0000-0000-000000000000""},{""@Name"":""AccessList"",""#text"":""%%1537, %%1538, %%1539, %%1540, %%5440, %%5441, %%5442, %%5443, %%5444, %%5445, %%5446, %%5447, %%5448, ""},{""@Name"":""AccessReason"",""#text"":""-""},{""@Name"":""AccessMask"",""#text"":""0xF01FF""},{""@Name"":""PrivilegeList"",""#text"":""-""},{""@Name"":""Properties"",""#text"":""---, {bf967aba-0de6-11d0-a285-00aa003049e2}, %%1537, %%1538, %%1539, %%1540, %%5440, %%5441, %%5442, %%5443, %%5444, %%5445, %%5446, %%5447, %%5448, {59ba2f42-79a2-11d0-9020-00c04fc2d3cf}, {bf967938-0de6-11d0-a285-00aa003049e2}, {5fd42471-1262-11d0-a060-00aa006c33ed}, {bf9679e8-0de6-11d0-a285-00aa003049e2}, {bf967a00-0de6-11d0-a285-00aa003049e2}, {3e0abfd0-126a-11d0-a060-00aa006c33ed}, {bf967a6a-0de6-11d0-a285-00aa003049e2}, {bf967953-0de6-11d0-a285-00aa003049e2}, {4c164200-20c0-11d0-a768-00aa006e0529}, {bf967915-0de6-11d0-a285-00aa003049e2}, {bf967a0a-0de6-11d0-a285-00aa003049e2}, {bf967a68-0de6-11d0-a285-00aa003049e2}, {bf967a6d-0de6-11d0-a285-00aa003049e2}, {5f202010-79a5-11d0-9020-00c04fc2d4cf}, {bf96792e-0de6-11d0-a285-00aa003049e2}, {bf967985-0de6-11d0-a285-00aa003049e2}, {bf967986-0de6-11d0-a285-00aa003049e2}, {bf967996-0de6-11d0-a285-00aa003049e2}, {bf967997-0de6-11d0-a285-00aa003049e2}, {bf9679aa-0de6-11d0-a285-00aa003049e2}, {bf9679ab-0de6-11d0-a285-00aa003049e2}, {bf9679ac-0de6-11d0-a285-00aa003049e2}, {bf967a05-0de6-11d0-a285-00aa003049e2}, {bf9679a8-0de6-11d0-a285-00aa003049e2}, {e48d0154-bcf8-11d1-8702-00c04fb96050}, {bf967950-0de6-11d0-a285-00aa003049e2}, {bc0ac240-79a9-11d0-9020-00c04fc2d4cf}, {bf967991-0de6-11d0-a285-00aa003049e2}, {ab721a53-1e2f-11d0-9819-00aa0040529b}, {00299570-246d-11d0-a768-00aa006e0529}, {7ed84960-ad10-11d0-8a92-00aa006e0529}, ""},{""@Name"":""RestrictedSidCount"",""#text"":""0""},{""@Name"":""ProcessId"",""#text"":""0x230""},{""@Name"":""ProcessName"",""#text"":""C:\\Windows\\System32\\lsass.exe""}]}}"
92,125523072,2021-03-26 16:59:25.2653600,4658,LogAlways,Microsoft-Windows-Security-Auditing,Security,4,344,rootdc1.offsec.lan,2,,The handle to an object was closed,OFFSEC\admmig,,SID: S-1-5-21-4230534742-2542757381-3142984815-1111,ObjectServer: Security Account Manager,HandleId: 0x1D35E252250,,,,C:\Windows\System32\lsass.exe (PID: 0x230),False,EVTX-to-MITRE-Attack\TA0006-Credential Access\T1003-Credential dumping\ID4661-4658 Mimikatz sekurlsa password dump SAM.evtx,Audit success,0,"{""EventData"":{""Data"":[{""@Name"":""SubjectUserSid"",""#text"":""S-1-5-21-4230534742-2542757381-3142984815-1111""},{""@Name"":""SubjectUserName"",""#text"":""admmig""},{""@Name"":""SubjectDomainName"",""#text"":""OFFSEC""},{""@Name"":""SubjectLogonId"",""#text"":""0x493AC""},{""@Name"":""ObjectServer"",""#text"":""Security Account Manager""},{""@Name"":""HandleId"",""#text"":""0x1D35E252250""},{""@Name"":""ProcessId"",""#text"":""0x230""},{""@Name"":""ProcessName"",""#text"":""C:\\Windows\\System32\\lsass.exe""}]}}"
93,125523073,2021-03-26 16:59:25.2655374,4661,LogAlways,Microsoft-Windows-Security-Auditing,Security,4,344,rootdc1.offsec.lan,2,,Handle requested to an object,OFFSEC\admmig,,ObjectServer: Security Account Manager,ObjectType: SAM_SERVER,ObjectName: SAM,,,,C:\Windows\System32\lsass.exe,False,EVTX-to-MITRE-Attack\TA0006-Credential Access\T1003-Credential dumping\ID4661-4658 Mimikatz sekurlsa password dump SAM.evtx,Audit success,0,"{""EventData"":{""Data"":[{""@Name"":""SubjectUserSid"",""#text"":""S-1-5-21-4230534742-2542757381-3142984815-1111""},{""@Name"":""SubjectUserName"",""#text"":""admmig""},{""@Name"":""SubjectDomainName"",""#text"":""OFFSEC""},{""@Name"":""SubjectLogonId"",""#text"":""0x493AC""},{""@Name"":""ObjectServer"",""#text"":""Security Account Manager""},{""@Name"":""ObjectType"",""#text"":""SAM_SERVER""},{""@Name"":""ObjectName"",""#text"":""SAM""},{""@Name"":""HandleId"",""#text"":""0x0""},{""@Name"":""TransactionId"",""#text"":""00000000-0000-0000-0000-000000000000""},{""@Name"":""AccessList"",""#text"":""%%5384, ""},{""@Name"":""AccessReason"",""#text"":""-""},{""@Name"":""AccessMask"",""#text"":""0x100""},{""@Name"":""PrivilegeList"",""#text"":""-""},{""@Name"":""Properties"",""#text"":""---, {bf967aad-0de6-11d0-a285-00aa003049e2}, %%5384, {91d67418-0135-4acc-8d79-c08e857cfbec}, ""},{""@Name"":""RestrictedSidCount"",""#text"":""0""},{""@Name"":""ProcessId"",""#text"":""0x230""},{""@Name"":""ProcessName"",""#text"":""C:\\Windows\\System32\\lsass.exe""}]}}"
94,125523074,2021-03-26 16:59:25.2689618,4661,LogAlways,Microsoft-Windows-Security-Auditing,Security,4,344,rootdc1.offsec.lan,2,,Handle requested to an object,OFFSEC\admmig,,ObjectServer: Security Account Manager,ObjectType: SAM_USER,ObjectName: S-1-5-21-4230534742-2542757381-3142984815-1224,,,,C:\Windows\System32\lsass.exe,False,EVTX-to-MITRE-Attack\TA0006-Credential Access\T1003-Credential dumping\ID4661-4658 Mimikatz sekurlsa password dump SAM.evtx,Audit success,0,"{""EventData"":{""Data"":[{""@Name"":""SubjectUserSid"",""#text"":""S-1-5-21-4230534742-2542757381-3142984815-1111""},{""@Name"":""SubjectUserName"",""#text"":""admmig""},{""@Name"":""SubjectDomainName"",""#text"":""OFFSEC""},{""@Name"":""SubjectLogonId"",""#text"":""0x493AC""},{""@Name"":""ObjectServer"",""#text"":""Security Account Manager""},{""@Name"":""ObjectType"",""#text"":""SAM_USER""},{""@Name"":""ObjectName"",""#text"":""S-1-5-21-4230534742-2542757381-3142984815-1224""},{""@Name"":""HandleId"",""#text"":""0x1D35E252BF0""},{""@Name"":""TransactionId"",""#text"":""00000000-0000-0000-0000-000000000000""},{""@Name"":""AccessList"",""#text"":""%%1537, %%1538, %%1539, %%1540, %%5440, %%5441, %%5442, %%5443, %%5444, %%5445, %%5446, %%5447, %%5448, ""},{""@Name"":""AccessReason"",""#text"":""-""},{""@Name"":""AccessMask"",""#text"":""0xF01FF""},{""@Name"":""PrivilegeList"",""#text"":""-""},{""@Name"":""Properties"",""#text"":""---, {bf967aba-0de6-11d0-a285-00aa003049e2}, %%1537, %%1538, %%1539, %%1540, %%5440, %%5441, %%5442, %%5443, %%5444, %%5445, %%5446, %%5447, %%5448, {59ba2f42-79a2-11d0-9020-00c04fc2d3cf}, {bf967938-0de6-11d0-a285-00aa003049e2}, {5fd42471-1262-11d0-a060-00aa006c33ed}, {bf9679e8-0de6-11d0-a285-00aa003049e2}, {bf967a00-0de6-11d0-a285-00aa003049e2}, {3e0abfd0-126a-11d0-a060-00aa006c33ed}, {bf967a6a-0de6-11d0-a285-00aa003049e2}, {bf967953-0de6-11d0-a285-00aa003049e2}, {4c164200-20c0-11d0-a768-00aa006e0529}, {bf967915-0de6-11d0-a285-00aa003049e2}, {bf967a0a-0de6-11d0-a285-00aa003049e2}, {bf967a68-0de6-11d0-a285-00aa003049e2}, {bf967a6d-0de6-11d0-a285-00aa003049e2}, {5f202010-79a5-11d0-9020-00c04fc2d4cf}, {bf96792e-0de6-11d0-a285-00aa003049e2}, {bf967985-0de6-11d0-a285-00aa003049e2}, {bf967986-0de6-11d0-a285-00aa003049e2}, {bf967996-0de6-11d0-a285-00aa003049e2}, {bf967997-0de6-11d0-a285-00aa003049e2}, {bf9679aa-0de6-11d0-a285-00aa003049e2}, {bf9679ab-0de6-11d0-a285-00aa003049e2}, {bf9679ac-0de6-11d0-a285-00aa003049e2}, {bf967a05-0de6-11d0-a285-00aa003049e2}, {bf9679a8-0de6-11d0-a285-00aa003049e2}, {e48d0154-bcf8-11d1-8702-00c04fb96050}, {bf967950-0de6-11d0-a285-00aa003049e2}, {bc0ac240-79a9-11d0-9020-00c04fc2d4cf}, {bf967991-0de6-11d0-a285-00aa003049e2}, {ab721a53-1e2f-11d0-9819-00aa0040529b}, {00299570-246d-11d0-a768-00aa006e0529}, {7ed84960-ad10-11d0-8a92-00aa006e0529}, ""},{""@Name"":""RestrictedSidCount"",""#text"":""0""},{""@Name"":""ProcessId"",""#text"":""0x230""},{""@Name"":""ProcessName"",""#text"":""C:\\Windows\\System32\\lsass.exe""}]}}"
95,125523075,2021-03-26 16:59:25.2722181,4658,LogAlways,Microsoft-Windows-Security-Auditing,Security,4,344,rootdc1.offsec.lan,2,,The handle to an object was closed,OFFSEC\admmig,,SID: S-1-5-21-4230534742-2542757381-3142984815-1111,ObjectServer: Security Account Manager,HandleId: 0x1D35E252BF0,,,,C:\Windows\System32\lsass.exe (PID: 0x230),False,EVTX-to-MITRE-Attack\TA0006-Credential Access\T1003-Credential dumping\ID4661-4658 Mimikatz sekurlsa password dump SAM.evtx,Audit success,0,"{""EventData"":{""Data"":[{""@Name"":""SubjectUserSid"",""#text"":""S-1-5-21-4230534742-2542757381-3142984815-1111""},{""@Name"":""SubjectUserName"",""#text"":""admmig""},{""@Name"":""SubjectDomainName"",""#text"":""OFFSEC""},{""@Name"":""SubjectLogonId"",""#text"":""0x493AC""},{""@Name"":""ObjectServer"",""#text"":""Security Account Manager""},{""@Name"":""HandleId"",""#text"":""0x1D35E252BF0""},{""@Name"":""ProcessId"",""#text"":""0x230""},{""@Name"":""ProcessName"",""#text"":""C:\\Windows\\System32\\lsass.exe""}]}}"
96,125523076,2021-03-26 16:59:25.2932189,4661,LogAlways,Microsoft-Windows-Security-Auditing,Security,4,344,rootdc1.offsec.lan,3,,Handle requested to an object,OFFSEC\admmig,,ObjectServer: Security Account Manager,ObjectType: SAM_USER,ObjectName: S-1-5-21-4230534742-2542757381-3142984815-1225,,,,C:\Windows\System32\lsass.exe,False,EVTX-to-MITRE-Attack\TA0006-Credential Access\T1003-Credential dumping\ID4661-4658 Mimikatz sekurlsa password dump SAM.evtx,Audit success,0,"{""EventData"":{""Data"":[{""@Name"":""SubjectUserSid"",""#text"":""S-1-5-21-4230534742-2542757381-3142984815-1111""},{""@Name"":""SubjectUserName"",""#text"":""admmig""},{""@Name"":""SubjectDomainName"",""#text"":""OFFSEC""},{""@Name"":""SubjectLogonId"",""#text"":""0x493AC""},{""@Name"":""ObjectServer"",""#text"":""Security Account Manager""},{""@Name"":""ObjectType"",""#text"":""SAM_USER""},{""@Name"":""ObjectName"",""#text"":""S-1-5-21-4230534742-2542757381-3142984815-1225""},{""@Name"":""HandleId"",""#text"":""0x1D35E2530C0""},{""@Name"":""TransactionId"",""#text"":""00000000-0000-0000-0000-000000000000""},{""@Name"":""AccessList"",""#text"":""%%1537, %%1538, %%1539, %%1540, %%5440, %%5441, %%5442, %%5443, %%5444, %%5445, %%5446, %%5447, %%5448, ""},{""@Name"":""AccessReason"",""#text"":""-""},{""@Name"":""AccessMask"",""#text"":""0xF01FF""},{""@Name"":""PrivilegeList"",""#text"":""-""},{""@Name"":""Properties"",""#text"":""---, {bf967aba-0de6-11d0-a285-00aa003049e2}, %%1537, %%1538, %%1539, %%1540, %%5440, %%5441, %%5442, %%5443, %%5444, %%5445, %%5446, %%5447, %%5448, {59ba2f42-79a2-11d0-9020-00c04fc2d3cf}, {bf967938-0de6-11d0-a285-00aa003049e2}, {5fd42471-1262-11d0-a060-00aa006c33ed}, {bf9679e8-0de6-11d0-a285-00aa003049e2}, {bf967a00-0de6-11d0-a285-00aa003049e2}, {3e0abfd0-126a-11d0-a060-00aa006c33ed}, {bf967a6a-0de6-11d0-a285-00aa003049e2}, {bf967953-0de6-11d0-a285-00aa003049e2}, {4c164200-20c0-11d0-a768-00aa006e0529}, {bf967915-0de6-11d0-a285-00aa003049e2}, {bf967a0a-0de6-11d0-a285-00aa003049e2}, {bf967a68-0de6-11d0-a285-00aa003049e2}, {bf967a6d-0de6-11d0-a285-00aa003049e2}, {5f202010-79a5-11d0-9020-00c04fc2d4cf}, {bf96792e-0de6-11d0-a285-00aa003049e2}, {bf967985-0de6-11d0-a285-00aa003049e2}, {bf967986-0de6-11d0-a285-00aa003049e2}, {bf967996-0de6-11d0-a285-00aa003049e2}, {bf967997-0de6-11d0-a285-00aa003049e2}, {bf9679aa-0de6-11d0-a285-00aa003049e2}, {bf9679ab-0de6-11d0-a285-00aa003049e2}, {bf9679ac-0de6-11d0-a285-00aa003049e2}, {bf967a05-0de6-11d0-a285-00aa003049e2}, {bf9679a8-0de6-11d0-a285-00aa003049e2}, {e48d0154-bcf8-11d1-8702-00c04fb96050}, {bf967950-0de6-11d0-a285-00aa003049e2}, {bc0ac240-79a9-11d0-9020-00c04fc2d4cf}, {bf967991-0de6-11d0-a285-00aa003049e2}, {ab721a53-1e2f-11d0-9819-00aa0040529b}, {00299570-246d-11d0-a768-00aa006e0529}, {7ed84960-ad10-11d0-8a92-00aa006e0529}, ""},{""@Name"":""RestrictedSidCount"",""#text"":""0""},{""@Name"":""ProcessId"",""#text"":""0x230""},{""@Name"":""ProcessName"",""#text"":""C:\\Windows\\System32\\lsass.exe""}]}}"
97,125523077,2021-03-26 16:59:25.3005276,4658,LogAlways,Microsoft-Windows-Security-Auditing,Security,4,344,rootdc1.offsec.lan,3,,The handle to an object was closed,OFFSEC\admmig,,SID: S-1-5-21-4230534742-2542757381-3142984815-1111,ObjectServer: Security Account Manager,HandleId: 0x1D35E2530C0,,,,C:\Windows\System32\lsass.exe (PID: 0x230),False,EVTX-to-MITRE-Attack\TA0006-Credential Access\T1003-Credential dumping\ID4661-4658 Mimikatz sekurlsa password dump SAM.evtx,Audit success,0,"{""EventData"":{""Data"":[{""@Name"":""SubjectUserSid"",""#text"":""S-1-5-21-4230534742-2542757381-3142984815-1111""},{""@Name"":""SubjectUserName"",""#text"":""admmig""},{""@Name"":""SubjectDomainName"",""#text"":""OFFSEC""},{""@Name"":""SubjectLogonId"",""#text"":""0x493AC""},{""@Name"":""ObjectServer"",""#text"":""Security Account Manager""},{""@Name"":""HandleId"",""#text"":""0x1D35E2530C0""},{""@Name"":""ProcessId"",""#text"":""0x230""},{""@Name"":""ProcessName"",""#text"":""C:\\Windows\\System32\\lsass.exe""}]}}"
98,125523078,2021-03-26 16:59:25.3007242,4661,LogAlways,Microsoft-Windows-Security-Auditing,Security,4,344,rootdc1.offsec.lan,3,,Handle requested to an object,OFFSEC\admmig,,ObjectServer: Security Account Manager,ObjectType: SAM_SERVER,ObjectName: SAM,,,,C:\Windows\System32\lsass.exe,False,EVTX-to-MITRE-Attack\TA0006-Credential Access\T1003-Credential dumping\ID4661-4658 Mimikatz sekurlsa password dump SAM.evtx,Audit success,0,"{""EventData"":{""Data"":[{""@Name"":""SubjectUserSid"",""#text"":""S-1-5-21-4230534742-2542757381-3142984815-1111""},{""@Name"":""SubjectUserName"",""#text"":""admmig""},{""@Name"":""SubjectDomainName"",""#text"":""OFFSEC""},{""@Name"":""SubjectLogonId"",""#text"":""0x493AC""},{""@Name"":""ObjectServer"",""#text"":""Security Account Manager""},{""@Name"":""ObjectType"",""#text"":""SAM_SERVER""},{""@Name"":""ObjectName"",""#text"":""SAM""},{""@Name"":""HandleId"",""#text"":""0x0""},{""@Name"":""TransactionId"",""#text"":""00000000-0000-0000-0000-000000000000""},{""@Name"":""AccessList"",""#text"":""%%5384, ""},{""@Name"":""AccessReason"",""#text"":""-""},{""@Name"":""AccessMask"",""#text"":""0x100""},{""@Name"":""PrivilegeList"",""#text"":""-""},{""@Name"":""Properties"",""#text"":""---, {bf967aad-0de6-11d0-a285-00aa003049e2}, %%5384, {91d67418-0135-4acc-8d79-c08e857cfbec}, ""},{""@Name"":""RestrictedSidCount"",""#text"":""0""},{""@Name"":""ProcessId"",""#text"":""0x230""},{""@Name"":""ProcessName"",""#text"":""C:\\Windows\\System32\\lsass.exe""}]}}"
99,125523079,2021-03-26 16:59:25.3086700,4661,LogAlways,Microsoft-Windows-Security-Auditing,Security,4,344,rootdc1.offsec.lan,3,,Handle requested to an object,OFFSEC\admmig,,ObjectServer: Security Account Manager,ObjectType: SAM_USER,ObjectName: S-1-5-21-4230534742-2542757381-3142984815-1226,,,,C:\Windows\System32\lsass.exe,False,EVTX-to-MITRE-Attack\TA0006-Credential Access\T1003-Credential dumping\ID4661-4658 Mimikatz sekurlsa password dump SAM.evtx,Audit success,0,"{""EventData"":{""Data"":[{""@Name"":""SubjectUserSid"",""#text"":""S-1-5-21-4230534742-2542757381-3142984815-1111""},{""@Name"":""SubjectUserName"",""#text"":""admmig""},{""@Name"":""SubjectDomainName"",""#text"":""OFFSEC""},{""@Name"":""SubjectLogonId"",""#text"":""0x493AC""},{""@Name"":""ObjectServer"",""#text"":""Security Account Manager""},{""@Name"":""ObjectType"",""#text"":""SAM_USER""},{""@Name"":""ObjectName"",""#text"":""S-1-5-21-4230534742-2542757381-3142984815-1226""},{""@Name"":""HandleId"",""#text"":""0x1D35E2513E0""},{""@Name"":""TransactionId"",""#text"":""00000000-0000-0000-0000-000000000000""},{""@Name"":""AccessList"",""#text"":""%%1537, %%1538, %%1539, %%1540, %%5440, %%5441, %%5442, %%5443, %%5444, %%5445, %%5446, %%5447, %%5448, ""},{""@Name"":""AccessReason"",""#text"":""-""},{""@Name"":""AccessMask"",""#text"":""0xF01FF""},{""@Name"":""PrivilegeList"",""#text"":""-""},{""@Name"":""Properties"",""#text"":""---, {bf967aba-0de6-11d0-a285-00aa003049e2}, %%1537, %%1538, %%1539, %%1540, %%5440, %%5441, %%5442, %%5443, %%5444, %%5445, %%5446, %%5447, %%5448, {59ba2f42-79a2-11d0-9020-00c04fc2d3cf}, {bf967938-0de6-11d0-a285-00aa003049e2}, {5fd42471-1262-11d0-a060-00aa006c33ed}, {bf9679e8-0de6-11d0-a285-00aa003049e2}, {bf967a00-0de6-11d0-a285-00aa003049e2}, {3e0abfd0-126a-11d0-a060-00aa006c33ed}, {bf967a6a-0de6-11d0-a285-00aa003049e2}, {bf967953-0de6-11d0-a285-00aa003049e2}, {4c164200-20c0-11d0-a768-00aa006e0529}, {bf967915-0de6-11d0-a285-00aa003049e2}, {bf967a0a-0de6-11d0-a285-00aa003049e2}, {bf967a68-0de6-11d0-a285-00aa003049e2}, {bf967a6d-0de6-11d0-a285-00aa003049e2}, {5f202010-79a5-11d0-9020-00c04fc2d4cf}, {bf96792e-0de6-11d0-a285-00aa003049e2}, {bf967985-0de6-11d0-a285-00aa003049e2}, {bf967986-0de6-11d0-a285-00aa003049e2}, {bf967996-0de6-11d0-a285-00aa003049e2}, {bf967997-0de6-11d0-a285-00aa003049e2}, {bf9679aa-0de6-11d0-a285-00aa003049e2}, {bf9679ab-0de6-11d0-a285-00aa003049e2}, {bf9679ac-0de6-11d0-a285-00aa003049e2}, {bf967a05-0de6-11d0-a285-00aa003049e2}, {bf9679a8-0de6-11d0-a285-00aa003049e2}, {e48d0154-bcf8-11d1-8702-00c04fb96050}, {bf967950-0de6-11d0-a285-00aa003049e2}, {bc0ac240-79a9-11d0-9020-00c04fc2d4cf}, {bf967991-0de6-11d0-a285-00aa003049e2}, {ab721a53-1e2f-11d0-9819-00aa0040529b}, {00299570-246d-11d0-a768-00aa006e0529}, {7ed84960-ad10-11d0-8a92-00aa006e0529}, ""},{""@Name"":""RestrictedSidCount"",""#text"":""0""},{""@Name"":""ProcessId"",""#text"":""0x230""},{""@Name"":""ProcessName"",""#text"":""C:\\Windows\\System32\\lsass.exe""}]}}"
100,125523080,2021-03-26 16:59:25.3130732,4658,LogAlways,Microsoft-Windows-Security-Auditing,Security,4,344,rootdc1.offsec.lan,3,,The handle to an object was closed,OFFSEC\admmig,,SID: S-1-5-21-4230534742-2542757381-3142984815-1111,ObjectServer: Security Account Manager,HandleId: 0x1D35E2513E0,,,,C:\Windows\System32\lsass.exe (PID: 0x230),False,EVTX-to-MITRE-Attack\TA0006-Credential Access\T1003-Credential dumping\ID4661-4658 Mimikatz sekurlsa password dump SAM.evtx,Audit success,0,"{""EventData"":{""Data"":[{""@Name"":""SubjectUserSid"",""#text"":""S-1-5-21-4230534742-2542757381-3142984815-1111""},{""@Name"":""SubjectUserName"",""#text"":""admmig""},{""@Name"":""SubjectDomainName"",""#text"":""OFFSEC""},{""@Name"":""SubjectLogonId"",""#text"":""0x493AC""},{""@Name"":""ObjectServer"",""#text"":""Security Account Manager""},{""@Name"":""HandleId"",""#text"":""0x1D35E2513E0""},{""@Name"":""ProcessId"",""#text"":""0x230""},{""@Name"":""ProcessName"",""#text"":""C:\\Windows\\System32\\lsass.exe""}]}}"
101,125523081,2021-03-26 16:59:25.3265951,4661,LogAlways,Microsoft-Windows-Security-Auditing,Security,4,344,rootdc1.offsec.lan,3,,Handle requested to an object,OFFSEC\admmig,,ObjectServer: Security Account Manager,ObjectType: SAM_USER,ObjectName: S-1-5-21-4230534742-2542757381-3142984815-1227,,,,C:\Windows\System32\lsass.exe,False,EVTX-to-MITRE-Attack\TA0006-Credential Access\T1003-Credential dumping\ID4661-4658 Mimikatz sekurlsa password dump SAM.evtx,Audit success,0,"{""EventData"":{""Data"":[{""@Name"":""SubjectUserSid"",""#text"":""S-1-5-21-4230534742-2542757381-3142984815-1111""},{""@Name"":""SubjectUserName"",""#text"":""admmig""},{""@Name"":""SubjectDomainName"",""#text"":""OFFSEC""},{""@Name"":""SubjectLogonId"",""#text"":""0x493AC""},{""@Name"":""ObjectServer"",""#text"":""Security Account Manager""},{""@Name"":""ObjectType"",""#text"":""SAM_USER""},{""@Name"":""ObjectName"",""#text"":""S-1-5-21-4230534742-2542757381-3142984815-1227""},{""@Name"":""HandleId"",""#text"":""0x1D35E252250""},{""@Name"":""TransactionId"",""#text"":""00000000-0000-0000-0000-000000000000""},{""@Name"":""AccessList"",""#text"":""%%1537, %%1538, %%1539, %%1540, %%5440, %%5441, %%5442, %%5443, %%5444, %%5445, %%5446, %%5447, %%5448, ""},{""@Name"":""AccessReason"",""#text"":""-""},{""@Name"":""AccessMask"",""#text"":""0xF01FF""},{""@Name"":""PrivilegeList"",""#text"":""-""},{""@Name"":""Properties"",""#text"":""---, {bf967aba-0de6-11d0-a285-00aa003049e2}, %%1537, %%1538, %%1539, %%1540, %%5440, %%5441, %%5442, %%5443, %%5444, %%5445, %%5446, %%5447, %%5448, {59ba2f42-79a2-11d0-9020-00c04fc2d3cf}, {bf967938-0de6-11d0-a285-00aa003049e2}, {5fd42471-1262-11d0-a060-00aa006c33ed}, {bf9679e8-0de6-11d0-a285-00aa003049e2}, {bf967a00-0de6-11d0-a285-00aa003049e2}, {3e0abfd0-126a-11d0-a060-00aa006c33ed}, {bf967a6a-0de6-11d0-a285-00aa003049e2}, {bf967953-0de6-11d0-a285-00aa003049e2}, {4c164200-20c0-11d0-a768-00aa006e0529}, {bf967915-0de6-11d0-a285-00aa003049e2}, {bf967a0a-0de6-11d0-a285-00aa003049e2}, {bf967a68-0de6-11d0-a285-00aa003049e2}, {bf967a6d-0de6-11d0-a285-00aa003049e2}, {5f202010-79a5-11d0-9020-00c04fc2d4cf}, {bf96792e-0de6-11d0-a285-00aa003049e2}, {bf967985-0de6-11d0-a285-00aa003049e2}, {bf967986-0de6-11d0-a285-00aa003049e2}, {bf967996-0de6-11d0-a285-00aa003049e2}, {bf967997-0de6-11d0-a285-00aa003049e2}, {bf9679aa-0de6-11d0-a285-00aa003049e2}, {bf9679ab-0de6-11d0-a285-00aa003049e2}, {bf9679ac-0de6-11d0-a285-00aa003049e2}, {bf967a05-0de6-11d0-a285-00aa003049e2}, {bf9679a8-0de6-11d0-a285-00aa003049e2}, {e48d0154-bcf8-11d1-8702-00c04fb96050}, {bf967950-0de6-11d0-a285-00aa003049e2}, {bc0ac240-79a9-11d0-9020-00c04fc2d4cf}, {bf967991-0de6-11d0-a285-00aa003049e2}, {ab721a53-1e2f-11d0-9819-00aa0040529b}, {00299570-246d-11d0-a768-00aa006e0529}, {7ed84960-ad10-11d0-8a92-00aa006e0529}, ""},{""@Name"":""RestrictedSidCount"",""#text"":""0""},{""@Name"":""ProcessId"",""#text"":""0x230""},{""@Name"":""ProcessName"",""#text"":""C:\\Windows\\System32\\lsass.exe""}]}}"
102,125523082,2021-03-26 16:59:25.3354557,4658,LogAlways,Microsoft-Windows-Security-Auditing,Security,4,344,rootdc1.offsec.lan,3,,The handle to an object was closed,OFFSEC\admmig,,SID: S-1-5-21-4230534742-2542757381-3142984815-1111,ObjectServer: Security Account Manager,HandleId: 0x1D35E252250,,,,C:\Windows\System32\lsass.exe (PID: 0x230),False,EVTX-to-MITRE-Attack\TA0006-Credential Access\T1003-Credential dumping\ID4661-4658 Mimikatz sekurlsa password dump SAM.evtx,Audit success,0,"{""EventData"":{""Data"":[{""@Name"":""SubjectUserSid"",""#text"":""S-1-5-21-4230534742-2542757381-3142984815-1111""},{""@Name"":""SubjectUserName"",""#text"":""admmig""},{""@Name"":""SubjectDomainName"",""#text"":""OFFSEC""},{""@Name"":""SubjectLogonId"",""#text"":""0x493AC""},{""@Name"":""ObjectServer"",""#text"":""Security Account Manager""},{""@Name"":""HandleId"",""#text"":""0x1D35E252250""},{""@Name"":""ProcessId"",""#text"":""0x230""},{""@Name"":""ProcessName"",""#text"":""C:\\Windows\\System32\\lsass.exe""}]}}"
103,125523083,2021-03-26 16:59:25.3356724,4661,LogAlways,Microsoft-Windows-Security-Auditing,Security,4,344,rootdc1.offsec.lan,3,,Handle requested to an object,OFFSEC\admmig,,ObjectServer: Security Account Manager,ObjectType: SAM_SERVER,ObjectName: SAM,,,,C:\Windows\System32\lsass.exe,False,EVTX-to-MITRE-Attack\TA0006-Credential Access\T1003-Credential dumping\ID4661-4658 Mimikatz sekurlsa password dump SAM.evtx,Audit success,0,"{""EventData"":{""Data"":[{""@Name"":""SubjectUserSid"",""#text"":""S-1-5-21-4230534742-2542757381-3142984815-1111""},{""@Name"":""SubjectUserName"",""#text"":""admmig""},{""@Name"":""SubjectDomainName"",""#text"":""OFFSEC""},{""@Name"":""SubjectLogonId"",""#text"":""0x493AC""},{""@Name"":""ObjectServer"",""#text"":""Security Account Manager""},{""@Name"":""ObjectType"",""#text"":""SAM_SERVER""},{""@Name"":""ObjectName"",""#text"":""SAM""},{""@Name"":""HandleId"",""#text"":""0x0""},{""@Name"":""TransactionId"",""#text"":""00000000-0000-0000-0000-000000000000""},{""@Name"":""AccessList"",""#text"":""%%5384, ""},{""@Name"":""AccessReason"",""#text"":""-""},{""@Name"":""AccessMask"",""#text"":""0x100""},{""@Name"":""PrivilegeList"",""#text"":""-""},{""@Name"":""Properties"",""#text"":""---, {bf967aad-0de6-11d0-a285-00aa003049e2}, %%5384, {91d67418-0135-4acc-8d79-c08e857cfbec}, ""},{""@Name"":""RestrictedSidCount"",""#text"":""0""},{""@Name"":""ProcessId"",""#text"":""0x230""},{""@Name"":""ProcessName"",""#text"":""C:\\Windows\\System32\\lsass.exe""}]}}"
104,125523084,2021-03-26 16:59:25.3420430,4661,LogAlways,Microsoft-Windows-Security-Auditing,Security,4,344,rootdc1.offsec.lan,3,,Handle requested to an object,OFFSEC\admmig,,ObjectServer: Security Account Manager,ObjectType: SAM_USER,ObjectName: S-1-5-21-4230534742-2542757381-3142984815-1228,,,,C:\Windows\System32\lsass.exe,False,EVTX-to-MITRE-Attack\TA0006-Credential Access\T1003-Credential dumping\ID4661-4658 Mimikatz sekurlsa password dump SAM.evtx,Audit success,0,"{""EventData"":{""Data"":[{""@Name"":""SubjectUserSid"",""#text"":""S-1-5-21-4230534742-2542757381-3142984815-1111""},{""@Name"":""SubjectUserName"",""#text"":""admmig""},{""@Name"":""SubjectDomainName"",""#text"":""OFFSEC""},{""@Name"":""SubjectLogonId"",""#text"":""0x493AC""},{""@Name"":""ObjectServer"",""#text"":""Security Account Manager""},{""@Name"":""ObjectType"",""#text"":""SAM_USER""},{""@Name"":""ObjectName"",""#text"":""S-1-5-21-4230534742-2542757381-3142984815-1228""},{""@Name"":""HandleId"",""#text"":""0x1D35E250570""},{""@Name"":""TransactionId"",""#text"":""00000000-0000-0000-0000-000000000000""},{""@Name"":""AccessList"",""#text"":""%%1537, %%1538, %%1539, %%1540, %%5440, %%5441, %%5442, %%5443, %%5444, %%5445, %%5446, %%5447, %%5448, ""},{""@Name"":""AccessReason"",""#text"":""-""},{""@Name"":""AccessMask"",""#text"":""0xF01FF""},{""@Name"":""PrivilegeList"",""#text"":""-""},{""@Name"":""Properties"",""#text"":""---, {bf967aba-0de6-11d0-a285-00aa003049e2}, %%1537, %%1538, %%1539, %%1540, %%5440, %%5441, %%5442, %%5443, %%5444, %%5445, %%5446, %%5447, %%5448, {59ba2f42-79a2-11d0-9020-00c04fc2d3cf}, {bf967938-0de6-11d0-a285-00aa003049e2}, {5fd42471-1262-11d0-a060-00aa006c33ed}, {bf9679e8-0de6-11d0-a285-00aa003049e2}, {bf967a00-0de6-11d0-a285-00aa003049e2}, {3e0abfd0-126a-11d0-a060-00aa006c33ed}, {bf967a6a-0de6-11d0-a285-00aa003049e2}, {bf967953-0de6-11d0-a285-00aa003049e2}, {4c164200-20c0-11d0-a768-00aa006e0529}, {bf967915-0de6-11d0-a285-00aa003049e2}, {bf967a0a-0de6-11d0-a285-00aa003049e2}, {bf967a68-0de6-11d0-a285-00aa003049e2}, {bf967a6d-0de6-11d0-a285-00aa003049e2}, {5f202010-79a5-11d0-9020-00c04fc2d4cf}, {bf96792e-0de6-11d0-a285-00aa003049e2}, {bf967985-0de6-11d0-a285-00aa003049e2}, {bf967986-0de6-11d0-a285-00aa003049e2}, {bf967996-0de6-11d0-a285-00aa003049e2}, {bf967997-0de6-11d0-a285-00aa003049e2}, {bf9679aa-0de6-11d0-a285-00aa003049e2}, {bf9679ab-0de6-11d0-a285-00aa003049e2}, {bf9679ac-0de6-11d0-a285-00aa003049e2}, {bf967a05-0de6-11d0-a285-00aa003049e2}, {bf9679a8-0de6-11d0-a285-00aa003049e2}, {e48d0154-bcf8-11d1-8702-00c04fb96050}, {bf967950-0de6-11d0-a285-00aa003049e2}, {bc0ac240-79a9-11d0-9020-00c04fc2d4cf}, {bf967991-0de6-11d0-a285-00aa003049e2}, {ab721a53-1e2f-11d0-9819-00aa0040529b}, {00299570-246d-11d0-a768-00aa006e0529}, {7ed84960-ad10-11d0-8a92-00aa006e0529}, ""},{""@Name"":""RestrictedSidCount"",""#text"":""0""},{""@Name"":""ProcessId"",""#text"":""0x230""},{""@Name"":""ProcessName"",""#text"":""C:\\Windows\\System32\\lsass.exe""}]}}"
105,125523085,2021-03-26 16:59:25.3446572,4658,LogAlways,Microsoft-Windows-Security-Auditing,Security,4,344,rootdc1.offsec.lan,3,,The handle to an object was closed,OFFSEC\admmig,,SID: S-1-5-21-4230534742-2542757381-3142984815-1111,ObjectServer: Security Account Manager,HandleId: 0x1D35E250570,,,,C:\Windows\System32\lsass.exe (PID: 0x230),False,EVTX-to-MITRE-Attack\TA0006-Credential Access\T1003-Credential dumping\ID4661-4658 Mimikatz sekurlsa password dump SAM.evtx,Audit success,0,"{""EventData"":{""Data"":[{""@Name"":""SubjectUserSid"",""#text"":""S-1-5-21-4230534742-2542757381-3142984815-1111""},{""@Name"":""SubjectUserName"",""#text"":""admmig""},{""@Name"":""SubjectDomainName"",""#text"":""OFFSEC""},{""@Name"":""SubjectLogonId"",""#text"":""0x493AC""},{""@Name"":""ObjectServer"",""#text"":""Security Account Manager""},{""@Name"":""HandleId"",""#text"":""0x1D35E250570""},{""@Name"":""ProcessId"",""#text"":""0x230""},{""@Name"":""ProcessName"",""#text"":""C:\\Windows\\System32\\lsass.exe""}]}}"
106,125523086,2021-03-26 16:59:25.3480769,4661,LogAlways,Microsoft-Windows-Security-Auditing,Security,4,344,rootdc1.offsec.lan,3,,Handle requested to an object,OFFSEC\admmig,,ObjectServer: Security Account Manager,ObjectType: SAM_USER,ObjectName: S-1-5-21-4230534742-2542757381-3142984815-1229,,,,C:\Windows\System32\lsass.exe,False,EVTX-to-MITRE-Attack\TA0006-Credential Access\T1003-Credential dumping\ID4661-4658 Mimikatz sekurlsa password dump SAM.evtx,Audit success,0,"{""EventData"":{""Data"":[{""@Name"":""SubjectUserSid"",""#text"":""S-1-5-21-4230534742-2542757381-3142984815-1111""},{""@Name"":""SubjectUserName"",""#text"":""admmig""},{""@Name"":""SubjectDomainName"",""#text"":""OFFSEC""},{""@Name"":""SubjectLogonId"",""#text"":""0x493AC""},{""@Name"":""ObjectServer"",""#text"":""Security Account Manager""},{""@Name"":""ObjectType"",""#text"":""SAM_USER""},{""@Name"":""ObjectName"",""#text"":""S-1-5-21-4230534742-2542757381-3142984815-1229""},{""@Name"":""HandleId"",""#text"":""0x1D35E252BF0""},{""@Name"":""TransactionId"",""#text"":""00000000-0000-0000-0000-000000000000""},{""@Name"":""AccessList"",""#text"":""%%1537, %%1538, %%1539, %%1540, %%5440, %%5441, %%5442, %%5443, %%5444, %%5445, %%5446, %%5447, %%5448, ""},{""@Name"":""AccessReason"",""#text"":""-""},{""@Name"":""AccessMask"",""#text"":""0xF01FF""},{""@Name"":""PrivilegeList"",""#text"":""-""},{""@Name"":""Properties"",""#text"":""---, {bf967aba-0de6-11d0-a285-00aa003049e2}, %%1537, %%1538, %%1539, %%1540, %%5440, %%5441, %%5442, %%5443, %%5444, %%5445, %%5446, %%5447, %%5448, {59ba2f42-79a2-11d0-9020-00c04fc2d3cf}, {bf967938-0de6-11d0-a285-00aa003049e2}, {5fd42471-1262-11d0-a060-00aa006c33ed}, {bf9679e8-0de6-11d0-a285-00aa003049e2}, {bf967a00-0de6-11d0-a285-00aa003049e2}, {3e0abfd0-126a-11d0-a060-00aa006c33ed}, {bf967a6a-0de6-11d0-a285-00aa003049e2}, {bf967953-0de6-11d0-a285-00aa003049e2}, {4c164200-20c0-11d0-a768-00aa006e0529}, {bf967915-0de6-11d0-a285-00aa003049e2}, {bf967a0a-0de6-11d0-a285-00aa003049e2}, {bf967a68-0de6-11d0-a285-00aa003049e2}, {bf967a6d-0de6-11d0-a285-00aa003049e2}, {5f202010-79a5-11d0-9020-00c04fc2d4cf}, {bf96792e-0de6-11d0-a285-00aa003049e2}, {bf967985-0de6-11d0-a285-00aa003049e2}, {bf967986-0de6-11d0-a285-00aa003049e2}, {bf967996-0de6-11d0-a285-00aa003049e2}, {bf967997-0de6-11d0-a285-00aa003049e2}, {bf9679aa-0de6-11d0-a285-00aa003049e2}, {bf9679ab-0de6-11d0-a285-00aa003049e2}, {bf9679ac-0de6-11d0-a285-00aa003049e2}, {bf967a05-0de6-11d0-a285-00aa003049e2}, {bf9679a8-0de6-11d0-a285-00aa003049e2}, {e48d0154-bcf8-11d1-8702-00c04fb96050}, {bf967950-0de6-11d0-a285-00aa003049e2}, {bc0ac240-79a9-11d0-9020-00c04fc2d4cf}, {bf967991-0de6-11d0-a285-00aa003049e2}, {ab721a53-1e2f-11d0-9819-00aa0040529b}, {00299570-246d-11d0-a768-00aa006e0529}, {7ed84960-ad10-11d0-8a92-00aa006e0529}, ""},{""@Name"":""RestrictedSidCount"",""#text"":""0""},{""@Name"":""ProcessId"",""#text"":""0x230""},{""@Name"":""ProcessName"",""#text"":""C:\\Windows\\System32\\lsass.exe""}]}}"
107,125523087,2021-03-26 16:59:25.3508834,4658,LogAlways,Microsoft-Windows-Security-Auditing,Security,4,344,rootdc1.offsec.lan,3,,The handle to an object was closed,OFFSEC\admmig,,SID: S-1-5-21-4230534742-2542757381-3142984815-1111,ObjectServer: Security Account Manager,HandleId: 0x1D35E252BF0,,,,C:\Windows\System32\lsass.exe (PID: 0x230),False,EVTX-to-MITRE-Attack\TA0006-Credential Access\T1003-Credential dumping\ID4661-4658 Mimikatz sekurlsa password dump SAM.evtx,Audit success,0,"{""EventData"":{""Data"":[{""@Name"":""SubjectUserSid"",""#text"":""S-1-5-21-4230534742-2542757381-3142984815-1111""},{""@Name"":""SubjectUserName"",""#text"":""admmig""},{""@Name"":""SubjectDomainName"",""#text"":""OFFSEC""},{""@Name"":""SubjectLogonId"",""#text"":""0x493AC""},{""@Name"":""ObjectServer"",""#text"":""Security Account Manager""},{""@Name"":""HandleId"",""#text"":""0x1D35E252BF0""},{""@Name"":""ProcessId"",""#text"":""0x230""},{""@Name"":""ProcessName"",""#text"":""C:\\Windows\\System32\\lsass.exe""}]}}"
108,125523088,2021-03-26 16:59:25.3510810,4661,LogAlways,Microsoft-Windows-Security-Auditing,Security,4,344,rootdc1.offsec.lan,3,,Handle requested to an object,OFFSEC\admmig,,ObjectServer: Security Account Manager,ObjectType: SAM_SERVER,ObjectName: SAM,,,,C:\Windows\System32\lsass.exe,False,EVTX-to-MITRE-Attack\TA0006-Credential Access\T1003-Credential dumping\ID4661-4658 Mimikatz sekurlsa password dump SAM.evtx,Audit success,0,"{""EventData"":{""Data"":[{""@Name"":""SubjectUserSid"",""#text"":""S-1-5-21-4230534742-2542757381-3142984815-1111""},{""@Name"":""SubjectUserName"",""#text"":""admmig""},{""@Name"":""SubjectDomainName"",""#text"":""OFFSEC""},{""@Name"":""SubjectLogonId"",""#text"":""0x493AC""},{""@Name"":""ObjectServer"",""#text"":""Security Account Manager""},{""@Name"":""ObjectType"",""#text"":""SAM_SERVER""},{""@Name"":""ObjectName"",""#text"":""SAM""},{""@Name"":""HandleId"",""#text"":""0x0""},{""@Name"":""TransactionId"",""#text"":""00000000-0000-0000-0000-000000000000""},{""@Name"":""AccessList"",""#text"":""%%5384, ""},{""@Name"":""AccessReason"",""#text"":""-""},{""@Name"":""AccessMask"",""#text"":""0x100""},{""@Name"":""PrivilegeList"",""#text"":""-""},{""@Name"":""Properties"",""#text"":""---, {bf967aad-0de6-11d0-a285-00aa003049e2}, %%5384, {91d67418-0135-4acc-8d79-c08e857cfbec}, ""},{""@Name"":""RestrictedSidCount"",""#text"":""0""},{""@Name"":""ProcessId"",""#text"":""0x230""},{""@Name"":""ProcessName"",""#text"":""C:\\Windows\\System32\\lsass.exe""}]}}"
109,125523089,2021-03-26 16:59:25.3540995,4661,LogAlways,Microsoft-Windows-Security-Auditing,Security,4,344,rootdc1.offsec.lan,3,,Handle requested to an object,OFFSEC\admmig,,ObjectServer: Security Account Manager,ObjectType: SAM_USER,ObjectName: S-1-5-21-4230534742-2542757381-3142984815-1230,,,,C:\Windows\System32\lsass.exe,False,EVTX-to-MITRE-Attack\TA0006-Credential Access\T1003-Credential dumping\ID4661-4658 Mimikatz sekurlsa password dump SAM.evtx,Audit success,0,"{""EventData"":{""Data"":[{""@Name"":""SubjectUserSid"",""#text"":""S-1-5-21-4230534742-2542757381-3142984815-1111""},{""@Name"":""SubjectUserName"",""#text"":""admmig""},{""@Name"":""SubjectDomainName"",""#text"":""OFFSEC""},{""@Name"":""SubjectLogonId"",""#text"":""0x493AC""},{""@Name"":""ObjectServer"",""#text"":""Security Account Manager""},{""@Name"":""ObjectType"",""#text"":""SAM_USER""},{""@Name"":""ObjectName"",""#text"":""S-1-5-21-4230534742-2542757381-3142984815-1230""},{""@Name"":""HandleId"",""#text"":""0x1D35E2500A0""},{""@Name"":""TransactionId"",""#text"":""00000000-0000-0000-0000-000000000000""},{""@Name"":""AccessList"",""#text"":""%%1537, %%1538, %%1539, %%1540, %%5440, %%5441, %%5442, %%5443, %%5444, %%5445, %%5446, %%5447, %%5448, ""},{""@Name"":""AccessReason"",""#text"":""-""},{""@Name"":""AccessMask"",""#text"":""0xF01FF""},{""@Name"":""PrivilegeList"",""#text"":""-""},{""@Name"":""Properties"",""#text"":""---, {bf967aba-0de6-11d0-a285-00aa003049e2}, %%1537, %%1538, %%1539, %%1540, %%5440, %%5441, %%5442, %%5443, %%5444, %%5445, %%5446, %%5447, %%5448, {59ba2f42-79a2-11d0-9020-00c04fc2d3cf}, {bf967938-0de6-11d0-a285-00aa003049e2}, {5fd42471-1262-11d0-a060-00aa006c33ed}, {bf9679e8-0de6-11d0-a285-00aa003049e2}, {bf967a00-0de6-11d0-a285-00aa003049e2}, {3e0abfd0-126a-11d0-a060-00aa006c33ed}, {bf967a6a-0de6-11d0-a285-00aa003049e2}, {bf967953-0de6-11d0-a285-00aa003049e2}, {4c164200-20c0-11d0-a768-00aa006e0529}, {bf967915-0de6-11d0-a285-00aa003049e2}, {bf967a0a-0de6-11d0-a285-00aa003049e2}, {bf967a68-0de6-11d0-a285-00aa003049e2}, {bf967a6d-0de6-11d0-a285-00aa003049e2}, {5f202010-79a5-11d0-9020-00c04fc2d4cf}, {bf96792e-0de6-11d0-a285-00aa003049e2}, {bf967985-0de6-11d0-a285-00aa003049e2}, {bf967986-0de6-11d0-a285-00aa003049e2}, {bf967996-0de6-11d0-a285-00aa003049e2}, {bf967997-0de6-11d0-a285-00aa003049e2}, {bf9679aa-0de6-11d0-a285-00aa003049e2}, {bf9679ab-0de6-11d0-a285-00aa003049e2}, {bf9679ac-0de6-11d0-a285-00aa003049e2}, {bf967a05-0de6-11d0-a285-00aa003049e2}, {bf9679a8-0de6-11d0-a285-00aa003049e2}, {e48d0154-bcf8-11d1-8702-00c04fb96050}, {bf967950-0de6-11d0-a285-00aa003049e2}, {bc0ac240-79a9-11d0-9020-00c04fc2d4cf}, {bf967991-0de6-11d0-a285-00aa003049e2}, {ab721a53-1e2f-11d0-9819-00aa0040529b}, {00299570-246d-11d0-a768-00aa006e0529}, {7ed84960-ad10-11d0-8a92-00aa006e0529}, ""},{""@Name"":""RestrictedSidCount"",""#text"":""0""},{""@Name"":""ProcessId"",""#text"":""0x230""},{""@Name"":""ProcessName"",""#text"":""C:\\Windows\\System32\\lsass.exe""}]}}"
110,125523090,2021-03-26 16:59:25.3555659,4658,LogAlways,Microsoft-Windows-Security-Auditing,Security,4,344,rootdc1.offsec.lan,3,,The handle to an object was closed,OFFSEC\admmig,,SID: S-1-5-21-4230534742-2542757381-3142984815-1111,ObjectServer: Security Account Manager,HandleId: 0x1D35E2500A0,,,,C:\Windows\System32\lsass.exe (PID: 0x230),False,EVTX-to-MITRE-Attack\TA0006-Credential Access\T1003-Credential dumping\ID4661-4658 Mimikatz sekurlsa password dump SAM.evtx,Audit success,0,"{""EventData"":{""Data"":[{""@Name"":""SubjectUserSid"",""#text"":""S-1-5-21-4230534742-2542757381-3142984815-1111""},{""@Name"":""SubjectUserName"",""#text"":""admmig""},{""@Name"":""SubjectDomainName"",""#text"":""OFFSEC""},{""@Name"":""SubjectLogonId"",""#text"":""0x493AC""},{""@Name"":""ObjectServer"",""#text"":""Security Account Manager""},{""@Name"":""HandleId"",""#text"":""0x1D35E2500A0""},{""@Name"":""ProcessId"",""#text"":""0x230""},{""@Name"":""ProcessName"",""#text"":""C:\\Windows\\System32\\lsass.exe""}]}}"
111,125523091,2021-03-26 16:59:25.3580698,4661,LogAlways,Microsoft-Windows-Security-Auditing,Security,4,344,rootdc1.offsec.lan,3,,Handle requested to an object,OFFSEC\admmig,,ObjectServer: Security Account Manager,ObjectType: SAM_USER,ObjectName: S-1-5-21-4230534742-2542757381-3142984815-1231,,,,C:\Windows\System32\lsass.exe,False,EVTX-to-MITRE-Attack\TA0006-Credential Access\T1003-Credential dumping\ID4661-4658 Mimikatz sekurlsa password dump SAM.evtx,Audit success,0,"{""EventData"":{""Data"":[{""@Name"":""SubjectUserSid"",""#text"":""S-1-5-21-4230534742-2542757381-3142984815-1111""},{""@Name"":""SubjectUserName"",""#text"":""admmig""},{""@Name"":""SubjectDomainName"",""#text"":""OFFSEC""},{""@Name"":""SubjectLogonId"",""#text"":""0x493AC""},{""@Name"":""ObjectServer"",""#text"":""Security Account Manager""},{""@Name"":""ObjectType"",""#text"":""SAM_USER""},{""@Name"":""ObjectName"",""#text"":""S-1-5-21-4230534742-2542757381-3142984815-1231""},{""@Name"":""HandleId"",""#text"":""0x1D35E2513E0""},{""@Name"":""TransactionId"",""#text"":""00000000-0000-0000-0000-000000000000""},{""@Name"":""AccessList"",""#text"":""%%1537, %%1538, %%1539, %%1540, %%5440, %%5441, %%5442, %%5443, %%5444, %%5445, %%5446, %%5447, %%5448, ""},{""@Name"":""AccessReason"",""#text"":""-""},{""@Name"":""AccessMask"",""#text"":""0xF01FF""},{""@Name"":""PrivilegeList"",""#text"":""-""},{""@Name"":""Properties"",""#text"":""---, {bf967aba-0de6-11d0-a285-00aa003049e2}, %%1537, %%1538, %%1539, %%1540, %%5440, %%5441, %%5442, %%5443, %%5444, %%5445, %%5446, %%5447, %%5448, {59ba2f42-79a2-11d0-9020-00c04fc2d3cf}, {bf967938-0de6-11d0-a285-00aa003049e2}, {5fd42471-1262-11d0-a060-00aa006c33ed}, {bf9679e8-0de6-11d0-a285-00aa003049e2}, {bf967a00-0de6-11d0-a285-00aa003049e2}, {3e0abfd0-126a-11d0-a060-00aa006c33ed}, {bf967a6a-0de6-11d0-a285-00aa003049e2}, {bf967953-0de6-11d0-a285-00aa003049e2}, {4c164200-20c0-11d0-a768-00aa006e0529}, {bf967915-0de6-11d0-a285-00aa003049e2}, {bf967a0a-0de6-11d0-a285-00aa003049e2}, {bf967a68-0de6-11d0-a285-00aa003049e2}, {bf967a6d-0de6-11d0-a285-00aa003049e2}, {5f202010-79a5-11d0-9020-00c04fc2d4cf}, {bf96792e-0de6-11d0-a285-00aa003049e2}, {bf967985-0de6-11d0-a285-00aa003049e2}, {bf967986-0de6-11d0-a285-00aa003049e2}, {bf967996-0de6-11d0-a285-00aa003049e2}, {bf967997-0de6-11d0-a285-00aa003049e2}, {bf9679aa-0de6-11d0-a285-00aa003049e2}, {bf9679ab-0de6-11d0-a285-00aa003049e2}, {bf9679ac-0de6-11d0-a285-00aa003049e2}, {bf967a05-0de6-11d0-a285-00aa003049e2}, {bf9679a8-0de6-11d0-a285-00aa003049e2}, {e48d0154-bcf8-11d1-8702-00c04fb96050}, {bf967950-0de6-11d0-a285-00aa003049e2}, {bc0ac240-79a9-11d0-9020-00c04fc2d4cf}, {bf967991-0de6-11d0-a285-00aa003049e2}, {ab721a53-1e2f-11d0-9819-00aa0040529b}, {00299570-246d-11d0-a768-00aa006e0529}, {7ed84960-ad10-11d0-8a92-00aa006e0529}, ""},{""@Name"":""RestrictedSidCount"",""#text"":""0""},{""@Name"":""ProcessId"",""#text"":""0x230""},{""@Name"":""ProcessName"",""#text"":""C:\\Windows\\System32\\lsass.exe""}]}}"
112,125523092,2021-03-26 16:59:25.3595693,4658,LogAlways,Microsoft-Windows-Security-Auditing,Security,4,344,rootdc1.offsec.lan,3,,The handle to an object was closed,OFFSEC\admmig,,SID: S-1-5-21-4230534742-2542757381-3142984815-1111,ObjectServer: Security Account Manager,HandleId: 0x1D35E2513E0,,,,C:\Windows\System32\lsass.exe (PID: 0x230),False,EVTX-to-MITRE-Attack\TA0006-Credential Access\T1003-Credential dumping\ID4661-4658 Mimikatz sekurlsa password dump SAM.evtx,Audit success,0,"{""EventData"":{""Data"":[{""@Name"":""SubjectUserSid"",""#text"":""S-1-5-21-4230534742-2542757381-3142984815-1111""},{""@Name"":""SubjectUserName"",""#text"":""admmig""},{""@Name"":""SubjectDomainName"",""#text"":""OFFSEC""},{""@Name"":""SubjectLogonId"",""#text"":""0x493AC""},{""@Name"":""ObjectServer"",""#text"":""Security Account Manager""},{""@Name"":""HandleId"",""#text"":""0x1D35E2513E0""},{""@Name"":""ProcessId"",""#text"":""0x230""},{""@Name"":""ProcessName"",""#text"":""C:\\Windows\\System32\\lsass.exe""}]}}"
113,125523093,2021-03-26 16:59:25.3597314,4661,LogAlways,Microsoft-Windows-Security-Auditing,Security,4,344,rootdc1.offsec.lan,3,,Handle requested to an object,OFFSEC\admmig,,ObjectServer: Security Account Manager,ObjectType: SAM_SERVER,ObjectName: SAM,,,,C:\Windows\System32\lsass.exe,False,EVTX-to-MITRE-Attack\TA0006-Credential Access\T1003-Credential dumping\ID4661-4658 Mimikatz sekurlsa password dump SAM.evtx,Audit success,0,"{""EventData"":{""Data"":[{""@Name"":""SubjectUserSid"",""#text"":""S-1-5-21-4230534742-2542757381-3142984815-1111""},{""@Name"":""SubjectUserName"",""#text"":""admmig""},{""@Name"":""SubjectDomainName"",""#text"":""OFFSEC""},{""@Name"":""SubjectLogonId"",""#text"":""0x493AC""},{""@Name"":""ObjectServer"",""#text"":""Security Account Manager""},{""@Name"":""ObjectType"",""#text"":""SAM_SERVER""},{""@Name"":""ObjectName"",""#text"":""SAM""},{""@Name"":""HandleId"",""#text"":""0x0""},{""@Name"":""TransactionId"",""#text"":""00000000-0000-0000-0000-000000000000""},{""@Name"":""AccessList"",""#text"":""%%5384, ""},{""@Name"":""AccessReason"",""#text"":""-""},{""@Name"":""AccessMask"",""#text"":""0x100""},{""@Name"":""PrivilegeList"",""#text"":""-""},{""@Name"":""Properties"",""#text"":""---, {bf967aad-0de6-11d0-a285-00aa003049e2}, %%5384, {91d67418-0135-4acc-8d79-c08e857cfbec}, ""},{""@Name"":""RestrictedSidCount"",""#text"":""0""},{""@Name"":""ProcessId"",""#text"":""0x230""},{""@Name"":""ProcessName"",""#text"":""C:\\Windows\\System32\\lsass.exe""}]}}"
114,125523094,2021-03-26 16:59:25.3632398,4661,LogAlways,Microsoft-Windows-Security-Auditing,Security,4,344,rootdc1.offsec.lan,3,,Handle requested to an object,OFFSEC\admmig,,ObjectServer: Security Account Manager,ObjectType: SAM_USER,ObjectName: S-1-5-21-4230534742-2542757381-3142984815-1232,,,,C:\Windows\System32\lsass.exe,False,EVTX-to-MITRE-Attack\TA0006-Credential Access\T1003-Credential dumping\ID4661-4658 Mimikatz sekurlsa password dump SAM.evtx,Audit success,0,"{""EventData"":{""Data"":[{""@Name"":""SubjectUserSid"",""#text"":""S-1-5-21-4230534742-2542757381-3142984815-1111""},{""@Name"":""SubjectUserName"",""#text"":""admmig""},{""@Name"":""SubjectDomainName"",""#text"":""OFFSEC""},{""@Name"":""SubjectLogonId"",""#text"":""0x493AC""},{""@Name"":""ObjectServer"",""#text"":""Security Account Manager""},{""@Name"":""ObjectType"",""#text"":""SAM_USER""},{""@Name"":""ObjectName"",""#text"":""S-1-5-21-4230534742-2542757381-3142984815-1232""},{""@Name"":""HandleId"",""#text"":""0x1D35E253590""},{""@Name"":""TransactionId"",""#text"":""00000000-0000-0000-0000-000000000000""},{""@Name"":""AccessList"",""#text"":""%%1537, %%1538, %%1539, %%1540, %%5440, %%5441, %%5442, %%5443, %%5444, %%5445, %%5446, %%5447, ""},{""@Name"":""AccessReason"",""#text"":""-""},{""@Name"":""AccessMask"",""#text"":""0xF00FF""},{""@Name"":""PrivilegeList"",""#text"":""-""},{""@Name"":""Properties"",""#text"":""---, {bf967aba-0de6-11d0-a285-00aa003049e2}, %%1537, %%1538, %%1539, %%1540, %%5440, %%5441, %%5442, %%5443, %%5444, %%5445, %%5446, %%5447, {ab721a53-1e2f-11d0-9819-00aa0040529b}, %%1537, %%1538, %%1539, %%1540, %%5440, %%5441, %%5442, %%5443, %%5444, %%5445, %%5446, %%5447, %%5448, {bf967938-0de6-11d0-a285-00aa003049e2}, {5fd42471-1262-11d0-a060-00aa006c33ed}, {bf9679e8-0de6-11d0-a285-00aa003049e2}, {bf967a00-0de6-11d0-a285-00aa003049e2}, {3e0abfd0-126a-11d0-a060-00aa006c33ed}, {bf967a6a-0de6-11d0-a285-00aa003049e2}, {bf967953-0de6-11d0-a285-00aa003049e2}, {4c164200-20c0-11d0-a768-00aa006e0529}, {bf967915-0de6-11d0-a285-00aa003049e2}, {bf967a0a-0de6-11d0-a285-00aa003049e2}, {bf967a68-0de6-11d0-a285-00aa003049e2}, {bf967a6d-0de6-11d0-a285-00aa003049e2}, {5f202010-79a5-11d0-9020-00c04fc2d4cf}, {59ba2f42-79a2-11d0-9020-00c04fc2d3cf}, {bf967985-0de6-11d0-a285-00aa003049e2}, {bf967986-0de6-11d0-a285-00aa003049e2}, {bf967996-0de6-11d0-a285-00aa003049e2}, {bf967997-0de6-11d0-a285-00aa003049e2}, {bf9679aa-0de6-11d0-a285-00aa003049e2}, {bf9679ab-0de6-11d0-a285-00aa003049e2}, {bf9679ac-0de6-11d0-a285-00aa003049e2}, {bf967a05-0de6-11d0-a285-00aa003049e2}, {bf9679a8-0de6-11d0-a285-00aa003049e2}, {e48d0154-bcf8-11d1-8702-00c04fb96050}, {bf967950-0de6-11d0-a285-00aa003049e2}, {bc0ac240-79a9-11d0-9020-00c04fc2d4cf}, {bf967991-0de6-11d0-a285-00aa003049e2}, {bf96792e-0de6-11d0-a285-00aa003049e2}, {00299570-246d-11d0-a768-00aa006e0529}, {7ed84960-ad10-11d0-8a92-00aa006e0529}, ""},{""@Name"":""RestrictedSidCount"",""#text"":""0""},{""@Name"":""ProcessId"",""#text"":""0x230""},{""@Name"":""ProcessName"",""#text"":""C:\\Windows\\System32\\lsass.exe""}]}}"
115,125523095,2021-03-26 16:59:25.3666539,4658,LogAlways,Microsoft-Windows-Security-Auditing,Security,4,344,rootdc1.offsec.lan,3,,The handle to an object was closed,OFFSEC\admmig,,SID: S-1-5-21-4230534742-2542757381-3142984815-1111,ObjectServer: Security Account Manager,HandleId: 0x1D35E253590,,,,C:\Windows\System32\lsass.exe (PID: 0x230),False,EVTX-to-MITRE-Attack\TA0006-Credential Access\T1003-Credential dumping\ID4661-4658 Mimikatz sekurlsa password dump SAM.evtx,Audit success,0,"{""EventData"":{""Data"":[{""@Name"":""SubjectUserSid"",""#text"":""S-1-5-21-4230534742-2542757381-3142984815-1111""},{""@Name"":""SubjectUserName"",""#text"":""admmig""},{""@Name"":""SubjectDomainName"",""#text"":""OFFSEC""},{""@Name"":""SubjectLogonId"",""#text"":""0x493AC""},{""@Name"":""ObjectServer"",""#text"":""Security Account Manager""},{""@Name"":""HandleId"",""#text"":""0x1D35E253590""},{""@Name"":""ProcessId"",""#text"":""0x230""},{""@Name"":""ProcessName"",""#text"":""C:\\Windows\\System32\\lsass.exe""}]}}"
116,125523096,2021-03-26 16:59:25.3696454,4661,LogAlways,Microsoft-Windows-Security-Auditing,Security,4,344,rootdc1.offsec.lan,3,,Handle requested to an object,OFFSEC\admmig,,ObjectServer: Security Account Manager,ObjectType: SAM_USER,ObjectName: S-1-5-21-4230534742-2542757381-3142984815-1234,,,,C:\Windows\System32\lsass.exe,False,EVTX-to-MITRE-Attack\TA0006-Credential Access\T1003-Credential dumping\ID4661-4658 Mimikatz sekurlsa password dump SAM.evtx,Audit success,0,"{""EventData"":{""Data"":[{""@Name"":""SubjectUserSid"",""#text"":""S-1-5-21-4230534742-2542757381-3142984815-1111""},{""@Name"":""SubjectUserName"",""#text"":""admmig""},{""@Name"":""SubjectDomainName"",""#text"":""OFFSEC""},{""@Name"":""SubjectLogonId"",""#text"":""0x493AC""},{""@Name"":""ObjectServer"",""#text"":""Security Account Manager""},{""@Name"":""ObjectType"",""#text"":""SAM_USER""},{""@Name"":""ObjectName"",""#text"":""S-1-5-21-4230534742-2542757381-3142984815-1234""},{""@Name"":""HandleId"",""#text"":""0x1D35E250570""},{""@Name"":""TransactionId"",""#text"":""00000000-0000-0000-0000-000000000000""},{""@Name"":""AccessList"",""#text"":""%%1537, %%1538, %%1539, %%1540, %%5440, %%5441, %%5442, %%5443, %%5444, %%5445, %%5447, %%5448, ""},{""@Name"":""AccessReason"",""#text"":""-""},{""@Name"":""AccessMask"",""#text"":""0xF01BF""},{""@Name"":""PrivilegeList"",""#text"":""-""},{""@Name"":""Properties"",""#text"":""---, {bf967aba-0de6-11d0-a285-00aa003049e2}, %%1537, %%1538, %%1539, %%1540, %%5440, %%5441, %%5442, %%5443, %%5444, %%5445, %%5447, %%5448, {59ba2f42-79a2-11d0-9020-00c04fc2d3cf}, {bf967938-0de6-11d0-a285-00aa003049e2}, {5fd42471-1262-11d0-a060-00aa006c33ed}, {bf9679e8-0de6-11d0-a285-00aa003049e2}, {bf967a00-0de6-11d0-a285-00aa003049e2}, {3e0abfd0-126a-11d0-a060-00aa006c33ed}, {bf967a6a-0de6-11d0-a285-00aa003049e2}, {bf967953-0de6-11d0-a285-00aa003049e2}, {4c164200-20c0-11d0-a768-00aa006e0529}, {bf967915-0de6-11d0-a285-00aa003049e2}, {bf967a0a-0de6-11d0-a285-00aa003049e2}, {bf967a68-0de6-11d0-a285-00aa003049e2}, {bf967a6d-0de6-11d0-a285-00aa003049e2}, {5f202010-79a5-11d0-9020-00c04fc2d4cf}, {bf96792e-0de6-11d0-a285-00aa003049e2}, {bf967985-0de6-11d0-a285-00aa003049e2}, {bf967986-0de6-11d0-a285-00aa003049e2}, {bf967996-0de6-11d0-a285-00aa003049e2}, {bf967997-0de6-11d0-a285-00aa003049e2}, {bf9679aa-0de6-11d0-a285-00aa003049e2}, {bf9679ab-0de6-11d0-a285-00aa003049e2}, {bf9679ac-0de6-11d0-a285-00aa003049e2}, {bf967a05-0de6-11d0-a285-00aa003049e2}, {bf9679a8-0de6-11d0-a285-00aa003049e2}, {e48d0154-bcf8-11d1-8702-00c04fb96050}, {bf967950-0de6-11d0-a285-00aa003049e2}, {bc0ac240-79a9-11d0-9020-00c04fc2d4cf}, {bf967991-0de6-11d0-a285-00aa003049e2}, {ab721a53-1e2f-11d0-9819-00aa0040529b}, {00299570-246d-11d0-a768-00aa006e0529}, {7ed84960-ad10-11d0-8a92-00aa006e0529}, ""},{""@Name"":""RestrictedSidCount"",""#text"":""0""},{""@Name"":""ProcessId"",""#text"":""0x230""},{""@Name"":""ProcessName"",""#text"":""C:\\Windows\\System32\\lsass.exe""}]}}"
117,125523097,2021-03-26 16:59:25.3722614,4658,LogAlways,Microsoft-Windows-Security-Auditing,Security,4,344,rootdc1.offsec.lan,3,,The handle to an object was closed,OFFSEC\admmig,,SID: S-1-5-21-4230534742-2542757381-3142984815-1111,ObjectServer: Security Account Manager,HandleId: 0x1D35E250570,,,,C:\Windows\System32\lsass.exe (PID: 0x230),False,EVTX-to-MITRE-Attack\TA0006-Credential Access\T1003-Credential dumping\ID4661-4658 Mimikatz sekurlsa password dump SAM.evtx,Audit success,0,"{""EventData"":{""Data"":[{""@Name"":""SubjectUserSid"",""#text"":""S-1-5-21-4230534742-2542757381-3142984815-1111""},{""@Name"":""SubjectUserName"",""#text"":""admmig""},{""@Name"":""SubjectDomainName"",""#text"":""OFFSEC""},{""@Name"":""SubjectLogonId"",""#text"":""0x493AC""},{""@Name"":""ObjectServer"",""#text"":""Security Account Manager""},{""@Name"":""HandleId"",""#text"":""0x1D35E250570""},{""@Name"":""ProcessId"",""#text"":""0x230""},{""@Name"":""ProcessName"",""#text"":""C:\\Windows\\System32\\lsass.exe""}]}}"
118,125523098,2021-03-26 16:59:25.3724230,4661,LogAlways,Microsoft-Windows-Security-Auditing,Security,4,344,rootdc1.offsec.lan,3,,Handle requested to an object,OFFSEC\admmig,,ObjectServer: Security Account Manager,ObjectType: SAM_SERVER,ObjectName: SAM,,,,C:\Windows\System32\lsass.exe,False,EVTX-to-MITRE-Attack\TA0006-Credential Access\T1003-Credential dumping\ID4661-4658 Mimikatz sekurlsa password dump SAM.evtx,Audit success,0,"{""EventData"":{""Data"":[{""@Name"":""SubjectUserSid"",""#text"":""S-1-5-21-4230534742-2542757381-3142984815-1111""},{""@Name"":""SubjectUserName"",""#text"":""admmig""},{""@Name"":""SubjectDomainName"",""#text"":""OFFSEC""},{""@Name"":""SubjectLogonId"",""#text"":""0x493AC""},{""@Name"":""ObjectServer"",""#text"":""Security Account Manager""},{""@Name"":""ObjectType"",""#text"":""SAM_SERVER""},{""@Name"":""ObjectName"",""#text"":""SAM""},{""@Name"":""HandleId"",""#text"":""0x0""},{""@Name"":""TransactionId"",""#text"":""00000000-0000-0000-0000-000000000000""},{""@Name"":""AccessList"",""#text"":""%%5384, ""},{""@Name"":""AccessReason"",""#text"":""-""},{""@Name"":""AccessMask"",""#text"":""0x100""},{""@Name"":""PrivilegeList"",""#text"":""-""},{""@Name"":""Properties"",""#text"":""---, {bf967aad-0de6-11d0-a285-00aa003049e2}, %%5384, {91d67418-0135-4acc-8d79-c08e857cfbec}, ""},{""@Name"":""RestrictedSidCount"",""#text"":""0""},{""@Name"":""ProcessId"",""#text"":""0x230""},{""@Name"":""ProcessName"",""#text"":""C:\\Windows\\System32\\lsass.exe""}]}}"
119,125523099,2021-03-26 16:59:25.3758638,4661,LogAlways,Microsoft-Windows-Security-Auditing,Security,4,344,rootdc1.offsec.lan,3,,Handle requested to an object,OFFSEC\admmig,,ObjectServer: Security Account Manager,ObjectType: SAM_USER,ObjectName: S-1-5-21-4230534742-2542757381-3142984815-1235,,,,C:\Windows\System32\lsass.exe,False,EVTX-to-MITRE-Attack\TA0006-Credential Access\T1003-Credential dumping\ID4661-4658 Mimikatz sekurlsa password dump SAM.evtx,Audit success,0,"{""EventData"":{""Data"":[{""@Name"":""SubjectUserSid"",""#text"":""S-1-5-21-4230534742-2542757381-3142984815-1111""},{""@Name"":""SubjectUserName"",""#text"":""admmig""},{""@Name"":""SubjectDomainName"",""#text"":""OFFSEC""},{""@Name"":""SubjectLogonId"",""#text"":""0x493AC""},{""@Name"":""ObjectServer"",""#text"":""Security Account Manager""},{""@Name"":""ObjectType"",""#text"":""SAM_USER""},{""@Name"":""ObjectName"",""#text"":""S-1-5-21-4230534742-2542757381-3142984815-1235""},{""@Name"":""HandleId"",""#text"":""0x1D35E253590""},{""@Name"":""TransactionId"",""#text"":""00000000-0000-0000-0000-000000000000""},{""@Name"":""AccessList"",""#text"":""%%1537, %%1538, %%1539, %%1540, %%5440, %%5441, %%5442, %%5443, %%5444, %%5445, %%5447, %%5448, ""},{""@Name"":""AccessReason"",""#text"":""-""},{""@Name"":""AccessMask"",""#text"":""0xF01BF""},{""@Name"":""PrivilegeList"",""#text"":""-""},{""@Name"":""Properties"",""#text"":""---, {bf967aba-0de6-11d0-a285-00aa003049e2}, %%1537, %%1538, %%1539, %%1540, %%5440, %%5441, %%5442, %%5443, %%5444, %%5445, %%5447, %%5448, {59ba2f42-79a2-11d0-9020-00c04fc2d3cf}, {bf967938-0de6-11d0-a285-00aa003049e2}, {5fd42471-1262-11d0-a060-00aa006c33ed}, {bf9679e8-0de6-11d0-a285-00aa003049e2}, {bf967a00-0de6-11d0-a285-00aa003049e2}, {3e0abfd0-126a-11d0-a060-00aa006c33ed}, {bf967a6a-0de6-11d0-a285-00aa003049e2}, {bf967953-0de6-11d0-a285-00aa003049e2}, {4c164200-20c0-11d0-a768-00aa006e0529}, {bf967915-0de6-11d0-a285-00aa003049e2}, {bf967a0a-0de6-11d0-a285-00aa003049e2}, {bf967a68-0de6-11d0-a285-00aa003049e2}, {bf967a6d-0de6-11d0-a285-00aa003049e2}, {5f202010-79a5-11d0-9020-00c04fc2d4cf}, {bf96792e-0de6-11d0-a285-00aa003049e2}, {bf967985-0de6-11d0-a285-00aa003049e2}, {bf967986-0de6-11d0-a285-00aa003049e2}, {bf967996-0de6-11d0-a285-00aa003049e2}, {bf967997-0de6-11d0-a285-00aa003049e2}, {bf9679aa-0de6-11d0-a285-00aa003049e2}, {bf9679ab-0de6-11d0-a285-00aa003049e2}, {bf9679ac-0de6-11d0-a285-00aa003049e2}, {bf967a05-0de6-11d0-a285-00aa003049e2}, {bf9679a8-0de6-11d0-a285-00aa003049e2}, {e48d0154-bcf8-11d1-8702-00c04fb96050}, {bf967950-0de6-11d0-a285-00aa003049e2}, {bc0ac240-79a9-11d0-9020-00c04fc2d4cf}, {bf967991-0de6-11d0-a285-00aa003049e2}, {ab721a53-1e2f-11d0-9819-00aa0040529b}, {00299570-246d-11d0-a768-00aa006e0529}, {7ed84960-ad10-11d0-8a92-00aa006e0529}, ""},{""@Name"":""RestrictedSidCount"",""#text"":""0""},{""@Name"":""ProcessId"",""#text"":""0x230""},{""@Name"":""ProcessName"",""#text"":""C:\\Windows\\System32\\lsass.exe""}]}}"
120,125523100,2021-03-26 16:59:25.3784144,4658,LogAlways,Microsoft-Windows-Security-Auditing,Security,4,344,rootdc1.offsec.lan,3,,The handle to an object was closed,OFFSEC\admmig,,SID: S-1-5-21-4230534742-2542757381-3142984815-1111,ObjectServer: Security Account Manager,HandleId: 0x1D35E253590,,,,C:\Windows\System32\lsass.exe (PID: 0x230),False,EVTX-to-MITRE-Attack\TA0006-Credential Access\T1003-Credential dumping\ID4661-4658 Mimikatz sekurlsa password dump SAM.evtx,Audit success,0,"{""EventData"":{""Data"":[{""@Name"":""SubjectUserSid"",""#text"":""S-1-5-21-4230534742-2542757381-3142984815-1111""},{""@Name"":""SubjectUserName"",""#text"":""admmig""},{""@Name"":""SubjectDomainName"",""#text"":""OFFSEC""},{""@Name"":""SubjectLogonId"",""#text"":""0x493AC""},{""@Name"":""ObjectServer"",""#text"":""Security Account Manager""},{""@Name"":""HandleId"",""#text"":""0x1D35E253590""},{""@Name"":""ProcessId"",""#text"":""0x230""},{""@Name"":""ProcessName"",""#text"":""C:\\Windows\\System32\\lsass.exe""}]}}"
121,125523101,2021-03-26 16:59:25.3826141,4661,LogAlways,Microsoft-Windows-Security-Auditing,Security,4,344,rootdc1.offsec.lan,3,,Handle requested to an object,OFFSEC\admmig,,ObjectServer: Security Account Manager,ObjectType: SAM_USER,ObjectName: S-1-5-21-4230534742-2542757381-3142984815-1236,,,,C:\Windows\System32\lsass.exe,False,EVTX-to-MITRE-Attack\TA0006-Credential Access\T1003-Credential dumping\ID4661-4658 Mimikatz sekurlsa password dump SAM.evtx,Audit success,0,"{""EventData"":{""Data"":[{""@Name"":""SubjectUserSid"",""#text"":""S-1-5-21-4230534742-2542757381-3142984815-1111""},{""@Name"":""SubjectUserName"",""#text"":""admmig""},{""@Name"":""SubjectDomainName"",""#text"":""OFFSEC""},{""@Name"":""SubjectLogonId"",""#text"":""0x493AC""},{""@Name"":""ObjectServer"",""#text"":""Security Account Manager""},{""@Name"":""ObjectType"",""#text"":""SAM_USER""},{""@Name"":""ObjectName"",""#text"":""S-1-5-21-4230534742-2542757381-3142984815-1236""},{""@Name"":""HandleId"",""#text"":""0x1D35E253590""},{""@Name"":""TransactionId"",""#text"":""00000000-0000-0000-0000-000000000000""},{""@Name"":""AccessList"",""#text"":""%%1537, %%1538, %%1539, %%1540, %%5440, %%5441, %%5442, %%5443, %%5444, %%5445, %%5446, %%5447, %%5448, ""},{""@Name"":""AccessReason"",""#text"":""-""},{""@Name"":""AccessMask"",""#text"":""0xF01FF""},{""@Name"":""PrivilegeList"",""#text"":""-""},{""@Name"":""Properties"",""#text"":""---, {bf967aba-0de6-11d0-a285-00aa003049e2}, %%1537, %%1538, %%1539, %%1540, %%5440, %%5441, %%5442, %%5443, %%5444, %%5445, %%5446, %%5447, %%5448, {59ba2f42-79a2-11d0-9020-00c04fc2d3cf}, {bf967938-0de6-11d0-a285-00aa003049e2}, {5fd42471-1262-11d0-a060-00aa006c33ed}, {bf9679e8-0de6-11d0-a285-00aa003049e2}, {bf967a00-0de6-11d0-a285-00aa003049e2}, {3e0abfd0-126a-11d0-a060-00aa006c33ed}, {bf967a6a-0de6-11d0-a285-00aa003049e2}, {bf967953-0de6-11d0-a285-00aa003049e2}, {4c164200-20c0-11d0-a768-00aa006e0529}, {bf967915-0de6-11d0-a285-00aa003049e2}, {bf967a0a-0de6-11d0-a285-00aa003049e2}, {bf967a68-0de6-11d0-a285-00aa003049e2}, {bf967a6d-0de6-11d0-a285-00aa003049e2}, {5f202010-79a5-11d0-9020-00c04fc2d4cf}, {bf96792e-0de6-11d0-a285-00aa003049e2}, {bf967985-0de6-11d0-a285-00aa003049e2}, {bf967986-0de6-11d0-a285-00aa003049e2}, {bf967996-0de6-11d0-a285-00aa003049e2}, {bf967997-0de6-11d0-a285-00aa003049e2}, {bf9679aa-0de6-11d0-a285-00aa003049e2}, {bf9679ab-0de6-11d0-a285-00aa003049e2}, {bf9679ac-0de6-11d0-a285-00aa003049e2}, {bf967a05-0de6-11d0-a285-00aa003049e2}, {bf9679a8-0de6-11d0-a285-00aa003049e2}, {e48d0154-bcf8-11d1-8702-00c04fb96050}, {bf967950-0de6-11d0-a285-00aa003049e2}, {bc0ac240-79a9-11d0-9020-00c04fc2d4cf}, {bf967991-0de6-11d0-a285-00aa003049e2}, {ab721a53-1e2f-11d0-9819-00aa0040529b}, {00299570-246d-11d0-a768-00aa006e0529}, {7ed84960-ad10-11d0-8a92-00aa006e0529}, ""},{""@Name"":""RestrictedSidCount"",""#text"":""0""},{""@Name"":""ProcessId"",""#text"":""0x230""},{""@Name"":""ProcessName"",""#text"":""C:\\Windows\\System32\\lsass.exe""}]}}"
122,125523102,2021-03-26 16:59:25.3853399,4658,LogAlways,Microsoft-Windows-Security-Auditing,Security,4,344,rootdc1.offsec.lan,3,,The handle to an object was closed,OFFSEC\admmig,,SID: S-1-5-21-4230534742-2542757381-3142984815-1111,ObjectServer: Security Account Manager,HandleId: 0x1D35E253590,,,,C:\Windows\System32\lsass.exe (PID: 0x230),False,EVTX-to-MITRE-Attack\TA0006-Credential Access\T1003-Credential dumping\ID4661-4658 Mimikatz sekurlsa password dump SAM.evtx,Audit success,0,"{""EventData"":{""Data"":[{""@Name"":""SubjectUserSid"",""#text"":""S-1-5-21-4230534742-2542757381-3142984815-1111""},{""@Name"":""SubjectUserName"",""#text"":""admmig""},{""@Name"":""SubjectDomainName"",""#text"":""OFFSEC""},{""@Name"":""SubjectLogonId"",""#text"":""0x493AC""},{""@Name"":""ObjectServer"",""#text"":""Security Account Manager""},{""@Name"":""HandleId"",""#text"":""0x1D35E253590""},{""@Name"":""ProcessId"",""#text"":""0x230""},{""@Name"":""ProcessName"",""#text"":""C:\\Windows\\System32\\lsass.exe""}]}}"
123,125523103,2021-03-26 16:59:25.3855332,4661,LogAlways,Microsoft-Windows-Security-Auditing,Security,4,344,rootdc1.offsec.lan,3,,Handle requested to an object,OFFSEC\admmig,,ObjectServer: Security Account Manager,ObjectType: SAM_SERVER,ObjectName: SAM,,,,C:\Windows\System32\lsass.exe,False,EVTX-to-MITRE-Attack\TA0006-Credential Access\T1003-Credential dumping\ID4661-4658 Mimikatz sekurlsa password dump SAM.evtx,Audit success,0,"{""EventData"":{""Data"":[{""@Name"":""SubjectUserSid"",""#text"":""S-1-5-21-4230534742-2542757381-3142984815-1111""},{""@Name"":""SubjectUserName"",""#text"":""admmig""},{""@Name"":""SubjectDomainName"",""#text"":""OFFSEC""},{""@Name"":""SubjectLogonId"",""#text"":""0x493AC""},{""@Name"":""ObjectServer"",""#text"":""Security Account Manager""},{""@Name"":""ObjectType"",""#text"":""SAM_SERVER""},{""@Name"":""ObjectName"",""#text"":""SAM""},{""@Name"":""HandleId"",""#text"":""0x0""},{""@Name"":""TransactionId"",""#text"":""00000000-0000-0000-0000-000000000000""},{""@Name"":""AccessList"",""#text"":""%%5384, ""},{""@Name"":""AccessReason"",""#text"":""-""},{""@Name"":""AccessMask"",""#text"":""0x100""},{""@Name"":""PrivilegeList"",""#text"":""-""},{""@Name"":""Properties"",""#text"":""---, {bf967aad-0de6-11d0-a285-00aa003049e2}, %%5384, {91d67418-0135-4acc-8d79-c08e857cfbec}, ""},{""@Name"":""RestrictedSidCount"",""#text"":""0""},{""@Name"":""ProcessId"",""#text"":""0x230""},{""@Name"":""ProcessName"",""#text"":""C:\\Windows\\System32\\lsass.exe""}]}}"
124,125523104,2021-03-26 16:59:25.3898850,4661,LogAlways,Microsoft-Windows-Security-Auditing,Security,4,344,rootdc1.offsec.lan,3,,Handle requested to an object,OFFSEC\admmig,,ObjectServer: Security Account Manager,ObjectType: SAM_USER,ObjectName: S-1-5-21-4230534742-2542757381-3142984815-1607,,,,C:\Windows\System32\lsass.exe,False,EVTX-to-MITRE-Attack\TA0006-Credential Access\T1003-Credential dumping\ID4661-4658 Mimikatz sekurlsa password dump SAM.evtx,Audit success,0,"{""EventData"":{""Data"":[{""@Name"":""SubjectUserSid"",""#text"":""S-1-5-21-4230534742-2542757381-3142984815-1111""},{""@Name"":""SubjectUserName"",""#text"":""admmig""},{""@Name"":""SubjectDomainName"",""#text"":""OFFSEC""},{""@Name"":""SubjectLogonId"",""#text"":""0x493AC""},{""@Name"":""ObjectServer"",""#text"":""Security Account Manager""},{""@Name"":""ObjectType"",""#text"":""SAM_USER""},{""@Name"":""ObjectName"",""#text"":""S-1-5-21-4230534742-2542757381-3142984815-1607""},{""@Name"":""HandleId"",""#text"":""0x1D35E252250""},{""@Name"":""TransactionId"",""#text"":""00000000-0000-0000-0000-000000000000""},{""@Name"":""AccessList"",""#text"":""%%1537, %%1538, %%1539, %%1540, %%5440, %%5441, %%5442, %%5443, %%5444, %%5445, %%5446, %%5447, %%5448, ""},{""@Name"":""AccessReason"",""#text"":""-""},{""@Name"":""AccessMask"",""#text"":""0xF01FF""},{""@Name"":""PrivilegeList"",""#text"":""-""},{""@Name"":""Properties"",""#text"":""---, {bf967aba-0de6-11d0-a285-00aa003049e2}, %%1537, %%1538, %%1539, %%1540, %%5440, %%5441, %%5442, %%5443, %%5444, %%5445, %%5446, %%5447, %%5448, {59ba2f42-79a2-11d0-9020-00c04fc2d3cf}, {bf967938-0de6-11d0-a285-00aa003049e2}, {5fd42471-1262-11d0-a060-00aa006c33ed}, {bf9679e8-0de6-11d0-a285-00aa003049e2}, {bf967a00-0de6-11d0-a285-00aa003049e2}, {3e0abfd0-126a-11d0-a060-00aa006c33ed}, {bf967a6a-0de6-11d0-a285-00aa003049e2}, {bf967953-0de6-11d0-a285-00aa003049e2}, {4c164200-20c0-11d0-a768-00aa006e0529}, {bf967915-0de6-11d0-a285-00aa003049e2}, {bf967a0a-0de6-11d0-a285-00aa003049e2}, {bf967a68-0de6-11d0-a285-00aa003049e2}, {bf967a6d-0de6-11d0-a285-00aa003049e2}, {5f202010-79a5-11d0-9020-00c04fc2d4cf}, {bf96792e-0de6-11d0-a285-00aa003049e2}, {bf967985-0de6-11d0-a285-00aa003049e2}, {bf967986-0de6-11d0-a285-00aa003049e2}, {bf967996-0de6-11d0-a285-00aa003049e2}, {bf967997-0de6-11d0-a285-00aa003049e2}, {bf9679aa-0de6-11d0-a285-00aa003049e2}, {bf9679ab-0de6-11d0-a285-00aa003049e2}, {bf9679ac-0de6-11d0-a285-00aa003049e2}, {bf967a05-0de6-11d0-a285-00aa003049e2}, {bf9679a8-0de6-11d0-a285-00aa003049e2}, {e48d0154-bcf8-11d1-8702-00c04fb96050}, {bf967950-0de6-11d0-a285-00aa003049e2}, {bc0ac240-79a9-11d0-9020-00c04fc2d4cf}, {bf967991-0de6-11d0-a285-00aa003049e2}, {ab721a53-1e2f-11d0-9819-00aa0040529b}, {00299570-246d-11d0-a768-00aa006e0529}, {7ed84960-ad10-11d0-8a92-00aa006e0529}, ""},{""@Name"":""RestrictedSidCount"",""#text"":""0""},{""@Name"":""ProcessId"",""#text"":""0x230""},{""@Name"":""ProcessName"",""#text"":""C:\\Windows\\System32\\lsass.exe""}]}}"
125,125523105,2021-03-26 16:59:25.3929227,4658,LogAlways,Microsoft-Windows-Security-Auditing,Security,4,344,rootdc1.offsec.lan,3,,The handle to an object was closed,OFFSEC\admmig,,SID: S-1-5-21-4230534742-2542757381-3142984815-1111,ObjectServer: Security Account Manager,HandleId: 0x1D35E252250,,,,C:\Windows\System32\lsass.exe (PID: 0x230),False,EVTX-to-MITRE-Attack\TA0006-Credential Access\T1003-Credential dumping\ID4661-4658 Mimikatz sekurlsa password dump SAM.evtx,Audit success,0,"{""EventData"":{""Data"":[{""@Name"":""SubjectUserSid"",""#text"":""S-1-5-21-4230534742-2542757381-3142984815-1111""},{""@Name"":""SubjectUserName"",""#text"":""admmig""},{""@Name"":""SubjectDomainName"",""#text"":""OFFSEC""},{""@Name"":""SubjectLogonId"",""#text"":""0x493AC""},{""@Name"":""ObjectServer"",""#text"":""Security Account Manager""},{""@Name"":""HandleId"",""#text"":""0x1D35E252250""},{""@Name"":""ProcessId"",""#text"":""0x230""},{""@Name"":""ProcessName"",""#text"":""C:\\Windows\\System32\\lsass.exe""}]}}"
126,125523106,2021-03-26 16:59:25.3971825,4661,LogAlways,Microsoft-Windows-Security-Auditing,Security,4,344,rootdc1.offsec.lan,3,,Handle requested to an object,OFFSEC\admmig,,ObjectServer: Security Account Manager,ObjectType: SAM_USER,ObjectName: S-1-5-21-4230534742-2542757381-3142984815-1608,,,,C:\Windows\System32\lsass.exe,False,EVTX-to-MITRE-Attack\TA0006-Credential Access\T1003-Credential dumping\ID4661-4658 Mimikatz sekurlsa password dump SAM.evtx,Audit success,0,"{""EventData"":{""Data"":[{""@Name"":""SubjectUserSid"",""#text"":""S-1-5-21-4230534742-2542757381-3142984815-1111""},{""@Name"":""SubjectUserName"",""#text"":""admmig""},{""@Name"":""SubjectDomainName"",""#text"":""OFFSEC""},{""@Name"":""SubjectLogonId"",""#text"":""0x493AC""},{""@Name"":""ObjectServer"",""#text"":""Security Account Manager""},{""@Name"":""ObjectType"",""#text"":""SAM_USER""},{""@Name"":""ObjectName"",""#text"":""S-1-5-21-4230534742-2542757381-3142984815-1608""},{""@Name"":""HandleId"",""#text"":""0x1D35E252250""},{""@Name"":""TransactionId"",""#text"":""00000000-0000-0000-0000-000000000000""},{""@Name"":""AccessList"",""#text"":""%%1537, %%1538, %%1539, %%1540, %%5440, %%5441, %%5442, %%5443, %%5444, %%5445, %%5446, %%5447, %%5448, ""},{""@Name"":""AccessReason"",""#text"":""-""},{""@Name"":""AccessMask"",""#text"":""0xF01FF""},{""@Name"":""PrivilegeList"",""#text"":""-""},{""@Name"":""Properties"",""#text"":""---, {bf967aba-0de6-11d0-a285-00aa003049e2}, %%1537, %%1538, %%1539, %%1540, %%5440, %%5441, %%5442, %%5443, %%5444, %%5445, %%5446, %%5447, %%5448, {59ba2f42-79a2-11d0-9020-00c04fc2d3cf}, {bf967938-0de6-11d0-a285-00aa003049e2}, {5fd42471-1262-11d0-a060-00aa006c33ed}, {bf9679e8-0de6-11d0-a285-00aa003049e2}, {bf967a00-0de6-11d0-a285-00aa003049e2}, {3e0abfd0-126a-11d0-a060-00aa006c33ed}, {bf967a6a-0de6-11d0-a285-00aa003049e2}, {bf967953-0de6-11d0-a285-00aa003049e2}, {4c164200-20c0-11d0-a768-00aa006e0529}, {bf967915-0de6-11d0-a285-00aa003049e2}, {bf967a0a-0de6-11d0-a285-00aa003049e2}, {bf967a68-0de6-11d0-a285-00aa003049e2}, {bf967a6d-0de6-11d0-a285-00aa003049e2}, {5f202010-79a5-11d0-9020-00c04fc2d4cf}, {bf96792e-0de6-11d0-a285-00aa003049e2}, {bf967985-0de6-11d0-a285-00aa003049e2}, {bf967986-0de6-11d0-a285-00aa003049e2}, {bf967996-0de6-11d0-a285-00aa003049e2}, {bf967997-0de6-11d0-a285-00aa003049e2}, {bf9679aa-0de6-11d0-a285-00aa003049e2}, {bf9679ab-0de6-11d0-a285-00aa003049e2}, {bf9679ac-0de6-11d0-a285-00aa003049e2}, {bf967a05-0de6-11d0-a285-00aa003049e2}, {bf9679a8-0de6-11d0-a285-00aa003049e2}, {e48d0154-bcf8-11d1-8702-00c04fb96050}, {bf967950-0de6-11d0-a285-00aa003049e2}, {bc0ac240-79a9-11d0-9020-00c04fc2d4cf}, {bf967991-0de6-11d0-a285-00aa003049e2}, {ab721a53-1e2f-11d0-9819-00aa0040529b}, {00299570-246d-11d0-a768-00aa006e0529}, {7ed84960-ad10-11d0-8a92-00aa006e0529}, ""},{""@Name"":""RestrictedSidCount"",""#text"":""0""},{""@Name"":""ProcessId"",""#text"":""0x230""},{""@Name"":""ProcessName"",""#text"":""C:\\Windows\\System32\\lsass.exe""}]}}"
127,125523107,2021-03-26 16:59:25.4002277,4658,LogAlways,Microsoft-Windows-Security-Auditing,Security,4,344,rootdc1.offsec.lan,4,,The handle to an object was closed,OFFSEC\admmig,,SID: S-1-5-21-4230534742-2542757381-3142984815-1111,ObjectServer: Security Account Manager,HandleId: 0x1D35E252250,,,,C:\Windows\System32\lsass.exe (PID: 0x230),False,EVTX-to-MITRE-Attack\TA0006-Credential Access\T1003-Credential dumping\ID4661-4658 Mimikatz sekurlsa password dump SAM.evtx,Audit success,0,"{""EventData"":{""Data"":[{""@Name"":""SubjectUserSid"",""#text"":""S-1-5-21-4230534742-2542757381-3142984815-1111""},{""@Name"":""SubjectUserName"",""#text"":""admmig""},{""@Name"":""SubjectDomainName"",""#text"":""OFFSEC""},{""@Name"":""SubjectLogonId"",""#text"":""0x493AC""},{""@Name"":""ObjectServer"",""#text"":""Security Account Manager""},{""@Name"":""HandleId"",""#text"":""0x1D35E252250""},{""@Name"":""ProcessId"",""#text"":""0x230""},{""@Name"":""ProcessName"",""#text"":""C:\\Windows\\System32\\lsass.exe""}]}}"
128,125523108,2021-03-26 16:59:25.4004225,4661,LogAlways,Microsoft-Windows-Security-Auditing,Security,4,344,rootdc1.offsec.lan,4,,Handle requested to an object,OFFSEC\admmig,,ObjectServer: Security Account Manager,ObjectType: SAM_SERVER,ObjectName: SAM,,,,C:\Windows\System32\lsass.exe,False,EVTX-to-MITRE-Attack\TA0006-Credential Access\T1003-Credential dumping\ID4661-4658 Mimikatz sekurlsa password dump SAM.evtx,Audit success,0,"{""EventData"":{""Data"":[{""@Name"":""SubjectUserSid"",""#text"":""S-1-5-21-4230534742-2542757381-3142984815-1111""},{""@Name"":""SubjectUserName"",""#text"":""admmig""},{""@Name"":""SubjectDomainName"",""#text"":""OFFSEC""},{""@Name"":""SubjectLogonId"",""#text"":""0x493AC""},{""@Name"":""ObjectServer"",""#text"":""Security Account Manager""},{""@Name"":""ObjectType"",""#text"":""SAM_SERVER""},{""@Name"":""ObjectName"",""#text"":""SAM""},{""@Name"":""HandleId"",""#text"":""0x0""},{""@Name"":""TransactionId"",""#text"":""00000000-0000-0000-0000-000000000000""},{""@Name"":""AccessList"",""#text"":""%%5384, ""},{""@Name"":""AccessReason"",""#text"":""-""},{""@Name"":""AccessMask"",""#text"":""0x100""},{""@Name"":""PrivilegeList"",""#text"":""-""},{""@Name"":""Properties"",""#text"":""---, {bf967aad-0de6-11d0-a285-00aa003049e2}, %%5384, {91d67418-0135-4acc-8d79-c08e857cfbec}, ""},{""@Name"":""RestrictedSidCount"",""#text"":""0""},{""@Name"":""ProcessId"",""#text"":""0x230""},{""@Name"":""ProcessName"",""#text"":""C:\\Windows\\System32\\lsass.exe""}]}}"
129,125523109,2021-03-26 16:59:25.4152244,4661,LogAlways,Microsoft-Windows-Security-Auditing,Security,4,344,rootdc1.offsec.lan,4,,Handle requested to an object,OFFSEC\admmig,,ObjectServer: Security Account Manager,ObjectType: SAM_USER,ObjectName: S-1-5-21-4230534742-2542757381-3142984815-1620,,,,C:\Windows\System32\lsass.exe,False,EVTX-to-MITRE-Attack\TA0006-Credential Access\T1003-Credential dumping\ID4661-4658 Mimikatz sekurlsa password dump SAM.evtx,Audit success,0,"{""EventData"":{""Data"":[{""@Name"":""SubjectUserSid"",""#text"":""S-1-5-21-4230534742-2542757381-3142984815-1111""},{""@Name"":""SubjectUserName"",""#text"":""admmig""},{""@Name"":""SubjectDomainName"",""#text"":""OFFSEC""},{""@Name"":""SubjectLogonId"",""#text"":""0x493AC""},{""@Name"":""ObjectServer"",""#text"":""Security Account Manager""},{""@Name"":""ObjectType"",""#text"":""SAM_USER""},{""@Name"":""ObjectName"",""#text"":""S-1-5-21-4230534742-2542757381-3142984815-1620""},{""@Name"":""HandleId"",""#text"":""0x1D35E252250""},{""@Name"":""TransactionId"",""#text"":""00000000-0000-0000-0000-000000000000""},{""@Name"":""AccessList"",""#text"":""%%1537, %%1538, %%1539, %%1540, %%5440, %%5441, %%5442, %%5443, %%5444, %%5445, %%5446, %%5447, ""},{""@Name"":""AccessReason"",""#text"":""-""},{""@Name"":""AccessMask"",""#text"":""0xF00FF""},{""@Name"":""PrivilegeList"",""#text"":""-""},{""@Name"":""Properties"",""#text"":""---, {bf967aba-0de6-11d0-a285-00aa003049e2}, %%1537, %%1538, %%1539, %%1540, %%5440, %%5441, %%5442, %%5443, %%5444, %%5445, %%5446, %%5447, {ab721a53-1e2f-11d0-9819-00aa0040529b}, %%1537, %%1538, %%1539, %%1540, %%5440, %%5441, %%5442, %%5443, %%5444, %%5445, %%5446, %%5447, %%5448, {bf967938-0de6-11d0-a285-00aa003049e2}, {5fd42471-1262-11d0-a060-00aa006c33ed}, {bf9679e8-0de6-11d0-a285-00aa003049e2}, {bf967a00-0de6-11d0-a285-00aa003049e2}, {3e0abfd0-126a-11d0-a060-00aa006c33ed}, {bf967a6a-0de6-11d0-a285-00aa003049e2}, {bf967953-0de6-11d0-a285-00aa003049e2}, {4c164200-20c0-11d0-a768-00aa006e0529}, {bf967915-0de6-11d0-a285-00aa003049e2}, {bf967a0a-0de6-11d0-a285-00aa003049e2}, {bf967a68-0de6-11d0-a285-00aa003049e2}, {bf967a6d-0de6-11d0-a285-00aa003049e2}, {5f202010-79a5-11d0-9020-00c04fc2d4cf}, {59ba2f42-79a2-11d0-9020-00c04fc2d3cf}, {bf967985-0de6-11d0-a285-00aa003049e2}, {bf967986-0de6-11d0-a285-00aa003049e2}, {bf967996-0de6-11d0-a285-00aa003049e2}, {bf967997-0de6-11d0-a285-00aa003049e2}, {bf9679aa-0de6-11d0-a285-00aa003049e2}, {bf9679ab-0de6-11d0-a285-00aa003049e2}, {bf9679ac-0de6-11d0-a285-00aa003049e2}, {bf967a05-0de6-11d0-a285-00aa003049e2}, {bf9679a8-0de6-11d0-a285-00aa003049e2}, {e48d0154-bcf8-11d1-8702-00c04fb96050}, {bf967950-0de6-11d0-a285-00aa003049e2}, {bc0ac240-79a9-11d0-9020-00c04fc2d4cf}, {bf967991-0de6-11d0-a285-00aa003049e2}, {bf96792e-0de6-11d0-a285-00aa003049e2}, {00299570-246d-11d0-a768-00aa006e0529}, {7ed84960-ad10-11d0-8a92-00aa006e0529}, ""},{""@Name"":""RestrictedSidCount"",""#text"":""0""},{""@Name"":""ProcessId"",""#text"":""0x230""},{""@Name"":""ProcessName"",""#text"":""C:\\Windows\\System32\\lsass.exe""}]}}"
130,125523110,2021-03-26 16:59:25.4167216,4658,LogAlways,Microsoft-Windows-Security-Auditing,Security,4,344,rootdc1.offsec.lan,4,,The handle to an object was closed,OFFSEC\admmig,,SID: S-1-5-21-4230534742-2542757381-3142984815-1111,ObjectServer: Security Account Manager,HandleId: 0x1D35E252250,,,,C:\Windows\System32\lsass.exe (PID: 0x230),False,EVTX-to-MITRE-Attack\TA0006-Credential Access\T1003-Credential dumping\ID4661-4658 Mimikatz sekurlsa password dump SAM.evtx,Audit success,0,"{""EventData"":{""Data"":[{""@Name"":""SubjectUserSid"",""#text"":""S-1-5-21-4230534742-2542757381-3142984815-1111""},{""@Name"":""SubjectUserName"",""#text"":""admmig""},{""@Name"":""SubjectDomainName"",""#text"":""OFFSEC""},{""@Name"":""SubjectLogonId"",""#text"":""0x493AC""},{""@Name"":""ObjectServer"",""#text"":""Security Account Manager""},{""@Name"":""HandleId"",""#text"":""0x1D35E252250""},{""@Name"":""ProcessId"",""#text"":""0x230""},{""@Name"":""ProcessName"",""#text"":""C:\\Windows\\System32\\lsass.exe""}]}}"
131,125523111,2021-03-26 16:59:25.4209385,4661,LogAlways,Microsoft-Windows-Security-Auditing,Security,4,344,rootdc1.offsec.lan,4,,Handle requested to an object,OFFSEC\admmig,,ObjectServer: Security Account Manager,ObjectType: SAM_USER,ObjectName: S-1-5-21-4230534742-2542757381-3142984815-1625,,,,C:\Windows\System32\lsass.exe,False,EVTX-to-MITRE-Attack\TA0006-Credential Access\T1003-Credential dumping\ID4661-4658 Mimikatz sekurlsa password dump SAM.evtx,Audit success,0,"{""EventData"":{""Data"":[{""@Name"":""SubjectUserSid"",""#text"":""S-1-5-21-4230534742-2542757381-3142984815-1111""},{""@Name"":""SubjectUserName"",""#text"":""admmig""},{""@Name"":""SubjectDomainName"",""#text"":""OFFSEC""},{""@Name"":""SubjectLogonId"",""#text"":""0x493AC""},{""@Name"":""ObjectServer"",""#text"":""Security Account Manager""},{""@Name"":""ObjectType"",""#text"":""SAM_USER""},{""@Name"":""ObjectName"",""#text"":""S-1-5-21-4230534742-2542757381-3142984815-1625""},{""@Name"":""HandleId"",""#text"":""0x1D35E2513E0""},{""@Name"":""TransactionId"",""#text"":""00000000-0000-0000-0000-000000000000""},{""@Name"":""AccessList"",""#text"":""%%1537, %%1538, %%1539, %%1540, %%5440, %%5441, %%5442, %%5443, %%5444, %%5445, %%5447, %%5448, ""},{""@Name"":""AccessReason"",""#text"":""-""},{""@Name"":""AccessMask"",""#text"":""0xF01BF""},{""@Name"":""PrivilegeList"",""#text"":""-""},{""@Name"":""Properties"",""#text"":""---, {bf967aba-0de6-11d0-a285-00aa003049e2}, %%1537, %%1538, %%1539, %%1540, %%5440, %%5441, %%5442, %%5443, %%5444, %%5445, %%5447, %%5448, {59ba2f42-79a2-11d0-9020-00c04fc2d3cf}, {bf967938-0de6-11d0-a285-00aa003049e2}, {5fd42471-1262-11d0-a060-00aa006c33ed}, {bf9679e8-0de6-11d0-a285-00aa003049e2}, {bf967a00-0de6-11d0-a285-00aa003049e2}, {3e0abfd0-126a-11d0-a060-00aa006c33ed}, {bf967a6a-0de6-11d0-a285-00aa003049e2}, {bf967953-0de6-11d0-a285-00aa003049e2}, {4c164200-20c0-11d0-a768-00aa006e0529}, {bf967915-0de6-11d0-a285-00aa003049e2}, {bf967a0a-0de6-11d0-a285-00aa003049e2}, {bf967a68-0de6-11d0-a285-00aa003049e2}, {bf967a6d-0de6-11d0-a285-00aa003049e2}, {5f202010-79a5-11d0-9020-00c04fc2d4cf}, {bf96792e-0de6-11d0-a285-00aa003049e2}, {bf967985-0de6-11d0-a285-00aa003049e2}, {bf967986-0de6-11d0-a285-00aa003049e2}, {bf967996-0de6-11d0-a285-00aa003049e2}, {bf967997-0de6-11d0-a285-00aa003049e2}, {bf9679aa-0de6-11d0-a285-00aa003049e2}, {bf9679ab-0de6-11d0-a285-00aa003049e2}, {bf9679ac-0de6-11d0-a285-00aa003049e2}, {bf967a05-0de6-11d0-a285-00aa003049e2}, {bf9679a8-0de6-11d0-a285-00aa003049e2}, {e48d0154-bcf8-11d1-8702-00c04fb96050}, {bf967950-0de6-11d0-a285-00aa003049e2}, {bc0ac240-79a9-11d0-9020-00c04fc2d4cf}, {bf967991-0de6-11d0-a285-00aa003049e2}, {ab721a53-1e2f-11d0-9819-00aa0040529b}, {00299570-246d-11d0-a768-00aa006e0529}, {7ed84960-ad10-11d0-8a92-00aa006e0529}, ""},{""@Name"":""RestrictedSidCount"",""#text"":""0""},{""@Name"":""ProcessId"",""#text"":""0x230""},{""@Name"":""ProcessName"",""#text"":""C:\\Windows\\System32\\lsass.exe""}]}}"
132,125523112,2021-03-26 16:59:25.4251637,4658,LogAlways,Microsoft-Windows-Security-Auditing,Security,4,344,rootdc1.offsec.lan,4,,The handle to an object was closed,OFFSEC\admmig,,SID: S-1-5-21-4230534742-2542757381-3142984815-1111,ObjectServer: Security Account Manager,HandleId: 0x1D35E2513E0,,,,C:\Windows\System32\lsass.exe (PID: 0x230),False,EVTX-to-MITRE-Attack\TA0006-Credential Access\T1003-Credential dumping\ID4661-4658 Mimikatz sekurlsa password dump SAM.evtx,Audit success,0,"{""EventData"":{""Data"":[{""@Name"":""SubjectUserSid"",""#text"":""S-1-5-21-4230534742-2542757381-3142984815-1111""},{""@Name"":""SubjectUserName"",""#text"":""admmig""},{""@Name"":""SubjectDomainName"",""#text"":""OFFSEC""},{""@Name"":""SubjectLogonId"",""#text"":""0x493AC""},{""@Name"":""ObjectServer"",""#text"":""Security Account Manager""},{""@Name"":""HandleId"",""#text"":""0x1D35E2513E0""},{""@Name"":""ProcessId"",""#text"":""0x230""},{""@Name"":""ProcessName"",""#text"":""C:\\Windows\\System32\\lsass.exe""}]}}"
133,125523113,2021-03-26 16:59:25.4251759,4661,LogAlways,Microsoft-Windows-Security-Auditing,Security,4,344,rootdc1.offsec.lan,4,,Handle requested to an object,OFFSEC\admmig,,ObjectServer: Security Account Manager,ObjectType: SAM_SERVER,ObjectName: SAM,,,,C:\Windows\System32\lsass.exe,False,EVTX-to-MITRE-Attack\TA0006-Credential Access\T1003-Credential dumping\ID4661-4658 Mimikatz sekurlsa password dump SAM.evtx,Audit success,0,"{""EventData"":{""Data"":[{""@Name"":""SubjectUserSid"",""#text"":""S-1-5-21-4230534742-2542757381-3142984815-1111""},{""@Name"":""SubjectUserName"",""#text"":""admmig""},{""@Name"":""SubjectDomainName"",""#text"":""OFFSEC""},{""@Name"":""SubjectLogonId"",""#text"":""0x493AC""},{""@Name"":""ObjectServer"",""#text"":""Security Account Manager""},{""@Name"":""ObjectType"",""#text"":""SAM_SERVER""},{""@Name"":""ObjectName"",""#text"":""SAM""},{""@Name"":""HandleId"",""#text"":""0x0""},{""@Name"":""TransactionId"",""#text"":""00000000-0000-0000-0000-000000000000""},{""@Name"":""AccessList"",""#text"":""%%5384, ""},{""@Name"":""AccessReason"",""#text"":""-""},{""@Name"":""AccessMask"",""#text"":""0x100""},{""@Name"":""PrivilegeList"",""#text"":""-""},{""@Name"":""Properties"",""#text"":""---, {bf967aad-0de6-11d0-a285-00aa003049e2}, %%5384, {91d67418-0135-4acc-8d79-c08e857cfbec}, ""},{""@Name"":""RestrictedSidCount"",""#text"":""0""},{""@Name"":""ProcessId"",""#text"":""0x230""},{""@Name"":""ProcessName"",""#text"":""C:\\Windows\\System32\\lsass.exe""}]}}"
134,125523114,2021-03-26 16:59:25.4302884,4661,LogAlways,Microsoft-Windows-Security-Auditing,Security,4,344,rootdc1.offsec.lan,4,,Handle requested to an object,OFFSEC\admmig,,ObjectServer: Security Account Manager,ObjectType: SAM_USER,ObjectName: S-1-5-21-4230534742-2542757381-3142984815-1626,,,,C:\Windows\System32\lsass.exe,False,EVTX-to-MITRE-Attack\TA0006-Credential Access\T1003-Credential dumping\ID4661-4658 Mimikatz sekurlsa password dump SAM.evtx,Audit success,0,"{""EventData"":{""Data"":[{""@Name"":""SubjectUserSid"",""#text"":""S-1-5-21-4230534742-2542757381-3142984815-1111""},{""@Name"":""SubjectUserName"",""#text"":""admmig""},{""@Name"":""SubjectDomainName"",""#text"":""OFFSEC""},{""@Name"":""SubjectLogonId"",""#text"":""0x493AC""},{""@Name"":""ObjectServer"",""#text"":""Security Account Manager""},{""@Name"":""ObjectType"",""#text"":""SAM_USER""},{""@Name"":""ObjectName"",""#text"":""S-1-5-21-4230534742-2542757381-3142984815-1626""},{""@Name"":""HandleId"",""#text"":""0x1D35E252BF0""},{""@Name"":""TransactionId"",""#text"":""00000000-0000-0000-0000-000000000000""},{""@Name"":""AccessList"",""#text"":""%%1537, %%1538, %%1539, %%1540, %%5440, %%5441, %%5442, %%5443, %%5444, %%5445, %%5446, %%5447, %%5448, ""},{""@Name"":""AccessReason"",""#text"":""-""},{""@Name"":""AccessMask"",""#text"":""0xF01FF""},{""@Name"":""PrivilegeList"",""#text"":""-""},{""@Name"":""Properties"",""#text"":""---, {bf967aba-0de6-11d0-a285-00aa003049e2}, %%1537, %%1538, %%1539, %%1540, %%5440, %%5441, %%5442, %%5443, %%5444, %%5445, %%5446, %%5447, %%5448, {59ba2f42-79a2-11d0-9020-00c04fc2d3cf}, {bf967938-0de6-11d0-a285-00aa003049e2}, {5fd42471-1262-11d0-a060-00aa006c33ed}, {bf9679e8-0de6-11d0-a285-00aa003049e2}, {bf967a00-0de6-11d0-a285-00aa003049e2}, {3e0abfd0-126a-11d0-a060-00aa006c33ed}, {bf967a6a-0de6-11d0-a285-00aa003049e2}, {bf967953-0de6-11d0-a285-00aa003049e2}, {4c164200-20c0-11d0-a768-00aa006e0529}, {bf967915-0de6-11d0-a285-00aa003049e2}, {bf967a0a-0de6-11d0-a285-00aa003049e2}, {bf967a68-0de6-11d0-a285-00aa003049e2}, {bf967a6d-0de6-11d0-a285-00aa003049e2}, {5f202010-79a5-11d0-9020-00c04fc2d4cf}, {bf96792e-0de6-11d0-a285-00aa003049e2}, {bf967985-0de6-11d0-a285-00aa003049e2}, {bf967986-0de6-11d0-a285-00aa003049e2}, {bf967996-0de6-11d0-a285-00aa003049e2}, {bf967997-0de6-11d0-a285-00aa003049e2}, {bf9679aa-0de6-11d0-a285-00aa003049e2}, {bf9679ab-0de6-11d0-a285-00aa003049e2}, {bf9679ac-0de6-11d0-a285-00aa003049e2}, {bf967a05-0de6-11d0-a285-00aa003049e2}, {bf9679a8-0de6-11d0-a285-00aa003049e2}, {e48d0154-bcf8-11d1-8702-00c04fb96050}, {bf967950-0de6-11d0-a285-00aa003049e2}, {bc0ac240-79a9-11d0-9020-00c04fc2d4cf}, {bf967991-0de6-11d0-a285-00aa003049e2}, {ab721a53-1e2f-11d0-9819-00aa0040529b}, {00299570-246d-11d0-a768-00aa006e0529}, {7ed84960-ad10-11d0-8a92-00aa006e0529}, ""},{""@Name"":""RestrictedSidCount"",""#text"":""0""},{""@Name"":""ProcessId"",""#text"":""0x230""},{""@Name"":""ProcessName"",""#text"":""C:\\Windows\\System32\\lsass.exe""}]}}"
135,125523115,2021-03-26 16:59:25.4341560,4658,LogAlways,Microsoft-Windows-Security-Auditing,Security,4,344,rootdc1.offsec.lan,4,,The handle to an object was closed,OFFSEC\admmig,,SID: S-1-5-21-4230534742-2542757381-3142984815-1111,ObjectServer: Security Account Manager,HandleId: 0x1D35E252BF0,,,,C:\Windows\System32\lsass.exe (PID: 0x230),False,EVTX-to-MITRE-Attack\TA0006-Credential Access\T1003-Credential dumping\ID4661-4658 Mimikatz sekurlsa password dump SAM.evtx,Audit success,0,"{""EventData"":{""Data"":[{""@Name"":""SubjectUserSid"",""#text"":""S-1-5-21-4230534742-2542757381-3142984815-1111""},{""@Name"":""SubjectUserName"",""#text"":""admmig""},{""@Name"":""SubjectDomainName"",""#text"":""OFFSEC""},{""@Name"":""SubjectLogonId"",""#text"":""0x493AC""},{""@Name"":""ObjectServer"",""#text"":""Security Account Manager""},{""@Name"":""HandleId"",""#text"":""0x1D35E252BF0""},{""@Name"":""ProcessId"",""#text"":""0x230""},{""@Name"":""ProcessName"",""#text"":""C:\\Windows\\System32\\lsass.exe""}]}}"
136,125523116,2021-03-26 16:59:25.4366506,4661,LogAlways,Microsoft-Windows-Security-Auditing,Security,4,344,rootdc1.offsec.lan,4,,Handle requested to an object,OFFSEC\admmig,,ObjectServer: Security Account Manager,ObjectType: SAM_USER,ObjectName: S-1-5-21-4230534742-2542757381-3142984815-1627,,,,C:\Windows\System32\lsass.exe,False,EVTX-to-MITRE-Attack\TA0006-Credential Access\T1003-Credential dumping\ID4661-4658 Mimikatz sekurlsa password dump SAM.evtx,Audit success,0,"{""EventData"":{""Data"":[{""@Name"":""SubjectUserSid"",""#text"":""S-1-5-21-4230534742-2542757381-3142984815-1111""},{""@Name"":""SubjectUserName"",""#text"":""admmig""},{""@Name"":""SubjectDomainName"",""#text"":""OFFSEC""},{""@Name"":""SubjectLogonId"",""#text"":""0x493AC""},{""@Name"":""ObjectServer"",""#text"":""Security Account Manager""},{""@Name"":""ObjectType"",""#text"":""SAM_USER""},{""@Name"":""ObjectName"",""#text"":""S-1-5-21-4230534742-2542757381-3142984815-1627""},{""@Name"":""HandleId"",""#text"":""0x1D35E250570""},{""@Name"":""TransactionId"",""#text"":""00000000-0000-0000-0000-000000000000""},{""@Name"":""AccessList"",""#text"":""%%1537, %%1538, %%1539, %%1540, %%5440, %%5441, %%5442, %%5443, %%5444, %%5445, %%5446, %%5447, %%5448, ""},{""@Name"":""AccessReason"",""#text"":""-""},{""@Name"":""AccessMask"",""#text"":""0xF01FF""},{""@Name"":""PrivilegeList"",""#text"":""-""},{""@Name"":""Properties"",""#text"":""---, {bf967aba-0de6-11d0-a285-00aa003049e2}, %%1537, %%1538, %%1539, %%1540, %%5440, %%5441, %%5442, %%5443, %%5444, %%5445, %%5446, %%5447, %%5448, {59ba2f42-79a2-11d0-9020-00c04fc2d3cf}, {bf967938-0de6-11d0-a285-00aa003049e2}, {5fd42471-1262-11d0-a060-00aa006c33ed}, {bf9679e8-0de6-11d0-a285-00aa003049e2}, {bf967a00-0de6-11d0-a285-00aa003049e2}, {3e0abfd0-126a-11d0-a060-00aa006c33ed}, {bf967a6a-0de6-11d0-a285-00aa003049e2}, {bf967953-0de6-11d0-a285-00aa003049e2}, {4c164200-20c0-11d0-a768-00aa006e0529}, {bf967915-0de6-11d0-a285-00aa003049e2}, {bf967a0a-0de6-11d0-a285-00aa003049e2}, {bf967a68-0de6-11d0-a285-00aa003049e2}, {bf967a6d-0de6-11d0-a285-00aa003049e2}, {5f202010-79a5-11d0-9020-00c04fc2d4cf}, {bf96792e-0de6-11d0-a285-00aa003049e2}, {bf967985-0de6-11d0-a285-00aa003049e2}, {bf967986-0de6-11d0-a285-00aa003049e2}, {bf967996-0de6-11d0-a285-00aa003049e2}, {bf967997-0de6-11d0-a285-00aa003049e2}, {bf9679aa-0de6-11d0-a285-00aa003049e2}, {bf9679ab-0de6-11d0-a285-00aa003049e2}, {bf9679ac-0de6-11d0-a285-00aa003049e2}, {bf967a05-0de6-11d0-a285-00aa003049e2}, {bf9679a8-0de6-11d0-a285-00aa003049e2}, {e48d0154-bcf8-11d1-8702-00c04fb96050}, {bf967950-0de6-11d0-a285-00aa003049e2}, {bc0ac240-79a9-11d0-9020-00c04fc2d4cf}, {bf967991-0de6-11d0-a285-00aa003049e2}, {ab721a53-1e2f-11d0-9819-00aa0040529b}, {00299570-246d-11d0-a768-00aa006e0529}, {7ed84960-ad10-11d0-8a92-00aa006e0529}, ""},{""@Name"":""RestrictedSidCount"",""#text"":""0""},{""@Name"":""ProcessId"",""#text"":""0x230""},{""@Name"":""ProcessName"",""#text"":""C:\\Windows\\System32\\lsass.exe""}]}}"
137,125523117,2021-03-26 16:59:25.4384924,4658,LogAlways,Microsoft-Windows-Security-Auditing,Security,4,344,rootdc1.offsec.lan,4,,The handle to an object was closed,OFFSEC\admmig,,SID: S-1-5-21-4230534742-2542757381-3142984815-1111,ObjectServer: Security Account Manager,HandleId: 0x1D35E250570,,,,C:\Windows\System32\lsass.exe (PID: 0x230),False,EVTX-to-MITRE-Attack\TA0006-Credential Access\T1003-Credential dumping\ID4661-4658 Mimikatz sekurlsa password dump SAM.evtx,Audit success,0,"{""EventData"":{""Data"":[{""@Name"":""SubjectUserSid"",""#text"":""S-1-5-21-4230534742-2542757381-3142984815-1111""},{""@Name"":""SubjectUserName"",""#text"":""admmig""},{""@Name"":""SubjectDomainName"",""#text"":""OFFSEC""},{""@Name"":""SubjectLogonId"",""#text"":""0x493AC""},{""@Name"":""ObjectServer"",""#text"":""Security Account Manager""},{""@Name"":""HandleId"",""#text"":""0x1D35E250570""},{""@Name"":""ProcessId"",""#text"":""0x230""},{""@Name"":""ProcessName"",""#text"":""C:\\Windows\\System32\\lsass.exe""}]}}"
138,125523118,2021-03-26 16:59:25.4385041,4661,LogAlways,Microsoft-Windows-Security-Auditing,Security,4,344,rootdc1.offsec.lan,4,,Handle requested to an object,OFFSEC\admmig,,ObjectServer: Security Account Manager,ObjectType: SAM_SERVER,ObjectName: SAM,,,,C:\Windows\System32\lsass.exe,False,EVTX-to-MITRE-Attack\TA0006-Credential Access\T1003-Credential dumping\ID4661-4658 Mimikatz sekurlsa password dump SAM.evtx,Audit success,0,"{""EventData"":{""Data"":[{""@Name"":""SubjectUserSid"",""#text"":""S-1-5-21-4230534742-2542757381-3142984815-1111""},{""@Name"":""SubjectUserName"",""#text"":""admmig""},{""@Name"":""SubjectDomainName"",""#text"":""OFFSEC""},{""@Name"":""SubjectLogonId"",""#text"":""0x493AC""},{""@Name"":""ObjectServer"",""#text"":""Security Account Manager""},{""@Name"":""ObjectType"",""#text"":""SAM_SERVER""},{""@Name"":""ObjectName"",""#text"":""SAM""},{""@Name"":""HandleId"",""#text"":""0x0""},{""@Name"":""TransactionId"",""#text"":""00000000-0000-0000-0000-000000000000""},{""@Name"":""AccessList"",""#text"":""%%5384, ""},{""@Name"":""AccessReason"",""#text"":""-""},{""@Name"":""AccessMask"",""#text"":""0x100""},{""@Name"":""PrivilegeList"",""#text"":""-""},{""@Name"":""Properties"",""#text"":""---, {bf967aad-0de6-11d0-a285-00aa003049e2}, %%5384, {91d67418-0135-4acc-8d79-c08e857cfbec}, ""},{""@Name"":""RestrictedSidCount"",""#text"":""0""},{""@Name"":""ProcessId"",""#text"":""0x230""},{""@Name"":""ProcessName"",""#text"":""C:\\Windows\\System32\\lsass.exe""}]}}"
139,125523119,2021-03-26 16:59:25.4596935,4661,LogAlways,Microsoft-Windows-Security-Auditing,Security,4,344,rootdc1.offsec.lan,4,,Handle requested to an object,OFFSEC\admmig,,ObjectServer: Security Account Manager,ObjectType: SAM_USER,ObjectName: S-1-5-21-4230534742-2542757381-3142984815-1000,,,,C:\Windows\System32\lsass.exe,False,EVTX-to-MITRE-Attack\TA0006-Credential Access\T1003-Credential dumping\ID4661-4658 Mimikatz sekurlsa password dump SAM.evtx,Audit success,0,"{""EventData"":{""Data"":[{""@Name"":""SubjectUserSid"",""#text"":""S-1-5-21-4230534742-2542757381-3142984815-1111""},{""@Name"":""SubjectUserName"",""#text"":""admmig""},{""@Name"":""SubjectDomainName"",""#text"":""OFFSEC""},{""@Name"":""SubjectLogonId"",""#text"":""0x493AC""},{""@Name"":""ObjectServer"",""#text"":""Security Account Manager""},{""@Name"":""ObjectType"",""#text"":""SAM_USER""},{""@Name"":""ObjectName"",""#text"":""S-1-5-21-4230534742-2542757381-3142984815-1000""},{""@Name"":""HandleId"",""#text"":""0x1D35E253590""},{""@Name"":""TransactionId"",""#text"":""00000000-0000-0000-0000-000000000000""},{""@Name"":""AccessList"",""#text"":""%%1537, %%1538, %%1539, %%1540, %%5440, %%5441, %%5442, %%5443, %%5444, %%5445, %%5446, %%5447, %%5448, ""},{""@Name"":""AccessReason"",""#text"":""-""},{""@Name"":""AccessMask"",""#text"":""0xF01FF""},{""@Name"":""PrivilegeList"",""#text"":""-""},{""@Name"":""Properties"",""#text"":""---, {bf967aba-0de6-11d0-a285-00aa003049e2}, %%1537, %%1538, %%1539, %%1540, %%5440, %%5441, %%5442, %%5443, %%5444, %%5445, %%5446, %%5447, %%5448, {59ba2f42-79a2-11d0-9020-00c04fc2d3cf}, {bf967938-0de6-11d0-a285-00aa003049e2}, {5fd42471-1262-11d0-a060-00aa006c33ed}, {bf9679e8-0de6-11d0-a285-00aa003049e2}, {bf967a00-0de6-11d0-a285-00aa003049e2}, {3e0abfd0-126a-11d0-a060-00aa006c33ed}, {bf967a6a-0de6-11d0-a285-00aa003049e2}, {bf967953-0de6-11d0-a285-00aa003049e2}, {4c164200-20c0-11d0-a768-00aa006e0529}, {bf967915-0de6-11d0-a285-00aa003049e2}, {bf967a0a-0de6-11d0-a285-00aa003049e2}, {bf967a68-0de6-11d0-a285-00aa003049e2}, {bf967a6d-0de6-11d0-a285-00aa003049e2}, {5f202010-79a5-11d0-9020-00c04fc2d4cf}, {bf96792e-0de6-11d0-a285-00aa003049e2}, {bf967985-0de6-11d0-a285-00aa003049e2}, {bf967986-0de6-11d0-a285-00aa003049e2}, {bf967996-0de6-11d0-a285-00aa003049e2}, {bf967997-0de6-11d0-a285-00aa003049e2}, {bf9679aa-0de6-11d0-a285-00aa003049e2}, {bf9679ab-0de6-11d0-a285-00aa003049e2}, {bf9679ac-0de6-11d0-a285-00aa003049e2}, {bf967a05-0de6-11d0-a285-00aa003049e2}, {bf9679a8-0de6-11d0-a285-00aa003049e2}, {e48d0154-bcf8-11d1-8702-00c04fb96050}, {bf967950-0de6-11d0-a285-00aa003049e2}, {bc0ac240-79a9-11d0-9020-00c04fc2d4cf}, {bf967991-0de6-11d0-a285-00aa003049e2}, {ab721a53-1e2f-11d0-9819-00aa0040529b}, {00299570-246d-11d0-a768-00aa006e0529}, {7ed84960-ad10-11d0-8a92-00aa006e0529}, ""},{""@Name"":""RestrictedSidCount"",""#text"":""0""},{""@Name"":""ProcessId"",""#text"":""0x230""},{""@Name"":""ProcessName"",""#text"":""C:\\Windows\\System32\\lsass.exe""}]}}"
140,125523120,2021-03-26 16:59:25.4638179,4658,LogAlways,Microsoft-Windows-Security-Auditing,Security,4,344,rootdc1.offsec.lan,4,,The handle to an object was closed,OFFSEC\admmig,,SID: S-1-5-21-4230534742-2542757381-3142984815-1111,ObjectServer: Security Account Manager,HandleId: 0x1D35E253590,,,,C:\Windows\System32\lsass.exe (PID: 0x230),False,EVTX-to-MITRE-Attack\TA0006-Credential Access\T1003-Credential dumping\ID4661-4658 Mimikatz sekurlsa password dump SAM.evtx,Audit success,0,"{""EventData"":{""Data"":[{""@Name"":""SubjectUserSid"",""#text"":""S-1-5-21-4230534742-2542757381-3142984815-1111""},{""@Name"":""SubjectUserName"",""#text"":""admmig""},{""@Name"":""SubjectDomainName"",""#text"":""OFFSEC""},{""@Name"":""SubjectLogonId"",""#text"":""0x493AC""},{""@Name"":""ObjectServer"",""#text"":""Security Account Manager""},{""@Name"":""HandleId"",""#text"":""0x1D35E253590""},{""@Name"":""ProcessId"",""#text"":""0x230""},{""@Name"":""ProcessName"",""#text"":""C:\\Windows\\System32\\lsass.exe""}]}}"
141,125523121,2021-03-26 16:59:25.4663130,4661,LogAlways,Microsoft-Windows-Security-Auditing,Security,4,344,rootdc1.offsec.lan,4,,Handle requested to an object,OFFSEC\admmig,,ObjectServer: Security Account Manager,ObjectType: SAM_USER,ObjectName: S-1-5-21-4230534742-2542757381-3142984815-1103,,,,C:\Windows\System32\lsass.exe,False,EVTX-to-MITRE-Attack\TA0006-Credential Access\T1003-Credential dumping\ID4661-4658 Mimikatz sekurlsa password dump SAM.evtx,Audit success,0,"{""EventData"":{""Data"":[{""@Name"":""SubjectUserSid"",""#text"":""S-1-5-21-4230534742-2542757381-3142984815-1111""},{""@Name"":""SubjectUserName"",""#text"":""admmig""},{""@Name"":""SubjectDomainName"",""#text"":""OFFSEC""},{""@Name"":""SubjectLogonId"",""#text"":""0x493AC""},{""@Name"":""ObjectServer"",""#text"":""Security Account Manager""},{""@Name"":""ObjectType"",""#text"":""SAM_USER""},{""@Name"":""ObjectName"",""#text"":""S-1-5-21-4230534742-2542757381-3142984815-1103""},{""@Name"":""HandleId"",""#text"":""0x1D35E24FBD0""},{""@Name"":""TransactionId"",""#text"":""00000000-0000-0000-0000-000000000000""},{""@Name"":""AccessList"",""#text"":""%%1537, %%1538, %%1539, %%1540, %%5440, %%5441, %%5442, %%5443, %%5444, %%5445, %%5446, %%5447, %%5448, ""},{""@Name"":""AccessReason"",""#text"":""-""},{""@Name"":""AccessMask"",""#text"":""0xF01FF""},{""@Name"":""PrivilegeList"",""#text"":""-""},{""@Name"":""Properties"",""#text"":""---, {bf967aba-0de6-11d0-a285-00aa003049e2}, %%1537, %%1538, %%1539, %%1540, %%5440, %%5441, %%5442, %%5443, %%5444, %%5445, %%5446, %%5447, %%5448, {59ba2f42-79a2-11d0-9020-00c04fc2d3cf}, {bf967938-0de6-11d0-a285-00aa003049e2}, {5fd42471-1262-11d0-a060-00aa006c33ed}, {bf9679e8-0de6-11d0-a285-00aa003049e2}, {bf967a00-0de6-11d0-a285-00aa003049e2}, {3e0abfd0-126a-11d0-a060-00aa006c33ed}, {bf967a6a-0de6-11d0-a285-00aa003049e2}, {bf967953-0de6-11d0-a285-00aa003049e2}, {4c164200-20c0-11d0-a768-00aa006e0529}, {bf967915-0de6-11d0-a285-00aa003049e2}, {bf967a0a-0de6-11d0-a285-00aa003049e2}, {bf967a68-0de6-11d0-a285-00aa003049e2}, {bf967a6d-0de6-11d0-a285-00aa003049e2}, {5f202010-79a5-11d0-9020-00c04fc2d4cf}, {bf96792e-0de6-11d0-a285-00aa003049e2}, {bf967985-0de6-11d0-a285-00aa003049e2}, {bf967986-0de6-11d0-a285-00aa003049e2}, {bf967996-0de6-11d0-a285-00aa003049e2}, {bf967997-0de6-11d0-a285-00aa003049e2}, {bf9679aa-0de6-11d0-a285-00aa003049e2}, {bf9679ab-0de6-11d0-a285-00aa003049e2}, {bf9679ac-0de6-11d0-a285-00aa003049e2}, {bf967a05-0de6-11d0-a285-00aa003049e2}, {bf9679a8-0de6-11d0-a285-00aa003049e2}, {e48d0154-bcf8-11d1-8702-00c04fb96050}, {bf967950-0de6-11d0-a285-00aa003049e2}, {bc0ac240-79a9-11d0-9020-00c04fc2d4cf}, {bf967991-0de6-11d0-a285-00aa003049e2}, {ab721a53-1e2f-11d0-9819-00aa0040529b}, {00299570-246d-11d0-a768-00aa006e0529}, {7ed84960-ad10-11d0-8a92-00aa006e0529}, ""},{""@Name"":""RestrictedSidCount"",""#text"":""0""},{""@Name"":""ProcessId"",""#text"":""0x230""},{""@Name"":""ProcessName"",""#text"":""C:\\Windows\\System32\\lsass.exe""}]}}"
142,125523122,2021-03-26 16:59:25.4677943,4658,LogAlways,Microsoft-Windows-Security-Auditing,Security,4,344,rootdc1.offsec.lan,4,,The handle to an object was closed,OFFSEC\admmig,,SID: S-1-5-21-4230534742-2542757381-3142984815-1111,ObjectServer: Security Account Manager,HandleId: 0x1D35E24FBD0,,,,C:\Windows\System32\lsass.exe (PID: 0x230),False,EVTX-to-MITRE-Attack\TA0006-Credential Access\T1003-Credential dumping\ID4661-4658 Mimikatz sekurlsa password dump SAM.evtx,Audit success,0,"{""EventData"":{""Data"":[{""@Name"":""SubjectUserSid"",""#text"":""S-1-5-21-4230534742-2542757381-3142984815-1111""},{""@Name"":""SubjectUserName"",""#text"":""admmig""},{""@Name"":""SubjectDomainName"",""#text"":""OFFSEC""},{""@Name"":""SubjectLogonId"",""#text"":""0x493AC""},{""@Name"":""ObjectServer"",""#text"":""Security Account Manager""},{""@Name"":""HandleId"",""#text"":""0x1D35E24FBD0""},{""@Name"":""ProcessId"",""#text"":""0x230""},{""@Name"":""ProcessName"",""#text"":""C:\\Windows\\System32\\lsass.exe""}]}}"
143,125523123,2021-03-26 16:59:25.4679941,4661,LogAlways,Microsoft-Windows-Security-Auditing,Security,4,344,rootdc1.offsec.lan,4,,Handle requested to an object,OFFSEC\admmig,,ObjectServer: Security Account Manager,ObjectType: SAM_SERVER,ObjectName: SAM,,,,C:\Windows\System32\lsass.exe,False,EVTX-to-MITRE-Attack\TA0006-Credential Access\T1003-Credential dumping\ID4661-4658 Mimikatz sekurlsa password dump SAM.evtx,Audit success,0,"{""EventData"":{""Data"":[{""@Name"":""SubjectUserSid"",""#text"":""S-1-5-21-4230534742-2542757381-3142984815-1111""},{""@Name"":""SubjectUserName"",""#text"":""admmig""},{""@Name"":""SubjectDomainName"",""#text"":""OFFSEC""},{""@Name"":""SubjectLogonId"",""#text"":""0x493AC""},{""@Name"":""ObjectServer"",""#text"":""Security Account Manager""},{""@Name"":""ObjectType"",""#text"":""SAM_SERVER""},{""@Name"":""ObjectName"",""#text"":""SAM""},{""@Name"":""HandleId"",""#text"":""0x0""},{""@Name"":""TransactionId"",""#text"":""00000000-0000-0000-0000-000000000000""},{""@Name"":""AccessList"",""#text"":""%%5384, ""},{""@Name"":""AccessReason"",""#text"":""-""},{""@Name"":""AccessMask"",""#text"":""0x100""},{""@Name"":""PrivilegeList"",""#text"":""-""},{""@Name"":""Properties"",""#text"":""---, {bf967aad-0de6-11d0-a285-00aa003049e2}, %%5384, {91d67418-0135-4acc-8d79-c08e857cfbec}, ""},{""@Name"":""RestrictedSidCount"",""#text"":""0""},{""@Name"":""ProcessId"",""#text"":""0x230""},{""@Name"":""ProcessName"",""#text"":""C:\\Windows\\System32\\lsass.exe""}]}}"
144,125523124,2021-03-26 16:59:25.4884817,4661,LogAlways,Microsoft-Windows-Security-Auditing,Security,4,344,rootdc1.offsec.lan,4,,Handle requested to an object,OFFSEC\admmig,,ObjectServer: Security Account Manager,ObjectType: SAM_USER,ObjectName: S-1-5-21-4230534742-2542757381-3142984815-1104,,,,C:\Windows\System32\lsass.exe,False,EVTX-to-MITRE-Attack\TA0006-Credential Access\T1003-Credential dumping\ID4661-4658 Mimikatz sekurlsa password dump SAM.evtx,Audit success,0,"{""EventData"":{""Data"":[{""@Name"":""SubjectUserSid"",""#text"":""S-1-5-21-4230534742-2542757381-3142984815-1111""},{""@Name"":""SubjectUserName"",""#text"":""admmig""},{""@Name"":""SubjectDomainName"",""#text"":""OFFSEC""},{""@Name"":""SubjectLogonId"",""#text"":""0x493AC""},{""@Name"":""ObjectServer"",""#text"":""Security Account Manager""},{""@Name"":""ObjectType"",""#text"":""SAM_USER""},{""@Name"":""ObjectName"",""#text"":""S-1-5-21-4230534742-2542757381-3142984815-1104""},{""@Name"":""HandleId"",""#text"":""0x1D35E252250""},{""@Name"":""TransactionId"",""#text"":""00000000-0000-0000-0000-000000000000""},{""@Name"":""AccessList"",""#text"":""%%1537, %%1538, %%1539, %%1540, %%5440, %%5441, %%5442, %%5443, %%5444, %%5445, %%5446, %%5447, %%5448, ""},{""@Name"":""AccessReason"",""#text"":""-""},{""@Name"":""AccessMask"",""#text"":""0xF01FF""},{""@Name"":""PrivilegeList"",""#text"":""-""},{""@Name"":""Properties"",""#text"":""---, {bf967aba-0de6-11d0-a285-00aa003049e2}, %%1537, %%1538, %%1539, %%1540, %%5440, %%5441, %%5442, %%5443, %%5444, %%5445, %%5446, %%5447, %%5448, {59ba2f42-79a2-11d0-9020-00c04fc2d3cf}, {bf967938-0de6-11d0-a285-00aa003049e2}, {5fd42471-1262-11d0-a060-00aa006c33ed}, {bf9679e8-0de6-11d0-a285-00aa003049e2}, {bf967a00-0de6-11d0-a285-00aa003049e2}, {3e0abfd0-126a-11d0-a060-00aa006c33ed}, {bf967a6a-0de6-11d0-a285-00aa003049e2}, {bf967953-0de6-11d0-a285-00aa003049e2}, {4c164200-20c0-11d0-a768-00aa006e0529}, {bf967915-0de6-11d0-a285-00aa003049e2}, {bf967a0a-0de6-11d0-a285-00aa003049e2}, {bf967a68-0de6-11d0-a285-00aa003049e2}, {bf967a6d-0de6-11d0-a285-00aa003049e2}, {5f202010-79a5-11d0-9020-00c04fc2d4cf}, {bf96792e-0de6-11d0-a285-00aa003049e2}, {bf967985-0de6-11d0-a285-00aa003049e2}, {bf967986-0de6-11d0-a285-00aa003049e2}, {bf967996-0de6-11d0-a285-00aa003049e2}, {bf967997-0de6-11d0-a285-00aa003049e2}, {bf9679aa-0de6-11d0-a285-00aa003049e2}, {bf9679ab-0de6-11d0-a285-00aa003049e2}, {bf9679ac-0de6-11d0-a285-00aa003049e2}, {bf967a05-0de6-11d0-a285-00aa003049e2}, {bf9679a8-0de6-11d0-a285-00aa003049e2}, {e48d0154-bcf8-11d1-8702-00c04fb96050}, {bf967950-0de6-11d0-a285-00aa003049e2}, {bc0ac240-79a9-11d0-9020-00c04fc2d4cf}, {bf967991-0de6-11d0-a285-00aa003049e2}, {ab721a53-1e2f-11d0-9819-00aa0040529b}, {00299570-246d-11d0-a768-00aa006e0529}, {7ed84960-ad10-11d0-8a92-00aa006e0529}, ""},{""@Name"":""RestrictedSidCount"",""#text"":""0""},{""@Name"":""ProcessId"",""#text"":""0x230""},{""@Name"":""ProcessName"",""#text"":""C:\\Windows\\System32\\lsass.exe""}]}}"
145,125523125,2021-03-26 16:59:25.5028727,4658,LogAlways,Microsoft-Windows-Security-Auditing,Security,4,344,rootdc1.offsec.lan,4,,The handle to an object was closed,OFFSEC\admmig,,SID: S-1-5-21-4230534742-2542757381-3142984815-1111,ObjectServer: Security Account Manager,HandleId: 0x1D35E252250,,,,C:\Windows\System32\lsass.exe (PID: 0x230),False,EVTX-to-MITRE-Attack\TA0006-Credential Access\T1003-Credential dumping\ID4661-4658 Mimikatz sekurlsa password dump SAM.evtx,Audit success,0,"{""EventData"":{""Data"":[{""@Name"":""SubjectUserSid"",""#text"":""S-1-5-21-4230534742-2542757381-3142984815-1111""},{""@Name"":""SubjectUserName"",""#text"":""admmig""},{""@Name"":""SubjectDomainName"",""#text"":""OFFSEC""},{""@Name"":""SubjectLogonId"",""#text"":""0x493AC""},{""@Name"":""ObjectServer"",""#text"":""Security Account Manager""},{""@Name"":""HandleId"",""#text"":""0x1D35E252250""},{""@Name"":""ProcessId"",""#text"":""0x230""},{""@Name"":""ProcessName"",""#text"":""C:\\Windows\\System32\\lsass.exe""}]}}"
146,125523126,2021-03-26 16:59:25.5067048,4661,LogAlways,Microsoft-Windows-Security-Auditing,Security,4,344,rootdc1.offsec.lan,4,,Handle requested to an object,OFFSEC\admmig,,ObjectServer: Security Account Manager,ObjectType: SAM_USER,ObjectName: S-1-5-21-4230534742-2542757381-3142984815-1105,,,,C:\Windows\System32\lsass.exe,False,EVTX-to-MITRE-Attack\TA0006-Credential Access\T1003-Credential dumping\ID4661-4658 Mimikatz sekurlsa password dump SAM.evtx,Audit success,0,"{""EventData"":{""Data"":[{""@Name"":""SubjectUserSid"",""#text"":""S-1-5-21-4230534742-2542757381-3142984815-1111""},{""@Name"":""SubjectUserName"",""#text"":""admmig""},{""@Name"":""SubjectDomainName"",""#text"":""OFFSEC""},{""@Name"":""SubjectLogonId"",""#text"":""0x493AC""},{""@Name"":""ObjectServer"",""#text"":""Security Account Manager""},{""@Name"":""ObjectType"",""#text"":""SAM_USER""},{""@Name"":""ObjectName"",""#text"":""S-1-5-21-4230534742-2542757381-3142984815-1105""},{""@Name"":""HandleId"",""#text"":""0x1D35E2518B0""},{""@Name"":""TransactionId"",""#text"":""00000000-0000-0000-0000-000000000000""},{""@Name"":""AccessList"",""#text"":""%%1537, %%1538, %%1539, %%1540, %%5440, %%5441, %%5442, %%5443, %%5444, %%5445, %%5446, %%5447, %%5448, ""},{""@Name"":""AccessReason"",""#text"":""-""},{""@Name"":""AccessMask"",""#text"":""0xF01FF""},{""@Name"":""PrivilegeList"",""#text"":""-""},{""@Name"":""Properties"",""#text"":""---, {bf967aba-0de6-11d0-a285-00aa003049e2}, %%1537, %%1538, %%1539, %%1540, %%5440, %%5441, %%5442, %%5443, %%5444, %%5445, %%5446, %%5447, %%5448, {59ba2f42-79a2-11d0-9020-00c04fc2d3cf}, {bf967938-0de6-11d0-a285-00aa003049e2}, {5fd42471-1262-11d0-a060-00aa006c33ed}, {bf9679e8-0de6-11d0-a285-00aa003049e2}, {bf967a00-0de6-11d0-a285-00aa003049e2}, {3e0abfd0-126a-11d0-a060-00aa006c33ed}, {bf967a6a-0de6-11d0-a285-00aa003049e2}, {bf967953-0de6-11d0-a285-00aa003049e2}, {4c164200-20c0-11d0-a768-00aa006e0529}, {bf967915-0de6-11d0-a285-00aa003049e2}, {bf967a0a-0de6-11d0-a285-00aa003049e2}, {bf967a68-0de6-11d0-a285-00aa003049e2}, {bf967a6d-0de6-11d0-a285-00aa003049e2}, {5f202010-79a5-11d0-9020-00c04fc2d4cf}, {bf96792e-0de6-11d0-a285-00aa003049e2}, {bf967985-0de6-11d0-a285-00aa003049e2}, {bf967986-0de6-11d0-a285-00aa003049e2}, {bf967996-0de6-11d0-a285-00aa003049e2}, {bf967997-0de6-11d0-a285-00aa003049e2}, {bf9679aa-0de6-11d0-a285-00aa003049e2}, {bf9679ab-0de6-11d0-a285-00aa003049e2}, {bf9679ac-0de6-11d0-a285-00aa003049e2}, {bf967a05-0de6-11d0-a285-00aa003049e2}, {bf9679a8-0de6-11d0-a285-00aa003049e2}, {e48d0154-bcf8-11d1-8702-00c04fb96050}, {bf967950-0de6-11d0-a285-00aa003049e2}, {bc0ac240-79a9-11d0-9020-00c04fc2d4cf}, {bf967991-0de6-11d0-a285-00aa003049e2}, {ab721a53-1e2f-11d0-9819-00aa0040529b}, {00299570-246d-11d0-a768-00aa006e0529}, {7ed84960-ad10-11d0-8a92-00aa006e0529}, ""},{""@Name"":""RestrictedSidCount"",""#text"":""0""},{""@Name"":""ProcessId"",""#text"":""0x230""},{""@Name"":""ProcessName"",""#text"":""C:\\Windows\\System32\\lsass.exe""}]}}"
147,125523127,2021-03-26 16:59:25.5091158,4658,LogAlways,Microsoft-Windows-Security-Auditing,Security,4,344,rootdc1.offsec.lan,4,,The handle to an object was closed,OFFSEC\admmig,,SID: S-1-5-21-4230534742-2542757381-3142984815-1111,ObjectServer: Security Account Manager,HandleId: 0x1D35E2518B0,,,,C:\Windows\System32\lsass.exe (PID: 0x230),False,EVTX-to-MITRE-Attack\TA0006-Credential Access\T1003-Credential dumping\ID4661-4658 Mimikatz sekurlsa password dump SAM.evtx,Audit success,0,"{""EventData"":{""Data"":[{""@Name"":""SubjectUserSid"",""#text"":""S-1-5-21-4230534742-2542757381-3142984815-1111""},{""@Name"":""SubjectUserName"",""#text"":""admmig""},{""@Name"":""SubjectDomainName"",""#text"":""OFFSEC""},{""@Name"":""SubjectLogonId"",""#text"":""0x493AC""},{""@Name"":""ObjectServer"",""#text"":""Security Account Manager""},{""@Name"":""HandleId"",""#text"":""0x1D35E2518B0""},{""@Name"":""ProcessId"",""#text"":""0x230""},{""@Name"":""ProcessName"",""#text"":""C:\\Windows\\System32\\lsass.exe""}]}}"
148,125523128,2021-03-26 16:59:25.5092723,4661,LogAlways,Microsoft-Windows-Security-Auditing,Security,4,344,rootdc1.offsec.lan,4,,Handle requested to an object,OFFSEC\admmig,,ObjectServer: Security Account Manager,ObjectType: SAM_SERVER,ObjectName: SAM,,,,C:\Windows\System32\lsass.exe,False,EVTX-to-MITRE-Attack\TA0006-Credential Access\T1003-Credential dumping\ID4661-4658 Mimikatz sekurlsa password dump SAM.evtx,Audit success,0,"{""EventData"":{""Data"":[{""@Name"":""SubjectUserSid"",""#text"":""S-1-5-21-4230534742-2542757381-3142984815-1111""},{""@Name"":""SubjectUserName"",""#text"":""admmig""},{""@Name"":""SubjectDomainName"",""#text"":""OFFSEC""},{""@Name"":""SubjectLogonId"",""#text"":""0x493AC""},{""@Name"":""ObjectServer"",""#text"":""Security Account Manager""},{""@Name"":""ObjectType"",""#text"":""SAM_SERVER""},{""@Name"":""ObjectName"",""#text"":""SAM""},{""@Name"":""HandleId"",""#text"":""0x0""},{""@Name"":""TransactionId"",""#text"":""00000000-0000-0000-0000-000000000000""},{""@Name"":""AccessList"",""#text"":""%%5384, ""},{""@Name"":""AccessReason"",""#text"":""-""},{""@Name"":""AccessMask"",""#text"":""0x100""},{""@Name"":""PrivilegeList"",""#text"":""-""},{""@Name"":""Properties"",""#text"":""---, {bf967aad-0de6-11d0-a285-00aa003049e2}, %%5384, {91d67418-0135-4acc-8d79-c08e857cfbec}, ""},{""@Name"":""RestrictedSidCount"",""#text"":""0""},{""@Name"":""ProcessId"",""#text"":""0x230""},{""@Name"":""ProcessName"",""#text"":""C:\\Windows\\System32\\lsass.exe""}]}}"
149,125523129,2021-03-26 16:59:25.5348831,4661,LogAlways,Microsoft-Windows-Security-Auditing,Security,4,344,rootdc1.offsec.lan,4,,Handle requested to an object,OFFSEC\admmig,,ObjectServer: Security Account Manager,ObjectType: SAM_USER,ObjectName: S-1-5-21-4230534742-2542757381-3142984815-1106,,,,C:\Windows\System32\lsass.exe,False,EVTX-to-MITRE-Attack\TA0006-Credential Access\T1003-Credential dumping\ID4661-4658 Mimikatz sekurlsa password dump SAM.evtx,Audit success,0,"{""EventData"":{""Data"":[{""@Name"":""SubjectUserSid"",""#text"":""S-1-5-21-4230534742-2542757381-3142984815-1111""},{""@Name"":""SubjectUserName"",""#text"":""admmig""},{""@Name"":""SubjectDomainName"",""#text"":""OFFSEC""},{""@Name"":""SubjectLogonId"",""#text"":""0x493AC""},{""@Name"":""ObjectServer"",""#text"":""Security Account Manager""},{""@Name"":""ObjectType"",""#text"":""SAM_USER""},{""@Name"":""ObjectName"",""#text"":""S-1-5-21-4230534742-2542757381-3142984815-1106""},{""@Name"":""HandleId"",""#text"":""0x1D35E253590""},{""@Name"":""TransactionId"",""#text"":""00000000-0000-0000-0000-000000000000""},{""@Name"":""AccessList"",""#text"":""%%1537, %%1538, %%1539, %%1540, %%5440, %%5441, %%5442, %%5443, %%5444, %%5445, %%5446, %%5447, %%5448, ""},{""@Name"":""AccessReason"",""#text"":""-""},{""@Name"":""AccessMask"",""#text"":""0xF01FF""},{""@Name"":""PrivilegeList"",""#text"":""-""},{""@Name"":""Properties"",""#text"":""---, {bf967aba-0de6-11d0-a285-00aa003049e2}, %%1537, %%1538, %%1539, %%1540, %%5440, %%5441, %%5442, %%5443, %%5444, %%5445, %%5446, %%5447, %%5448, {59ba2f42-79a2-11d0-9020-00c04fc2d3cf}, {bf967938-0de6-11d0-a285-00aa003049e2}, {5fd42471-1262-11d0-a060-00aa006c33ed}, {bf9679e8-0de6-11d0-a285-00aa003049e2}, {bf967a00-0de6-11d0-a285-00aa003049e2}, {3e0abfd0-126a-11d0-a060-00aa006c33ed}, {bf967a6a-0de6-11d0-a285-00aa003049e2}, {bf967953-0de6-11d0-a285-00aa003049e2}, {4c164200-20c0-11d0-a768-00aa006e0529}, {bf967915-0de6-11d0-a285-00aa003049e2}, {bf967a0a-0de6-11d0-a285-00aa003049e2}, {bf967a68-0de6-11d0-a285-00aa003049e2}, {bf967a6d-0de6-11d0-a285-00aa003049e2}, {5f202010-79a5-11d0-9020-00c04fc2d4cf}, {bf96792e-0de6-11d0-a285-00aa003049e2}, {bf967985-0de6-11d0-a285-00aa003049e2}, {bf967986-0de6-11d0-a285-00aa003049e2}, {bf967996-0de6-11d0-a285-00aa003049e2}, {bf967997-0de6-11d0-a285-00aa003049e2}, {bf9679aa-0de6-11d0-a285-00aa003049e2}, {bf9679ab-0de6-11d0-a285-00aa003049e2}, {bf9679ac-0de6-11d0-a285-00aa003049e2}, {bf967a05-0de6-11d0-a285-00aa003049e2}, {bf9679a8-0de6-11d0-a285-00aa003049e2}, {e48d0154-bcf8-11d1-8702-00c04fb96050}, {bf967950-0de6-11d0-a285-00aa003049e2}, {bc0ac240-79a9-11d0-9020-00c04fc2d4cf}, {bf967991-0de6-11d0-a285-00aa003049e2}, {ab721a53-1e2f-11d0-9819-00aa0040529b}, {00299570-246d-11d0-a768-00aa006e0529}, {7ed84960-ad10-11d0-8a92-00aa006e0529}, ""},{""@Name"":""RestrictedSidCount"",""#text"":""0""},{""@Name"":""ProcessId"",""#text"":""0x230""},{""@Name"":""ProcessName"",""#text"":""C:\\Windows\\System32\\lsass.exe""}]}}"
150,125523130,2021-03-26 16:59:25.5389753,4658,LogAlways,Microsoft-Windows-Security-Auditing,Security,4,344,rootdc1.offsec.lan,4,,The handle to an object was closed,OFFSEC\admmig,,SID: S-1-5-21-4230534742-2542757381-3142984815-1111,ObjectServer: Security Account Manager,HandleId: 0x1D35E253590,,,,C:\Windows\System32\lsass.exe (PID: 0x230),False,EVTX-to-MITRE-Attack\TA0006-Credential Access\T1003-Credential dumping\ID4661-4658 Mimikatz sekurlsa password dump SAM.evtx,Audit success,0,"{""EventData"":{""Data"":[{""@Name"":""SubjectUserSid"",""#text"":""S-1-5-21-4230534742-2542757381-3142984815-1111""},{""@Name"":""SubjectUserName"",""#text"":""admmig""},{""@Name"":""SubjectDomainName"",""#text"":""OFFSEC""},{""@Name"":""SubjectLogonId"",""#text"":""0x493AC""},{""@Name"":""ObjectServer"",""#text"":""Security Account Manager""},{""@Name"":""HandleId"",""#text"":""0x1D35E253590""},{""@Name"":""ProcessId"",""#text"":""0x230""},{""@Name"":""ProcessName"",""#text"":""C:\\Windows\\System32\\lsass.exe""}]}}"
151,125523131,2021-03-26 16:59:25.5427420,4661,LogAlways,Microsoft-Windows-Security-Auditing,Security,4,344,rootdc1.offsec.lan,4,,Handle requested to an object,OFFSEC\admmig,,ObjectServer: Security Account Manager,ObjectType: SAM_USER,ObjectName: S-1-5-21-4230534742-2542757381-3142984815-1108,,,,C:\Windows\System32\lsass.exe,False,EVTX-to-MITRE-Attack\TA0006-Credential Access\T1003-Credential dumping\ID4661-4658 Mimikatz sekurlsa password dump SAM.evtx,Audit success,0,"{""EventData"":{""Data"":[{""@Name"":""SubjectUserSid"",""#text"":""S-1-5-21-4230534742-2542757381-3142984815-1111""},{""@Name"":""SubjectUserName"",""#text"":""admmig""},{""@Name"":""SubjectDomainName"",""#text"":""OFFSEC""},{""@Name"":""SubjectLogonId"",""#text"":""0x493AC""},{""@Name"":""ObjectServer"",""#text"":""Security Account Manager""},{""@Name"":""ObjectType"",""#text"":""SAM_USER""},{""@Name"":""ObjectName"",""#text"":""S-1-5-21-4230534742-2542757381-3142984815-1108""},{""@Name"":""HandleId"",""#text"":""0x1D35E2513E0""},{""@Name"":""TransactionId"",""#text"":""00000000-0000-0000-0000-000000000000""},{""@Name"":""AccessList"",""#text"":""%%1537, %%1538, %%1539, %%1540, %%5440, %%5441, %%5442, %%5443, %%5444, %%5445, %%5446, %%5447, %%5448, ""},{""@Name"":""AccessReason"",""#text"":""-""},{""@Name"":""AccessMask"",""#text"":""0xF01FF""},{""@Name"":""PrivilegeList"",""#text"":""-""},{""@Name"":""Properties"",""#text"":""---, {bf967aba-0de6-11d0-a285-00aa003049e2}, %%1537, %%1538, %%1539, %%1540, %%5440, %%5441, %%5442, %%5443, %%5444, %%5445, %%5446, %%5447, %%5448, {59ba2f42-79a2-11d0-9020-00c04fc2d3cf}, {bf967938-0de6-11d0-a285-00aa003049e2}, {5fd42471-1262-11d0-a060-00aa006c33ed}, {bf9679e8-0de6-11d0-a285-00aa003049e2}, {bf967a00-0de6-11d0-a285-00aa003049e2}, {3e0abfd0-126a-11d0-a060-00aa006c33ed}, {bf967a6a-0de6-11d0-a285-00aa003049e2}, {bf967953-0de6-11d0-a285-00aa003049e2}, {4c164200-20c0-11d0-a768-00aa006e0529}, {bf967915-0de6-11d0-a285-00aa003049e2}, {bf967a0a-0de6-11d0-a285-00aa003049e2}, {bf967a68-0de6-11d0-a285-00aa003049e2}, {bf967a6d-0de6-11d0-a285-00aa003049e2}, {5f202010-79a5-11d0-9020-00c04fc2d4cf}, {bf96792e-0de6-11d0-a285-00aa003049e2}, {bf967985-0de6-11d0-a285-00aa003049e2}, {bf967986-0de6-11d0-a285-00aa003049e2}, {bf967996-0de6-11d0-a285-00aa003049e2}, {bf967997-0de6-11d0-a285-00aa003049e2}, {bf9679aa-0de6-11d0-a285-00aa003049e2}, {bf9679ab-0de6-11d0-a285-00aa003049e2}, {bf9679ac-0de6-11d0-a285-00aa003049e2}, {bf967a05-0de6-11d0-a285-00aa003049e2}, {bf9679a8-0de6-11d0-a285-00aa003049e2}, {e48d0154-bcf8-11d1-8702-00c04fb96050}, {bf967950-0de6-11d0-a285-00aa003049e2}, {bc0ac240-79a9-11d0-9020-00c04fc2d4cf}, {bf967991-0de6-11d0-a285-00aa003049e2}, {ab721a53-1e2f-11d0-9819-00aa0040529b}, {00299570-246d-11d0-a768-00aa006e0529}, {7ed84960-ad10-11d0-8a92-00aa006e0529}, ""},{""@Name"":""RestrictedSidCount"",""#text"":""0""},{""@Name"":""ProcessId"",""#text"":""0x230""},{""@Name"":""ProcessName"",""#text"":""C:\\Windows\\System32\\lsass.exe""}]}}"
152,125523132,2021-03-26 16:59:25.5450853,4658,LogAlways,Microsoft-Windows-Security-Auditing,Security,4,344,rootdc1.offsec.lan,4,,The handle to an object was closed,OFFSEC\admmig,,SID: S-1-5-21-4230534742-2542757381-3142984815-1111,ObjectServer: Security Account Manager,HandleId: 0x1D35E2513E0,,,,C:\Windows\System32\lsass.exe (PID: 0x230),False,EVTX-to-MITRE-Attack\TA0006-Credential Access\T1003-Credential dumping\ID4661-4658 Mimikatz sekurlsa password dump SAM.evtx,Audit success,0,"{""EventData"":{""Data"":[{""@Name"":""SubjectUserSid"",""#text"":""S-1-5-21-4230534742-2542757381-3142984815-1111""},{""@Name"":""SubjectUserName"",""#text"":""admmig""},{""@Name"":""SubjectDomainName"",""#text"":""OFFSEC""},{""@Name"":""SubjectLogonId"",""#text"":""0x493AC""},{""@Name"":""ObjectServer"",""#text"":""Security Account Manager""},{""@Name"":""HandleId"",""#text"":""0x1D35E2513E0""},{""@Name"":""ProcessId"",""#text"":""0x230""},{""@Name"":""ProcessName"",""#text"":""C:\\Windows\\System32\\lsass.exe""}]}}"
153,125523133,2021-03-26 16:59:25.5452413,4661,LogAlways,Microsoft-Windows-Security-Auditing,Security,4,344,rootdc1.offsec.lan,4,,Handle requested to an object,OFFSEC\admmig,,ObjectServer: Security Account Manager,ObjectType: SAM_SERVER,ObjectName: SAM,,,,C:\Windows\System32\lsass.exe,False,EVTX-to-MITRE-Attack\TA0006-Credential Access\T1003-Credential dumping\ID4661-4658 Mimikatz sekurlsa password dump SAM.evtx,Audit success,0,"{""EventData"":{""Data"":[{""@Name"":""SubjectUserSid"",""#text"":""S-1-5-21-4230534742-2542757381-3142984815-1111""},{""@Name"":""SubjectUserName"",""#text"":""admmig""},{""@Name"":""SubjectDomainName"",""#text"":""OFFSEC""},{""@Name"":""SubjectLogonId"",""#text"":""0x493AC""},{""@Name"":""ObjectServer"",""#text"":""Security Account Manager""},{""@Name"":""ObjectType"",""#text"":""SAM_SERVER""},{""@Name"":""ObjectName"",""#text"":""SAM""},{""@Name"":""HandleId"",""#text"":""0x0""},{""@Name"":""TransactionId"",""#text"":""00000000-0000-0000-0000-000000000000""},{""@Name"":""AccessList"",""#text"":""%%5384, ""},{""@Name"":""AccessReason"",""#text"":""-""},{""@Name"":""AccessMask"",""#text"":""0x100""},{""@Name"":""PrivilegeList"",""#text"":""-""},{""@Name"":""Properties"",""#text"":""---, {bf967aad-0de6-11d0-a285-00aa003049e2}, %%5384, {91d67418-0135-4acc-8d79-c08e857cfbec}, ""},{""@Name"":""RestrictedSidCount"",""#text"":""0""},{""@Name"":""ProcessId"",""#text"":""0x230""},{""@Name"":""ProcessName"",""#text"":""C:\\Windows\\System32\\lsass.exe""}]}}"
154,125523134,2021-03-26 16:59:25.5497706,4661,LogAlways,Microsoft-Windows-Security-Auditing,Security,4,344,rootdc1.offsec.lan,4,,Handle requested to an object,OFFSEC\admmig,,ObjectServer: Security Account Manager,ObjectType: SAM_USER,ObjectName: S-1-5-21-4230534742-2542757381-3142984815-1113,,,,C:\Windows\System32\lsass.exe,False,EVTX-to-MITRE-Attack\TA0006-Credential Access\T1003-Credential dumping\ID4661-4658 Mimikatz sekurlsa password dump SAM.evtx,Audit success,0,"{""EventData"":{""Data"":[{""@Name"":""SubjectUserSid"",""#text"":""S-1-5-21-4230534742-2542757381-3142984815-1111""},{""@Name"":""SubjectUserName"",""#text"":""admmig""},{""@Name"":""SubjectDomainName"",""#text"":""OFFSEC""},{""@Name"":""SubjectLogonId"",""#text"":""0x493AC""},{""@Name"":""ObjectServer"",""#text"":""Security Account Manager""},{""@Name"":""ObjectType"",""#text"":""SAM_USER""},{""@Name"":""ObjectName"",""#text"":""S-1-5-21-4230534742-2542757381-3142984815-1113""},{""@Name"":""HandleId"",""#text"":""0x1D35E2513E0""},{""@Name"":""TransactionId"",""#text"":""00000000-0000-0000-0000-000000000000""},{""@Name"":""AccessList"",""#text"":""%%1537, %%1538, %%1539, %%1540, %%5440, %%5441, %%5442, %%5443, %%5444, %%5445, %%5446, %%5447, %%5448, ""},{""@Name"":""AccessReason"",""#text"":""-""},{""@Name"":""AccessMask"",""#text"":""0xF01FF""},{""@Name"":""PrivilegeList"",""#text"":""-""},{""@Name"":""Properties"",""#text"":""---, {bf967aba-0de6-11d0-a285-00aa003049e2}, %%1537, %%1538, %%1539, %%1540, %%5440, %%5441, %%5442, %%5443, %%5444, %%5445, %%5446, %%5447, %%5448, {59ba2f42-79a2-11d0-9020-00c04fc2d3cf}, {bf967938-0de6-11d0-a285-00aa003049e2}, {5fd42471-1262-11d0-a060-00aa006c33ed}, {bf9679e8-0de6-11d0-a285-00aa003049e2}, {bf967a00-0de6-11d0-a285-00aa003049e2}, {3e0abfd0-126a-11d0-a060-00aa006c33ed}, {bf967a6a-0de6-11d0-a285-00aa003049e2}, {bf967953-0de6-11d0-a285-00aa003049e2}, {4c164200-20c0-11d0-a768-00aa006e0529}, {bf967915-0de6-11d0-a285-00aa003049e2}, {bf967a0a-0de6-11d0-a285-00aa003049e2}, {bf967a68-0de6-11d0-a285-00aa003049e2}, {bf967a6d-0de6-11d0-a285-00aa003049e2}, {5f202010-79a5-11d0-9020-00c04fc2d4cf}, {bf96792e-0de6-11d0-a285-00aa003049e2}, {bf967985-0de6-11d0-a285-00aa003049e2}, {bf967986-0de6-11d0-a285-00aa003049e2}, {bf967996-0de6-11d0-a285-00aa003049e2}, {bf967997-0de6-11d0-a285-00aa003049e2}, {bf9679aa-0de6-11d0-a285-00aa003049e2}, {bf9679ab-0de6-11d0-a285-00aa003049e2}, {bf9679ac-0de6-11d0-a285-00aa003049e2}, {bf967a05-0de6-11d0-a285-00aa003049e2}, {bf9679a8-0de6-11d0-a285-00aa003049e2}, {e48d0154-bcf8-11d1-8702-00c04fb96050}, {bf967950-0de6-11d0-a285-00aa003049e2}, {bc0ac240-79a9-11d0-9020-00c04fc2d4cf}, {bf967991-0de6-11d0-a285-00aa003049e2}, {ab721a53-1e2f-11d0-9819-00aa0040529b}, {00299570-246d-11d0-a768-00aa006e0529}, {7ed84960-ad10-11d0-8a92-00aa006e0529}, ""},{""@Name"":""RestrictedSidCount"",""#text"":""0""},{""@Name"":""ProcessId"",""#text"":""0x230""},{""@Name"":""ProcessName"",""#text"":""C:\\Windows\\System32\\lsass.exe""}]}}"
155,125523135,2021-03-26 16:59:25.5540705,4658,LogAlways,Microsoft-Windows-Security-Auditing,Security,4,344,rootdc1.offsec.lan,4,,The handle to an object was closed,OFFSEC\admmig,,SID: S-1-5-21-4230534742-2542757381-3142984815-1111,ObjectServer: Security Account Manager,HandleId: 0x1D35E2513E0,,,,C:\Windows\System32\lsass.exe (PID: 0x230),False,EVTX-to-MITRE-Attack\TA0006-Credential Access\T1003-Credential dumping\ID4661-4658 Mimikatz sekurlsa password dump SAM.evtx,Audit success,0,"{""EventData"":{""Data"":[{""@Name"":""SubjectUserSid"",""#text"":""S-1-5-21-4230534742-2542757381-3142984815-1111""},{""@Name"":""SubjectUserName"",""#text"":""admmig""},{""@Name"":""SubjectDomainName"",""#text"":""OFFSEC""},{""@Name"":""SubjectLogonId"",""#text"":""0x493AC""},{""@Name"":""ObjectServer"",""#text"":""Security Account Manager""},{""@Name"":""HandleId"",""#text"":""0x1D35E2513E0""},{""@Name"":""ProcessId"",""#text"":""0x230""},{""@Name"":""ProcessName"",""#text"":""C:\\Windows\\System32\\lsass.exe""}]}}"
156,125523136,2021-03-26 16:59:25.5575654,4661,LogAlways,Microsoft-Windows-Security-Auditing,Security,4,344,rootdc1.offsec.lan,4,,Handle requested to an object,OFFSEC\admmig,,ObjectServer: Security Account Manager,ObjectType: SAM_USER,ObjectName: S-1-5-21-4230534742-2542757381-3142984815-1114,,,,C:\Windows\System32\lsass.exe,False,EVTX-to-MITRE-Attack\TA0006-Credential Access\T1003-Credential dumping\ID4661-4658 Mimikatz sekurlsa password dump SAM.evtx,Audit success,0,"{""EventData"":{""Data"":[{""@Name"":""SubjectUserSid"",""#text"":""S-1-5-21-4230534742-2542757381-3142984815-1111""},{""@Name"":""SubjectUserName"",""#text"":""admmig""},{""@Name"":""SubjectDomainName"",""#text"":""OFFSEC""},{""@Name"":""SubjectLogonId"",""#text"":""0x493AC""},{""@Name"":""ObjectServer"",""#text"":""Security Account Manager""},{""@Name"":""ObjectType"",""#text"":""SAM_USER""},{""@Name"":""ObjectName"",""#text"":""S-1-5-21-4230534742-2542757381-3142984815-1114""},{""@Name"":""HandleId"",""#text"":""0x1D35E2530C0""},{""@Name"":""TransactionId"",""#text"":""00000000-0000-0000-0000-000000000000""},{""@Name"":""AccessList"",""#text"":""%%1537, %%1538, %%1539, %%1540, %%5440, %%5441, %%5442, %%5443, %%5444, %%5445, %%5446, %%5447, %%5448, ""},{""@Name"":""AccessReason"",""#text"":""-""},{""@Name"":""AccessMask"",""#text"":""0xF01FF""},{""@Name"":""PrivilegeList"",""#text"":""-""},{""@Name"":""Properties"",""#text"":""---, {bf967aba-0de6-11d0-a285-00aa003049e2}, %%1537, %%1538, %%1539, %%1540, %%5440, %%5441, %%5442, %%5443, %%5444, %%5445, %%5446, %%5447, %%5448, {59ba2f42-79a2-11d0-9020-00c04fc2d3cf}, {bf967938-0de6-11d0-a285-00aa003049e2}, {5fd42471-1262-11d0-a060-00aa006c33ed}, {bf9679e8-0de6-11d0-a285-00aa003049e2}, {bf967a00-0de6-11d0-a285-00aa003049e2}, {3e0abfd0-126a-11d0-a060-00aa006c33ed}, {bf967a6a-0de6-11d0-a285-00aa003049e2}, {bf967953-0de6-11d0-a285-00aa003049e2}, {4c164200-20c0-11d0-a768-00aa006e0529}, {bf967915-0de6-11d0-a285-00aa003049e2}, {bf967a0a-0de6-11d0-a285-00aa003049e2}, {bf967a68-0de6-11d0-a285-00aa003049e2}, {bf967a6d-0de6-11d0-a285-00aa003049e2}, {5f202010-79a5-11d0-9020-00c04fc2d4cf}, {bf96792e-0de6-11d0-a285-00aa003049e2}, {bf967985-0de6-11d0-a285-00aa003049e2}, {bf967986-0de6-11d0-a285-00aa003049e2}, {bf967996-0de6-11d0-a285-00aa003049e2}, {bf967997-0de6-11d0-a285-00aa003049e2}, {bf9679aa-0de6-11d0-a285-00aa003049e2}, {bf9679ab-0de6-11d0-a285-00aa003049e2}, {bf9679ac-0de6-11d0-a285-00aa003049e2}, {bf967a05-0de6-11d0-a285-00aa003049e2}, {bf9679a8-0de6-11d0-a285-00aa003049e2}, {e48d0154-bcf8-11d1-8702-00c04fb96050}, {bf967950-0de6-11d0-a285-00aa003049e2}, {bc0ac240-79a9-11d0-9020-00c04fc2d4cf}, {bf967991-0de6-11d0-a285-00aa003049e2}, {ab721a53-1e2f-11d0-9819-00aa0040529b}, {00299570-246d-11d0-a768-00aa006e0529}, {7ed84960-ad10-11d0-8a92-00aa006e0529}, ""},{""@Name"":""RestrictedSidCount"",""#text"":""0""},{""@Name"":""ProcessId"",""#text"":""0x230""},{""@Name"":""ProcessName"",""#text"":""C:\\Windows\\System32\\lsass.exe""}]}}"
157,125523137,2021-03-26 16:59:25.5590985,4658,LogAlways,Microsoft-Windows-Security-Auditing,Security,4,344,rootdc1.offsec.lan,4,,The handle to an object was closed,OFFSEC\admmig,,SID: S-1-5-21-4230534742-2542757381-3142984815-1111,ObjectServer: Security Account Manager,HandleId: 0x1D35E2530C0,,,,C:\Windows\System32\lsass.exe (PID: 0x230),False,EVTX-to-MITRE-Attack\TA0006-Credential Access\T1003-Credential dumping\ID4661-4658 Mimikatz sekurlsa password dump SAM.evtx,Audit success,0,"{""EventData"":{""Data"":[{""@Name"":""SubjectUserSid"",""#text"":""S-1-5-21-4230534742-2542757381-3142984815-1111""},{""@Name"":""SubjectUserName"",""#text"":""admmig""},{""@Name"":""SubjectDomainName"",""#text"":""OFFSEC""},{""@Name"":""SubjectLogonId"",""#text"":""0x493AC""},{""@Name"":""ObjectServer"",""#text"":""Security Account Manager""},{""@Name"":""HandleId"",""#text"":""0x1D35E2530C0""},{""@Name"":""ProcessId"",""#text"":""0x230""},{""@Name"":""ProcessName"",""#text"":""C:\\Windows\\System32\\lsass.exe""}]}}"
158,125523138,2021-03-26 16:59:25.5593563,4661,LogAlways,Microsoft-Windows-Security-Auditing,Security,4,344,rootdc1.offsec.lan,4,,Handle requested to an object,OFFSEC\admmig,,ObjectServer: Security Account Manager,ObjectType: SAM_SERVER,ObjectName: SAM,,,,C:\Windows\System32\lsass.exe,False,EVTX-to-MITRE-Attack\TA0006-Credential Access\T1003-Credential dumping\ID4661-4658 Mimikatz sekurlsa password dump SAM.evtx,Audit success,0,"{""EventData"":{""Data"":[{""@Name"":""SubjectUserSid"",""#text"":""S-1-5-21-4230534742-2542757381-3142984815-1111""},{""@Name"":""SubjectUserName"",""#text"":""admmig""},{""@Name"":""SubjectDomainName"",""#text"":""OFFSEC""},{""@Name"":""SubjectLogonId"",""#text"":""0x493AC""},{""@Name"":""ObjectServer"",""#text"":""Security Account Manager""},{""@Name"":""ObjectType"",""#text"":""SAM_SERVER""},{""@Name"":""ObjectName"",""#text"":""SAM""},{""@Name"":""HandleId"",""#text"":""0x0""},{""@Name"":""TransactionId"",""#text"":""00000000-0000-0000-0000-000000000000""},{""@Name"":""AccessList"",""#text"":""%%5384, ""},{""@Name"":""AccessReason"",""#text"":""-""},{""@Name"":""AccessMask"",""#text"":""0x100""},{""@Name"":""PrivilegeList"",""#text"":""-""},{""@Name"":""Properties"",""#text"":""---, {bf967aad-0de6-11d0-a285-00aa003049e2}, %%5384, {91d67418-0135-4acc-8d79-c08e857cfbec}, ""},{""@Name"":""RestrictedSidCount"",""#text"":""0""},{""@Name"":""ProcessId"",""#text"":""0x230""},{""@Name"":""ProcessName"",""#text"":""C:\\Windows\\System32\\lsass.exe""}]}}"
159,125523139,2021-03-26 16:59:25.5635671,4661,LogAlways,Microsoft-Windows-Security-Auditing,Security,4,344,rootdc1.offsec.lan,5,,Handle requested to an object,OFFSEC\admmig,,ObjectServer: Security Account Manager,ObjectType: SAM_USER,ObjectName: S-1-5-21-4230534742-2542757381-3142984815-1115,,,,C:\Windows\System32\lsass.exe,False,EVTX-to-MITRE-Attack\TA0006-Credential Access\T1003-Credential dumping\ID4661-4658 Mimikatz sekurlsa password dump SAM.evtx,Audit success,0,"{""EventData"":{""Data"":[{""@Name"":""SubjectUserSid"",""#text"":""S-1-5-21-4230534742-2542757381-3142984815-1111""},{""@Name"":""SubjectUserName"",""#text"":""admmig""},{""@Name"":""SubjectDomainName"",""#text"":""OFFSEC""},{""@Name"":""SubjectLogonId"",""#text"":""0x493AC""},{""@Name"":""ObjectServer"",""#text"":""Security Account Manager""},{""@Name"":""ObjectType"",""#text"":""SAM_USER""},{""@Name"":""ObjectName"",""#text"":""S-1-5-21-4230534742-2542757381-3142984815-1115""},{""@Name"":""HandleId"",""#text"":""0x1D35E2518B0""},{""@Name"":""TransactionId"",""#text"":""00000000-0000-0000-0000-000000000000""},{""@Name"":""AccessList"",""#text"":""%%1537, %%1538, %%1539, %%1540, %%5440, %%5441, %%5442, %%5443, %%5444, %%5445, %%5446, %%5447, %%5448, ""},{""@Name"":""AccessReason"",""#text"":""-""},{""@Name"":""AccessMask"",""#text"":""0xF01FF""},{""@Name"":""PrivilegeList"",""#text"":""-""},{""@Name"":""Properties"",""#text"":""---, {bf967aba-0de6-11d0-a285-00aa003049e2}, %%1537, %%1538, %%1539, %%1540, %%5440, %%5441, %%5442, %%5443, %%5444, %%5445, %%5446, %%5447, %%5448, {59ba2f42-79a2-11d0-9020-00c04fc2d3cf}, {bf967938-0de6-11d0-a285-00aa003049e2}, {5fd42471-1262-11d0-a060-00aa006c33ed}, {bf9679e8-0de6-11d0-a285-00aa003049e2}, {bf967a00-0de6-11d0-a285-00aa003049e2}, {3e0abfd0-126a-11d0-a060-00aa006c33ed}, {bf967a6a-0de6-11d0-a285-00aa003049e2}, {bf967953-0de6-11d0-a285-00aa003049e2}, {4c164200-20c0-11d0-a768-00aa006e0529}, {bf967915-0de6-11d0-a285-00aa003049e2}, {bf967a0a-0de6-11d0-a285-00aa003049e2}, {bf967a68-0de6-11d0-a285-00aa003049e2}, {bf967a6d-0de6-11d0-a285-00aa003049e2}, {5f202010-79a5-11d0-9020-00c04fc2d4cf}, {bf96792e-0de6-11d0-a285-00aa003049e2}, {bf967985-0de6-11d0-a285-00aa003049e2}, {bf967986-0de6-11d0-a285-00aa003049e2}, {bf967996-0de6-11d0-a285-00aa003049e2}, {bf967997-0de6-11d0-a285-00aa003049e2}, {bf9679aa-0de6-11d0-a285-00aa003049e2}, {bf9679ab-0de6-11d0-a285-00aa003049e2}, {bf9679ac-0de6-11d0-a285-00aa003049e2}, {bf967a05-0de6-11d0-a285-00aa003049e2}, {bf9679a8-0de6-11d0-a285-00aa003049e2}, {e48d0154-bcf8-11d1-8702-00c04fb96050}, {bf967950-0de6-11d0-a285-00aa003049e2}, {bc0ac240-79a9-11d0-9020-00c04fc2d4cf}, {bf967991-0de6-11d0-a285-00aa003049e2}, {ab721a53-1e2f-11d0-9819-00aa0040529b}, {00299570-246d-11d0-a768-00aa006e0529}, {7ed84960-ad10-11d0-8a92-00aa006e0529}, ""},{""@Name"":""RestrictedSidCount"",""#text"":""0""},{""@Name"":""ProcessId"",""#text"":""0x230""},{""@Name"":""ProcessName"",""#text"":""C:\\Windows\\System32\\lsass.exe""}]}}"
160,125523140,2021-03-26 16:59:25.5663087,4658,LogAlways,Microsoft-Windows-Security-Auditing,Security,4,344,rootdc1.offsec.lan,5,,The handle to an object was closed,OFFSEC\admmig,,SID: S-1-5-21-4230534742-2542757381-3142984815-1111,ObjectServer: Security Account Manager,HandleId: 0x1D35E2518B0,,,,C:\Windows\System32\lsass.exe (PID: 0x230),False,EVTX-to-MITRE-Attack\TA0006-Credential Access\T1003-Credential dumping\ID4661-4658 Mimikatz sekurlsa password dump SAM.evtx,Audit success,0,"{""EventData"":{""Data"":[{""@Name"":""SubjectUserSid"",""#text"":""S-1-5-21-4230534742-2542757381-3142984815-1111""},{""@Name"":""SubjectUserName"",""#text"":""admmig""},{""@Name"":""SubjectDomainName"",""#text"":""OFFSEC""},{""@Name"":""SubjectLogonId"",""#text"":""0x493AC""},{""@Name"":""ObjectServer"",""#text"":""Security Account Manager""},{""@Name"":""HandleId"",""#text"":""0x1D35E2518B0""},{""@Name"":""ProcessId"",""#text"":""0x230""},{""@Name"":""ProcessName"",""#text"":""C:\\Windows\\System32\\lsass.exe""}]}}"
161,125523141,2021-03-26 16:59:25.5705513,4661,LogAlways,Microsoft-Windows-Security-Auditing,Security,4,344,rootdc1.offsec.lan,5,,Handle requested to an object,OFFSEC\admmig,,ObjectServer: Security Account Manager,ObjectType: SAM_USER,ObjectName: S-1-5-21-4230534742-2542757381-3142984815-1121,,,,C:\Windows\System32\lsass.exe,False,EVTX-to-MITRE-Attack\TA0006-Credential Access\T1003-Credential dumping\ID4661-4658 Mimikatz sekurlsa password dump SAM.evtx,Audit success,0,"{""EventData"":{""Data"":[{""@Name"":""SubjectUserSid"",""#text"":""S-1-5-21-4230534742-2542757381-3142984815-1111""},{""@Name"":""SubjectUserName"",""#text"":""admmig""},{""@Name"":""SubjectDomainName"",""#text"":""OFFSEC""},{""@Name"":""SubjectLogonId"",""#text"":""0x493AC""},{""@Name"":""ObjectServer"",""#text"":""Security Account Manager""},{""@Name"":""ObjectType"",""#text"":""SAM_USER""},{""@Name"":""ObjectName"",""#text"":""S-1-5-21-4230534742-2542757381-3142984815-1121""},{""@Name"":""HandleId"",""#text"":""0x1D35E2530C0""},{""@Name"":""TransactionId"",""#text"":""00000000-0000-0000-0000-000000000000""},{""@Name"":""AccessList"",""#text"":""%%1537, %%1538, %%1539, %%1540, %%5440, %%5441, %%5442, %%5443, %%5444, %%5445, %%5446, %%5447, %%5448, ""},{""@Name"":""AccessReason"",""#text"":""-""},{""@Name"":""AccessMask"",""#text"":""0xF01FF""},{""@Name"":""PrivilegeList"",""#text"":""-""},{""@Name"":""Properties"",""#text"":""---, {bf967aba-0de6-11d0-a285-00aa003049e2}, %%1537, %%1538, %%1539, %%1540, %%5440, %%5441, %%5442, %%5443, %%5444, %%5445, %%5446, %%5447, %%5448, {59ba2f42-79a2-11d0-9020-00c04fc2d3cf}, {bf967938-0de6-11d0-a285-00aa003049e2}, {5fd42471-1262-11d0-a060-00aa006c33ed}, {bf9679e8-0de6-11d0-a285-00aa003049e2}, {bf967a00-0de6-11d0-a285-00aa003049e2}, {3e0abfd0-126a-11d0-a060-00aa006c33ed}, {bf967a6a-0de6-11d0-a285-00aa003049e2}, {bf967953-0de6-11d0-a285-00aa003049e2}, {4c164200-20c0-11d0-a768-00aa006e0529}, {bf967915-0de6-11d0-a285-00aa003049e2}, {bf967a0a-0de6-11d0-a285-00aa003049e2}, {bf967a68-0de6-11d0-a285-00aa003049e2}, {bf967a6d-0de6-11d0-a285-00aa003049e2}, {5f202010-79a5-11d0-9020-00c04fc2d4cf}, {bf96792e-0de6-11d0-a285-00aa003049e2}, {bf967985-0de6-11d0-a285-00aa003049e2}, {bf967986-0de6-11d0-a285-00aa003049e2}, {bf967996-0de6-11d0-a285-00aa003049e2}, {bf967997-0de6-11d0-a285-00aa003049e2}, {bf9679aa-0de6-11d0-a285-00aa003049e2}, {bf9679ab-0de6-11d0-a285-00aa003049e2}, {bf9679ac-0de6-11d0-a285-00aa003049e2}, {bf967a05-0de6-11d0-a285-00aa003049e2}, {bf9679a8-0de6-11d0-a285-00aa003049e2}, {e48d0154-bcf8-11d1-8702-00c04fb96050}, {bf967950-0de6-11d0-a285-00aa003049e2}, {bc0ac240-79a9-11d0-9020-00c04fc2d4cf}, {bf967991-0de6-11d0-a285-00aa003049e2}, {ab721a53-1e2f-11d0-9819-00aa0040529b}, {00299570-246d-11d0-a768-00aa006e0529}, {7ed84960-ad10-11d0-8a92-00aa006e0529}, ""},{""@Name"":""RestrictedSidCount"",""#text"":""0""},{""@Name"":""ProcessId"",""#text"":""0x230""},{""@Name"":""ProcessName"",""#text"":""C:\\Windows\\System32\\lsass.exe""}]}}"
162,125523142,2021-03-26 16:59:25.5729666,4658,LogAlways,Microsoft-Windows-Security-Auditing,Security,4,344,rootdc1.offsec.lan,5,,The handle to an object was closed,OFFSEC\admmig,,SID: S-1-5-21-4230534742-2542757381-3142984815-1111,ObjectServer: Security Account Manager,HandleId: 0x1D35E2530C0,,,,C:\Windows\System32\lsass.exe (PID: 0x230),False,EVTX-to-MITRE-Attack\TA0006-Credential Access\T1003-Credential dumping\ID4661-4658 Mimikatz sekurlsa password dump SAM.evtx,Audit success,0,"{""EventData"":{""Data"":[{""@Name"":""SubjectUserSid"",""#text"":""S-1-5-21-4230534742-2542757381-3142984815-1111""},{""@Name"":""SubjectUserName"",""#text"":""admmig""},{""@Name"":""SubjectDomainName"",""#text"":""OFFSEC""},{""@Name"":""SubjectLogonId"",""#text"":""0x493AC""},{""@Name"":""ObjectServer"",""#text"":""Security Account Manager""},{""@Name"":""HandleId"",""#text"":""0x1D35E2530C0""},{""@Name"":""ProcessId"",""#text"":""0x230""},{""@Name"":""ProcessName"",""#text"":""C:\\Windows\\System32\\lsass.exe""}]}}"
163,125523143,2021-03-26 16:59:25.5731165,4661,LogAlways,Microsoft-Windows-Security-Auditing,Security,4,344,rootdc1.offsec.lan,5,,Handle requested to an object,OFFSEC\admmig,,ObjectServer: Security Account Manager,ObjectType: SAM_SERVER,ObjectName: SAM,,,,C:\Windows\System32\lsass.exe,False,EVTX-to-MITRE-Attack\TA0006-Credential Access\T1003-Credential dumping\ID4661-4658 Mimikatz sekurlsa password dump SAM.evtx,Audit success,0,"{""EventData"":{""Data"":[{""@Name"":""SubjectUserSid"",""#text"":""S-1-5-21-4230534742-2542757381-3142984815-1111""},{""@Name"":""SubjectUserName"",""#text"":""admmig""},{""@Name"":""SubjectDomainName"",""#text"":""OFFSEC""},{""@Name"":""SubjectLogonId"",""#text"":""0x493AC""},{""@Name"":""ObjectServer"",""#text"":""Security Account Manager""},{""@Name"":""ObjectType"",""#text"":""SAM_SERVER""},{""@Name"":""ObjectName"",""#text"":""SAM""},{""@Name"":""HandleId"",""#text"":""0x0""},{""@Name"":""TransactionId"",""#text"":""00000000-0000-0000-0000-000000000000""},{""@Name"":""AccessList"",""#text"":""%%5384, ""},{""@Name"":""AccessReason"",""#text"":""-""},{""@Name"":""AccessMask"",""#text"":""0x100""},{""@Name"":""PrivilegeList"",""#text"":""-""},{""@Name"":""Properties"",""#text"":""---, {bf967aad-0de6-11d0-a285-00aa003049e2}, %%5384, {91d67418-0135-4acc-8d79-c08e857cfbec}, ""},{""@Name"":""RestrictedSidCount"",""#text"":""0""},{""@Name"":""ProcessId"",""#text"":""0x230""},{""@Name"":""ProcessName"",""#text"":""C:\\Windows\\System32\\lsass.exe""}]}}"
164,125523144,2021-03-26 16:59:25.5770938,4661,LogAlways,Microsoft-Windows-Security-Auditing,Security,4,344,rootdc1.offsec.lan,5,,Handle requested to an object,OFFSEC\admmig,,ObjectServer: Security Account Manager,ObjectType: SAM_USER,ObjectName: S-1-5-21-4230534742-2542757381-3142984815-1122,,,,C:\Windows\System32\lsass.exe,False,EVTX-to-MITRE-Attack\TA0006-Credential Access\T1003-Credential dumping\ID4661-4658 Mimikatz sekurlsa password dump SAM.evtx,Audit success,0,"{""EventData"":{""Data"":[{""@Name"":""SubjectUserSid"",""#text"":""S-1-5-21-4230534742-2542757381-3142984815-1111""},{""@Name"":""SubjectUserName"",""#text"":""admmig""},{""@Name"":""SubjectDomainName"",""#text"":""OFFSEC""},{""@Name"":""SubjectLogonId"",""#text"":""0x493AC""},{""@Name"":""ObjectServer"",""#text"":""Security Account Manager""},{""@Name"":""ObjectType"",""#text"":""SAM_USER""},{""@Name"":""ObjectName"",""#text"":""S-1-5-21-4230534742-2542757381-3142984815-1122""},{""@Name"":""HandleId"",""#text"":""0x1D35E2513E0""},{""@Name"":""TransactionId"",""#text"":""00000000-0000-0000-0000-000000000000""},{""@Name"":""AccessList"",""#text"":""%%1537, %%1538, %%1539, %%1540, %%5440, %%5441, %%5442, %%5443, %%5444, %%5445, %%5446, %%5447, %%5448, ""},{""@Name"":""AccessReason"",""#text"":""-""},{""@Name"":""AccessMask"",""#text"":""0xF01FF""},{""@Name"":""PrivilegeList"",""#text"":""-""},{""@Name"":""Properties"",""#text"":""---, {bf967aba-0de6-11d0-a285-00aa003049e2}, %%1537, %%1538, %%1539, %%1540, %%5440, %%5441, %%5442, %%5443, %%5444, %%5445, %%5446, %%5447, %%5448, {59ba2f42-79a2-11d0-9020-00c04fc2d3cf}, {bf967938-0de6-11d0-a285-00aa003049e2}, {5fd42471-1262-11d0-a060-00aa006c33ed}, {bf9679e8-0de6-11d0-a285-00aa003049e2}, {bf967a00-0de6-11d0-a285-00aa003049e2}, {3e0abfd0-126a-11d0-a060-00aa006c33ed}, {bf967a6a-0de6-11d0-a285-00aa003049e2}, {bf967953-0de6-11d0-a285-00aa003049e2}, {4c164200-20c0-11d0-a768-00aa006e0529}, {bf967915-0de6-11d0-a285-00aa003049e2}, {bf967a0a-0de6-11d0-a285-00aa003049e2}, {bf967a68-0de6-11d0-a285-00aa003049e2}, {bf967a6d-0de6-11d0-a285-00aa003049e2}, {5f202010-79a5-11d0-9020-00c04fc2d4cf}, {bf96792e-0de6-11d0-a285-00aa003049e2}, {bf967985-0de6-11d0-a285-00aa003049e2}, {bf967986-0de6-11d0-a285-00aa003049e2}, {bf967996-0de6-11d0-a285-00aa003049e2}, {bf967997-0de6-11d0-a285-00aa003049e2}, {bf9679aa-0de6-11d0-a285-00aa003049e2}, {bf9679ab-0de6-11d0-a285-00aa003049e2}, {bf9679ac-0de6-11d0-a285-00aa003049e2}, {bf967a05-0de6-11d0-a285-00aa003049e2}, {bf9679a8-0de6-11d0-a285-00aa003049e2}, {e48d0154-bcf8-11d1-8702-00c04fb96050}, {bf967950-0de6-11d0-a285-00aa003049e2}, {bc0ac240-79a9-11d0-9020-00c04fc2d4cf}, {bf967991-0de6-11d0-a285-00aa003049e2}, {ab721a53-1e2f-11d0-9819-00aa0040529b}, {00299570-246d-11d0-a768-00aa006e0529}, {7ed84960-ad10-11d0-8a92-00aa006e0529}, ""},{""@Name"":""RestrictedSidCount"",""#text"":""0""},{""@Name"":""ProcessId"",""#text"":""0x230""},{""@Name"":""ProcessName"",""#text"":""C:\\Windows\\System32\\lsass.exe""}]}}"
165,125523145,2021-03-26 16:59:25.5796398,4658,LogAlways,Microsoft-Windows-Security-Auditing,Security,4,344,rootdc1.offsec.lan,5,,The handle to an object was closed,OFFSEC\admmig,,SID: S-1-5-21-4230534742-2542757381-3142984815-1111,ObjectServer: Security Account Manager,HandleId: 0x1D35E2513E0,,,,C:\Windows\System32\lsass.exe (PID: 0x230),False,EVTX-to-MITRE-Attack\TA0006-Credential Access\T1003-Credential dumping\ID4661-4658 Mimikatz sekurlsa password dump SAM.evtx,Audit success,0,"{""EventData"":{""Data"":[{""@Name"":""SubjectUserSid"",""#text"":""S-1-5-21-4230534742-2542757381-3142984815-1111""},{""@Name"":""SubjectUserName"",""#text"":""admmig""},{""@Name"":""SubjectDomainName"",""#text"":""OFFSEC""},{""@Name"":""SubjectLogonId"",""#text"":""0x493AC""},{""@Name"":""ObjectServer"",""#text"":""Security Account Manager""},{""@Name"":""HandleId"",""#text"":""0x1D35E2513E0""},{""@Name"":""ProcessId"",""#text"":""0x230""},{""@Name"":""ProcessName"",""#text"":""C:\\Windows\\System32\\lsass.exe""}]}}"
166,125523146,2021-03-26 16:59:25.5828536,4661,LogAlways,Microsoft-Windows-Security-Auditing,Security,4,344,rootdc1.offsec.lan,5,,Handle requested to an object,OFFSEC\admmig,,ObjectServer: Security Account Manager,ObjectType: SAM_USER,ObjectName: S-1-5-21-4230534742-2542757381-3142984815-1123,,,,C:\Windows\System32\lsass.exe,False,EVTX-to-MITRE-Attack\TA0006-Credential Access\T1003-Credential dumping\ID4661-4658 Mimikatz sekurlsa password dump SAM.evtx,Audit success,0,"{""EventData"":{""Data"":[{""@Name"":""SubjectUserSid"",""#text"":""S-1-5-21-4230534742-2542757381-3142984815-1111""},{""@Name"":""SubjectUserName"",""#text"":""admmig""},{""@Name"":""SubjectDomainName"",""#text"":""OFFSEC""},{""@Name"":""SubjectLogonId"",""#text"":""0x493AC""},{""@Name"":""ObjectServer"",""#text"":""Security Account Manager""},{""@Name"":""ObjectType"",""#text"":""SAM_USER""},{""@Name"":""ObjectName"",""#text"":""S-1-5-21-4230534742-2542757381-3142984815-1123""},{""@Name"":""HandleId"",""#text"":""0x1D35E253590""},{""@Name"":""TransactionId"",""#text"":""00000000-0000-0000-0000-000000000000""},{""@Name"":""AccessList"",""#text"":""%%1537, %%1538, %%1539, %%1540, %%5440, %%5441, %%5442, %%5443, %%5444, %%5445, %%5446, %%5447, %%5448, ""},{""@Name"":""AccessReason"",""#text"":""-""},{""@Name"":""AccessMask"",""#text"":""0xF01FF""},{""@Name"":""PrivilegeList"",""#text"":""-""},{""@Name"":""Properties"",""#text"":""---, {bf967aba-0de6-11d0-a285-00aa003049e2}, %%1537, %%1538, %%1539, %%1540, %%5440, %%5441, %%5442, %%5443, %%5444, %%5445, %%5446, %%5447, %%5448, {59ba2f42-79a2-11d0-9020-00c04fc2d3cf}, {bf967938-0de6-11d0-a285-00aa003049e2}, {5fd42471-1262-11d0-a060-00aa006c33ed}, {bf9679e8-0de6-11d0-a285-00aa003049e2}, {bf967a00-0de6-11d0-a285-00aa003049e2}, {3e0abfd0-126a-11d0-a060-00aa006c33ed}, {bf967a6a-0de6-11d0-a285-00aa003049e2}, {bf967953-0de6-11d0-a285-00aa003049e2}, {4c164200-20c0-11d0-a768-00aa006e0529}, {bf967915-0de6-11d0-a285-00aa003049e2}, {bf967a0a-0de6-11d0-a285-00aa003049e2}, {bf967a68-0de6-11d0-a285-00aa003049e2}, {bf967a6d-0de6-11d0-a285-00aa003049e2}, {5f202010-79a5-11d0-9020-00c04fc2d4cf}, {bf96792e-0de6-11d0-a285-00aa003049e2}, {bf967985-0de6-11d0-a285-00aa003049e2}, {bf967986-0de6-11d0-a285-00aa003049e2}, {bf967996-0de6-11d0-a285-00aa003049e2}, {bf967997-0de6-11d0-a285-00aa003049e2}, {bf9679aa-0de6-11d0-a285-00aa003049e2}, {bf9679ab-0de6-11d0-a285-00aa003049e2}, {bf9679ac-0de6-11d0-a285-00aa003049e2}, {bf967a05-0de6-11d0-a285-00aa003049e2}, {bf9679a8-0de6-11d0-a285-00aa003049e2}, {e48d0154-bcf8-11d1-8702-00c04fb96050}, {bf967950-0de6-11d0-a285-00aa003049e2}, {bc0ac240-79a9-11d0-9020-00c04fc2d4cf}, {bf967991-0de6-11d0-a285-00aa003049e2}, {ab721a53-1e2f-11d0-9819-00aa0040529b}, {00299570-246d-11d0-a768-00aa006e0529}, {7ed84960-ad10-11d0-8a92-00aa006e0529}, ""},{""@Name"":""RestrictedSidCount"",""#text"":""0""},{""@Name"":""ProcessId"",""#text"":""0x230""},{""@Name"":""ProcessName"",""#text"":""C:\\Windows\\System32\\lsass.exe""}]}}"
167,125523147,2021-03-26 16:59:25.5925930,4658,LogAlways,Microsoft-Windows-Security-Auditing,Security,4,344,rootdc1.offsec.lan,5,,The handle to an object was closed,OFFSEC\admmig,,SID: S-1-5-21-4230534742-2542757381-3142984815-1111,ObjectServer: Security Account Manager,HandleId: 0x1D35E253590,,,,C:\Windows\System32\lsass.exe (PID: 0x230),False,EVTX-to-MITRE-Attack\TA0006-Credential Access\T1003-Credential dumping\ID4661-4658 Mimikatz sekurlsa password dump SAM.evtx,Audit success,0,"{""EventData"":{""Data"":[{""@Name"":""SubjectUserSid"",""#text"":""S-1-5-21-4230534742-2542757381-3142984815-1111""},{""@Name"":""SubjectUserName"",""#text"":""admmig""},{""@Name"":""SubjectDomainName"",""#text"":""OFFSEC""},{""@Name"":""SubjectLogonId"",""#text"":""0x493AC""},{""@Name"":""ObjectServer"",""#text"":""Security Account Manager""},{""@Name"":""HandleId"",""#text"":""0x1D35E253590""},{""@Name"":""ProcessId"",""#text"":""0x230""},{""@Name"":""ProcessName"",""#text"":""C:\\Windows\\System32\\lsass.exe""}]}}"
168,125523148,2021-03-26 16:59:25.5926088,4661,LogAlways,Microsoft-Windows-Security-Auditing,Security,4,344,rootdc1.offsec.lan,5,,Handle requested to an object,OFFSEC\admmig,,ObjectServer: Security Account Manager,ObjectType: SAM_SERVER,ObjectName: SAM,,,,C:\Windows\System32\lsass.exe,False,EVTX-to-MITRE-Attack\TA0006-Credential Access\T1003-Credential dumping\ID4661-4658 Mimikatz sekurlsa password dump SAM.evtx,Audit success,0,"{""EventData"":{""Data"":[{""@Name"":""SubjectUserSid"",""#text"":""S-1-5-21-4230534742-2542757381-3142984815-1111""},{""@Name"":""SubjectUserName"",""#text"":""admmig""},{""@Name"":""SubjectDomainName"",""#text"":""OFFSEC""},{""@Name"":""SubjectLogonId"",""#text"":""0x493AC""},{""@Name"":""ObjectServer"",""#text"":""Security Account Manager""},{""@Name"":""ObjectType"",""#text"":""SAM_SERVER""},{""@Name"":""ObjectName"",""#text"":""SAM""},{""@Name"":""HandleId"",""#text"":""0x0""},{""@Name"":""TransactionId"",""#text"":""00000000-0000-0000-0000-000000000000""},{""@Name"":""AccessList"",""#text"":""%%5384, ""},{""@Name"":""AccessReason"",""#text"":""-""},{""@Name"":""AccessMask"",""#text"":""0x100""},{""@Name"":""PrivilegeList"",""#text"":""-""},{""@Name"":""Properties"",""#text"":""---, {bf967aad-0de6-11d0-a285-00aa003049e2}, %%5384, {91d67418-0135-4acc-8d79-c08e857cfbec}, ""},{""@Name"":""RestrictedSidCount"",""#text"":""0""},{""@Name"":""ProcessId"",""#text"":""0x230""},{""@Name"":""ProcessName"",""#text"":""C:\\Windows\\System32\\lsass.exe""}]}}"
169,125523149,2021-03-26 16:59:25.5967940,4661,LogAlways,Microsoft-Windows-Security-Auditing,Security,4,344,rootdc1.offsec.lan,5,,Handle requested to an object,OFFSEC\admmig,,ObjectServer: Security Account Manager,ObjectType: SAM_USER,ObjectName: S-1-5-21-4230534742-2542757381-3142984815-1124,,,,C:\Windows\System32\lsass.exe,False,EVTX-to-MITRE-Attack\TA0006-Credential Access\T1003-Credential dumping\ID4661-4658 Mimikatz sekurlsa password dump SAM.evtx,Audit success,0,"{""EventData"":{""Data"":[{""@Name"":""SubjectUserSid"",""#text"":""S-1-5-21-4230534742-2542757381-3142984815-1111""},{""@Name"":""SubjectUserName"",""#text"":""admmig""},{""@Name"":""SubjectDomainName"",""#text"":""OFFSEC""},{""@Name"":""SubjectLogonId"",""#text"":""0x493AC""},{""@Name"":""ObjectServer"",""#text"":""Security Account Manager""},{""@Name"":""ObjectType"",""#text"":""SAM_USER""},{""@Name"":""ObjectName"",""#text"":""S-1-5-21-4230534742-2542757381-3142984815-1124""},{""@Name"":""HandleId"",""#text"":""0x1D35E252BF0""},{""@Name"":""TransactionId"",""#text"":""00000000-0000-0000-0000-000000000000""},{""@Name"":""AccessList"",""#text"":""%%1537, %%1538, %%1539, %%1540, %%5440, %%5441, %%5442, %%5443, %%5444, %%5445, %%5446, %%5447, %%5448, ""},{""@Name"":""AccessReason"",""#text"":""-""},{""@Name"":""AccessMask"",""#text"":""0xF01FF""},{""@Name"":""PrivilegeList"",""#text"":""-""},{""@Name"":""Properties"",""#text"":""---, {bf967aba-0de6-11d0-a285-00aa003049e2}, %%1537, %%1538, %%1539, %%1540, %%5440, %%5441, %%5442, %%5443, %%5444, %%5445, %%5446, %%5447, %%5448, {59ba2f42-79a2-11d0-9020-00c04fc2d3cf}, {bf967938-0de6-11d0-a285-00aa003049e2}, {5fd42471-1262-11d0-a060-00aa006c33ed}, {bf9679e8-0de6-11d0-a285-00aa003049e2}, {bf967a00-0de6-11d0-a285-00aa003049e2}, {3e0abfd0-126a-11d0-a060-00aa006c33ed}, {bf967a6a-0de6-11d0-a285-00aa003049e2}, {bf967953-0de6-11d0-a285-00aa003049e2}, {4c164200-20c0-11d0-a768-00aa006e0529}, {bf967915-0de6-11d0-a285-00aa003049e2}, {bf967a0a-0de6-11d0-a285-00aa003049e2}, {bf967a68-0de6-11d0-a285-00aa003049e2}, {bf967a6d-0de6-11d0-a285-00aa003049e2}, {5f202010-79a5-11d0-9020-00c04fc2d4cf}, {bf96792e-0de6-11d0-a285-00aa003049e2}, {bf967985-0de6-11d0-a285-00aa003049e2}, {bf967986-0de6-11d0-a285-00aa003049e2}, {bf967996-0de6-11d0-a285-00aa003049e2}, {bf967997-0de6-11d0-a285-00aa003049e2}, {bf9679aa-0de6-11d0-a285-00aa003049e2}, {bf9679ab-0de6-11d0-a285-00aa003049e2}, {bf9679ac-0de6-11d0-a285-00aa003049e2}, {bf967a05-0de6-11d0-a285-00aa003049e2}, {bf9679a8-0de6-11d0-a285-00aa003049e2}, {e48d0154-bcf8-11d1-8702-00c04fb96050}, {bf967950-0de6-11d0-a285-00aa003049e2}, {bc0ac240-79a9-11d0-9020-00c04fc2d4cf}, {bf967991-0de6-11d0-a285-00aa003049e2}, {ab721a53-1e2f-11d0-9819-00aa0040529b}, {00299570-246d-11d0-a768-00aa006e0529}, {7ed84960-ad10-11d0-8a92-00aa006e0529}, ""},{""@Name"":""RestrictedSidCount"",""#text"":""0""},{""@Name"":""ProcessId"",""#text"":""0x230""},{""@Name"":""ProcessName"",""#text"":""C:\\Windows\\System32\\lsass.exe""}]}}"
170,125523150,2021-03-26 16:59:25.6014143,4658,LogAlways,Microsoft-Windows-Security-Auditing,Security,4,344,rootdc1.offsec.lan,5,,The handle to an object was closed,OFFSEC\admmig,,SID: S-1-5-21-4230534742-2542757381-3142984815-1111,ObjectServer: Security Account Manager,HandleId: 0x1D35E252BF0,,,,C:\Windows\System32\lsass.exe (PID: 0x230),False,EVTX-to-MITRE-Attack\TA0006-Credential Access\T1003-Credential dumping\ID4661-4658 Mimikatz sekurlsa password dump SAM.evtx,Audit success,0,"{""EventData"":{""Data"":[{""@Name"":""SubjectUserSid"",""#text"":""S-1-5-21-4230534742-2542757381-3142984815-1111""},{""@Name"":""SubjectUserName"",""#text"":""admmig""},{""@Name"":""SubjectDomainName"",""#text"":""OFFSEC""},{""@Name"":""SubjectLogonId"",""#text"":""0x493AC""},{""@Name"":""ObjectServer"",""#text"":""Security Account Manager""},{""@Name"":""HandleId"",""#text"":""0x1D35E252BF0""},{""@Name"":""ProcessId"",""#text"":""0x230""},{""@Name"":""ProcessName"",""#text"":""C:\\Windows\\System32\\lsass.exe""}]}}"
171,125523151,2021-03-26 16:59:25.6039990,4661,LogAlways,Microsoft-Windows-Security-Auditing,Security,4,344,rootdc1.offsec.lan,5,,Handle requested to an object,OFFSEC\admmig,,ObjectServer: Security Account Manager,ObjectType: SAM_USER,ObjectName: S-1-5-21-4230534742-2542757381-3142984815-1125,,,,C:\Windows\System32\lsass.exe,False,EVTX-to-MITRE-Attack\TA0006-Credential Access\T1003-Credential dumping\ID4661-4658 Mimikatz sekurlsa password dump SAM.evtx,Audit success,0,"{""EventData"":{""Data"":[{""@Name"":""SubjectUserSid"",""#text"":""S-1-5-21-4230534742-2542757381-3142984815-1111""},{""@Name"":""SubjectUserName"",""#text"":""admmig""},{""@Name"":""SubjectDomainName"",""#text"":""OFFSEC""},{""@Name"":""SubjectLogonId"",""#text"":""0x493AC""},{""@Name"":""ObjectServer"",""#text"":""Security Account Manager""},{""@Name"":""ObjectType"",""#text"":""SAM_USER""},{""@Name"":""ObjectName"",""#text"":""S-1-5-21-4230534742-2542757381-3142984815-1125""},{""@Name"":""HandleId"",""#text"":""0x1D35E252250""},{""@Name"":""TransactionId"",""#text"":""00000000-0000-0000-0000-000000000000""},{""@Name"":""AccessList"",""#text"":""%%1537, %%1538, %%1539, %%1540, %%5440, %%5441, %%5442, %%5443, %%5444, %%5445, %%5446, %%5447, %%5448, ""},{""@Name"":""AccessReason"",""#text"":""-""},{""@Name"":""AccessMask"",""#text"":""0xF01FF""},{""@Name"":""PrivilegeList"",""#text"":""-""},{""@Name"":""Properties"",""#text"":""---, {bf967aba-0de6-11d0-a285-00aa003049e2}, %%1537, %%1538, %%1539, %%1540, %%5440, %%5441, %%5442, %%5443, %%5444, %%5445, %%5446, %%5447, %%5448, {59ba2f42-79a2-11d0-9020-00c04fc2d3cf}, {bf967938-0de6-11d0-a285-00aa003049e2}, {5fd42471-1262-11d0-a060-00aa006c33ed}, {bf9679e8-0de6-11d0-a285-00aa003049e2}, {bf967a00-0de6-11d0-a285-00aa003049e2}, {3e0abfd0-126a-11d0-a060-00aa006c33ed}, {bf967a6a-0de6-11d0-a285-00aa003049e2}, {bf967953-0de6-11d0-a285-00aa003049e2}, {4c164200-20c0-11d0-a768-00aa006e0529}, {bf967915-0de6-11d0-a285-00aa003049e2}, {bf967a0a-0de6-11d0-a285-00aa003049e2}, {bf967a68-0de6-11d0-a285-00aa003049e2}, {bf967a6d-0de6-11d0-a285-00aa003049e2}, {5f202010-79a5-11d0-9020-00c04fc2d4cf}, {bf96792e-0de6-11d0-a285-00aa003049e2}, {bf967985-0de6-11d0-a285-00aa003049e2}, {bf967986-0de6-11d0-a285-00aa003049e2}, {bf967996-0de6-11d0-a285-00aa003049e2}, {bf967997-0de6-11d0-a285-00aa003049e2}, {bf9679aa-0de6-11d0-a285-00aa003049e2}, {bf9679ab-0de6-11d0-a285-00aa003049e2}, {bf9679ac-0de6-11d0-a285-00aa003049e2}, {bf967a05-0de6-11d0-a285-00aa003049e2}, {bf9679a8-0de6-11d0-a285-00aa003049e2}, {e48d0154-bcf8-11d1-8702-00c04fb96050}, {bf967950-0de6-11d0-a285-00aa003049e2}, {bc0ac240-79a9-11d0-9020-00c04fc2d4cf}, {bf967991-0de6-11d0-a285-00aa003049e2}, {ab721a53-1e2f-11d0-9819-00aa0040529b}, {00299570-246d-11d0-a768-00aa006e0529}, {7ed84960-ad10-11d0-8a92-00aa006e0529}, ""},{""@Name"":""RestrictedSidCount"",""#text"":""0""},{""@Name"":""ProcessId"",""#text"":""0x230""},{""@Name"":""ProcessName"",""#text"":""C:\\Windows\\System32\\lsass.exe""}]}}"
172,125523152,2021-03-26 16:59:25.6060449,4658,LogAlways,Microsoft-Windows-Security-Auditing,Security,4,344,rootdc1.offsec.lan,5,,The handle to an object was closed,OFFSEC\admmig,,SID: S-1-5-21-4230534742-2542757381-3142984815-1111,ObjectServer: Security Account Manager,HandleId: 0x1D35E252250,,,,C:\Windows\System32\lsass.exe (PID: 0x230),False,EVTX-to-MITRE-Attack\TA0006-Credential Access\T1003-Credential dumping\ID4661-4658 Mimikatz sekurlsa password dump SAM.evtx,Audit success,0,"{""EventData"":{""Data"":[{""@Name"":""SubjectUserSid"",""#text"":""S-1-5-21-4230534742-2542757381-3142984815-1111""},{""@Name"":""SubjectUserName"",""#text"":""admmig""},{""@Name"":""SubjectDomainName"",""#text"":""OFFSEC""},{""@Name"":""SubjectLogonId"",""#text"":""0x493AC""},{""@Name"":""ObjectServer"",""#text"":""Security Account Manager""},{""@Name"":""HandleId"",""#text"":""0x1D35E252250""},{""@Name"":""ProcessId"",""#text"":""0x230""},{""@Name"":""ProcessName"",""#text"":""C:\\Windows\\System32\\lsass.exe""}]}}"
173,125523153,2021-03-26 16:59:25.6060575,4661,LogAlways,Microsoft-Windows-Security-Auditing,Security,4,344,rootdc1.offsec.lan,5,,Handle requested to an object,OFFSEC\admmig,,ObjectServer: Security Account Manager,ObjectType: SAM_SERVER,ObjectName: SAM,,,,C:\Windows\System32\lsass.exe,False,EVTX-to-MITRE-Attack\TA0006-Credential Access\T1003-Credential dumping\ID4661-4658 Mimikatz sekurlsa password dump SAM.evtx,Audit success,0,"{""EventData"":{""Data"":[{""@Name"":""SubjectUserSid"",""#text"":""S-1-5-21-4230534742-2542757381-3142984815-1111""},{""@Name"":""SubjectUserName"",""#text"":""admmig""},{""@Name"":""SubjectDomainName"",""#text"":""OFFSEC""},{""@Name"":""SubjectLogonId"",""#text"":""0x493AC""},{""@Name"":""ObjectServer"",""#text"":""Security Account Manager""},{""@Name"":""ObjectType"",""#text"":""SAM_SERVER""},{""@Name"":""ObjectName"",""#text"":""SAM""},{""@Name"":""HandleId"",""#text"":""0x0""},{""@Name"":""TransactionId"",""#text"":""00000000-0000-0000-0000-000000000000""},{""@Name"":""AccessList"",""#text"":""%%5384, ""},{""@Name"":""AccessReason"",""#text"":""-""},{""@Name"":""AccessMask"",""#text"":""0x100""},{""@Name"":""PrivilegeList"",""#text"":""-""},{""@Name"":""Properties"",""#text"":""---, {bf967aad-0de6-11d0-a285-00aa003049e2}, %%5384, {91d67418-0135-4acc-8d79-c08e857cfbec}, ""},{""@Name"":""RestrictedSidCount"",""#text"":""0""},{""@Name"":""ProcessId"",""#text"":""0x230""},{""@Name"":""ProcessName"",""#text"":""C:\\Windows\\System32\\lsass.exe""}]}}"
174,125523154,2021-03-26 16:59:25.6096832,4661,LogAlways,Microsoft-Windows-Security-Auditing,Security,4,344,rootdc1.offsec.lan,5,,Handle requested to an object,OFFSEC\admmig,,ObjectServer: Security Account Manager,ObjectType: SAM_USER,ObjectName: S-1-5-21-4230534742-2542757381-3142984815-1126,,,,C:\Windows\System32\lsass.exe,False,EVTX-to-MITRE-Attack\TA0006-Credential Access\T1003-Credential dumping\ID4661-4658 Mimikatz sekurlsa password dump SAM.evtx,Audit success,0,"{""EventData"":{""Data"":[{""@Name"":""SubjectUserSid"",""#text"":""S-1-5-21-4230534742-2542757381-3142984815-1111""},{""@Name"":""SubjectUserName"",""#text"":""admmig""},{""@Name"":""SubjectDomainName"",""#text"":""OFFSEC""},{""@Name"":""SubjectLogonId"",""#text"":""0x493AC""},{""@Name"":""ObjectServer"",""#text"":""Security Account Manager""},{""@Name"":""ObjectType"",""#text"":""SAM_USER""},{""@Name"":""ObjectName"",""#text"":""S-1-5-21-4230534742-2542757381-3142984815-1126""},{""@Name"":""HandleId"",""#text"":""0x1D35E253590""},{""@Name"":""TransactionId"",""#text"":""00000000-0000-0000-0000-000000000000""},{""@Name"":""AccessList"",""#text"":""%%1537, %%1538, %%1539, %%1540, %%5440, %%5441, %%5442, %%5443, %%5444, %%5445, %%5446, %%5447, %%5448, ""},{""@Name"":""AccessReason"",""#text"":""-""},{""@Name"":""AccessMask"",""#text"":""0xF01FF""},{""@Name"":""PrivilegeList"",""#text"":""-""},{""@Name"":""Properties"",""#text"":""---, {bf967aba-0de6-11d0-a285-00aa003049e2}, %%1537, %%1538, %%1539, %%1540, %%5440, %%5441, %%5442, %%5443, %%5444, %%5445, %%5446, %%5447, %%5448, {59ba2f42-79a2-11d0-9020-00c04fc2d3cf}, {bf967938-0de6-11d0-a285-00aa003049e2}, {5fd42471-1262-11d0-a060-00aa006c33ed}, {bf9679e8-0de6-11d0-a285-00aa003049e2}, {bf967a00-0de6-11d0-a285-00aa003049e2}, {3e0abfd0-126a-11d0-a060-00aa006c33ed}, {bf967a6a-0de6-11d0-a285-00aa003049e2}, {bf967953-0de6-11d0-a285-00aa003049e2}, {4c164200-20c0-11d0-a768-00aa006e0529}, {bf967915-0de6-11d0-a285-00aa003049e2}, {bf967a0a-0de6-11d0-a285-00aa003049e2}, {bf967a68-0de6-11d0-a285-00aa003049e2}, {bf967a6d-0de6-11d0-a285-00aa003049e2}, {5f202010-79a5-11d0-9020-00c04fc2d4cf}, {bf96792e-0de6-11d0-a285-00aa003049e2}, {bf967985-0de6-11d0-a285-00aa003049e2}, {bf967986-0de6-11d0-a285-00aa003049e2}, {bf967996-0de6-11d0-a285-00aa003049e2}, {bf967997-0de6-11d0-a285-00aa003049e2}, {bf9679aa-0de6-11d0-a285-00aa003049e2}, {bf9679ab-0de6-11d0-a285-00aa003049e2}, {bf9679ac-0de6-11d0-a285-00aa003049e2}, {bf967a05-0de6-11d0-a285-00aa003049e2}, {bf9679a8-0de6-11d0-a285-00aa003049e2}, {e48d0154-bcf8-11d1-8702-00c04fb96050}, {bf967950-0de6-11d0-a285-00aa003049e2}, {bc0ac240-79a9-11d0-9020-00c04fc2d4cf}, {bf967991-0de6-11d0-a285-00aa003049e2}, {ab721a53-1e2f-11d0-9819-00aa0040529b}, {00299570-246d-11d0-a768-00aa006e0529}, {7ed84960-ad10-11d0-8a92-00aa006e0529}, ""},{""@Name"":""RestrictedSidCount"",""#text"":""0""},{""@Name"":""ProcessId"",""#text"":""0x230""},{""@Name"":""ProcessName"",""#text"":""C:\\Windows\\System32\\lsass.exe""}]}}"
175,125523155,2021-03-26 16:59:25.6284522,4658,LogAlways,Microsoft-Windows-Security-Auditing,Security,4,344,rootdc1.offsec.lan,5,,The handle to an object was closed,OFFSEC\admmig,,SID: S-1-5-21-4230534742-2542757381-3142984815-1111,ObjectServer: Security Account Manager,HandleId: 0x1D35E253590,,,,C:\Windows\System32\lsass.exe (PID: 0x230),False,EVTX-to-MITRE-Attack\TA0006-Credential Access\T1003-Credential dumping\ID4661-4658 Mimikatz sekurlsa password dump SAM.evtx,Audit success,0,"{""EventData"":{""Data"":[{""@Name"":""SubjectUserSid"",""#text"":""S-1-5-21-4230534742-2542757381-3142984815-1111""},{""@Name"":""SubjectUserName"",""#text"":""admmig""},{""@Name"":""SubjectDomainName"",""#text"":""OFFSEC""},{""@Name"":""SubjectLogonId"",""#text"":""0x493AC""},{""@Name"":""ObjectServer"",""#text"":""Security Account Manager""},{""@Name"":""HandleId"",""#text"":""0x1D35E253590""},{""@Name"":""ProcessId"",""#text"":""0x230""},{""@Name"":""ProcessName"",""#text"":""C:\\Windows\\System32\\lsass.exe""}]}}"
176,125523156,2021-03-26 16:59:25.6359739,4661,LogAlways,Microsoft-Windows-Security-Auditing,Security,4,344,rootdc1.offsec.lan,5,,Handle requested to an object,OFFSEC\admmig,,ObjectServer: Security Account Manager,ObjectType: SAM_USER,ObjectName: S-1-5-21-4230534742-2542757381-3142984815-1601,,,,C:\Windows\System32\lsass.exe,False,EVTX-to-MITRE-Attack\TA0006-Credential Access\T1003-Credential dumping\ID4661-4658 Mimikatz sekurlsa password dump SAM.evtx,Audit success,0,"{""EventData"":{""Data"":[{""@Name"":""SubjectUserSid"",""#text"":""S-1-5-21-4230534742-2542757381-3142984815-1111""},{""@Name"":""SubjectUserName"",""#text"":""admmig""},{""@Name"":""SubjectDomainName"",""#text"":""OFFSEC""},{""@Name"":""SubjectLogonId"",""#text"":""0x493AC""},{""@Name"":""ObjectServer"",""#text"":""Security Account Manager""},{""@Name"":""ObjectType"",""#text"":""SAM_USER""},{""@Name"":""ObjectName"",""#text"":""S-1-5-21-4230534742-2542757381-3142984815-1601""},{""@Name"":""HandleId"",""#text"":""0x1D35E2530C0""},{""@Name"":""TransactionId"",""#text"":""00000000-0000-0000-0000-000000000000""},{""@Name"":""AccessList"",""#text"":""%%1537, %%1538, %%1539, %%1540, %%5440, %%5441, %%5442, %%5443, %%5444, %%5445, %%5446, %%5447, %%5448, ""},{""@Name"":""AccessReason"",""#text"":""-""},{""@Name"":""AccessMask"",""#text"":""0xF01FF""},{""@Name"":""PrivilegeList"",""#text"":""-""},{""@Name"":""Properties"",""#text"":""---, {bf967aba-0de6-11d0-a285-00aa003049e2}, %%1537, %%1538, %%1539, %%1540, %%5440, %%5441, %%5442, %%5443, %%5444, %%5445, %%5446, %%5447, %%5448, {59ba2f42-79a2-11d0-9020-00c04fc2d3cf}, {bf967938-0de6-11d0-a285-00aa003049e2}, {5fd42471-1262-11d0-a060-00aa006c33ed}, {bf9679e8-0de6-11d0-a285-00aa003049e2}, {bf967a00-0de6-11d0-a285-00aa003049e2}, {3e0abfd0-126a-11d0-a060-00aa006c33ed}, {bf967a6a-0de6-11d0-a285-00aa003049e2}, {bf967953-0de6-11d0-a285-00aa003049e2}, {4c164200-20c0-11d0-a768-00aa006e0529}, {bf967915-0de6-11d0-a285-00aa003049e2}, {bf967a0a-0de6-11d0-a285-00aa003049e2}, {bf967a68-0de6-11d0-a285-00aa003049e2}, {bf967a6d-0de6-11d0-a285-00aa003049e2}, {5f202010-79a5-11d0-9020-00c04fc2d4cf}, {bf96792e-0de6-11d0-a285-00aa003049e2}, {bf967985-0de6-11d0-a285-00aa003049e2}, {bf967986-0de6-11d0-a285-00aa003049e2}, {bf967996-0de6-11d0-a285-00aa003049e2}, {bf967997-0de6-11d0-a285-00aa003049e2}, {bf9679aa-0de6-11d0-a285-00aa003049e2}, {bf9679ab-0de6-11d0-a285-00aa003049e2}, {bf9679ac-0de6-11d0-a285-00aa003049e2}, {bf967a05-0de6-11d0-a285-00aa003049e2}, {bf9679a8-0de6-11d0-a285-00aa003049e2}, {e48d0154-bcf8-11d1-8702-00c04fb96050}, {bf967950-0de6-11d0-a285-00aa003049e2}, {bc0ac240-79a9-11d0-9020-00c04fc2d4cf}, {bf967991-0de6-11d0-a285-00aa003049e2}, {ab721a53-1e2f-11d0-9819-00aa0040529b}, {00299570-246d-11d0-a768-00aa006e0529}, {7ed84960-ad10-11d0-8a92-00aa006e0529}, ""},{""@Name"":""RestrictedSidCount"",""#text"":""0""},{""@Name"":""ProcessId"",""#text"":""0x230""},{""@Name"":""ProcessName"",""#text"":""C:\\Windows\\System32\\lsass.exe""}]}}"
177,125523157,2021-03-26 16:59:25.6387954,4658,LogAlways,Microsoft-Windows-Security-Auditing,Security,4,344,rootdc1.offsec.lan,5,,The handle to an object was closed,OFFSEC\admmig,,SID: S-1-5-21-4230534742-2542757381-3142984815-1111,ObjectServer: Security Account Manager,HandleId: 0x1D35E2530C0,,,,C:\Windows\System32\lsass.exe (PID: 0x230),False,EVTX-to-MITRE-Attack\TA0006-Credential Access\T1003-Credential dumping\ID4661-4658 Mimikatz sekurlsa password dump SAM.evtx,Audit success,0,"{""EventData"":{""Data"":[{""@Name"":""SubjectUserSid"",""#text"":""S-1-5-21-4230534742-2542757381-3142984815-1111""},{""@Name"":""SubjectUserName"",""#text"":""admmig""},{""@Name"":""SubjectDomainName"",""#text"":""OFFSEC""},{""@Name"":""SubjectLogonId"",""#text"":""0x493AC""},{""@Name"":""ObjectServer"",""#text"":""Security Account Manager""},{""@Name"":""HandleId"",""#text"":""0x1D35E2530C0""},{""@Name"":""ProcessId"",""#text"":""0x230""},{""@Name"":""ProcessName"",""#text"":""C:\\Windows\\System32\\lsass.exe""}]}}"
178,125523158,2021-03-26 16:59:25.6389500,4661,LogAlways,Microsoft-Windows-Security-Auditing,Security,4,344,rootdc1.offsec.lan,5,,Handle requested to an object,OFFSEC\admmig,,ObjectServer: Security Account Manager,ObjectType: SAM_SERVER,ObjectName: SAM,,,,C:\Windows\System32\lsass.exe,False,EVTX-to-MITRE-Attack\TA0006-Credential Access\T1003-Credential dumping\ID4661-4658 Mimikatz sekurlsa password dump SAM.evtx,Audit success,0,"{""EventData"":{""Data"":[{""@Name"":""SubjectUserSid"",""#text"":""S-1-5-21-4230534742-2542757381-3142984815-1111""},{""@Name"":""SubjectUserName"",""#text"":""admmig""},{""@Name"":""SubjectDomainName"",""#text"":""OFFSEC""},{""@Name"":""SubjectLogonId"",""#text"":""0x493AC""},{""@Name"":""ObjectServer"",""#text"":""Security Account Manager""},{""@Name"":""ObjectType"",""#text"":""SAM_SERVER""},{""@Name"":""ObjectName"",""#text"":""SAM""},{""@Name"":""HandleId"",""#text"":""0x0""},{""@Name"":""TransactionId"",""#text"":""00000000-0000-0000-0000-000000000000""},{""@Name"":""AccessList"",""#text"":""%%5384, ""},{""@Name"":""AccessReason"",""#text"":""-""},{""@Name"":""AccessMask"",""#text"":""0x100""},{""@Name"":""PrivilegeList"",""#text"":""-""},{""@Name"":""Properties"",""#text"":""---, {bf967aad-0de6-11d0-a285-00aa003049e2}, %%5384, {91d67418-0135-4acc-8d79-c08e857cfbec}, ""},{""@Name"":""RestrictedSidCount"",""#text"":""0""},{""@Name"":""ProcessId"",""#text"":""0x230""},{""@Name"":""ProcessName"",""#text"":""C:\\Windows\\System32\\lsass.exe""}]}}"
179,125523159,2021-03-26 16:59:25.6428581,4661,LogAlways,Microsoft-Windows-Security-Auditing,Security,4,344,rootdc1.offsec.lan,5,,Handle requested to an object,OFFSEC\admmig,,ObjectServer: Security Account Manager,ObjectType: SAM_USER,ObjectName: S-1-5-21-4230534742-2542757381-3142984815-1623,,,,C:\Windows\System32\lsass.exe,False,EVTX-to-MITRE-Attack\TA0006-Credential Access\T1003-Credential dumping\ID4661-4658 Mimikatz sekurlsa password dump SAM.evtx,Audit success,0,"{""EventData"":{""Data"":[{""@Name"":""SubjectUserSid"",""#text"":""S-1-5-21-4230534742-2542757381-3142984815-1111""},{""@Name"":""SubjectUserName"",""#text"":""admmig""},{""@Name"":""SubjectDomainName"",""#text"":""OFFSEC""},{""@Name"":""SubjectLogonId"",""#text"":""0x493AC""},{""@Name"":""ObjectServer"",""#text"":""Security Account Manager""},{""@Name"":""ObjectType"",""#text"":""SAM_USER""},{""@Name"":""ObjectName"",""#text"":""S-1-5-21-4230534742-2542757381-3142984815-1623""},{""@Name"":""HandleId"",""#text"":""0x1D35E2518B0""},{""@Name"":""TransactionId"",""#text"":""00000000-0000-0000-0000-000000000000""},{""@Name"":""AccessList"",""#text"":""%%1537, %%1538, %%1539, %%1540, %%5440, %%5441, %%5442, %%5443, %%5444, %%5445, %%5446, %%5447, %%5448, ""},{""@Name"":""AccessReason"",""#text"":""-""},{""@Name"":""AccessMask"",""#text"":""0xF01FF""},{""@Name"":""PrivilegeList"",""#text"":""-""},{""@Name"":""Properties"",""#text"":""---, {bf967aba-0de6-11d0-a285-00aa003049e2}, %%1537, %%1538, %%1539, %%1540, %%5440, %%5441, %%5442, %%5443, %%5444, %%5445, %%5446, %%5447, %%5448, {59ba2f42-79a2-11d0-9020-00c04fc2d3cf}, {bf967938-0de6-11d0-a285-00aa003049e2}, {5fd42471-1262-11d0-a060-00aa006c33ed}, {bf9679e8-0de6-11d0-a285-00aa003049e2}, {bf967a00-0de6-11d0-a285-00aa003049e2}, {3e0abfd0-126a-11d0-a060-00aa006c33ed}, {bf967a6a-0de6-11d0-a285-00aa003049e2}, {bf967953-0de6-11d0-a285-00aa003049e2}, {4c164200-20c0-11d0-a768-00aa006e0529}, {bf967915-0de6-11d0-a285-00aa003049e2}, {bf967a0a-0de6-11d0-a285-00aa003049e2}, {bf967a68-0de6-11d0-a285-00aa003049e2}, {bf967a6d-0de6-11d0-a285-00aa003049e2}, {5f202010-79a5-11d0-9020-00c04fc2d4cf}, {bf96792e-0de6-11d0-a285-00aa003049e2}, {bf967985-0de6-11d0-a285-00aa003049e2}, {bf967986-0de6-11d0-a285-00aa003049e2}, {bf967996-0de6-11d0-a285-00aa003049e2}, {bf967997-0de6-11d0-a285-00aa003049e2}, {bf9679aa-0de6-11d0-a285-00aa003049e2}, {bf9679ab-0de6-11d0-a285-00aa003049e2}, {bf9679ac-0de6-11d0-a285-00aa003049e2}, {bf967a05-0de6-11d0-a285-00aa003049e2}, {bf9679a8-0de6-11d0-a285-00aa003049e2}, {e48d0154-bcf8-11d1-8702-00c04fb96050}, {bf967950-0de6-11d0-a285-00aa003049e2}, {bc0ac240-79a9-11d0-9020-00c04fc2d4cf}, {bf967991-0de6-11d0-a285-00aa003049e2}, {ab721a53-1e2f-11d0-9819-00aa0040529b}, {00299570-246d-11d0-a768-00aa006e0529}, {7ed84960-ad10-11d0-8a92-00aa006e0529}, ""},{""@Name"":""RestrictedSidCount"",""#text"":""0""},{""@Name"":""ProcessId"",""#text"":""0x230""},{""@Name"":""ProcessName"",""#text"":""C:\\Windows\\System32\\lsass.exe""}]}}"
180,125523160,2021-03-26 16:59:25.6454592,4658,LogAlways,Microsoft-Windows-Security-Auditing,Security,4,344,rootdc1.offsec.lan,5,,The handle to an object was closed,OFFSEC\admmig,,SID: S-1-5-21-4230534742-2542757381-3142984815-1111,ObjectServer: Security Account Manager,HandleId: 0x1D35E2518B0,,,,C:\Windows\System32\lsass.exe (PID: 0x230),False,EVTX-to-MITRE-Attack\TA0006-Credential Access\T1003-Credential dumping\ID4661-4658 Mimikatz sekurlsa password dump SAM.evtx,Audit success,0,"{""EventData"":{""Data"":[{""@Name"":""SubjectUserSid"",""#text"":""S-1-5-21-4230534742-2542757381-3142984815-1111""},{""@Name"":""SubjectUserName"",""#text"":""admmig""},{""@Name"":""SubjectDomainName"",""#text"":""OFFSEC""},{""@Name"":""SubjectLogonId"",""#text"":""0x493AC""},{""@Name"":""ObjectServer"",""#text"":""Security Account Manager""},{""@Name"":""HandleId"",""#text"":""0x1D35E2518B0""},{""@Name"":""ProcessId"",""#text"":""0x230""},{""@Name"":""ProcessName"",""#text"":""C:\\Windows\\System32\\lsass.exe""}]}}"
181,125523161,2021-03-26 16:59:25.6455190,4658,LogAlways,Microsoft-Windows-Security-Auditing,Security,4,344,rootdc1.offsec.lan,5,,The handle to an object was closed,OFFSEC\admmig,,SID: S-1-5-21-4230534742-2542757381-3142984815-1111,ObjectServer: Security Account Manager,HandleId: 0x1D35E250A40,,,,C:\Windows\System32\lsass.exe (PID: 0x230),False,EVTX-to-MITRE-Attack\TA0006-Credential Access\T1003-Credential dumping\ID4661-4658 Mimikatz sekurlsa password dump SAM.evtx,Audit success,0,"{""EventData"":{""Data"":[{""@Name"":""SubjectUserSid"",""#text"":""S-1-5-21-4230534742-2542757381-3142984815-1111""},{""@Name"":""SubjectUserName"",""#text"":""admmig""},{""@Name"":""SubjectDomainName"",""#text"":""OFFSEC""},{""@Name"":""SubjectLogonId"",""#text"":""0x493AC""},{""@Name"":""ObjectServer"",""#text"":""Security Account Manager""},{""@Name"":""HandleId"",""#text"":""0x1D35E250A40""},{""@Name"":""ProcessId"",""#text"":""0x230""},{""@Name"":""ProcessName"",""#text"":""C:\\Windows\\System32\\lsass.exe""}]}}"
182,125523162,2021-03-26 16:59:25.6455512,4658,LogAlways,Microsoft-Windows-Security-Auditing,Security,4,344,rootdc1.offsec.lan,5,,The handle to an object was closed,OFFSEC\admmig,,SID: S-1-5-21-4230534742-2542757381-3142984815-1111,ObjectServer: Security Account Manager,HandleId: 0x1D35E251D80,,,,C:\Windows\System32\lsass.exe (PID: 0x230),False,EVTX-to-MITRE-Attack\TA0006-Credential Access\T1003-Credential dumping\ID4661-4658 Mimikatz sekurlsa password dump SAM.evtx,Audit success,0,"{""EventData"":{""Data"":[{""@Name"":""SubjectUserSid"",""#text"":""S-1-5-21-4230534742-2542757381-3142984815-1111""},{""@Name"":""SubjectUserName"",""#text"":""admmig""},{""@Name"":""SubjectDomainName"",""#text"":""OFFSEC""},{""@Name"":""SubjectLogonId"",""#text"":""0x493AC""},{""@Name"":""ObjectServer"",""#text"":""Security Account Manager""},{""@Name"":""HandleId"",""#text"":""0x1D35E251D80""},{""@Name"":""ProcessId"",""#text"":""0x230""},{""@Name"":""ProcessName"",""#text"":""C:\\Windows\\System32\\lsass.exe""}]}}"
183,125523230,2021-03-26 17:00:15.5597043,4658,LogAlways,Microsoft-Windows-Security-Auditing,Security,4,160,rootdc1.offsec.lan,5,,The handle to an object was closed,OFFSEC\ROOTDC1$,,SID: S-1-5-18,ObjectServer: Security,HandleId: 0xFC8,,,,C:\Windows\System32\wbem\WmiPrvSE.exe (PID: 0x598),False,EVTX-to-MITRE-Attack\TA0006-Credential Access\T1003-Credential dumping\ID4661-4658 Mimikatz sekurlsa password dump SAM.evtx,Audit success,0,"{""EventData"":{""Data"":[{""@Name"":""SubjectUserSid"",""#text"":""S-1-5-18""},{""@Name"":""SubjectUserName"",""#text"":""ROOTDC1$""},{""@Name"":""SubjectDomainName"",""#text"":""OFFSEC""},{""@Name"":""SubjectLogonId"",""#text"":""0x3E7""},{""@Name"":""ObjectServer"",""#text"":""Security""},{""@Name"":""HandleId"",""#text"":""0xFC8""},{""@Name"":""ProcessId"",""#text"":""0x598""},{""@Name"":""ProcessName"",""#text"":""C:\\Windows\\System32\\wbem\\WmiPrvSE.exe""}]}}"
184,125523233,2021-03-26 17:00:15.5598849,4658,LogAlways,Microsoft-Windows-Security-Auditing,Security,4,160,rootdc1.offsec.lan,5,,The handle to an object was closed,OFFSEC\ROOTDC1$,,SID: S-1-5-18,ObjectServer: Security,HandleId: 0xFC8,,,,C:\Windows\System32\wbem\WmiPrvSE.exe (PID: 0x598),False,EVTX-to-MITRE-Attack\TA0006-Credential Access\T1003-Credential dumping\ID4661-4658 Mimikatz sekurlsa password dump SAM.evtx,Audit success,0,"{""EventData"":{""Data"":[{""@Name"":""SubjectUserSid"",""#text"":""S-1-5-18""},{""@Name"":""SubjectUserName"",""#text"":""ROOTDC1$""},{""@Name"":""SubjectDomainName"",""#text"":""OFFSEC""},{""@Name"":""SubjectLogonId"",""#text"":""0x3E7""},{""@Name"":""ObjectServer"",""#text"":""Security""},{""@Name"":""HandleId"",""#text"":""0xFC8""},{""@Name"":""ProcessId"",""#text"":""0x598""},{""@Name"":""ProcessName"",""#text"":""C:\\Windows\\System32\\wbem\\WmiPrvSE.exe""}]}}"
185,125523235,2021-03-26 17:00:15.5599213,4658,LogAlways,Microsoft-Windows-Security-Auditing,Security,4,160,rootdc1.offsec.lan,5,,The handle to an object was closed,OFFSEC\ROOTDC1$,,SID: S-1-5-18,ObjectServer: Security,HandleId: 0x41C,,,,C:\Windows\System32\wbem\WmiPrvSE.exe (PID: 0x598),False,EVTX-to-MITRE-Attack\TA0006-Credential Access\T1003-Credential dumping\ID4661-4658 Mimikatz sekurlsa password dump SAM.evtx,Audit success,0,"{""EventData"":{""Data"":[{""@Name"":""SubjectUserSid"",""#text"":""S-1-5-18""},{""@Name"":""SubjectUserName"",""#text"":""ROOTDC1$""},{""@Name"":""SubjectDomainName"",""#text"":""OFFSEC""},{""@Name"":""SubjectLogonId"",""#text"":""0x3E7""},{""@Name"":""ObjectServer"",""#text"":""Security""},{""@Name"":""HandleId"",""#text"":""0x41C""},{""@Name"":""ProcessId"",""#text"":""0x598""},{""@Name"":""ProcessName"",""#text"":""C:\\Windows\\System32\\wbem\\WmiPrvSE.exe""}]}}"
186,125523236,2021-03-26 17:00:15.5599418,4658,LogAlways,Microsoft-Windows-Security-Auditing,Security,4,160,rootdc1.offsec.lan,5,,The handle to an object was closed,OFFSEC\ROOTDC1$,,SID: S-1-5-18,ObjectServer: Security,HandleId: 0x558,,,,C:\Windows\System32\wbem\WmiPrvSE.exe (PID: 0x598),False,EVTX-to-MITRE-Attack\TA0006-Credential Access\T1003-Credential dumping\ID4661-4658 Mimikatz sekurlsa password dump SAM.evtx,Audit success,0,"{""EventData"":{""Data"":[{""@Name"":""SubjectUserSid"",""#text"":""S-1-5-18""},{""@Name"":""SubjectUserName"",""#text"":""ROOTDC1$""},{""@Name"":""SubjectDomainName"",""#text"":""OFFSEC""},{""@Name"":""SubjectLogonId"",""#text"":""0x3E7""},{""@Name"":""ObjectServer"",""#text"":""Security""},{""@Name"":""HandleId"",""#text"":""0x558""},{""@Name"":""ProcessId"",""#text"":""0x598""},{""@Name"":""ProcessName"",""#text"":""C:\\Windows\\System32\\wbem\\WmiPrvSE.exe""}]}}"
