RecordNumber,EventRecordId,TimeCreated,EventId,Level,Provider,Channel,ProcessId,ThreadId,Computer,ChunkNumber,UserId,MapDescription,UserName,RemoteHost,PayloadData1,PayloadData2,PayloadData3,PayloadData4,PayloadData5,PayloadData6,ExecutableInfo,HiddenRecord,SourceFile,Keywords,ExtraDataOffset,Payload
1,1,2022-11-01 03:45:34.9021616,4122,Info,Microsoft-Windows-BitLocker-API,Microsoft-Windows-BitLocker/BitLocker Management,2672,2716,WIN-47PN2IE7CTG,0,S-1-5-18,,,,,,,,,,,False,"EVTX-to-MITRE-Attack\TA0040-Impact\T1486-Data Encrypted for Impact\ID 768,775,793,796,817,840-BitLocker encryption activated.evtx",0x4000000000000000,0,"{""EventData"":{""Data"":{""@Name"":""LocalizedText"",""#text"":"", ISA Bridge:, PCI\\VEN_1022&amp;DEV_790E (PCI standard ISA bridge), PCI-to-PCI Bridge:, PCI\\VEN_1022&amp;DEV_1484 (PCI-to-PCI Bridge), PCI\\VEN_1022&amp;DEV_1484 (PCI-to-PCI Bridge), PCI\\VEN_1022&amp;DEV_43EA (PCI-to-PCI Bridge), PCI\\VEN_1022&amp;DEV_43EA (PCI-to-PCI Bridge), PCI\\VEN_1022&amp;DEV_43EA (PCI-to-PCI Bridge), PCI\\VEN_1022&amp;DEV_43EA (PCI-to-PCI Bridge), PCI\\VEN_1022&amp;DEV_43EA (PCI-to-PCI Bridge), PCI\\VEN_1022&amp;DEV_43EA (PCI-to-PCI Bridge), PCI\\VEN_1022&amp;DEV_1483 (PCI-to-PCI Bridge), PCI\\VEN_1022&amp;DEV_1483 (PCI-to-PCI Bridge), PCI\\VEN_1022&amp;DEV_43E9 (PCI-to-PCI Bridge), ""}}}"
2,2,2022-11-01 03:46:56.8207448,4122,Info,Microsoft-Windows-BitLocker-API,Microsoft-Windows-BitLocker/BitLocker Management,2716,2748,DESKTOP-7GBMVRG,0,S-1-5-18,,,,,,,,,,,False,"EVTX-to-MITRE-Attack\TA0040-Impact\T1486-Data Encrypted for Impact\ID 768,775,793,796,817,840-BitLocker encryption activated.evtx",0x4000000000000000,0,"{""EventData"":{""Data"":{""@Name"":""LocalizedText"",""#text"":"", ISA Bridge:, PCI\\VEN_1022&amp;DEV_790E (PCI standard ISA bridge), PCI-to-PCI Bridge:, PCI\\VEN_1022&amp;DEV_1484 (PCI-to-PCI Bridge), PCI\\VEN_1022&amp;DEV_1484 (PCI-to-PCI Bridge), PCI\\VEN_1022&amp;DEV_43EA (PCI-to-PCI Bridge), PCI\\VEN_1022&amp;DEV_43EA (PCI-to-PCI Bridge), PCI\\VEN_1022&amp;DEV_43EA (PCI-to-PCI Bridge), PCI\\VEN_1022&amp;DEV_43EA (PCI-to-PCI Bridge), PCI\\VEN_1022&amp;DEV_43EA (PCI-to-PCI Bridge), PCI\\VEN_1022&amp;DEV_43EA (PCI-to-PCI Bridge), PCI\\VEN_1022&amp;DEV_1483 (PCI-to-PCI Bridge), PCI\\VEN_1022&amp;DEV_1483 (PCI-to-PCI Bridge), PCI\\VEN_1022&amp;DEV_43E9 (PCI-to-PCI Bridge), ""}}}"
3,3,2022-11-01 04:00:38.2161728,4122,Info,Microsoft-Windows-BitLocker-API,Microsoft-Windows-BitLocker/BitLocker Management,2792,2864,DESKTOP-7GBMVRG,0,S-1-5-18,,,,,,,,,,,False,"EVTX-to-MITRE-Attack\TA0040-Impact\T1486-Data Encrypted for Impact\ID 768,775,793,796,817,840-BitLocker encryption activated.evtx",0x4000000000000000,0,"{""EventData"":{""Data"":{""@Name"":""LocalizedText"",""#text"":"", ISA Bridge:, PCI\\VEN_1022&amp;DEV_790E (PCI standard ISA bridge), PCI-to-PCI Bridge:, PCI\\VEN_1022&amp;DEV_1484 (PCI-to-PCI Bridge), PCI\\VEN_1022&amp;DEV_1484 (PCI-to-PCI Bridge), PCI\\VEN_1022&amp;DEV_43EA (PCI-to-PCI Bridge), PCI\\VEN_1022&amp;DEV_43EA (PCI-to-PCI Bridge), PCI\\VEN_1022&amp;DEV_43EA (PCI-to-PCI Bridge), PCI\\VEN_1022&amp;DEV_43EA (PCI-to-PCI Bridge), PCI\\VEN_1022&amp;DEV_43EA (PCI-to-PCI Bridge), PCI\\VEN_1022&amp;DEV_43EA (PCI-to-PCI Bridge), PCI\\VEN_1022&amp;DEV_1483 (PCI-to-PCI Bridge), PCI\\VEN_1022&amp;DEV_1483 (PCI-to-PCI Bridge), PCI\\VEN_1022&amp;DEV_43E9 (PCI-to-PCI Bridge), ""}}}"
4,4,2022-11-01 04:03:14.7092532,4122,Info,Microsoft-Windows-BitLocker-API,Microsoft-Windows-BitLocker/BitLocker Management,3044,2596,DESKTOP-7GBMVRG,0,S-1-5-18,,,,,,,,,,,False,"EVTX-to-MITRE-Attack\TA0040-Impact\T1486-Data Encrypted for Impact\ID 768,775,793,796,817,840-BitLocker encryption activated.evtx",0x4000000000000000,0,"{""EventData"":{""Data"":{""@Name"":""LocalizedText"",""#text"":"", ISA Bridge:, PCI\\VEN_1022&amp;DEV_790E (PCI standard ISA bridge), PCI-to-PCI Bridge:, PCI\\VEN_1022&amp;DEV_1484 (PCI-to-PCI Bridge), PCI\\VEN_1022&amp;DEV_1484 (PCI-to-PCI Bridge), PCI\\VEN_1022&amp;DEV_43EA (PCI-to-PCI Bridge), PCI\\VEN_1022&amp;DEV_43EA (PCI-to-PCI Bridge), PCI\\VEN_1022&amp;DEV_43EA (PCI-to-PCI Bridge), PCI\\VEN_1022&amp;DEV_43EA (PCI-to-PCI Bridge), PCI\\VEN_1022&amp;DEV_43EA (PCI-to-PCI Bridge), PCI\\VEN_1022&amp;DEV_43EA (PCI-to-PCI Bridge), PCI\\VEN_1022&amp;DEV_1483 (PCI-to-PCI Bridge), PCI\\VEN_1022&amp;DEV_1483 (PCI-to-PCI Bridge), PCI\\VEN_1022&amp;DEV_43E9 (PCI-to-PCI Bridge), ""}}}"
5,5,2022-10-31 10:10:43.8707592,4122,Info,Microsoft-Windows-BitLocker-API,Microsoft-Windows-BitLocker/BitLocker Management,2552,2584,DESKTOP-7GBMVRG,0,S-1-5-18,,,,,,,,,,,False,"EVTX-to-MITRE-Attack\TA0040-Impact\T1486-Data Encrypted for Impact\ID 768,775,793,796,817,840-BitLocker encryption activated.evtx",0x4000000000000000,0,"{""EventData"":{""Data"":{""@Name"":""LocalizedText"",""#text"":"", ISA Bridge:, PCI\\VEN_1022&amp;DEV_790E (PCI standard ISA bridge), PCI-to-PCI Bridge:, PCI\\VEN_1022&amp;DEV_1484 (PCI-to-PCI Bridge), PCI\\VEN_1022&amp;DEV_1484 (PCI-to-PCI Bridge), PCI\\VEN_1022&amp;DEV_43EA (PCI-to-PCI Bridge), PCI\\VEN_1022&amp;DEV_43EA (PCI-to-PCI Bridge), PCI\\VEN_1022&amp;DEV_43EA (PCI-to-PCI Bridge), PCI\\VEN_1022&amp;DEV_43EA (PCI-to-PCI Bridge), PCI\\VEN_1022&amp;DEV_43EA (PCI-to-PCI Bridge), PCI\\VEN_1022&amp;DEV_43EA (PCI-to-PCI Bridge), PCI\\VEN_1022&amp;DEV_1483 (PCI-to-PCI Bridge), PCI\\VEN_1022&amp;DEV_1483 (PCI-to-PCI Bridge), PCI\\VEN_1022&amp;DEV_43E9 (PCI-to-PCI Bridge), ""}}}"
6,6,2022-10-31 10:26:23.8574801,4122,Info,Microsoft-Windows-BitLocker-API,Microsoft-Windows-BitLocker/BitLocker Management,2676,2696,DESKTOP-7GBMVRG,0,S-1-5-18,,,,,,,,,,,False,"EVTX-to-MITRE-Attack\TA0040-Impact\T1486-Data Encrypted for Impact\ID 768,775,793,796,817,840-BitLocker encryption activated.evtx",0x4000000000000000,0,"{""EventData"":{""Data"":{""@Name"":""LocalizedText"",""#text"":"", ISA Bridge:, PCI\\VEN_1022&amp;DEV_790E (PCI standard ISA bridge), PCI-to-PCI Bridge:, PCI\\VEN_1022&amp;DEV_1484 (PCI-to-PCI Bridge), PCI\\VEN_1022&amp;DEV_1484 (PCI-to-PCI Bridge), PCI\\VEN_1022&amp;DEV_43EA (PCI-to-PCI Bridge), PCI\\VEN_1022&amp;DEV_43EA (PCI-to-PCI Bridge), PCI\\VEN_1022&amp;DEV_43EA (PCI-to-PCI Bridge), PCI\\VEN_1022&amp;DEV_43EA (PCI-to-PCI Bridge), PCI\\VEN_1022&amp;DEV_43EA (PCI-to-PCI Bridge), PCI\\VEN_1022&amp;DEV_43EA (PCI-to-PCI Bridge), PCI\\VEN_1022&amp;DEV_1483 (PCI-to-PCI Bridge), PCI\\VEN_1022&amp;DEV_1483 (PCI-to-PCI Bridge), PCI\\VEN_1022&amp;DEV_43E9 (PCI-to-PCI Bridge), ""}}}"
7,7,2022-10-31 11:38:34.9127891,4122,Info,Microsoft-Windows-BitLocker-API,Microsoft-Windows-BitLocker/BitLocker Management,2800,2868,DESKTOP-7GBMVRG,0,S-1-5-18,,,,,,,,,,,False,"EVTX-to-MITRE-Attack\TA0040-Impact\T1486-Data Encrypted for Impact\ID 768,775,793,796,817,840-BitLocker encryption activated.evtx",0x4000000000000000,0,"{""EventData"":{""Data"":{""@Name"":""LocalizedText"",""#text"":"", ISA Bridge:, PCI\\VEN_1022&amp;DEV_790E (PCI standard ISA bridge), PCI-to-PCI Bridge:, PCI\\VEN_1022&amp;DEV_1484 (PCI-to-PCI Bridge), PCI\\VEN_1022&amp;DEV_1484 (PCI-to-PCI Bridge), PCI\\VEN_1022&amp;DEV_43EA (PCI-to-PCI Bridge), PCI\\VEN_1022&amp;DEV_43EA (PCI-to-PCI Bridge), PCI\\VEN_1022&amp;DEV_43EA (PCI-to-PCI Bridge), PCI\\VEN_1022&amp;DEV_43EA (PCI-to-PCI Bridge), PCI\\VEN_1022&amp;DEV_43EA (PCI-to-PCI Bridge), PCI\\VEN_1022&amp;DEV_43EA (PCI-to-PCI Bridge), PCI\\VEN_1022&amp;DEV_1483 (PCI-to-PCI Bridge), PCI\\VEN_1022&amp;DEV_1483 (PCI-to-PCI Bridge), PCI\\VEN_1022&amp;DEV_43E9 (PCI-to-PCI Bridge), ""}}}"
8,8,2022-10-31 17:30:04.1080699,4122,Info,Microsoft-Windows-BitLocker-API,Microsoft-Windows-BitLocker/BitLocker Management,3500,3576,DESKTOP-7GBMVRG,0,S-1-5-18,,,,,,,,,,,False,"EVTX-to-MITRE-Attack\TA0040-Impact\T1486-Data Encrypted for Impact\ID 768,775,793,796,817,840-BitLocker encryption activated.evtx",0x4000000000000000,0,"{""EventData"":{""Data"":{""@Name"":""LocalizedText"",""#text"":"", ISA Bridge:, PCI\\VEN_1022&amp;DEV_790E (PCI standard ISA bridge), PCI-to-PCI Bridge:, PCI\\VEN_1022&amp;DEV_1484 (PCI-to-PCI Bridge), PCI\\VEN_1022&amp;DEV_1484 (PCI-to-PCI Bridge), PCI\\VEN_1022&amp;DEV_43EA (PCI-to-PCI Bridge), PCI\\VEN_1022&amp;DEV_43EA (PCI-to-PCI Bridge), PCI\\VEN_1022&amp;DEV_43EA (PCI-to-PCI Bridge), PCI\\VEN_1022&amp;DEV_43EA (PCI-to-PCI Bridge), PCI\\VEN_1022&amp;DEV_43EA (PCI-to-PCI Bridge), PCI\\VEN_1022&amp;DEV_43EA (PCI-to-PCI Bridge), PCI\\VEN_1022&amp;DEV_1483 (PCI-to-PCI Bridge), PCI\\VEN_1022&amp;DEV_1483 (PCI-to-PCI Bridge), PCI\\VEN_1022&amp;DEV_43E9 (PCI-to-PCI Bridge), ""}}}"
9,9,2022-11-01 06:58:00.8644977,4122,Info,Microsoft-Windows-BitLocker-API,Microsoft-Windows-BitLocker/BitLocker Management,2816,2860,DESKTOP-7GBMVRG,0,S-1-5-18,,,,,,,,,,,False,"EVTX-to-MITRE-Attack\TA0040-Impact\T1486-Data Encrypted for Impact\ID 768,775,793,796,817,840-BitLocker encryption activated.evtx",0x4000000000000000,0,"{""EventData"":{""Data"":{""@Name"":""LocalizedText"",""#text"":"", ISA Bridge:, PCI\\VEN_1022&amp;DEV_790E (PCI standard ISA bridge), PCI-to-PCI Bridge:, PCI\\VEN_1022&amp;DEV_1484 (PCI-to-PCI Bridge), PCI\\VEN_1022&amp;DEV_1484 (PCI-to-PCI Bridge), PCI\\VEN_1022&amp;DEV_43EA (PCI-to-PCI Bridge), PCI\\VEN_1022&amp;DEV_43EA (PCI-to-PCI Bridge), PCI\\VEN_1022&amp;DEV_43EA (PCI-to-PCI Bridge), PCI\\VEN_1022&amp;DEV_43EA (PCI-to-PCI Bridge), PCI\\VEN_1022&amp;DEV_43EA (PCI-to-PCI Bridge), PCI\\VEN_1022&amp;DEV_43EA (PCI-to-PCI Bridge), PCI\\VEN_1022&amp;DEV_1483 (PCI-to-PCI Bridge), PCI\\VEN_1022&amp;DEV_1483 (PCI-to-PCI Bridge), PCI\\VEN_1022&amp;DEV_43E9 (PCI-to-PCI Bridge), ""}}}"
10,10,2022-11-01 07:56:56.7277976,4122,Info,Microsoft-Windows-BitLocker-API,Microsoft-Windows-BitLocker/BitLocker Management,2552,2596,GUAPOS-PC,0,S-1-5-18,,,,,,,,,,,False,"EVTX-to-MITRE-Attack\TA0040-Impact\T1486-Data Encrypted for Impact\ID 768,775,793,796,817,840-BitLocker encryption activated.evtx",0x4000000000000000,0,"{""EventData"":{""Data"":{""@Name"":""LocalizedText"",""#text"":"", ISA Bridge:, PCI\\VEN_1022&amp;DEV_790E (PCI standard ISA bridge), PCI-to-PCI Bridge:, PCI\\VEN_1022&amp;DEV_1484 (PCI-to-PCI Bridge), PCI\\VEN_1022&amp;DEV_1484 (PCI-to-PCI Bridge), PCI\\VEN_1022&amp;DEV_43EA (PCI-to-PCI Bridge), PCI\\VEN_1022&amp;DEV_43EA (PCI-to-PCI Bridge), PCI\\VEN_1022&amp;DEV_43EA (PCI-to-PCI Bridge), PCI\\VEN_1022&amp;DEV_43EA (PCI-to-PCI Bridge), PCI\\VEN_1022&amp;DEV_43EA (PCI-to-PCI Bridge), PCI\\VEN_1022&amp;DEV_43EA (PCI-to-PCI Bridge), PCI\\VEN_1022&amp;DEV_1483 (PCI-to-PCI Bridge), PCI\\VEN_1022&amp;DEV_1483 (PCI-to-PCI Bridge), PCI\\VEN_1022&amp;DEV_43E9 (PCI-to-PCI Bridge), ""}}}"
11,11,2022-11-01 13:06:04.6772104,4122,Info,Microsoft-Windows-BitLocker-API,Microsoft-Windows-BitLocker/BitLocker Management,2540,2624,GUAPOS-PC,0,S-1-5-18,,,,,,,,,,,False,"EVTX-to-MITRE-Attack\TA0040-Impact\T1486-Data Encrypted for Impact\ID 768,775,793,796,817,840-BitLocker encryption activated.evtx",0x4000000000000000,0,"{""EventData"":{""Data"":{""@Name"":""LocalizedText"",""#text"":"", ISA Bridge:, PCI\\VEN_1022&amp;DEV_790E (PCI standard ISA bridge), PCI-to-PCI Bridge:, PCI\\VEN_1022&amp;DEV_1484 (PCI-to-PCI Bridge), PCI\\VEN_1022&amp;DEV_1484 (PCI-to-PCI Bridge), PCI\\VEN_1022&amp;DEV_43EA (PCI-to-PCI Bridge), PCI\\VEN_1022&amp;DEV_43EA (PCI-to-PCI Bridge), PCI\\VEN_1022&amp;DEV_43EA (PCI-to-PCI Bridge), PCI\\VEN_1022&amp;DEV_43EA (PCI-to-PCI Bridge), PCI\\VEN_1022&amp;DEV_43EA (PCI-to-PCI Bridge), PCI\\VEN_1022&amp;DEV_43EA (PCI-to-PCI Bridge), PCI\\VEN_1022&amp;DEV_1483 (PCI-to-PCI Bridge), PCI\\VEN_1022&amp;DEV_1483 (PCI-to-PCI Bridge), PCI\\VEN_1022&amp;DEV_43E9 (PCI-to-PCI Bridge), ""}}}"
12,12,2022-11-01 14:16:09.3360010,4122,Info,Microsoft-Windows-BitLocker-API,Microsoft-Windows-BitLocker/BitLocker Management,2844,2880,GUAPOS-PC,0,S-1-5-18,,,,,,,,,,,False,"EVTX-to-MITRE-Attack\TA0040-Impact\T1486-Data Encrypted for Impact\ID 768,775,793,796,817,840-BitLocker encryption activated.evtx",0x4000000000000000,0,"{""EventData"":{""Data"":{""@Name"":""LocalizedText"",""#text"":"", ISA Bridge:, PCI\\VEN_1022&amp;DEV_790E (PCI standard ISA bridge), PCI-to-PCI Bridge:, PCI\\VEN_1022&amp;DEV_1484 (PCI-to-PCI Bridge), PCI\\VEN_1022&amp;DEV_1484 (PCI-to-PCI Bridge), PCI\\VEN_1022&amp;DEV_43EA (PCI-to-PCI Bridge), PCI\\VEN_1022&amp;DEV_43EA (PCI-to-PCI Bridge), PCI\\VEN_1022&amp;DEV_43EA (PCI-to-PCI Bridge), PCI\\VEN_1022&amp;DEV_43EA (PCI-to-PCI Bridge), PCI\\VEN_1022&amp;DEV_43EA (PCI-to-PCI Bridge), PCI\\VEN_1022&amp;DEV_43EA (PCI-to-PCI Bridge), PCI\\VEN_1022&amp;DEV_1483 (PCI-to-PCI Bridge), PCI\\VEN_1022&amp;DEV_1483 (PCI-to-PCI Bridge), PCI\\VEN_1022&amp;DEV_43E9 (PCI-to-PCI Bridge), ""}}}"
13,13,2022-11-01 15:04:54.0057128,4122,Info,Microsoft-Windows-BitLocker-API,Microsoft-Windows-BitLocker/BitLocker Management,2904,2952,GUAPOS-PC,0,S-1-5-18,,,,,,,,,,,False,"EVTX-to-MITRE-Attack\TA0040-Impact\T1486-Data Encrypted for Impact\ID 768,775,793,796,817,840-BitLocker encryption activated.evtx",0x4000000000000000,0,"{""EventData"":{""Data"":{""@Name"":""LocalizedText"",""#text"":"", ISA Bridge:, PCI\\VEN_1022&amp;DEV_790E (PCI standard ISA bridge), PCI-to-PCI Bridge:, PCI\\VEN_1022&amp;DEV_1484 (PCI-to-PCI Bridge), PCI\\VEN_1022&amp;DEV_1484 (PCI-to-PCI Bridge), PCI\\VEN_1022&amp;DEV_43EA (PCI-to-PCI Bridge), PCI\\VEN_1022&amp;DEV_43EA (PCI-to-PCI Bridge), PCI\\VEN_1022&amp;DEV_43EA (PCI-to-PCI Bridge), PCI\\VEN_1022&amp;DEV_43EA (PCI-to-PCI Bridge), PCI\\VEN_1022&amp;DEV_43EA (PCI-to-PCI Bridge), PCI\\VEN_1022&amp;DEV_43EA (PCI-to-PCI Bridge), PCI\\VEN_1022&amp;DEV_1483 (PCI-to-PCI Bridge), PCI\\VEN_1022&amp;DEV_1483 (PCI-to-PCI Bridge), PCI\\VEN_1022&amp;DEV_43E9 (PCI-to-PCI Bridge), ""}}}"
14,14,2022-11-01 21:22:52.0671647,4122,Info,Microsoft-Windows-BitLocker-API,Microsoft-Windows-BitLocker/BitLocker Management,2764,2844,GUAPOS-PC,0,S-1-5-18,,,,,,,,,,,False,"EVTX-to-MITRE-Attack\TA0040-Impact\T1486-Data Encrypted for Impact\ID 768,775,793,796,817,840-BitLocker encryption activated.evtx",0x4000000000000000,0,"{""EventData"":{""Data"":{""@Name"":""LocalizedText"",""#text"":"", ISA Bridge:, PCI\\VEN_1022&amp;DEV_790E (PCI standard ISA bridge), PCI-to-PCI Bridge:, PCI\\VEN_1022&amp;DEV_1484 (PCI-to-PCI Bridge), PCI\\VEN_1022&amp;DEV_1484 (PCI-to-PCI Bridge), PCI\\VEN_1022&amp;DEV_43EA (PCI-to-PCI Bridge), PCI\\VEN_1022&amp;DEV_43EA (PCI-to-PCI Bridge), PCI\\VEN_1022&amp;DEV_43EA (PCI-to-PCI Bridge), PCI\\VEN_1022&amp;DEV_43EA (PCI-to-PCI Bridge), PCI\\VEN_1022&amp;DEV_43EA (PCI-to-PCI Bridge), PCI\\VEN_1022&amp;DEV_43EA (PCI-to-PCI Bridge), PCI\\VEN_1022&amp;DEV_1483 (PCI-to-PCI Bridge), PCI\\VEN_1022&amp;DEV_1483 (PCI-to-PCI Bridge), PCI\\VEN_1022&amp;DEV_43E9 (PCI-to-PCI Bridge), ""}}}"
15,15,2022-11-01 21:25:02.9896804,796,Info,Microsoft-Windows-BitLocker-API,Microsoft-Windows-BitLocker/BitLocker Management,10108,1924,GUAPOS-PC,0,S-1-5-21-2296991126-4013933037-3802873755-1001,,,,,,,,,,,False,"EVTX-to-MITRE-Attack\TA0040-Impact\T1486-Data Encrypted for Impact\ID 768,775,793,796,817,840-BitLocker encryption activated.evtx",0x4000000000000000,0,"{""EventData"":{""Data"":[{""@Name"":""IdentificationGUID"",""#text"":""00000000-0000-0000-0000-000000000000""},{""@Name"":""VolumeName"",""#text"":""\\\\?\\Volume{95b548ac-9d1a-4f36-96fc-2c67e06caefb}""},{""@Name"":""VolumeMountPoint"",""#text"":""C:""}]}}"
16,16,2022-11-01 21:25:03.2609303,817,Info,Microsoft-Windows-BitLocker-API,Microsoft-Windows-BitLocker/BitLocker Management,10108,1924,GUAPOS-PC,0,S-1-5-21-2296991126-4013933037-3802873755-1001,,,,,,,,,,,False,"EVTX-to-MITRE-Attack\TA0040-Impact\T1486-Data Encrypted for Impact\ID 768,775,793,796,817,840-BitLocker encryption activated.evtx",0x4000000000000000,0,"{""EventData"":{""Data"":[{""@Name"":""PCRBitmap"",""#text"":""2176""},{""@Name"":""PCRBitmapSource"",""#text"":""3""},{""@Name"":""PCRValuesSize"",""#text"":""72""},{""@Name"":""PCRValues"",""#text"":""0B-00-20-00-71-7E-D7-86-CD-9A-22-92-36-47-FE-D0-AE-C1-8A-34-EE-20-97-E0-69-06-19-88-2C-64-9A-BD-73-77-A1-91-0B-00-20-00-00-00-00-00-00-00-00-00-00-00-00-00-00-00-00-00-00-00-00-00-00-00-00-00-00-00-00-00-00-00-00-00""},{""@Name"":""FilteredTcgLogSize"",""#text"":""17035""},{""@Name"":""FilteredTcgLog"",""#text"":""07-00-00-00-01-00-00-80-01-00-00-00-0B-00-CC-FC-4B-B3-28-88-A3-45-BC-8A-EA-DA-BA-55-2B-62-7D-99-34-8C-76-76-81-AB-31-41-F5-B0-1E-40-A4-0E-35-00-00-00-61-DF-E4-8B-CA-93-D2-11-AA-0D-00-E0-98-03-2B-8C-0A-00-00-00-00-00-00-00-01-00-00-00-00-00-00-00-53-00-65-00-63-00-75-00-72-00-65-00-42-00-6F-00-6F-00-74-00-01-07-00-00-00-01-00-00-80-01-00-00-00-0B-00-8C-48-9E-6B-77-1E-4B-F9-52-26-F2-D2-5C-9F-0F-91-E5-0E-51-05-2B-25-AA-9D-B5-34-A4-0D-9A-3A-C9-9F-9A-03-00-00-61-DF-E4-8B-CA-93-D2-11-AA-0D-00-E0-98-03-2B-8C-02-00-00-00-00-00-00-00-76-03-00-00-00-00-00-00-50-00-4B-00-A1-59-C0-A5-E4-94-A7-4A-87-B5-AB-15-5C-2B-F0-72-76-03-00-00-00-00-00-00-5A-03-00-00-91-30-05-3B-9F-6C-CC-04-B1-AC-E2-A5-1E-3B-E5-F5-30-82-03-46-30-82-02-2E-A0-03-02-01-02-02-10-53-41-E0-15-C4-3A-F8-A8-48-36-B9-A5-FF-69-14-88-30-0D-06-09-2A-86-48-86-F7-0D-01-01-0B-05-00-30-2D-31-2B-30-29-06-03-55-04-03-13-22-41-53-55-53-54-65-4B-20-4D-6F-74-68-65-72-42-6F-61-72-64-20-50-4B-20-43-65-72-74-69-66-69-63-61-74-65-30-1E-17-0D-31-31-31-32-32-36-32-33-33-34-35-30-5A-17-0D-33-31-31-32-32-36-32-33-33-34-34-39-5A-30-2D-31-2B-30-29-06-03-55-04-03-13-22-41-53-55-53-54-65-4B-20-4D-6F-74-68-65-72-42-6F-61-72-64-20-50-4B-20-43-65-72-74-69-66-69-63-61-74-65-30-82-01-22-30-0D-06-09-2A-86-48-86-F7-0D-01-01-01-05-00-03-82-01-0F-00-30-82-01-0A-02-82-01-01-00-D9-84-15-36-C5-D4-CE-8A-A1-56-16-A0-E8-74-CD-58-1E-2A-02-96-1B-C4-37-64-DA-8C-6A-24-84-CD-DC-C4-68-04-15-C7-E9-CF-20-A4-45-1A-42-F0-A3-9B-62-22-6E-2A-43-67-17-8D-4D-10-AA-F8-DD-F2-2A-9E-86-BA-91-D0-32-7E-95-BE-01-78-73-3A-D3-98-7E-19-F8-16-0E-27-CC-EA-C5-BE-B5-80-7E-E8-BC-A8-17-41-B3-EA-55-34-19-53-D7-7E-7D-50-C7-5A-B8-EF-54-F9-13-6E-AB-D6-45-CD-1D-02-94-E2-78-D7-88-A8-10-52-8D-7E-BA-F1-49-36-C0-68-70-F9-D5-0C-5A-FD-6B-1A-6F-88-C2-37-69-22-42-92-F3-9D-AE-EF-73-EC-F4-0F-32-42-64-C3-E9-B9-89-DD-06-E5-CC-2F-6B-F8-00-4E-91-64-F7-03-45-F0-4F-A4-11-83-E9-83-97-E9-A0-DC-2D-C8-03-56-B4-DF-61-A6-32-A5-8B-A6-1B-4E-D8-1C-A7-A3-F3-72-4E-72-F8-FE-69-49-CF-61-F2-E6-59-96-58-B8-14-7C-CA-F5-E5-6B-F0-6D-DA-F7-BC-08-5B-7F-57-E9-96-37-59-5A-70-79-57-0E-C8-82-C8-91-7B-67-F9-2D-02-03-01-00-01-A3-62-30-60-30-5E-06-03-55-1D-01-04-57-30-55-80-10-A2-8F-65-A6-6A-29-64-38-D8-D6-72-0D-3F-3D-E3-E9-A1-2F-30-2D-31-2B-30-29-06-03-55-04-03-13-22-41-53-55-53-54-65-4B-20-4D-6F-74-68-65-72-42-6F-61-72-64-20-50-4B-20-43-65-72-74-69-66-69-63-61-74-65-82-10-53-41-E0-15-C4-3A-F8-A8-48-36-B9-A5-FF-69-14-88-30-0D-06-09-2A-86-48-86-F7-0D-01-01-0B-05-00-03-82-01-01-00-73-27-1A-32-88-0E-DB-13-8D-F5-7E-FC-94-F2-1A-27-6B-C2-CA-79-D0-BA-B6-58-BC-DF-97-13-5A-4C-DC-A2-E4-90-39-7B-24-84-7D-2E-A3-95-96-39-A6-6B-C2-A6-51-38-6F-E5-0B-AF-C0-91-0A-90-3F-3E-5A-E4-79-16-98-96-32-94-49-AE-00-28-18-AA-EF-FB-54-95-93-C7-FC-E4-89-EF-96-00-CE-D6-C6-8A-4D-85-CA-9C-6C-FB-8A-A7-43-60-36-5E-73-97-17-2F-16-46-D0-CE-F0-A0-07-77-62-4D-15-0E-22-F6-91-71-1A-79-E1-85-1C-0B-2C-94-9F-9D-97-CF-49-B5-DD-EA-6A-E5-A7-61-EC-82-0D-95-E8-98-5C-E8-72-C6-DA-8D-DF-21-EC-05-30-0F-79-B8-AF-E9-B0-2B-C0-83-73-FE-BF-9D-4A-6D-DA-A5-A0-65-37-CF-2C-87-F1-2B-C6-A3-0E-92-64-57-1A-77-ED-D9-47-40-47-DA-EA-FF-23-98-D1-25-B9-72-F5-38-3A-B3-33-A5-5D-F1-44-DC-D8-63-7D-F9-2F-7D-F1-D1-D0-95-C0-A6-75-A8-70-C9-C4-2B-C0-45-04-D0-40-5B-75-7D-E2-B2-0A-3C-1E-64-22-30-D2-02-84-C5-B7-BB-07-00-00-00-01-00-00-80-01-00-00-00-0B-00-2B-AE-A0-FC-F3-EA-DB-F3-9E-CD-8A-4F-7C-5B-F8-0D-65-C7-5B-71-FE-00-CD-84-1C-51-5A-9D-B8-42-5E-9D-1B-0E-00-00-61-DF-E4-8B-CA-93-D2-11-AA-0D-00-E0-98-03-2B-8C-03-00-00-00-00-00-00-00-F5-0D-00-00-00-00-00-00-4B-00-45-00-4B-00-A1-59-C0-A5-E4-94-A7-4A-87-B5-AB-15-5C-2B-F0-72-79-03-00-00-00-00-00-00-5D-03-00-00-91-30-05-3B-9F-6C-CC-04-B1-AC-E2-A5-1E-3B-E5-F5-30-82-03-49-30-82-02-31-A0-03-02-01-02-02-10-31-1E-46-C5-16-00-A1-A4-40-F1-C1-50-E2-17-C2-71-30-0D-06-09-2A-86-48-86-F7-0D-01-01-0B-05-00-30-2E-31-2C-30-2A-06-03-55-04-03-13-23-41-53-55-53-54-65-4B-20-4D-6F-74-68-65-72-42-6F-61-72-64-20-4B-45-4B-20-43-65-72-74-69-66-69-63-61-74-65-30-1E-17-0D-31-31-31-32-32-36-32-33-33-34-35-39-5A-17-0D-33-31-31-32-32-36-32-33-33-34-35-38-5A-30-2E-31-2C-30-2A-06-03-55-04-03-13-23-41-53-55-53-54-65-4B-20-4D-6F-74-68-65-72-42-6F-61-72-64-20-4B-45-4B-20-43-65-72-74-69-66-69-63-61-74-65-30-82-01-22-30-0D-06-09-2A-86-48-86-F7-0D-01-01-01-05-00-03-82-01-0F-00-30-82-01-0A-02-82-01-01-00-89-09-84-DE-A7-21-16-1B-45-4D-9C-21-73-80-84-F6-D1-13-E7-92-A4-B5-1D-0A-E3-4B-C5-A3-00-9F-64-B9-80-0F-C2-14-16-D8-D7-9E-1E-AC-A4-2F-D8-E8-E2-37-23-D4-75-80-FA-A3-2A-DE-8C-35-25-75-F8-C6-77-36-F2-10-74-A9-8E-08-49-C7-D5-36-AB-82-FC-26-6B-53-A2-AB-75-A6-3E-C2-23-FB-05-4B-51-D1-73-CE-BF-DE-88-E5-96-0C-4A-1F-67-9A-81-E8-46-A8-09-45-12-2F-0F-29-39-E9-B1-29-2B-AC-0C-73-AA-FB-78-4B-D5-29-7E-35-2C-AA-84-2C-E3-62-79-D3-51-29-D6-EC-F2-E5-40-45-A0-9F-17-4E-B2-F0-DC-38-34-C3-C7-7C-F6-05-E8-27-A1-46-9B-06-8C-6F-23-0A-6A-97-EA-22-57-99-69-D3-7F-EB-2F-D9-59-21-26-06-5B-36-7D-1F-B3-87-05-6A-A5-FE-E2-AA-4D-8E-C8-36-57-63-BD-B8-EC-DC-8B-8B-A0-25-2A-4A-CC-83-9F-05-55-2B-64-4B-DF-10-06-E5-6A-0A-7D-D6-0C-9E-ED-A9-A7-AE-F1-26-A6-31-4C-4B-77-1D-EB-8D-50-CF-A8-D5-17-68-05-97-3A-DB-02-03-01-00-01-A3-63-30-61-30-5F-06-03-55-1D-01-04-58-30-56-80-10-59-15-D5-B5-69-8A-B8-9D-28-C8-72-DB-3F-5A-9C-F0-A1-30-30-2E-31-2C-30-2A-06-03-55-04-03-13-23-41-53-55-53-54-65-4B-20-4D-6F-74-68-65-72-42-6F-61-72-64-20-4B-45-4B-20-43-65-72-74-69-66-69-63-61-74-65-82-10-31-1E-46-C5-16-00-A1-A4-40-F1-C1-50-E2-17-C2-71-30-0D-06-09-2A-86-48-86-F7-0D-01-01-0B-05-00-03-82-01-01-00-21-58-30-4F-95-F5-9F-66-E6-02-0C-68-5E-FC-28-24-A7-8A-33-B7-31-81-26-65-3D-5B-C0-BA-A3-48-E5-A0-E8-1A-C9-A9-56-E1-06-85-87-56-97-F3-26-79-CC-B1-98-DB-74-1D-95-4C-3E-F9-DD-91-97-76-33-DB-B2-69-95-71-F2-5E-8B-9A-EC-37-0D-36-7C-30-6C-5C-99-17-10-49-C8-6D-B7-CE-17-F3-0C-2E-0A-72-8C-32-D0-10-8F-8B-76-DA-C5-06-B7-5B-11-CD-39-3C-68-71-6F-2A-B1-67-B4-6D-AE-C8-85-2D-8C-AE-9D-45-B7-E1-E1-71-08-8F-76-99-DD-BC-F8-EE-A7-B7-59-07-DB-F5-CA-56-98-8F-9F-79-3B-C3-38-12-F7-0C-6D-AD-83-4C-49-93-8F-82-90-04-E3-00-E7-DF-67-79-84-FE-AA-40-72-E1-37-0B-71-5A-FE-94-96-D1-F2-4C-5B-3B-3B-FC-D7-1B-A7-4D-E2-76-E6-CA-63-F9-C9-4B-4A-E7-92-2C-E4-B1-75-46-92-D7-91-6B-21-3D-38-E0-1D-7E-32-2A-28-2A-08-E5-F9-ED-14-F2-3C-58-9C-48-52-E0-83-43-A8-09-FE-3A-35-FB-26-BC-7B-87-CA-51-E5-24-24-30-5C-DC-A1-59-C0-A5-E4-94-A7-4A-87-B5-AB-15-5C-2B-F0-72-18-06-00-00-00-00-00-00-FC-05-00-00-BD-9A-FA-77-59-03-32-4D-BD-60-28-F4-E7-8F-78-4B-30-82-05-E8-30-82-03-D0-A0-03-02-01-02-02-0A-61-0A-D1-88-00-00-00-00-00-03-30-0D-06-09-2A-86-48-86-F7-0D-01-01-0B-05-00-30-81-91-31-0B-30-09-06-03-55-04-06-13-02-55-53-31-13-30-11-06-03-55-04-08-13-0A-57-61-73-68-69-6E-67-74-6F-6E-31-10-30-0E-06-03-55-04-07-13-07-52-65-64-6D-6F-6E-64-31-1E-30-1C-06-03-55-04-0A-13-15-4D-69-63-72-6F-73-6F-66-74-20-43-6F-72-70-6F-72-61-74-69-6F-6E-31-3B-30-39-06-03-55-04-03-13-32-4D-69-63-72-6F-73-6F-66-74-20-43-6F-72-70-6F-72-61-74-69-6F-6E-20-54-68-69-72-64-20-50-61-72-74-79-20-4D-61-72-6B-65-74-70-6C-61-63-65-20-52-6F-6F-74-30-1E-17-0D-31-31-30-36-32-34-32-30-34-31-32-39-5A-17-0D-32-36-30-36-32-34-32-30-35-31-32-39-5A-30-81-80-31-0B-30-09-06-03-55-04-06-13-02-55-53-31-13-30-11-06-03-55-04-08-13-0A-57-61-73-68-69-6E-67-74-6F-6E-31-10-30-0E-06-03-55-04-07-13-07-52-65-64-6D-6F-6E-64-31-1E-30-1C-06-03-55-04-0A-13-15-4D-69-63-72-6F-73-6F-66-74-20-43-6F-72-70-6F-72-61-74-69-6F-6E-31-2A-30-28-06-03-55-04-03-13-21-4D-69-63-72-6F-73-6F-66-74-20-43-6F-72-70-6F-72-61-74-69-6F-6E-20-4B-45-4B-20-43-41-20-32-30-31-31-30-82-01-22-30-0D-06-09-2A-86-48-86-F7-0D-01-01-01-05-00-03-82-01-0F-00-30-82-01-0A-02-82-01-01-00-C4-E8-B5-8A-BF-AD-57-26-B0-26-C3-EA-E7-FB-57-7A-44-02-5D-07-0D-DA-4A-E5-74-2A-E6-B0-0F-EC-6D-EB-EC-7F-B9-E3-5A-63-32-7C-11-17-4F-0E-E3-0B-A7-38-15-93-8E-C6-F5-E0-84-B1-9A-9B-2C-E7-F5-B7-91-D6-09-E1-E2-C0-04-A8-AC-30-1C-DF-48-F3-06-50-9A-64-A7-51-7F-C8-85-4F-8F-20-86-CE-FE-2F-E1-9F-FF-82-C0-ED-E9-CD-CE-F4-53-6A-62-3A-0B-43-B9-E2-25-FD-FE-05-F9-D4-C4-14-AB-11-E2-23-89-8D-70-B7-A4-1D-4D-EC-AE-E5-9C-FA-16-C2-D7-C1-CB-D4-E8-C4-2F-E5-99-EE-24-8B-03-EC-8D-F2-8B-EA-C3-4A-FB-43-11-12-0B-7E-B5-47-92-6C-DC-E6-04-89-EB-F5-33-04-EB-10-01-2A-71-E5-F9-83-13-3C-FF-25-09-2F-68-76-46-FF-BA-4F-BE-DC-AD-71-2A-58-AA-FB-0E-D2-79-3D-E4-9B-65-3B-CC-29-2A-9F-FC-72-59-A2-EB-AE-92-EF-F6-35-13-80-C6-02-EC-E4-5F-CC-9D-76-CD-EF-63-92-C1-AF-79-40-84-79-87-7F-E3-52-A8-E8-9D-7B-07-69-8F-15-02-03-01-00-01-A3-82-01-4F-30-82-01-4B-30-10-06-09-2B-06-01-04-01-82-37-15-01-04-03-02-01-00-30-1D-06-03-55-1D-0E-04-16-04-14-62-FC-43-CD-A0-3E-A4-CB-67-12-D2-5B-D9-55-AC-7B-CC-B6-8A-5F-30-19-06-09-2B-06-01-04-01-82-37-14-02-04-0C-1E-0A-00-53-00-75-00-62-00-43-00-41-30-0B-06-03-55-1D-0F-04-04-03-02-01-86-30-0F-06-03-55-1D-13-01-01-FF-04-05-30-03-01-01-FF-30-1F-06-03-55-1D-23-04-18-30-16-80-14-45-66-52-43-E1-7E-58-11-BF-D6-4E-9E-23-55-08-3B-3A-22-6A-A8-30-5C-06-03-55-1D-1F-04-55-30-53-30-51-A0-4F-A0-4D-86-4B-68-74-74-70-3A-2F-2F-63-72-6C-2E-6D-69-63-72-6F-73-6F-66-74-2E-63-6F-6D-2F-70-6B-69-2F-63-72-6C-2F-70-72-6F-64-75-63-74-73-2F-4D-69-63-43-6F-72-54-68-69-50-61-72-4D-61-72-52-6F-6F-5F-32-30-31-30-2D-31-30-2D-30-35-2E-63-72-6C-30-60-06-08-2B-06-01-05-05-07-01-01-04-54-30-52-30-50-06-08-2B-06-01-05-05-07-30-02-86-44-68-74-74-70-3A-2F-2F-77-77-77-2E-6D-69-63-72-6F-73-6F-66-74-2E-63-6F-6D-2F-70-6B-69-2F-63-65-72-74-73-2F-4D-69-63-43-6F-72-54-68-69-50-61-72-4D-61-72-52-6F-6F-5F-32-30-31-30-2D-31-30-2D-30-35-2E-63-72-74-30-0D-06-09-2A-86-48-86-F7-0D-01-01-0B-05-00-03-82-02-01-00-D4-84-88-F5-14-94-18-02-CA-2A-3C-FB-2A-92-1C-0C-D7-A0-D1-F1-E8-52-66-A8-EE-A2-B5-75-7A-90-00-AA-2D-A4-76-5A-EA-79-B7-B9-37-6A-51-7B-10-64-F6-E1-64-F2-02-67-BE-F7-A8-1B-78-BD-BA-CE-88-58-64-0C-D6-57-C8-19-A3-5F-05-D6-DB-C6-D0-69-CE-48-4B-32-B7-EB-5D-D2-30-F5-C0-F5-B8-BA-78-07-A3-2B-FE-9B-DB-34-56-84-EC-82-CA-AE-41-25-70-9C-6B-E9-FE-90-0F-D7-96-1F-E5-E7-94-1F-B2-2A-0C-8D-4B-FF-28-29-10-7B-F7-D7-7C-A5-D1-76-B9-05-C8-79-ED-0F-90-92-9C-C2-FE-DF-6F-7E-6C-0F-7B-D4-C1-45-DD-34-51-96-39-0F-E5-5E-56-D8-18-05-96-F4-07-A6-42-B3-A0-77-FD-08-19-F2-71-56-CC-9F-86-23-A4-87-CB-A6-FD-58-7E-D4-69-67-15-91-7E-81-F2-7F-13-E5-0D-8B-8A-3C-87-84-EB-E3-CE-BD-43-E5-AD-2D-84-93-8E-6A-2B-5A-7C-44-FA-52-AA-81-C8-2D-1C-BB-E0-52-DF-00-11-F8-9A-3D-C1-60-B0-E1-33-B5-A3-88-D1-65-19-0A-1A-E7-AC-7C-A4-C1-82-87-4E-38-B1-2F-0D-C5-14-87-6F-FD-8D-2E-BC-39-B6-E7-E6-C3-E0-E4-CD-27-84-EF-94-42-EF-29-8B-90-46-41-3B-81-1B-67-D8-F9-43-59-65-CB-0D-BC-FD-00-92-4F-F4-75-3B-A7-A9-24-FC-50-41-40-79-E0-2D-4F-0A-6A-27-76-6E-52-ED-96-69-7B-AF-0F-F7-87-05-D0-45-C2-AD-53-14-81-1F-FB-30-04-AA-37-36-61-DA-4A-69-1B-34-D8-68-ED-D6-02-CF-6C-94-0C-D3-CF-6C-22-79-AD-B1-F0-BC-03-A2-46-60-A9-C4-07-C2-21-82-F1-FD-F2-E8-79-32-60-BF-D8-AC-A5-22-14-4B-CA-C1-D8-4B-EB-7D-3F-57-35-B2-E6-4F-75-B4-B0-60-03-22-53-AE-91-79-1D-D6-9B-41-1F-15-86-54-70-B2-DE-0D-35-0F-7C-B0-34-72-BA-97-60-3B-F0-79-EB-A2-B2-1C-5D-A2-16-B8-87-C5-E9-1B-F6-B5-97-25-6F-38-9F-E3-91-FA-8A-79-98-C3-69-0E-B7-A3-1C-20-05-97-F8-CA-14-AE-00-D7-C4-F3-C0-14-10-75-6B-34-A0-1B-B5-99-60-F3-5C-B0-C5-57-4E-36-D2-32-84-BF-9E-A1-59-C0-A5-E4-94-A7-4A-87-B5-AB-15-5C-2B-F0-72-64-04-00-00-00-00-00-00-48-04-00-00-E4-0A-C4-6D-E8-2E-4C-9C-A3-14-0F-C7-B2-00-87-10-30-82-04-34-30-82-03-1C-A0-03-02-01-02-02-09-00-B9-41-24-A0-18-2C-92-67-30-0D-06-09-2A-86-48-86-F7-0D-01-01-0B-05-00-30-81-84-31-0B-30-09-06-03-55-04-06-13-02-47-42-31-14-30-12-06-03-55-04-08-0C-0B-49-73-6C-65-20-6F-66-20-4D-61-6E-31-10-30-0E-06-03-55-04-07-0C-07-44-6F-75-67-6C-61-73-31-17-30-15-06-03-55-04-0A-0C-0E-43-61-6E-6F-6E-69-63-61-6C-20-4C-74-64-2E-31-34-30-32-06-03-55-04-03-0C-2B-43-61-6E-6F-6E-69-63-61-6C-20-4C-74-64-2E-20-4D-61-73-74-65-72-20-43-65-72-74-69-66-69-63-61-74-65-20-41-75-74-68-6F-72-69-74-79-30-1E-17-0D-31-32-30-34-31-32-31-31-31-32-35-31-5A-17-0D-34-32-30-34-31-31-31-31-31-32-35-31-5A-30-81-84-31-0B-30-09-06-03-55-04-06-13-02-47-42-31-14-30-12-06-03-55-04-08-0C-0B-49-73-6C-65-20-6F-66-20-4D-61-6E-31-10-30-0E-06-03-55-04-07-0C-07-44-6F-75-67-6C-61-73-31-17-30-15-06-03-55-04-0A-0C-0E-43-61-6E-6F-6E-69-63-61-6C-20-4C-74-64-2E-31-34-30-32-06-03-55-04-03-0C-2B-43-61-6E-6F-6E-69-63-61-6C-20-4C-74-64-2E-20-4D-61-73-74-65-72-20-43-65-72-74-69-66-69-63-61-74-65-20-41-75-74-68-6F-72-69-74-79-30-82-01-22-30-0D-06-09-2A-86-48-86-F7-0D-01-01-01-05-00-03-82-01-0F-00-30-82-01-0A-02-82-01-01-00-BF-5B-3A-16-74-EE-21-5D-AE-61-ED-9D-56-AC-BD-DE-DE-72-F3-DD-7E-2D-4C-62-0F-AC-C0-6D-48-08-11-CF-8D-8B-FB-61-1F-27-CC-11-6E-D9-55-3D-39-54-EB-40-3B-B1-BB-E2-85-34-79-CA-F7-7B-BF-BA-7A-C8-10-2D-19-7D-AD-59-CF-A6-D4-E9-4E-0F-DA-AE-52-EA-4C-9E-90-CE-C6-99-0D-4E-67-65-78-5D-F9-D1-D5-38-4A-4A-7A-8F-93-9C-7F-1A-A3-85-DB-CE-FA-8B-F7-C2-A2-21-2D-9B-54-41-35-10-57-13-8D-6C-BC-29-06-50-4A-7E-EA-99-A9-68-A7-3B-C7-07-1B-32-9E-A0-19-87-0E-79-BB-68-99-2D-7E-93-52-E5-F6-EB-C9-9B-F9-2B-ED-B8-68-49-BC-D9-95-50-40-5B-C5-B2-71-AA-EB-5C-57-DE-71-F9-40-0A-DD-5B-AC-1E-84-2D-50-1A-52-D6-E1-F3-6B-6E-90-64-4F-5B-B4-EB-20-E4-61-10-DA-5A-F0-EA-E4-42-D7-01-C4-FE-21-1F-D9-B9-C0-54-95-42-81-52-72-1F-49-64-7A-C8-6C-24-F1-08-70-0B-4D-A5-A0-32-D1-A0-1C-57-A8-4D-E3-AF-A5-8E-05-05-3E-10-43-A1-02-03-01-00-01-A3-81-A6-30-81-A3-30-1D-06-03-55-1D-0E-04-16-04-14-AD-91-99-0B-C2-2A-B1-F5-17-04-8C-23-B6-65-5A-26-8E-34-5A-63-30-1F-06-03-55-1D-23-04-18-30-16-80-14-AD-91-99-0B-C2-2A-B1-F5-17-04-8C-23-B6-65-5A-26-8E-34-5A-63-30-0F-06-03-55-1D-13-01-01-FF-04-05-30-03-01-01-FF-30-0B-06-03-55-1D-0F-04-04-03-02-01-86-30-43-06-03-55-1D-1F-04-3C-30-3A-30-38-A0-36-A0-34-86-32-68-74-74-70-3A-2F-2F-77-77-77-2E-63-61-6E-6F-6E-69-63-61-6C-2E-63-6F-6D-2F-73-65-63-75-72-65-2D-62-6F-6F-74-2D-6D-61-73-74-65-72-2D-63-61-2E-63-72-6C-30-0D-06-09-2A-86-48-86-F7-0D-01-01-0B-05-00-03-82-01-01-00-3F-7D-F6-76-A5-B3-83-B4-2B-7A-D0-6D-52-1A-03-83-C4-12-A7-50-9C-47-92-CC-C0-94-77-82-D2-AE-57-B3-99-04-F5-32-3A-C6-55-1D-07-DB-12-A9-56-FA-D8-D4-76-20-EB-E4-C3-51-DB-9A-5C-9C-92-3F-18-73-DA-94-6A-A1-99-38-8C-A4-88-6D-C1-FC-39-71-D0-74-76-16-03-3E-56-23-35-D5-55-47-5B-1A-1D-41-C2-D3-12-4C-DC-FF-AE-0A-92-9C-62-0A-17-01-9C-73-E0-5E-B1-FD-BC-D6-B5-19-11-7A-7E-CD-3E-03-7E-66-DB-5B-A8-C9-39-48-51-FF-53-E1-9C-31-53-91-1B-3B-10-75-03-17-BA-E6-81-02-80-94-70-4C-46-B7-94-B0-3D-15-CD-1F-8E-02-E0-68-02-8F-FB-F9-47-1D-7D-A2-01-C6-07-51-C4-9A-CC-ED-DD-CF-A3-5D-ED-92-BB-BE-D1-FD-E6-EC-1F-33-51-73-04-BE-3C-72-B0-7D-08-F8-01-FF-98-7D-CB-9C-E0-69-39-77-25-47-71-88-B1-8D-27-A5-2E-A8-F7-3F-5F-80-69-97-3E-A9-F4-99-14-DB-CE-03-0E-0B-66-C4-1C-6D-BD-B8-27-77-C1-42-94-BD-FC-6A-0A-BC-07-00-00-00-01-00-00-80-01-00-00-00-0B-00-5B-46-3B-6C-9B-68-D0-73-CA-57-C5-0C-08-B4-D7-D4-3E-A0-88-1F-0C-9A-91-D8-77-48-FE-5E-44-88-20-8A-D6-18-00-00-CB-B2-19-D7-3A-3D-96-45-A3-BC-DA-D0-0E-67-65-6F-02-00-00-00-00-00-00-00-B2-18-00-00-00-00-00-00-64-00-62-00-A1-59-C0-A5-E4-94-A7-4A-87-B5-AB-15-5C-2B-F0-72-82-03-00-00-00-00-00-00-66-03-00-00-91-30-05-3B-9F-6C-CC-04-B1-AC-E2-A5-1E-3B-E5-F5-30-82-03-52-30-82-02-3A-A0-03-02-01-02-02-10-DA-83-B9-90-42-2E-BC-8C-44-1F-8D-8B-03-9A-65-A2-30-0D-06-09-2A-86-48-86-F7-0D-01-01-0B-05-00-30-31-31-2F-30-2D-06-03-55-04-03-13-26-41-53-55-53-54-65-4B-20-4D-6F-74-68-65-72-42-6F-61-72-64-20-53-57-20-4B-65-79-20-43-65-72-74-69-66-69-63-61-74-65-30-1E-17-0D-31-31-31-32-32-36-32-33-33-35-30-35-5A-17-0D-33-31-31-32-32-36-32-33-33-35-30-34-5A-30-31-31-2F-30-2D-06-03-55-04-03-13-26-41-53-55-53-54-65-4B-20-4D-6F-74-68-65-72-42-6F-61-72-64-20-53-57-20-4B-65-79-20-43-65-72-74-69-66-69-63-61-74-65-30-82-01-22-30-0D-06-09-2A-86-48-86-F7-0D-01-01-01-05-00-03-82-01-0F-00-30-82-01-0A-02-82-01-01-00-8C-F6-A6-EB-77-FC-83-8A-A4-9F-D5-F8-CF-3F-37-F2-6E-2D-0A-62-C5-D8-9B-1D-16-0B-22-7F-29-5F-3A-26-DF-53-97-8C-78-94-19-90-42-73-0F-85-C2-FF-A4-85-7C-81-2E-0B-51-BA-56-23-27-92-3D-A3-F2-DC-E2-77-84-9E-50-BE-8A-EB-51-34-A4-F8-EF-5D-D7-51-FE-70-42-4C-42-06-EF-69-2C-A2-D3-25-E1-26-57-23-85-6D-D0-A7-7B-C0-45-28-7E-89-D5-B4-0A-EB-AF-41-79-21-D2-D7-00-EC-48-F9-44-F6-5B-BE-B6-25-24-F0-8E-2E-B4-52-3E-E1-0E-C1-A4-67-EA-FE-E5-93-CC-B9-C4-36-21-CB-54-FA-AF-9D-9C-85-78-CC-E5-88-F3-84-0C-67-DB-26-69-58-CA-DE-47-34-EC-CF-2F-B6-49-59-B5-56-DB-58-45-7B-21-9D-99-0B-5F-DE-57-16-A6-AB-C8-79-3F-9D-76-89-E2-09-F9-8D-E2-63-37-FC-74-EA-73-7E-70-AC-15-16-A5-ED-88-60-5F-33-ED-94-9E-0A-05-DE-C7-85-C3-C1-7A-54-FB-4E-CB-CB-E8-5E-44-7C-39-DB-2D-B2-B7-6C-CE-CA-2F-63-9D-16-4E-A6-E5-EF-D6-CF-02-03-01-00-01-A3-66-30-64-30-62-06-03-55-1D-01-04-5B-30-59-80-10-56-B0-8B-2A-A7-FE-CC-F1-0C-ED-87-62-DC-D5-1D-C3-A1-33-30-31-31-2F-30-2D-06-03-55-04-03-13-26-41-53-55-53-54-65-4B-20-4D-6F-74-68-65-72-42-6F-61-72-64-20-53-57-20-4B-65-79-20-43-65-72-74-69-66-69-63-61-74-65-82-10-DA-83-B9-90-42-2E-BC-8C-44-1F-8D-8B-03-9A-65-A2-30-0D-06-09-2A-86-48-86-F7-0D-01-01-0B-05-00-03-82-01-01-00-02-CF-52-6F-0B-91-EB-E4-3B-B2-70-0C-07-2D-79-80-01-9E-4B-4D-92-BB-DC-9E-E5-E5-31-85-E3-9A-75-ED-CA-DE-8C-EE-28-34-01-83-14-47-9E-3A-D4-43-5B-2C-C4-41-C8-40-7D-B5-08-76-86-80-2B-A8-00-9F-B7-D3-B1-E6-60-5C-32-B0-A0-01-0F-BA-36-8B-B7-B5-4E-87-D5-B7-0A-2C-BD-BC-6A-43-3C-EE-76-7C-76-20-ED-39-91-A8-BF-70-1E-D6-A8-1A-3E-81-36-6B-7D-1D-8D-F6-F8-AF-5B-38-53-6A-04-0D-7E-AE-4D-EE-AB-02-D4-A4-A2-A9-CF-B6-E3-66-A3-CA-4D-5D-D4-18-61-4D-DA-83-28-4E-AA-2A-AF-DA-EB-DF-2A-20-BD-78-80-EF-D1-B0-DD-9B-77-DB-C9-25-39-4B-CF-A2-86-1A-AC-CC-32-E7-87-D4-59-B2-03-C4-69-02-8F-17-C9-DE-52-CB-E7-AB-B8-35-C5-F8-33-06-03-93-52-CF-B3-68-D2-B3-5C-1C-E8-19-FE-75-26-ED-D1-65-72-13-4D-69-34-5A-9B-0C-B4-E3-56-53-3C-B4-67-27-F8-FA-D3-20-DA-37-58-F6-AD-E2-82-59-A2-B8-22-2F-9E-56-FE-BC-17-49-1D-AF-A1-59-C0-A5-E4-94-A7-4A-87-B5-AB-15-5C-2B-F0-72-79-03-00-00-00-00-00-00-5D-03-00-00-91-30-05-3B-9F-6C-CC-04-B1-AC-E2-A5-1E-3B-E5-F5-30-82-03-49-30-82-02-31-A0-03-02-01-02-02-10-B8-E5-81-E4-DF-77-A5-BB-42-82-D5-CC-FC-00-C0-71-30-0D-06-09-2A-86-48-86-F7-0D-01-01-0B-05-00-30-2E-31-2C-30-2A-06-03-55-04-03-13-23-41-53-55-53-54-65-4B-20-4E-6F-74-65-62-6F-6F-6B-20-53-57-20-4B-65-79-20-43-65-72-74-69-66-69-63-61-74-65-30-1E-17-0D-31-31-31-32-32-37-30-30-31-38-35-33-5A-17-0D-33-31-31-32-32-37-30-30-31-38-35-32-5A-30-2E-31-2C-30-2A-06-03-55-04-03-13-23-41-53-55-53-54-65-4B-20-4E-6F-74-65-62-6F-6F-6B-20-53-57-20-4B-65-79-20-43-65-72-74-69-66-69-63-61-74-65-30-82-01-22-30-0D-06-09-2A-86-48-86-F7-0D-01-01-01-05-00-03-82-01-0F-00-30-82-01-0A-02-82-01-01-00-9E-61-FA-74-2C-2A-88-17-C4-BD-77-19-0D-B3-33-27-0C-0E-94-EC-B0-8B-71-B3-08-77-B7-D2-08-9D-32-4F-5C-F7-0C-CF-E0-29-53-56-ED-24-91-D8-BD-53-2A-89-89-8C-74-28-AB-16-2D-4F-9B-65-FC-63-7D-ED-23-B6-97-5C-6D-04-E4-15-7F-DC-F8-BA-6B-08-CC-C9-21-E9-B5-DE-8E-03-28-12-63-F0-6A-B6-E5-DF-1D-72-28-CC-64-D6-63-66-2F-04-52-6A-1D-25-7D-C7-BD-E0-78-FB-0C-B7-37-E5-AE-F7-0D-D6-B5-B4-BF-F5-F1-C6-82-56-78-5C-A8-F3-53-2E-F5-EC-15-3F-12-62-2F-EB-B6-79-79-86-AC-76-FF-B6-66-45-F5-33-DA-DD-25-D6-A7-BF-F8-D9-DB-D3-F1-FA-CE-0E-22-30-D7-D4-80-02-BD-D3-2C-1E-EC-46-2E-2F-CA-0F-7A-FA-B9-5C-FF-2B-16-C6-6A-6B-8D-94-64-92-7E-F9-55-EE-96-00-4D-04-2E-4B-15-ED-F1-08-49-6A-07-86-69-C8-C5-64-FA-AD-2C-4F-02-50-E4-1F-83-C7-2F-19-9F-E8-A5-62-D9-51-32-18-B6-83-CA-08-0A-A1-AB-A7-65-70-9C-1E-48-C3-0F-49-02-03-01-00-01-A3-63-30-61-30-5F-06-03-55-1D-01-04-58-30-56-80-10-00-65-11-E3-CA-0F-96-E8-8D-5B-04-A4-E7-FE-CE-AA-A1-30-30-2E-31-2C-30-2A-06-03-55-04-03-13-23-41-53-55-53-54-65-4B-20-4E-6F-74-65-62-6F-6F-6B-20-53-57-20-4B-65-79-20-43-65-72-74-69-66-69-63-61-74-65-82-10-B8-E5-81-E4-DF-77-A5-BB-42-82-D5-CC-FC-00-C0-71-30-0D-06-09-2A-86-48-86-F7-0D-01-01-0B-05-00-03-82-01-01-00-31-18-F4-EE-E3-72-BA-BE-33-44-61-74-19-1F-66-AC-5C-FD-1D-9A-26-75-D0-14-CD-68-38-B3-A8-3F-4F-B4-4A-E9-1E-21-F2-C9-EE-37-96-26-BE-1D-58-9B-AD-21-CE-58-79-53-D3-FF-38-EF-8F-22-CD-90-0E-C6-32-21-75-9B-5A-AB-AF-08-FF-05-CD-2B-F8-8C-E7-97-47-BB-78-E4-5F-56-47-D2-BC-C8-A5-95-CB-76-89-5C-65-24-02-18-06-9C-12-5F-EF-E0-5C-19-45-38-96-DF-7A-60-5D-61-BA-4D-C8-7B-6E-8D-8C-6E-1D-A9-E5-92-35-A2-4F-36-D3-40-AD-D7-40-12-AB-6C-48-8D-18-92-E4-00-52-03-DF-14-AC-66-3F-6A-AE-42-3A-06-50-AA-A5-0D-40-A7-7B-EB-FD-41-49-FF-EB-A3-B4-50-4F-F7-54-13-3B-1F-8E-B4-45-04-20-42-74-FE-78-3D-BE-7C-DB-A7-2A-2A-9D-06-48-C0-9A-02-23-AF-F2-98-07-95-DE-3B-30-73-EC-3E-73-58-8F-07-53-40-96-D8-24-D9-66-80-7A-75-8D-B7-39-27-10-89-7A-B4-53-BF-3B-C2-E2-97-93-37-8A-9D-4D-23-6E-AC-EB-0D-53-21-4D-0B-34-13-A1-59-C0-A5-E4-94-A7-4A-87-B5-AB-15-5C-2B-F0-72-40-06-00-00-00-00-00-00-24-06-00-00-BD-9A-FA-77-59-03-32-4D-BD-60-28-F4-E7-8F-78-4B-30-82-06-10-30-82-03-F8-A0-03-02-01-02-02-0A-61-08-D3-C4-00-00-00-00-00-04-30-0D-06-09-2A-86-48-86-F7-0D-01-01-0B-05-00-30-81-91-31-0B-30-09-06-03-55-04-06-13-02-55-53-31-13-30-11-06-03-55-04-08-13-0A-57-61-73-68-69-6E-67-74-6F-6E-31-10-30-0E-06-03-55-04-07-13-07-52-65-64-6D-6F-6E-64-31-1E-30-1C-06-03-55-04-0A-13-15-4D-69-63-72-6F-73-6F-66-74-20-43-6F-72-70-6F-72-61-74-69-6F-6E-31-3B-30-39-06-03-55-04-03-13-32-4D-69-63-72-6F-73-6F-66-74-20-43-6F-72-70-6F-72-61-74-69-6F-6E-20-54-68-69-72-64-20-50-61-72-74-79-20-4D-61-72-6B-65-74-70-6C-61-63-65-20-52-6F-6F-74-30-1E-17-0D-31-31-30-36-32-37-32-31-32-32-34-35-5A-17-0D-32-36-30-36-32-37-32-31-33-32-34-35-5A-30-81-81-31-0B-30-09-06-03-55-04-06-13-02-55-53-31-13-30-11-06-03-55-04-08-13-0A-57-61-73-68-69-6E-67-74-6F-6E-31-10-30-0E-06-03-55-04-07-13-07-52-65-64-6D-6F-6E-64-31-1E-30-1C-06-03-55-04-0A-13-15-4D-69-63-72-6F-73-6F-66-74-20-43-6F-72-70-6F-72-61-74-69-6F-6E-31-2B-30-29-06-03-55-04-03-13-22-4D-69-63-72-6F-73-6F-66-74-20-43-6F-72-70-6F-72-61-74-69-6F-6E-20-55-45-46-49-20-43-41-20-32-30-31-31-30-82-01-22-30-0D-06-09-2A-86-48-86-F7-0D-01-01-01-05-00-03-82-01-0F-00-30-82-01-0A-02-82-01-01-00-A5-08-6C-4C-C7-45-09-6A-4B-0C-A4-C0-87-7F-06-75-0C-43-01-54-64-E0-16-7F-07-ED-92-7D-0B-B2-73-BF-0C-0A-C6-4A-45-61-A0-C5-16-2D-96-D3-F5-2B-A0-FB-4D-49-9B-41-80-90-3C-B9-54-FD-E6-BC-D1-9D-C4-A4-18-8A-7F-41-8A-5C-59-83-68-32-BB-8C-47-C9-EE-71-BC-21-4F-9A-8A-7C-FF-44-3F-8D-8F-32-B2-26-48-AE-75-B5-EE-C9-4C-1E-4A-19-7E-E4-82-9A-1D-78-77-4D-0C-B0-BD-F6-0F-D3-16-D3-BC-FA-2B-A5-51-38-5D-F5-FB-BA-DB-78-02-DB-FF-EC-0A-1B-96-D5-83-B8-19-13-E9-B6-C0-7B-40-7B-E1-1F-28-27-C9-FA-EF-56-5E-1C-E6-7E-94-7E-C0-F0-44-B2-79-39-E5-DA-B2-62-8B-4D-BF-38-70-E2-68-24-14-C9-33-A4-08-37-D5-58-69-5E-D3-7C-ED-C1-04-53-08-E7-4E-B0-2A-87-63-08-61-6F-63-15-59-EA-B2-2B-79-D7-0C-61-67-8A-5B-FD-5E-AD-87-7F-BA-86-67-4F-71-58-12-22-04-22-22-CE-8B-EF-54-71-00-CE-50-35-58-76-95-08-EE-6A-B1-A2-01-D5-02-03-01-00-01-A3-82-01-76-30-82-01-72-30-12-06-09-2B-06-01-04-01-82-37-15-01-04-05-02-03-01-00-01-30-23-06-09-2B-06-01-04-01-82-37-15-02-04-16-04-14-F8-C1-6B-B7-7F-77-53-4A-F3-25-37-1D-4E-A1-26-7B-0F-20-70-80-30-1D-06-03-55-1D-0E-04-16-04-14-13-AD-BF-43-09-BD-82-70-9C-8C-D5-4F-31-6E-D5-22-98-8A-1B-D4-30-19-06-09-2B-06-01-04-01-82-37-14-02-04-0C-1E-0A-00-53-00-75-00-62-00-43-00-41-30-0B-06-03-55-1D-0F-04-04-03-02-01-86-30-0F-06-03-55-1D-13-01-01-FF-04-05-30-03-01-01-FF-30-1F-06-03-55-1D-23-04-18-30-16-80-14-45-66-52-43-E1-7E-58-11-BF-D6-4E-9E-23-55-08-3B-3A-22-6A-A8-30-5C-06-03-55-1D-1F-04-55-30-53-30-51-A0-4F-A0-4D-86-4B-68-74-74-70-3A-2F-2F-63-72-6C-2E-6D-69-63-72-6F-73-6F-66-74-2E-63-6F-6D-2F-70-6B-69-2F-63-72-6C-2F-70-72-6F-64-75-63-74-73-2F-4D-69-63-43-6F-72-54-68-69-50-61-72-4D-61-72-52-6F-6F-5F-32-30-31-30-2D-31-30-2D-30-35-2E-63-72-6C-30-60-06-08-2B-06-01-05-05-07-01-01-04-54-30-52-30-50-06-08-2B-06-01-05-05-07-30-02-86-44-68-74-74-70-3A-2F-2F-77-77-77-2E-6D-69-63-72-6F-73-6F-66-74-2E-63-6F-6D-2F-70-6B-69-2F-63-65-72-74-73-2F-4D-69-63-43-6F-72-54-68-69-50-61-72-4D-61-72-52-6F-6F-5F-32-30-31-30-2D-31-30-2D-30-35-2E-63-72-74-30-0D-06-09-2A-86-48-86-F7-0D-01-01-0B-05-00-03-82-02-01-00-35-08-42-FF-30-CC-CE-F7-76-0C-AD-10-68-58-35-29-46-32-76-27-7C-EF-12-41-27-42-1B-4A-AA-6D-81-38-48-59-13-55-F3-E9-58-34-A6-16-0B-82-AA-5D-AD-82-DA-80-83-41-06-8F-B4-1D-F2-03-B9-F3-1A-5D-1B-F1-50-90-F9-B3-55-84-42-28-1C-20-BD-B2-AE-51-14-C5-C0-AC-97-95-21-1C-90-DB-0F-FC-77-9E-95-73-91-88-CA-BD-BD-52-B9-05-50-0D-DF-57-9E-A0-61-ED-0D-E5-6D-25-D9-40-0F-17-40-C8-CE-A3-4A-C2-4D-AF-9A-12-1D-08-54-8F-BD-C7-BC-B9-2B-3D-49-2B-1F-32-FC-6A-21-69-4F-9B-C8-7E-42-34-FC-36-06-17-8B-8F-20-40-C0-B3-9A-25-75-27-CD-C9-03-A3-F6-5D-D1-E7-36-54-7A-B9-50-B5-D3-12-D1-07-BF-BB-74-DF-DC-1E-8F-80-D5-ED-18-F4-2F-14-16-6B-2F-DE-66-8C-B0-23-E5-C7-84-D8-ED-EA-C1-33-82-AD-56-4B-18-2D-F1-68-95-07-CD-CF-F0-72-F0-AE-BB-DD-86-85-98-2C-21-4C-33-2B-F0-0F-4A-F0-68-87-B5-92-55-32-75-A1-6A-82-6A-3C-A3-25-11-A4-ED-AD-D7-04-AE-CB-D8-40-59-A0-84-D1-95-4C-62-91-22-1A-74-1D-8C-3D-47-0E-44-A6-E4-B0-9B-34-35-B1-FA-B6-53-A8-2C-81-EC-A4-05-71-C8-9D-B8-BA-E8-1B-44-66-E4-47-54-0E-8E-56-7F-B3-9F-16-98-B2-86-D0-68-3E-90-23-B5-2F-5E-8F-50-85-8D-C6-8D-82-5F-41-A1-F4-2E-0D-E0-99-D2-6C-75-E4-B6-69-B5-21-86-FA-07-D1-F6-E2-4D-D1-DA-AD-2C-77-53-1E-25-32-37-C7-6C-52-72-95-86-B0-F1-35-61-6A-19-F5-B2-3B-81-50-56-A6-32-2D-FE-A2-89-F9-42-86-27-18-55-A1-82-CA-5A-9B-F8-30-98-54-14-A6-47-96-25-2F-C8-26-E4-41-94-1A-5C-02-3F-E5-96-E3-85-5B-3C-3E-3F-BB-47-16-72-55-E2-25-22-B1-D9-7B-E7-03-06-2A-A3-F7-1E-90-46-C3-00-0D-D6-19-89-E3-0E-35-27-62-03-71-15-A6-EF-D0-27-A0-A0-59-37-60-F8-38-94-B8-E0-78-70-F8-BA-4C-86-87-94-F6-E0-AE-02-45-EE-65-C2-B6-A3-7E-69-16-75-07-92-9B-F5-A6-BC-59-83-58-A1-59-C0-A5-E4-94-A7-4A-87-B5-AB-15-5C-2B-F0-72-07-06-00-00-00-00-00-00-EB-05-00-00-BD-9A-FA-77-59-03-32-4D-BD-60-28-F4-E7-8F-78-4B-30-82-05-D7-30-82-03-BF-A0-03-02-01-02-02-0A-61-07-76-56-00-00-00-00-00-08-30-0D-06-09-2A-86-48-86-F7-0D-01-01-0B-05-00-30-81-88-31-0B-30-09-06-03-55-04-06-13-02-55-53-31-13-30-11-06-03-55-04-08-13-0A-57-61-73-68-69-6E-67-74-6F-6E-31-10-30-0E-06-03-55-04-07-13-07-52-65-64-6D-6F-6E-64-31-1E-30-1C-06-03-55-04-0A-13-15-4D-69-63-72-6F-73-6F-66-74-20-43-6F-72-70-6F-72-61-74-69-6F-6E-31-32-30-30-06-03-55-04-03-13-29-4D-69-63-72-6F-73-6F-66-74-20-52-6F-6F-74-20-43-65-72-74-69-66-69-63-61-74-65-20-41-75-74-68-6F-72-69-74-79-20-32-30-31-30-30-1E-17-0D-31-31-31-30-31-39-31-38-34-31-34-32-5A-17-0D-32-36-31-30-31-39-31-38-35-31-34-32-5A-30-81-84-31-0B-30-09-06-03-55-04-06-13-02-55-53-31-13-30-11-06-03-55-04-08-13-0A-57-61-73-68-69-6E-67-74-6F-6E-31-10-30-0E-06-03-55-04-07-13-07-52-65-64-6D-6F-6E-64-31-1E-30-1C-06-03-55-04-0A-13-15-4D-69-63-72-6F-73-6F-66-74-20-43-6F-72-70-6F-72-61-74-69-6F-6E-31-2E-30-2C-06-03-55-04-03-13-25-4D-69-63-72-6F-73-6F-66-74-20-57-69-6E-64-6F-77-73-20-50-72-6F-64-75-63-74-69-6F-6E-20-50-43-41-20-32-30-31-31-30-82-01-22-30-0D-06-09-2A-86-48-86-F7-0D-01-01-01-05-00-03-82-01-0F-00-30-82-01-0A-02-82-01-01-00-DD-0C-BB-A2-E4-2E-09-E3-E7-C5-F7-96-69-BC-00-21-BD-69-33-33-EF-AD-04-CB-54-80-EE-06-83-BB-C5-20-84-D9-F7-D2-8B-F3-38-B0-AB-A4-AD-2D-7C-62-79-05-FF-E3-4A-3F-04-35-20-70-E3-C4-E7-6B-E0-9C-C0-36-75-E9-8A-31-DD-8D-70-E5-DC-37-B5-74-46-96-28-5B-87-60-23-2C-BF-DC-47-A5-67-F7-51-27-9E-72-EB-07-A6-C9-B9-1E-3B-53-35-7C-E5-D3-EC-27-B9-87-1C-FE-B9-C9-23-09-6F-A8-46-91-C1-6E-96-3C-41-D3-CB-A3-3F-5D-02-6A-4D-EC-69-1F-25-28-5C-36-FF-FD-43-15-0A-94-E0-19-B4-CF-DF-C2-12-E2-C2-5B-27-EE-27-78-30-8B-5B-2A-09-6B-22-89-53-60-16-2C-C0-68-1D-53-BA-EC-49-F3-9D-61-8C-85-68-09-73-44-5D-7D-A2-54-2B-DD-79-F7-15-CF-35-5D-6C-1C-2B-5C-CE-BC-9C-23-8B-6F-6E-B5-26-D9-36-13-C3-4F-D6-27-AE-B9-32-3B-41-92-2C-E1-C7-CD-77-E8-AA-54-4E-F7-5C-0B-04-87-65-B4-43-18-A8-B2-E0-6D-19-77-EC-5A-24-FA-48-03-02-03-01-00-01-A3-82-01-43-30-82-01-3F-30-10-06-09-2B-06-01-04-01-82-37-15-01-04-03-02-01-00-30-1D-06-03-55-1D-0E-04-16-04-14-A9-29-02-39-8E-16-C4-97-78-CD-90-F9-9E-4F-9A-E1-7C-55-AF-53-30-19-06-09-2B-06-01-04-01-82-37-14-02-04-0C-1E-0A-00-53-00-75-00-62-00-43-00-41-30-0B-06-03-55-1D-0F-04-04-03-02-01-86-30-0F-06-03-55-1D-13-01-01-FF-04-05-30-03-01-01-FF-30-1F-06-03-55-1D-23-04-18-30-16-80-14-D5-F6-56-CB-8F-E8-A2-5C-62-68-D1-3D-94-90-5B-D7-CE-9A-18-C4-30-56-06-03-55-1D-1F-04-4F-30-4D-30-4B-A0-49-A0-47-86-45-68-74-74-70-3A-2F-2F-63-72-6C-2E-6D-69-63-72-6F-73-6F-66-74-2E-63-6F-6D-2F-70-6B-69-2F-63-72-6C-2F-70-72-6F-64-75-63-74-73-2F-4D-69-63-52-6F-6F-43-65-72-41-75-74-5F-32-30-31-30-2D-30-36-2D-32-33-2E-63-72-6C-30-5A-06-08-2B-06-01-05-05-07-01-01-04-4E-30-4C-30-4A-06-08-2B-06-01-05-05-07-30-02-86-3E-68-74-74-70-3A-2F-2F-77-77-77-2E-6D-69-63-72-6F-73-6F-66-74-2E-63-6F-6D-2F-70-6B-69-2F-63-65-72-74-73-2F-4D-69-63-52-6F-6F-43-65-72-41-75-74-5F-32-30-31-30-2D-30-36-2D-32-33-2E-63-72-74-30-0D-06-09-2A-86-48-86-F7-0D-01-01-0B-05-00-03-82-02-01-00-14-FC-7C-71-51-A5-79-C2-6E-B2-EF-39-3E-BC-3C-52-0F-6E-2B-3F-10-13-73-FE-A8-68-D0-48-A6-34-4D-8A-96-05-26-EE-31-46-90-61-79-D6-FF-38-2E-45-6B-F4-C0-E5-28-B8-DA-1D-8F-8A-DB-09-D7-1A-C7-4C-0A-36-66-6A-8C-EC-1B-D7-04-90-A8-18-17-A4-9B-B9-E2-40-32-36-76-C4-C1-5A-C6-BF-E4-04-C0-EA-16-D3-AC-C3-68-EF-62-AC-DD-54-6C-50-30-58-A6-EB-7C-FE-94-A7-4E-8E-F4-EC-7C-86-73-57-C2-52-21-73-34-5A-F3-A3-8A-56-C8-04-DA-07-09-ED-F8-8B-E3-CE-F4-7E-8E-AE-F0-F6-0B-8A-08-FB-3F-C9-1D-72-7F-53-B8-EB-BE-63-E0-E3-3D-31-65-B0-81-E5-F2-AC-CD-16-A4-9F-3D-A8-B1-9B-C2-42-D0-90-84-5F-54-1D-FF-89-EA-BA-1D-47-90-6F-B0-73-4E-41-9F-40-9F-5F-E5-A1-2A-B2-11-91-73-8A-21-28-F0-CE-DE-73-39-5F-3E-AB-5C-60-EC-DF-03-10-A8-D3-09-E9-F4-F6-96-85-B6-7F-51-88-66-47-19-8D-A2-B0-12-3D-81-2A-68-05-77-BB-91-4C-62-7B-B6-C1-07-C7-BA-7A-87-34-03-0E-4B-62-7A-99-E9-CA-FC-CE-4A-37-C9-2D-A4-57-7C-1C-FE-3D-DC-B8-0F-5A-FA-D6-C4-B3-02-85-02-3A-EA-B3-D9-6E-E4-69-21-37-DE-81-D1-F6-75-19-05-67-D3-93-57-5E-29-1B-39-C8-EE-2D-E1-CD-E4-45-73-5B-D0-D2-CE-7A-AB-16-19-82-46-58-D0-5E-9D-81-B3-67-AF-6C-35-F2-BC-E5-3F-24-E2-35-A2-0A-75-06-F6-18-56-99-D4-78-2C-D1-05-1B-EB-D0-88-01-9D-AA-10-F1-05-DF-BA-7E-2C-63-B7-06-9B-23-21-C4-F9-78-6C-E2-58-17-06-36-2B-91-12-03-CC-A4-D9-F2-2D-BA-F9-94-9D-40-ED-18-45-F1-CE-8A-5C-6B-3E-AB-03-D3-70-18-2A-0A-6A-E0-5F-47-D1-D5-63-0A-32-F2-AF-D7-36-1F-2A-70-5A-E5-42-59-08-71-4B-57-BA-7E-83-81-F0-21-3C-F4-1C-C1-C5-B9-90-93-0E-88-45-93-86-E9-B1-20-99-BE-98-CB-C5-95-A4-5D-62-D6-A0-63-08-20-BD-75-10-77-7D-3D-F3-45-B9-9F-97-9F-CB-57-80-6F-33-A9-04-CF-77-A4-62-1C-59-7E-A1-59-C0-A5-E4-94-A7-4A-87-B5-AB-15-5C-2B-F0-72-64-04-00-00-00-00-00-00-48-04-00-00-E4-0A-C4-6D-E8-2E-4C-9C-A3-14-0F-C7-B2-00-87-10-30-82-04-34-30-82-03-1C-A0-03-02-01-02-02-09-00-B9-41-24-A0-18-2C-92-67-30-0D-06-09-2A-86-48-86-F7-0D-01-01-0B-05-00-30-81-84-31-0B-30-09-06-03-55-04-06-13-02-47-42-31-14-30-12-06-03-55-04-08-0C-0B-49-73-6C-65-20-6F-66-20-4D-61-6E-31-10-30-0E-06-03-55-04-07-0C-07-44-6F-75-67-6C-61-73-31-17-30-15-06-03-55-04-0A-0C-0E-43-61-6E-6F-6E-69-63-61-6C-20-4C-74-64-2E-31-34-30-32-06-03-55-04-03-0C-2B-43-61-6E-6F-6E-69-63-61-6C-20-4C-74-64-2E-20-4D-61-73-74-65-72-20-43-65-72-74-69-66-69-63-61-74-65-20-41-75-74-68-6F-72-69-74-79-30-1E-17-0D-31-32-30-34-31-32-31-31-31-32-35-31-5A-17-0D-34-32-30-34-31-31-31-31-31-32-35-31-5A-30-81-84-31-0B-30-09-06-03-55-04-06-13-02-47-42-31-14-30-12-06-03-55-04-08-0C-0B-49-73-6C-65-20-6F-66-20-4D-61-6E-31-10-30-0E-06-03-55-04-07-0C-07-44-6F-75-67-6C-61-73-31-17-30-15-06-03-55-04-0A-0C-0E-43-61-6E-6F-6E-69-63-61-6C-20-4C-74-64-2E-31-34-30-32-06-03-55-04-03-0C-2B-43-61-6E-6F-6E-69-63-61-6C-20-4C-74-64-2E-20-4D-61-73-74-65-72-20-43-65-72-74-69-66-69-63-61-74-65-20-41-75-74-68-6F-72-69-74-79-30-82-01-22-30-0D-06-09-2A-86-48-86-F7-0D-01-01-01-05-00-03-82-01-0F-00-30-82-01-0A-02-82-01-01-00-BF-5B-3A-16-74-EE-21-5D-AE-61-ED-9D-56-AC-BD-DE-DE-72-F3-DD-7E-2D-4C-62-0F-AC-C0-6D-48-08-11-CF-8D-8B-FB-61-1F-27-CC-11-6E-D9-55-3D-39-54-EB-40-3B-B1-BB-E2-85-34-79-CA-F7-7B-BF-BA-7A-C8-10-2D-19-7D-AD-59-CF-A6-D4-E9-4E-0F-DA-AE-52-EA-4C-9E-90-CE-C6-99-0D-4E-67-65-78-5D-F9-D1-D5-38-4A-4A-7A-8F-93-9C-7F-1A-A3-85-DB-CE-FA-8B-F7-C2-A2-21-2D-9B-54-41-35-10-57-13-8D-6C-BC-29-06-50-4A-7E-EA-99-A9-68-A7-3B-C7-07-1B-32-9E-A0-19-87-0E-79-BB-68-99-2D-7E-93-52-E5-F6-EB-C9-9B-F9-2B-ED-B8-68-49-BC-D9-95-50-40-5B-C5-B2-71-AA-EB-5C-57-DE-71-F9-40-0A-DD-5B-AC-1E-84-2D-50-1A-52-D6-E1-F3-6B-6E-90-64-4F-5B-B4-EB-20-E4-61-10-DA-5A-F0-EA-E4-42-D7-01-C4-FE-21-1F-D9-B9-C0-54-95-42-81-52-72-1F-49-64-7A-C8-6C-24-F1-08-70-0B-4D-A5-A0-32-D1-A0-1C-57-A8-4D-E3-AF-A5-8E-05-05-3E-10-43-A1-02-03-01-00-01-A3-81-A6-30-81-A3-30-1D-06-03-55-1D-0E-04-16-04-14-AD-91-99-0B-C2-2A-B1-F5-17-04-8C-23-B6-65-5A-26-8E-34-5A-63-30-1F-06-03-55-1D-23-04-18-30-16-80-14-AD-91-99-0B-C2-2A-B1-F5-17-04-8C-23-B6-65-5A-26-8E-34-5A-63-30-0F-06-03-55-1D-13-01-01-FF-04-05-30-03-01-01-FF-30-0B-06-03-55-1D-0F-04-04-03-02-01-86-30-43-06-03-55-1D-1F-04-3C-30-3A-30-38-A0-36-A0-34-86-32-68-74-74-70-3A-2F-2F-77-77-77-2E-63-61-6E-6F-6E-69-63-61-6C-2E-63-6F-6D-2F-73-65-63-75-72-65-2D-62-6F-6F-74-2D-6D-61-73-74-65-72-2D-63-61-2E-63-72-6C-30-0D-06-09-2A-86-48-86-F7-0D-01-01-0B-05-00-03-82-01-01-00-3F-7D-F6-76-A5-B3-83-B4-2B-7A-D0-6D-52-1A-03-83-C4-12-A7-50-9C-47-92-CC-C0-94-77-82-D2-AE-57-B3-99-04-F5-32-3A-C6-55-1D-07-DB-12-A9-56-FA-D8-D4-76-20-EB-E4-C3-51-DB-9A-5C-9C-92-3F-18-73-DA-94-6A-A1-99-38-8C-A4-88-6D-C1-FC-39-71-D0-74-76-16-03-3E-56-23-35-D5-55-47-5B-1A-1D-41-C2-D3-12-4C-DC-FF-AE-0A-92-9C-62-0A-17-01-9C-73-E0-5E-B1-FD-BC-D6-B5-19-11-7A-7E-CD-3E-03-7E-66-DB-5B-A8-C9-39-48-51-FF-53-E1-9C-31-53-91-1B-3B-10-75-03-17-BA-E6-81-02-80-94-70-4C-46-B7-94-B0-3D-15-CD-1F-8E-02-E0-68-02-8F-FB-F9-47-1D-7D-A2-01-C6-07-51-C4-9A-CC-ED-DD-CF-A3-5D-ED-92-BB-BE-D1-FD-E6-EC-1F-33-51-73-04-BE-3C-72-B0-7D-08-F8-01-FF-98-7D-CB-9C-E0-69-39-77-25-47-71-88-B1-8D-27-A5-2E-A8-F7-3F-5F-80-69-97-3E-A9-F4-99-14-DB-CE-03-0E-0B-66-C4-1C-6D-BD-B8-27-77-C1-42-94-BD-FC-6A-0A-BC-26-16-C4-C1-4C-50-92-40-AC-A9-41-F9-36-93-43-28-0C-01-00-00-00-00-00-00-30-00-00-00-00-00-00-00-00-00-00-00-00-00-00-00-00-00-00-00-F5-8F-BD-F7-1B-E8-C3-7C-BB-D6-94-4E-47-2C-45-0B-10-43-81-7B-97-29-14-48-7C-22-10-33-F3-07-9E-43-00-00-00-00-00-00-00-00-00-00-00-00-00-00-00-00-04-97-01-57-DE-52-CD-AE-14-CF-17-EE-36-98-81-D6-24-5B-3A-6A-B6-35-2E-AB-AE-E5-88-A0-58-4B-03-03-00-00-00-00-00-00-00-00-00-00-00-00-00-00-00-00-F1-6B-5F-C3-61-18-3F-58-71-20-E6-02-C0-D6-57-73-AF-DF-E7-86-12-41-84-FA-70-80-52-58-D7-6D-59-4C-00-00-00-00-00-00-00-00-00-00-00-00-00-00-00-00-7E-02-1F-15-E3-A6-7B-75-AC-E8-84-99-9B-ED-FF-E3-42-13-79-2A-61-1E-40-E5-62-E8-7E-6B-9A-0C-B2-82-00-00-00-00-00-00-00-00-00-00-00-00-00-00-00-00-A5-D1-09-B2-AF-A3-FA-90-87-8F-70-38-2B-23-88-FC-D2-FE-AE-AE-8A-51-B8-0A-DD-04-8E-9F-87-6B-2A-4E-07-00-00-00-01-00-00-80-01-00-00-00-0B-00-8B-C5-95-AF-E9-16-65-47-2B-F7-7E-B8-87-4B-EA-43-14-42-53-0E-0B-1C-99-3D-48-C0-A3-FF-D3-07-BE-FB-EE-0F-00-00-CB-B2-19-D7-3A-3D-96-45-A3-BC-DA-D0-0E-67-65-6F-03-00-00-00-00-00-00-00-C8-0F-00-00-00-00-00-00-64-00-62-00-78-00-26-16-C4-C1-4C-50-92-40-AC-A9-41-F9-36-93-43-28-8C-0E-00-00-00-00-00-00-30-00-00-00-BD-9A-FA-77-59-03-32-4D-BD-60-28-F4-E7-8F-78-4B-80-B4-D9-69-31-BF-0D-02-FD-91-A6-1E-19-D1-4F-1D-A4-52-E6-6D-B2-40-8C-A8-60-4D-41-1F-92-65-9F-0A-BD-9A-FA-77-59-03-32-4D-BD-60-28-F4-E7-8F-78-4B-F5-2F-83-A3-FA-9C-FB-D6-92-0F-72-28-24-DB-E4-03-45-34-D2-5B-85-07-24-6B-3B-95-7D-AC-6E-1B-CE-7A-BD-9A-FA-77-59-03-32-4D-BD-60-28-F4-E7-8F-78-4B-C5-D9-D8-A1-86-E2-C8-2D-09-AF-AA-2A-6F-7F-2E-73-87-0D-3E-64-F7-2C-4E-08-EF-67-79-6A-84-0F-0F-BD-BD-9A-FA-77-59-03-32-4D-BD-60-28-F4-E7-8F-78-4B-36-33-84-D1-4D-1F-2E-0B-78-15-62-64-84-C4-59-AD-57-A3-18-EF-43-96-26-60-48-D0-58-C5-A1-9B-BF-76-BD-9A-FA-77-59-03-32-4D-BD-60-28-F4-E7-8F-78-4B-1A-EC-84-B8-4B-6C-65-A5-12-20-A9-BE-71-81-96-52-30-21-0D-62-D6-D3-3C-48-99-9C-6B-29-5A-2B-0A-06-BD-9A-FA-77-59-03-32-4D-BD-60-28-F4-E7-8F-78-4B-E6-CA-68-E9-41-46-62-9A-F0-3F-69-C2-F8-6E-6B-EF-62-F9-30-B3-7C-6F-BC-C8-78-B7-8D-F9-8C-03-34-E5-BD-9A-FA-77-59-03-32-4D-BD-60-28-F4-E7-8F-78-4B-C3-A9-9A-46-0D-A4-64-A0-57-C3-58-6D-83-CE-F5-F4-AE-08-B7-10-39-79-ED-89-32-74-2D-F0-ED-53-0C-66-BD-9A-FA-77-59-03-32-4D-BD-60-28-F4-E7-8F-78-4B-58-FB-94-1A-EF-95-A2-59-43-B3-FB-5F-25-10-A0-DF-3F-E4-4C-58-C9-5E-0A-B8-04-87-29-75-68-AB-97-71-BD-9A-FA-77-59-03-32-4D-BD-60-28-F4-E7-8F-78-4B-53-91-C3-A2-FB-11-21-02-A6-AA-1E-DC-25-AE-77-E1-9F-5D-6F-09-CD-09-EE-B2-50-99-22-BF-CD-59-92-EA-BD-9A-FA-77-59-03-32-4D-BD-60-28-F4-E7-8F-78-4B-D6-26-15-7E-1D-6A-71-8B-C1-24-AB-8D-A2-7C-BB-65-07-2C-A0-3A-7B-6B-25-7D-BD-CB-BD-60-F6-5E-F3-D1-BD-9A-FA-77-59-03-32-4D-BD-60-28-F4-E7-8F-78-4B-D0-63-EC-28-F6-7E-BA-53-F1-64-2D-BF-7D-FF-33-C6-A3-2A-DD-86-9F-60-13-FE-16-2E-2C-32-F1-CB-E5-6D-BD-9A-FA-77-59-03-32-4D-BD-60-28-F4-E7-8F-78-4B-29-C6-EB-52-B4-3C-3A-A1-8B-2C-D8-ED-6E-A8-60-7C-EF-3C-FA-E1-BA-FE-11-65-75-5C-F2-E6-14-84-4A-44-BD-9A-FA-77-59-03-32-4D-BD-60-28-F4-E7-8F-78-4B-90-FB-E7-0E-69-D6-33-40-8D-3E-17-0C-68-32-DB-B2-D2-09-E0-27-25-27-DF-B6-3D-49-D2-95-72-A6-F4-4C-BD-9A-FA-77-59-03-32-4D-BD-60-28-F4-E7-8F-78-4B-07-5E-EA-06-05-89-54-8B-A0-60-B2-FE-ED-10-DA-3C-20-C7-FE-9B-17-CD-02-6B-94-E8-A6-83-B8-11-52-38-BD-9A-FA-77-59-03-32-4D-BD-60-28-F4-E7-8F-78-4B-07-E6-C6-A8-58-64-6F-B1-EF-C6-79-03-FE-28-B1-16-01-1F-23-67-FE-92-E6-BE-2B-36-99-9E-FF-39-D0-9E-BD-9A-FA-77-59-03-32-4D-BD-60-28-F4-E7-8F-78-4B-09-DF-5F-4E-51-12-08-EC-78-B9-6D-12-D0-81-25-FD-B6-03-86-8D-E3-9F-6F-72-92-78-52-59-9B-65-9C-26-BD-9A-FA-77-59-03-32-4D-BD-60-28-F4-E7-8F-78-4B-0B-BB-43-92-DA-AC-7A-B8-9B-30-A4-AC-65-75-31-B9-7B-FA-AB-04-F9-0B-0D-AF-E5-F9-B6-EB-90-A0-63-74-BD-9A-FA-77-59-03-32-4D-BD-60-28-F4-E7-8F-78-4B-0C-18-93-39-76-2D-F3-36-AB-3D-D0-06-A4-63-DF-71-5A-39-CF-B0-F4-92-46-5C-60-0E-6C-6B-D7-BD-89-8C-BD-9A-FA-77-59-03-32-4D-BD-60-28-F4-E7-8F-78-4B-0D-0D-BE-CA-6F-29-EC-A0-6F-33-1A-7D-72-E4-88-4B-12-09-7F-B3-48-98-3A-2A-14-A0-D7-3F-4F-10-14-0F-BD-9A-FA-77-59-03-32-4D-BD-60-28-F4-E7-8F-78-4B-0D-C9-F3-FB-99-96-21-48-C3-CA-83-36-32-75-8D-3E-D4-FC-8D-0B-00-07-B9-5B-31-E6-52-8F-2A-CD-5B-FC-BD-9A-FA-77-59-03-32-4D-BD-60-28-F4-E7-8F-78-4B-10-6F-AC-EA-CF-EC-FD-4E-30-3B-74-F4-80-A0-80-98-E2-D0-80-2B-93-6F-8E-C7-74-CE-21-F3-16-86-68-9C-BD-9A-FA-77-59-03-32-4D-BD-60-28-F4-E7-8F-78-4B-17-4E-3A-0B-5B-43-C6-A6-07-BB-D3-40-4F-05-34-1E-3D-CF-39-62-67-CE-94-F8-B5-0E-2E-23-A9-DA-92-0C-BD-9A-FA-77-59-03-32-4D-BD-60-28-F4-E7-8F-78-4B-18-33-34-29-FF-05-62-ED-9F-97-03-3E-11-48-DC-EE-E5-2D-BE-2E-49-6D-54-10-B5-CF-D6-C8-64-D2-D1-0F-BD-9A-FA-77-59-03-32-4D-BD-60-28-F4-E7-8F-78-4B-2B-99-CF-26-42-2E-92-FE-36-5F-BF-4B-C3-0D-27-08-6C-9E-E1-4B-7A-6F-FF-44-FB-2F-6B-90-01-69-99-39-BD-9A-FA-77-59-03-32-4D-BD-60-28-F4-E7-8F-78-4B-2B-BF-2C-A7-B8-F1-D9-1F-27-EE-52-B6-FB-2A-5D-D0-49-B8-5A-2B-9B-52-9C-5D-66-62-06-81-04-B0-55-F8-BD-9A-FA-77-59-03-32-4D-BD-60-28-F4-E7-8F-78-4B-2C-73-D9-33-25-BA-6D-CB-E5-89-D4-A4-C6-3C-5B-93-55-59-EF-92-FB-F0-50-ED-50-C4-E2-08-52-06-F1-7D-BD-9A-FA-77-59-03-32-4D-BD-60-28-F4-E7-8F-78-4B-2E-70-91-67-86-A6-F7-73-51-1F-A7-18-1F-AB-0F-1D-70-B5-57-C6-32-2E-A9-23-B2-A8-D3-B9-2B-51-AF-7D-BD-9A-FA-77-59-03-32-4D-BD-60-28-F4-E7-8F-78-4B-30-66-28-FA-54-77-30-57-28-BA-4A-46-7D-E7-D0-38-7A-54-F5-69-D3-76-9F-CE-5E-75-EC-89-D2-8D-15-93-BD-9A-FA-77-59-03-32-4D-BD-60-28-F4-E7-8F-78-4B-36-08-ED-BA-F5-AD-0F-41-A4-14-A1-77-7A-BF-2F-AF-5E-67-03-34-67-5E-C3-99-5E-69-35-82-9E-0C-AA-D2-BD-9A-FA-77-59-03-32-4D-BD-60-28-F4-E7-8F-78-4B-38-41-D2-21-36-8D-15-83-D7-5C-0A-02-E6-21-60-39-4D-6C-4E-0A-67-60-B6-F6-07-B9-03-62-BC-85-5B-02-BD-9A-FA-77-59-03-32-4D-BD-60-28-F4-E7-8F-78-4B-3F-CE-9B-9F-DF-3E-F0-9D-54-52-B0-F9-5E-E4-81-C2-B7-F0-6D-74-3A-73-79-71-55-8E-70-13-6A-CE-3E-73-BD-9A-FA-77-59-03-32-4D-BD-60-28-F4-E7-8F-78-4B-43-97-DA-CA-83-9E-7F-63-07-7C-B5-0C-92-DF-43-BC-2D-2F-B2-A8-F5-9F-26-FC-7A-0E-4B-D4-D9-75-16-92-BD-9A-FA-77-59-03-32-4D-BD-60-28-F4-E7-8F-78-4B-47-CC-08-61-27-E2-06-9A-86-E0-3A-6B-EF-2C-D4-10-F8-C5-5A-6D-6B-DB-36-21-68-C3-1B-2C-E3-2A-5A-DF-BD-9A-FA-77-59-03-32-4D-BD-60-28-F4-E7-8F-78-4B-51-88-31-FE-73-82-B5-14-D0-3E-15-C6-21-22-8B-8A-B6-54-79-BD-0C-BF-A3-C5-C1-D0-F4-8D-9C-30-61-35-BD-9A-FA-77-59-03-32-4D-BD-60-28-F4-E7-8F-78-4B-5A-E9-49-EA-88-55-EB-93-E4-39-DB-C6-5B-DA-2E-42-85-2C-2F-DF-67-89-FA-14-67-36-E3-C3-41-0F-2B-5C-BD-9A-FA-77-59-03-32-4D-BD-60-28-F4-E7-8F-78-4B-6B-1D-13-80-78-E4-41-8A-A6-8D-EB-7B-B3-5E-06-60-92-CF-47-9E-EB-8C-E4-CD-12-E7-D0-72-CC-B4-2F-66-BD-9A-FA-77-59-03-32-4D-BD-60-28-F4-E7-8F-78-4B-6C-88-54-47-8D-D5-59-E2-93-51-B8-26-C0-6C-B8-BF-EF-2B-94-AD-35-38-35-87-72-D1-93-F8-2E-D1-CA-11-BD-9A-FA-77-59-03-32-4D-BD-60-28-F4-E7-8F-78-4B-6F-14-28-FF-71-C9-DB-0E-D5-AF-1F-2E-7B-BF-CB-AB-64-7C-C2-65-DD-F5-B2-93-CD-B6-26-F5-0A-3A-78-5E-BD-9A-FA-77-59-03-32-4D-BD-60-28-F4-E7-8F-78-4B-71-F2-90-6F-D2-22-49-7E-54-A3-46-62-AB-24-97-FC-C8-10-20-77-0F-F5-13-68-E9-E3-D9-BF-CB-FD-63-75-BD-9A-FA-77-59-03-32-4D-BD-60-28-F4-E7-8F-78-4B-72-6B-3E-B6-54-04-6A-30-F3-F8-3D-9B-96-CE-03-F6-70-E9-A8-06-D1-70-8A-03-71-E6-2D-C4-9D-2C-23-C1-BD-9A-FA-77-59-03-32-4D-BD-60-28-F4-E7-8F-78-4B-72-E0-BD-18-67-CF-5D-9D-56-AB-15-8A-DF-3B-DD-BC-82-BF-32-A8-D8-AA-1D-8C-5E-2F-6D-F2-94-28-D6-D8-BD-9A-FA-77-59-03-32-4D-BD-60-28-F4-E7-8F-78-4B-78-27-AF-99-36-2C-FA-F0-71-7D-AD-E4-B1-BF-E0-43-8A-D1-71-C1-5A-DD-C2-48-B7-5B-F8-CA-A4-4B-B2-C5-BD-9A-FA-77-59-03-32-4D-BD-60-28-F4-E7-8F-78-4B-81-A8-B9-65-BB-84-D3-87-6B-94-29-A9-54-81-CC-95-53-18-CF-AA-14-12-D8-08-C8-A3-3B-FD-33-FF-F0-E4-BD-9A-FA-77-59-03-32-4D-BD-60-28-F4-E7-8F-78-4B-82-DB-3B-CE-B4-F6-08-43-CE-9D-97-C3-D1-87-CD-9B-59-41-CD-3D-E8-10-0E-58-6F-2B-DA-56-37-57-5F-67-BD-9A-FA-77-59-03-32-4D-BD-60-28-F4-E7-8F-78-4B-89-5A-97-85-F6-17-CA-1D-7E-D4-4F-C1-A1-47-0B-71-F3-F1-22-38-62-D9-FF-9D-CC-3A-E2-DF-92-16-3D-AF-BD-9A-FA-77-59-03-32-4D-BD-60-28-F4-E7-8F-78-4B-8A-D6-48-59-F1-95-B5-F5-8D-AF-AA-94-0B-6A-61-67-AC-D6-7A-88-6E-8F-46-93-64-17-72-21-C5-59-45-B9-BD-9A-FA-77-59-03-32-4D-BD-60-28-F4-E7-8F-78-4B-8B-F4-34-B4-9E-00-CC-F7-15-02-A2-CD-90-08-65-CB-01-EC-3B-3D-A0-3C-35-BE-50-5F-DF-7B-D5-63-F5-21-BD-9A-FA-77-59-03-32-4D-BD-60-28-F4-E7-8F-78-4B-8D-8E-A2-89-CF-E7-0A-1C-07-AB-73-65-CB-28-EE-51-ED-D3-3C-F2-50-6D-E8-88-FB-AD-D6-0E-BF-80-48-1C-BD-9A-FA-77-59-03-32-4D-BD-60-28-F4-E7-8F-78-4B-99-98-D3-63-C4-91-BE-16-BD-74-BA-10-B9-4D-92-91-00-16-11-73-6F-DC-A6-43-A3-66-64-BC-0F-31-5A-42-BD-9A-FA-77-59-03-32-4D-BD-60-28-F4-E7-8F-78-4B-9E-4A-69-17-31-61-68-2E-55-FD-E8-FE-F5-60-EB-88-EC-1F-FE-DC-AF-04-00-1F-66-C0-CA-F7-07-B2-B7-34-BD-9A-FA-77-59-03-32-4D-BD-60-28-F4-E7-8F-78-4B-A6-B5-15-1F-36-55-D3-A2-AF-0D-47-27-59-79-6B-E4-A4-20-0E-54-95-A7-D8-69-75-4C-48-48-85-74-08-A7-BD-9A-FA-77-59-03-32-4D-BD-60-28-F4-E7-8F-78-4B-A7-F3-2F-50-8D-4E-B0-FE-AD-9A-08-7E-F9-4E-D1-BA-0A-EC-5D-E6-F7-EF-6F-F0-A6-2B-93-BE-DF-5D-45-8D-BD-9A-FA-77-59-03-32-4D-BD-60-28-F4-E7-8F-78-4B-AD-68-26-E1-94-6D-26-D3-EA-F3-68-5C-88-D9-7D-85-DE-3B-4D-CB-3D-0E-E2-AE-81-C7-05-60-D1-3C-57-20-BD-9A-FA-77-59-03-32-4D-BD-60-28-F4-E7-8F-78-4B-AE-EB-AE-31-51-27-12-73-ED-95-AA-2E-67-11-39-ED-31-A9-85-67-30-3A-33-22-98-F8-37-09-A9-D5-5A-A1-BD-9A-FA-77-59-03-32-4D-BD-60-28-F4-E7-8F-78-4B-AF-E2-03-0A-FB-7D-2C-DA-13-F9-FA-33-3A-02-E3-4F-67-51-AF-EC-11-B0-10-DB-CD-44-1F-DF-4C-40-02-B3-BD-9A-FA-77-59-03-32-4D-BD-60-28-F4-E7-8F-78-4B-B5-4F-1E-E6-36-63-1F-AD-68-05-8D-3B-09-37-03-1A-C1-B9-0C-CB-17-06-2A-39-1C-CA-68-AF-DB-E4-0D-55-BD-9A-FA-77-59-03-32-4D-BD-60-28-F4-E7-8F-78-4B-B8-F0-78-D9-83-A2-4A-C4-33-21-63-93-88-35-14-CD-93-2C-33-AF-18-E7-DD-70-88-4C-82-35-F4-27-57-36-BD-9A-FA-77-59-03-32-4D-BD-60-28-F4-E7-8F-78-4B-B9-7A-08-89-05-9C-03-5F-F1-D5-4B-6D-B5-3B-11-B9-76-66-68-D9-F9-55-24-7C-02-8B-28-37-D7-A0-4C-D9-BD-9A-FA-77-59-03-32-4D-BD-60-28-F4-E7-8F-78-4B-BC-87-A6-68-E8-19-66-48-9C-B5-08-EE-80-51-83-C1-9E-6A-CD-24-CF-17-79-9C-A0-62-D2-E3-84-DA-0E-A7-BD-9A-FA-77-59-03-32-4D-BD-60-28-F4-E7-8F-78-4B-C4-09-BD-AC-47-75-AD-D8-DB-92-AA-22-B5-B7-18-FB-8C-94-A1-46-2C-1F-E9-A4-16-B9-5D-8A-33-88-C2-FC-BD-9A-FA-77-59-03-32-4D-BD-60-28-F4-E7-8F-78-4B-C6-17-C1-A8-B1-EE-2A-81-1C-28-B5-A8-1B-4C-83-D7-C9-8B-5B-0C-27-28-1D-61-02-07-EB-E6-92-C2-96-7F-BD-9A-FA-77-59-03-32-4D-BD-60-28-F4-E7-8F-78-4B-C9-0F-33-66-17-B8-E7-F9-83-97-54-13-C9-97-F1-0B-73-EB-26-7F-D8-A1-0C-B9-E3-BD-BF-C6-67-AB-DB-8B-BD-9A-FA-77-59-03-32-4D-BD-60-28-F4-E7-8F-78-4B-CB-6B-85-8B-40-D3-A0-98-76-58-15-B5-92-C1-51-4A-49-60-4F-AF-D6-08-19-DA-88-D7-A7-6E-97-78-FE-F7-BD-9A-FA-77-59-03-32-4D-BD-60-28-F4-E7-8F-78-4B-CE-3B-FA-BE-59-D6-7C-E8-AC-8D-FD-4A-16-F7-C4-3E-F9-C2-24-51-3F-BC-65-59-57-D7-35-FA-29-F5-40-CE-BD-9A-FA-77-59-03-32-4D-BD-60-28-F4-E7-8F-78-4B-D8-CB-EB-97-35-F5-67-2B-36-7E-4F-96-CD-C7-49-69-61-5D-17-07-4A-E9-6C-72-4D-42-CE-02-16-F8-F3-FA-BD-9A-FA-77-59-03-32-4D-BD-60-28-F4-E7-8F-78-4B-E9-2C-22-EB-3B-56-42-D6-5C-1E-C2-CA-F2-47-D2-59-47-38-EE-BB-7F-B3-84-1A-44-95-6F-59-E2-B0-D1-FA-BD-9A-FA-77-59-03-32-4D-BD-60-28-F4-E7-8F-78-4B-FD-DD-6E-3D-29-EA-84-C7-74-3D-AD-4A-1B-DB-C7-00-B5-FE-C1-B3-91-F9-32-40-90-86-AC-C7-1D-D6-DB-D8-BD-9A-FA-77-59-03-32-4D-BD-60-28-F4-E7-8F-78-4B-FE-63-A8-4F-78-2C-C9-D3-FC-F2-CC-F9-FC-11-FB-D0-37-60-87-87-58-D2-62-85-ED-12-66-9B-DC-6E-6D-01-BD-9A-FA-77-59-03-32-4D-BD-60-28-F4-E7-8F-78-4B-FE-CF-B2-32-D1-2E-99-4B-6D-48-5D-2C-71-67-72-8A-A5-52-59-84-AD-5C-A6-1E-75-16-22-1F-07-9A-14-36-BD-9A-FA-77-59-03-32-4D-BD-60-28-F4-E7-8F-78-4B-CA-17-1D-61-4A-8D-7E-12-1C-93-94-8C-D0-FE-55-D3-99-81-F9-D1-1A-A9-6E-03-45-0A-41-52-27-C2-C6-5B-BD-9A-FA-77-59-03-32-4D-BD-60-28-F4-E7-8F-78-4B-55-B9-9B-0D-E5-3D-BC-FE-48-5A-A9-C7-37-CF-3F-B6-16-EF-3D-91-FA-B5-99-AA-7C-AB-19-ED-A7-63-B5-BA-BD-9A-FA-77-59-03-32-4D-BD-60-28-F4-E7-8F-78-4B-77-DD-19-0F-A3-0D-88-FF-5E-3B-01-1A-0A-E6-1E-62-09-78-0C-13-0B-53-5E-CB-87-E6-F0-88-8A-0B-6B-2F-BD-9A-FA-77-59-03-32-4D-BD-60-28-F4-E7-8F-78-4B-C8-3C-B1-39-22-AD-99-F5-60-74-46-75-DD-37-CC-94-DC-AD-5A-1F-CB-A6-47-2F-EE-34-11-71-D9-39-E8-84-BD-9A-FA-77-59-03-32-4D-BD-60-28-F4-E7-8F-78-4B-3B-02-87-53-3E-0C-C3-D0-EC-1A-A8-23-CB-F0-A9-41-AA-D8-72-15-79-D1-C4-99-80-2D-D1-C3-A6-36-B8-A9-BD-9A-FA-77-59-03-32-4D-BD-60-28-F4-E7-8F-78-4B-93-9A-EE-F4-F5-FA-51-E2-33-40-C3-F2-E4-90-48-CE-88-72-52-6A-FD-F7-52-C3-A7-F3-A3-F2-BC-9F-60-49-BD-9A-FA-77-59-03-32-4D-BD-60-28-F4-E7-8F-78-4B-64-57-5B-D9-12-78-9A-2E-14-AD-56-F6-34-1F-52-AF-6B-F8-0C-F9-44-00-78-59-75-E9-F0-4E-2D-64-D7-45-BD-9A-FA-77-59-03-32-4D-BD-60-28-F4-E7-8F-78-4B-45-C7-C8-AE-75-0A-CF-BB-48-FC-37-52-7D-64-12-DD-64-4D-AE-D8-91-3C-CD-8A-24-C9-4D-85-69-67-DF-8E-26-16-C4-C1-4C-50-92-40-AC-A9-41-F9-36-93-43-28-3C-01-00-00-00-00-00-00-30-00-00-00-BD-9A-FA-77-59-03-32-4D-BD-60-28-F4-E7-8F-78-4B-81-D8-FB-4C-9E-2E-7A-82-25-65-6B-4B-82-73-B7-CB-A4-B0-3E-F2-E9-EB-20-E0-A0-29-16-24-EC-A1-BA-86-BD-9A-FA-77-59-03-32-4D-BD-60-28-F4-E7-8F-78-4B-B9-2A-F2-98-DC-08-04-9B-78-C7-74-92-D6-55-1B-71-0C-D7-2A-AD-A3-D7-7B-E5-46-09-E4-32-78-EF-6E-4D-BD-9A-FA-77-59-03-32-4D-BD-60-28-F4-E7-8F-78-4B-E1-9D-AE-83-C0-2E-6F-28-13-58-D4-EB-D1-1D-77-23-B4-F5-EA-0E-35-79-07-D5-44-3D-EC-C5-F9-3C-1E-9D-BD-9A-FA-77-59-03-32-4D-BD-60-28-F4-E7-8F-78-4B-39-DB-C2-28-8E-F4-4B-5F-95-33-2C-B7-77-E3-11-03-E8-40-DB-A6-80-63-4A-A8-06-F5-C9-B1-00-06-18-02-BD-9A-FA-77-59-03-32-4D-BD-60-28-F4-E7-8F-78-4B-32-F5-94-0C-A2-9D-D8-12-A2-C1-45-E6-FC-89-64-66-28-FF-CC-7C-7A-42-CA-E5-12-33-7D-8D-29-C4-0B-BD-BD-9A-FA-77-59-03-32-4D-BD-60-28-F4-E7-8F-78-4B-10-D4-5F-CB-A3-96-AE-F3-15-3E-E8-F6-EC-AE-58-AF-E8-47-6A-28-0A-20-26-FC-71-F6-21-7D-CF-49-BA-2F-07-00-00-00-04-00-00-00-01-00-00-00-0B-00-DF-3F-61-98-04-A9-2F-DB-40-57-19-2D-C4-3D-D7-48-EA-77-8A-DC-52-BC-49-8C-E8-05-24-C0-14-B8-11-19-04-00-00-00-00-00-00-00-07-00-00-00-E0-00-00-80-01-00-00-00-0B-00-30-BF-46-4E-E3-7F-1B-C0-C7-B1-A5-BF-25-EC-ED-27-53-47-C3-AB-14-92-D5-62-3A-E9-F7-66-3B-E0-7D-D5-0F-06-00-00-CB-B2-19-D7-3A-3D-96-45-A3-BC-DA-D0-0E-67-65-6F-02-00-00-00-00-00-00-00-EB-05-00-00-00-00-00-00-64-00-62-00-BD-9A-FA-77-59-03-32-4D-BD-60-28-F4-E7-8F-78-4B-30-82-05-D7-30-82-03-BF-A0-03-02-01-02-02-0A-61-07-76-56-00-00-00-00-00-08-30-0D-06-09-2A-86-48-86-F7-0D-01-01-0B-05-00-30-81-88-31-0B-30-09-06-03-55-04-06-13-02-55-53-31-13-30-11-06-03-55-04-08-13-0A-57-61-73-68-69-6E-67-74-6F-6E-31-10-30-0E-06-03-55-04-07-13-07-52-65-64-6D-6F-6E-64-31-1E-30-1C-06-03-55-04-0A-13-15-4D-69-63-72-6F-73-6F-66-74-20-43-6F-72-70-6F-72-61-74-69-6F-6E-31-32-30-30-06-03-55-04-03-13-29-4D-69-63-72-6F-73-6F-66-74-20-52-6F-6F-74-20-43-65-72-74-69-66-69-63-61-74-65-20-41-75-74-68-6F-72-69-74-79-20-32-30-31-30-30-1E-17-0D-31-31-31-30-31-39-31-38-34-31-34-32-5A-17-0D-32-36-31-30-31-39-31-38-35-31-34-32-5A-30-81-84-31-0B-30-09-06-03-55-04-06-13-02-55-53-31-13-30-11-06-03-55-04-08-13-0A-57-61-73-68-69-6E-67-74-6F-6E-31-10-30-0E-06-03-55-04-07-13-07-52-65-64-6D-6F-6E-64-31-1E-30-1C-06-03-55-04-0A-13-15-4D-69-63-72-6F-73-6F-66-74-20-43-6F-72-70-6F-72-61-74-69-6F-6E-31-2E-30-2C-06-03-55-04-03-13-25-4D-69-63-72-6F-73-6F-66-74-20-57-69-6E-64-6F-77-73-20-50-72-6F-64-75-63-74-69-6F-6E-20-50-43-41-20-32-30-31-31-30-82-01-22-30-0D-06-09-2A-86-48-86-F7-0D-01-01-01-05-00-03-82-01-0F-00-30-82-01-0A-02-82-01-01-00-DD-0C-BB-A2-E4-2E-09-E3-E7-C5-F7-96-69-BC-00-21-BD-69-33-33-EF-AD-04-CB-54-80-EE-06-83-BB-C5-20-84-D9-F7-D2-8B-F3-38-B0-AB-A4-AD-2D-7C-62-79-05-FF-E3-4A-3F-04-35-20-70-E3-C4-E7-6B-E0-9C-C0-36-75-E9-8A-31-DD-8D-70-E5-DC-37-B5-74-46-96-28-5B-87-60-23-2C-BF-DC-47-A5-67-F7-51-27-9E-72-EB-07-A6-C9-B9-1E-3B-53-35-7C-E5-D3-EC-27-B9-87-1C-FE-B9-C9-23-09-6F-A8-46-91-C1-6E-96-3C-41-D3-CB-A3-3F-5D-02-6A-4D-EC-69-1F-25-28-5C-36-FF-FD-43-15-0A-94-E0-19-B4-CF-DF-C2-12-E2-C2-5B-27-EE-27-78-30-8B-5B-2A-09-6B-22-89-53-60-16-2C-C0-68-1D-53-BA-EC-49-F3-9D-61-8C-85-68-09-73-44-5D-7D-A2-54-2B-DD-79-F7-15-CF-35-5D-6C-1C-2B-5C-CE-BC-9C-23-8B-6F-6E-B5-26-D9-36-13-C3-4F-D6-27-AE-B9-32-3B-41-92-2C-E1-C7-CD-77-E8-AA-54-4E-F7-5C-0B-04-87-65-B4-43-18-A8-B2-E0-6D-19-77-EC-5A-24-FA-48-03-02-03-01-00-01-A3-82-01-43-30-82-01-3F-30-10-06-09-2B-06-01-04-01-82-37-15-01-04-03-02-01-00-30-1D-06-03-55-1D-0E-04-16-04-14-A9-29-02-39-8E-16-C4-97-78-CD-90-F9-9E-4F-9A-E1-7C-55-AF-53-30-19-06-09-2B-06-01-04-01-82-37-14-02-04-0C-1E-0A-00-53-00-75-00-62-00-43-00-41-30-0B-06-03-55-1D-0F-04-04-03-02-01-86-30-0F-06-03-55-1D-13-01-01-FF-04-05-30-03-01-01-FF-30-1F-06-03-55-1D-23-04-18-30-16-80-14-D5-F6-56-CB-8F-E8-A2-5C-62-68-D1-3D-94-90-5B-D7-CE-9A-18-C4-30-56-06-03-55-1D-1F-04-4F-30-4D-30-4B-A0-49-A0-47-86-45-68-74-74-70-3A-2F-2F-63-72-6C-2E-6D-69-63-72-6F-73-6F-66-74-2E-63-6F-6D-2F-70-6B-69-2F-63-72-6C-2F-70-72-6F-64-75-63-74-73-2F-4D-69-63-52-6F-6F-43-65-72-41-75-74-5F-32-30-31-30-2D-30-36-2D-32-33-2E-63-72-6C-30-5A-06-08-2B-06-01-05-05-07-01-01-04-4E-30-4C-30-4A-06-08-2B-06-01-05-05-07-30-02-86-3E-68-74-74-70-3A-2F-2F-77-77-77-2E-6D-69-63-72-6F-73-6F-66-74-2E-63-6F-6D-2F-70-6B-69-2F-63-65-72-74-73-2F-4D-69-63-52-6F-6F-43-65-72-41-75-74-5F-32-30-31-30-2D-30-36-2D-32-33-2E-63-72-74-30-0D-06-09-2A-86-48-86-F7-0D-01-01-0B-05-00-03-82-02-01-00-14-FC-7C-71-51-A5-79-C2-6E-B2-EF-39-3E-BC-3C-52-0F-6E-2B-3F-10-13-73-FE-A8-68-D0-48-A6-34-4D-8A-96-05-26-EE-31-46-90-61-79-D6-FF-38-2E-45-6B-F4-C0-E5-28-B8-DA-1D-8F-8A-DB-09-D7-1A-C7-4C-0A-36-66-6A-8C-EC-1B-D7-04-90-A8-18-17-A4-9B-B9-E2-40-32-36-76-C4-C1-5A-C6-BF-E4-04-C0-EA-16-D3-AC-C3-68-EF-62-AC-DD-54-6C-50-30-58-A6-EB-7C-FE-94-A7-4E-8E-F4-EC-7C-86-73-57-C2-52-21-73-34-5A-F3-A3-8A-56-C8-04-DA-07-09-ED-F8-8B-E3-CE-F4-7E-8E-AE-F0-F6-0B-8A-08-FB-3F-C9-1D-72-7F-53-B8-EB-BE-63-E0-E3-3D-31-65-B0-81-E5-F2-AC-CD-16-A4-9F-3D-A8-B1-9B-C2-42-D0-90-84-5F-54-1D-FF-89-EA-BA-1D-47-90-6F-B0-73-4E-41-9F-40-9F-5F-E5-A1-2A-B2-11-91-73-8A-21-28-F0-CE-DE-73-39-5F-3E-AB-5C-60-EC-DF-03-10-A8-D3-09-E9-F4-F6-96-85-B6-7F-51-88-66-47-19-8D-A2-B0-12-3D-81-2A-68-05-77-BB-91-4C-62-7B-B6-C1-07-C7-BA-7A-87-34-03-0E-4B-62-7A-99-E9-CA-FC-CE-4A-37-C9-2D-A4-57-7C-1C-FE-3D-DC-B8-0F-5A-FA-D6-C4-B3-02-85-02-3A-EA-B3-D9-6E-E4-69-21-37-DE-81-D1-F6-75-19-05-67-D3-93-57-5E-29-1B-39-C8-EE-2D-E1-CD-E4-45-73-5B-D0-D2-CE-7A-AB-16-19-82-46-58-D0-5E-9D-81-B3-67-AF-6C-35-F2-BC-E5-3F-24-E2-35-A2-0A-75-06-F6-18-56-99-D4-78-2C-D1-05-1B-EB-D0-88-01-9D-AA-10-F1-05-DF-BA-7E-2C-63-B7-06-9B-23-21-C4-F9-78-6C-E2-58-17-06-36-2B-91-12-03-CC-A4-D9-F2-2D-BA-F9-94-9D-40-ED-18-45-F1-CE-8A-5C-6B-3E-AB-03-D3-70-18-2A-0A-6A-E0-5F-47-D1-D5-63-0A-32-F2-AF-D7-36-1F-2A-70-5A-E5-42-59-08-71-4B-57-BA-7E-83-81-F0-21-3C-F4-1C-C1-C5-B9-90-93-0E-88-45-93-86-E9-B1-20-99-BE-98-CB-C5-95-A4-5D-62-D6-A0-63-08-20-BD-75-10-77-7D-3D-F3-45-B9-9F-97-9F-CB-57-80-6F-33-A9-04-CF-77-A4-62-1C-59-7E-0B-00-00-00-0C-00-00-00-01-00-00-00-0B-00-09-73-28-E8-C9-57-DE-24-28-28-39-54-F6-A1-EE-8F-F7-AD-7D-EF-12-E1-00-A6-00-17-84-07-F5-DE-CF-24-04-00-00-00-10-00-00-00-0B-00-00-00-0C-00-00-00-01-00-00-00-0B-00-08-EF-EA-1C-09-57-A5-A1-FE-01-9E-6E-DB-21-FD-C9-FB-E5-DE-22-13-48-7E-AB-7A-05-E0-6E-CA-1C-97-84-04-00-00-00-FF-FF-00-00""}]}}"
17,17,2022-11-01 21:25:03.2831607,840,Info,Microsoft-Windows-BitLocker-API,Microsoft-Windows-BitLocker/BitLocker Management,10108,1924,GUAPOS-PC,0,S-1-5-21-2296991126-4013933037-3802873755-1001,,,,,,,,,,,False,"EVTX-to-MITRE-Attack\TA0040-Impact\T1486-Data Encrypted for Impact\ID 768,775,793,796,817,840-BitLocker encryption activated.evtx",0x4000000000000000,0,"{""EventData"":{""Data"":[{""@Name"":""IdentificationGUID"",""#text"":""45a9dcbd-40ec-4295-a9e6-c2e63844f040""},{""@Name"":""VolumeName"",""#text"":""\\\\?\\Volume{95b548ac-9d1a-4f36-96fc-2c67e06caefb}""},{""@Name"":""VolumeMountPoint"",""#text"":""C:""},{""@Name"":""BinaryDataSize"",""#text"":""32""},{""@Name"":""BinaryData"",""#text"":""F9-7A-FF-01-8A-00-7A-CD-58-4A-24-6C-1F-49-D2-BB-8C-D9-AB-4E-7E-46-1D-52-AE-46-23-CB-0A-12-60-DB""}]}}"
18,18,2022-11-01 21:25:03.2832529,775,Info,Microsoft-Windows-BitLocker-API,Microsoft-Windows-BitLocker/BitLocker Management,10108,1924,GUAPOS-PC,0,S-1-5-21-2296991126-4013933037-3802873755-1001,,,,,,,,,,,False,"EVTX-to-MITRE-Attack\TA0040-Impact\T1486-Data Encrypted for Impact\ID 768,775,793,796,817,840-BitLocker encryption activated.evtx",0x4000000000000000,0,"{""EventData"":{""Data"":[{""@Name"":""IdentificationGUID"",""#text"":""45a9dcbd-40ec-4295-a9e6-c2e63844f040""},{""@Name"":""VolumeName"",""#text"":""\\\\?\\Volume{95b548ac-9d1a-4f36-96fc-2c67e06caefb}""},{""@Name"":""VolumeMountPoint"",""#text"":""C:""},{""@Name"":""ProtectorGUID"",""#text"":""354c0be9-1562-417a-a871-247448ede788""},{""@Name"":""ProtectorType"",""#text"":""0x1""}]}}"
19,19,2022-11-01 21:25:06.6515209,775,Info,Microsoft-Windows-BitLocker-API,Microsoft-Windows-BitLocker/BitLocker Management,10108,9288,GUAPOS-PC,0,S-1-5-21-2296991126-4013933037-3802873755-1001,,,,,,,,,,,False,"EVTX-to-MITRE-Attack\TA0040-Impact\T1486-Data Encrypted for Impact\ID 768,775,793,796,817,840-BitLocker encryption activated.evtx",0x4000000000000000,0,"{""EventData"":{""Data"":[{""@Name"":""IdentificationGUID"",""#text"":""45a9dcbd-40ec-4295-a9e6-c2e63844f040""},{""@Name"":""VolumeName"",""#text"":""\\\\?\\Volume{95b548ac-9d1a-4f36-96fc-2c67e06caefb}""},{""@Name"":""VolumeMountPoint"",""#text"":""C:""},{""@Name"":""ProtectorGUID"",""#text"":""fbc91b7c-fbdb-498b-88f7-14b855e7f03a""},{""@Name"":""ProtectorType"",""#text"":""0x3""}]}}"
20,20,2022-11-01 21:26:46.3256979,780,Info,Microsoft-Windows-BitLocker-API,Microsoft-Windows-BitLocker/BitLocker Management,10108,9288,GUAPOS-PC,0,S-1-5-21-2296991126-4013933037-3802873755-1001,,,,,,,,,,,False,"EVTX-to-MITRE-Attack\TA0040-Impact\T1486-Data Encrypted for Impact\ID 768,775,793,796,817,840-BitLocker encryption activated.evtx",0x4000000000000000,0,"{""EventData"":{""Data"":[{""@Name"":""IdentificationGUID"",""#text"":""45a9dcbd-40ec-4295-a9e6-c2e63844f040""},{""@Name"":""VolumeName"",""#text"":""\\\\?\\Volume{95b548ac-9d1a-4f36-96fc-2c67e06caefb}""},{""@Name"":""VolumeMountPoint"",""#text"":""C:""}]}}"
21,21,2022-11-01 21:26:46.3846145,768,Info,Microsoft-Windows-BitLocker-API,Microsoft-Windows-BitLocker/BitLocker Management,10108,9288,GUAPOS-PC,0,S-1-5-21-2296991126-4013933037-3802873755-1001,,,,,,,,,,,False,"EVTX-to-MITRE-Attack\TA0040-Impact\T1486-Data Encrypted for Impact\ID 768,775,793,796,817,840-BitLocker encryption activated.evtx",0x4000000000000000,0,"{""EventData"":{""Data"":[{""@Name"":""IdentificationGUID"",""#text"":""45a9dcbd-40ec-4295-a9e6-c2e63844f040""},{""@Name"":""VolumeName"",""#text"":""\\\\?\\Volume{95b548ac-9d1a-4f36-96fc-2c67e06caefb}""},{""@Name"":""VolumeMountPoint"",""#text"":""C:""},{""@Name"":""AlgorithmType"",""#text"":""32772""}]}}"
22,22,2022-11-01 22:12:28.0774021,4122,Info,Microsoft-Windows-BitLocker-API,Microsoft-Windows-BitLocker/BitLocker Management,1304,1360,GUAPOS-PC,0,S-1-5-18,,,,,,,,,,,False,"EVTX-to-MITRE-Attack\TA0040-Impact\T1486-Data Encrypted for Impact\ID 768,775,793,796,817,840-BitLocker encryption activated.evtx",0x4000000000000000,0,"{""EventData"":{""Data"":{""@Name"":""LocalizedText"",""#text"":"", ISA Bridge:, PCI\\VEN_1022&amp;DEV_790E (PCI standard ISA bridge), PCI-to-PCI Bridge:, PCI\\VEN_1022&amp;DEV_1484 (PCI-to-PCI Bridge), PCI\\VEN_1022&amp;DEV_1484 (PCI-to-PCI Bridge), PCI\\VEN_1022&amp;DEV_43EA (PCI-to-PCI Bridge), PCI\\VEN_1022&amp;DEV_43EA (PCI-to-PCI Bridge), PCI\\VEN_1022&amp;DEV_43EA (PCI-to-PCI Bridge), PCI\\VEN_1022&amp;DEV_43EA (PCI-to-PCI Bridge), PCI\\VEN_1022&amp;DEV_43EA (PCI-to-PCI Bridge), PCI\\VEN_1022&amp;DEV_43EA (PCI-to-PCI Bridge), PCI\\VEN_1022&amp;DEV_1483 (PCI-to-PCI Bridge), PCI\\VEN_1022&amp;DEV_1483 (PCI-to-PCI Bridge), PCI\\VEN_1022&amp;DEV_43E9 (PCI-to-PCI Bridge), ""}}}"
23,23,2022-11-01 22:19:21.2195354,4122,Info,Microsoft-Windows-BitLocker-API,Microsoft-Windows-BitLocker/BitLocker Management,1332,1376,GUAPOS-PC,0,S-1-5-18,,,,,,,,,,,False,"EVTX-to-MITRE-Attack\TA0040-Impact\T1486-Data Encrypted for Impact\ID 768,775,793,796,817,840-BitLocker encryption activated.evtx",0x4000000000000000,0,"{""EventData"":{""Data"":{""@Name"":""LocalizedText"",""#text"":"", ISA Bridge:, PCI\\VEN_1022&amp;DEV_790E (PCI standard ISA bridge), PCI-to-PCI Bridge:, PCI\\VEN_1022&amp;DEV_1484 (PCI-to-PCI Bridge), PCI\\VEN_1022&amp;DEV_1484 (PCI-to-PCI Bridge), PCI\\VEN_1022&amp;DEV_43EA (PCI-to-PCI Bridge), PCI\\VEN_1022&amp;DEV_43EA (PCI-to-PCI Bridge), PCI\\VEN_1022&amp;DEV_43EA (PCI-to-PCI Bridge), PCI\\VEN_1022&amp;DEV_43EA (PCI-to-PCI Bridge), PCI\\VEN_1022&amp;DEV_43EA (PCI-to-PCI Bridge), PCI\\VEN_1022&amp;DEV_43EA (PCI-to-PCI Bridge), PCI\\VEN_1022&amp;DEV_1483 (PCI-to-PCI Bridge), PCI\\VEN_1022&amp;DEV_1483 (PCI-to-PCI Bridge), PCI\\VEN_1022&amp;DEV_43E9 (PCI-to-PCI Bridge), ""}}}"
24,24,2022-11-01 22:23:51.2979442,4122,Info,Microsoft-Windows-BitLocker-API,Microsoft-Windows-BitLocker/BitLocker Management,1320,1364,GUAPOS-PC,0,S-1-5-18,,,,,,,,,,,False,"EVTX-to-MITRE-Attack\TA0040-Impact\T1486-Data Encrypted for Impact\ID 768,775,793,796,817,840-BitLocker encryption activated.evtx",0x4000000000000000,0,"{""EventData"":{""Data"":{""@Name"":""LocalizedText"",""#text"":"", ISA Bridge:, PCI\\VEN_1022&amp;DEV_790E (PCI standard ISA bridge), PCI-to-PCI Bridge:, PCI\\VEN_1022&amp;DEV_1484 (PCI-to-PCI Bridge), PCI\\VEN_1022&amp;DEV_1484 (PCI-to-PCI Bridge), PCI\\VEN_1022&amp;DEV_43EA (PCI-to-PCI Bridge), PCI\\VEN_1022&amp;DEV_43EA (PCI-to-PCI Bridge), PCI\\VEN_1022&amp;DEV_43EA (PCI-to-PCI Bridge), PCI\\VEN_1022&amp;DEV_43EA (PCI-to-PCI Bridge), PCI\\VEN_1022&amp;DEV_43EA (PCI-to-PCI Bridge), PCI\\VEN_1022&amp;DEV_43EA (PCI-to-PCI Bridge), PCI\\VEN_1022&amp;DEV_1483 (PCI-to-PCI Bridge), PCI\\VEN_1022&amp;DEV_1483 (PCI-to-PCI Bridge), PCI\\VEN_1022&amp;DEV_43E9 (PCI-to-PCI Bridge), ""}}}"
25,25,2022-11-02 05:51:48.5979298,4122,Info,Microsoft-Windows-BitLocker-API,Microsoft-Windows-BitLocker/BitLocker Management,1320,1380,GUAPOS-PC,0,S-1-5-18,,,,,,,,,,,False,"EVTX-to-MITRE-Attack\TA0040-Impact\T1486-Data Encrypted for Impact\ID 768,775,793,796,817,840-BitLocker encryption activated.evtx",0x4000000000000000,0,"{""EventData"":{""Data"":{""@Name"":""LocalizedText"",""#text"":"", ISA Bridge:, PCI\\VEN_1022&amp;DEV_790E (PCI standard ISA bridge), PCI-to-PCI Bridge:, PCI\\VEN_1022&amp;DEV_1484 (PCI-to-PCI Bridge), PCI\\VEN_1022&amp;DEV_1484 (PCI-to-PCI Bridge), PCI\\VEN_1022&amp;DEV_43EA (PCI-to-PCI Bridge), PCI\\VEN_1022&amp;DEV_43EA (PCI-to-PCI Bridge), PCI\\VEN_1022&amp;DEV_43EA (PCI-to-PCI Bridge), PCI\\VEN_1022&amp;DEV_43EA (PCI-to-PCI Bridge), PCI\\VEN_1022&amp;DEV_43EA (PCI-to-PCI Bridge), PCI\\VEN_1022&amp;DEV_43EA (PCI-to-PCI Bridge), PCI\\VEN_1022&amp;DEV_1483 (PCI-to-PCI Bridge), PCI\\VEN_1022&amp;DEV_1483 (PCI-to-PCI Bridge), PCI\\VEN_1022&amp;DEV_43E9 (PCI-to-PCI Bridge), ""}}}"
26,26,2022-11-09 22:40:05.9079337,4122,Info,Microsoft-Windows-BitLocker-API,Microsoft-Windows-BitLocker/BitLocker Management,1304,1344,GUAPOS-PC,0,S-1-5-18,,,,,,,,,,,False,"EVTX-to-MITRE-Attack\TA0040-Impact\T1486-Data Encrypted for Impact\ID 768,775,793,796,817,840-BitLocker encryption activated.evtx",0x4000000000000000,0,"{""EventData"":{""Data"":{""@Name"":""LocalizedText"",""#text"":"", ISA Bridge:, PCI\\VEN_1022&amp;DEV_790E (PCI standard ISA bridge), PCI-to-PCI Bridge:, PCI\\VEN_1022&amp;DEV_1484 (PCI-to-PCI Bridge), PCI\\VEN_1022&amp;DEV_1484 (PCI-to-PCI Bridge), PCI\\VEN_1022&amp;DEV_43EA (PCI-to-PCI Bridge), PCI\\VEN_1022&amp;DEV_43EA (PCI-to-PCI Bridge), PCI\\VEN_1022&amp;DEV_43EA (PCI-to-PCI Bridge), PCI\\VEN_1022&amp;DEV_43EA (PCI-to-PCI Bridge), PCI\\VEN_1022&amp;DEV_43EA (PCI-to-PCI Bridge), PCI\\VEN_1022&amp;DEV_43EA (PCI-to-PCI Bridge), PCI\\VEN_1022&amp;DEV_1483 (PCI-to-PCI Bridge), PCI\\VEN_1022&amp;DEV_1483 (PCI-to-PCI Bridge), PCI\\VEN_1022&amp;DEV_43E9 (PCI-to-PCI Bridge), ""}}}"
27,27,2022-11-09 22:40:09.7679203,817,Info,Microsoft-Windows-BitLocker-API,Microsoft-Windows-BitLocker/BitLocker Management,1224,2092,GUAPOS-PC,1,S-1-5-18,,,,,,,,,,,False,"EVTX-to-MITRE-Attack\TA0040-Impact\T1486-Data Encrypted for Impact\ID 768,775,793,796,817,840-BitLocker encryption activated.evtx",0x4000000000000000,0,"{""EventData"":{""Data"":[{""@Name"":""PCRBitmap"",""#text"":""2176""},{""@Name"":""PCRBitmapSource"",""#text"":""3""},{""@Name"":""PCRValuesSize"",""#text"":""72""},{""@Name"":""PCRValues"",""#text"":""0B-00-20-00-71-7E-D7-86-CD-9A-22-92-36-47-FE-D0-AE-C1-8A-34-EE-20-97-E0-69-06-19-88-2C-64-9A-BD-73-77-A1-91-0B-00-20-00-00-00-00-00-00-00-00-00-00-00-00-00-00-00-00-00-00-00-00-00-00-00-00-00-00-00-00-00-00-00-00-00""},{""@Name"":""FilteredTcgLogSize"",""#text"":""17035""},{""@Name"":""FilteredTcgLog"",""#text"":""07-00-00-00-01-00-00-80-01-00-00-00-0B-00-CC-FC-4B-B3-28-88-A3-45-BC-8A-EA-DA-BA-55-2B-62-7D-99-34-8C-76-76-81-AB-31-41-F5-B0-1E-40-A4-0E-35-00-00-00-61-DF-E4-8B-CA-93-D2-11-AA-0D-00-E0-98-03-2B-8C-0A-00-00-00-00-00-00-00-01-00-00-00-00-00-00-00-53-00-65-00-63-00-75-00-72-00-65-00-42-00-6F-00-6F-00-74-00-01-07-00-00-00-01-00-00-80-01-00-00-00-0B-00-8C-48-9E-6B-77-1E-4B-F9-52-26-F2-D2-5C-9F-0F-91-E5-0E-51-05-2B-25-AA-9D-B5-34-A4-0D-9A-3A-C9-9F-9A-03-00-00-61-DF-E4-8B-CA-93-D2-11-AA-0D-00-E0-98-03-2B-8C-02-00-00-00-00-00-00-00-76-03-00-00-00-00-00-00-50-00-4B-00-A1-59-C0-A5-E4-94-A7-4A-87-B5-AB-15-5C-2B-F0-72-76-03-00-00-00-00-00-00-5A-03-00-00-91-30-05-3B-9F-6C-CC-04-B1-AC-E2-A5-1E-3B-E5-F5-30-82-03-46-30-82-02-2E-A0-03-02-01-02-02-10-53-41-E0-15-C4-3A-F8-A8-48-36-B9-A5-FF-69-14-88-30-0D-06-09-2A-86-48-86-F7-0D-01-01-0B-05-00-30-2D-31-2B-30-29-06-03-55-04-03-13-22-41-53-55-53-54-65-4B-20-4D-6F-74-68-65-72-42-6F-61-72-64-20-50-4B-20-43-65-72-74-69-66-69-63-61-74-65-30-1E-17-0D-31-31-31-32-32-36-32-33-33-34-35-30-5A-17-0D-33-31-31-32-32-36-32-33-33-34-34-39-5A-30-2D-31-2B-30-29-06-03-55-04-03-13-22-41-53-55-53-54-65-4B-20-4D-6F-74-68-65-72-42-6F-61-72-64-20-50-4B-20-43-65-72-74-69-66-69-63-61-74-65-30-82-01-22-30-0D-06-09-2A-86-48-86-F7-0D-01-01-01-05-00-03-82-01-0F-00-30-82-01-0A-02-82-01-01-00-D9-84-15-36-C5-D4-CE-8A-A1-56-16-A0-E8-74-CD-58-1E-2A-02-96-1B-C4-37-64-DA-8C-6A-24-84-CD-DC-C4-68-04-15-C7-E9-CF-20-A4-45-1A-42-F0-A3-9B-62-22-6E-2A-43-67-17-8D-4D-10-AA-F8-DD-F2-2A-9E-86-BA-91-D0-32-7E-95-BE-01-78-73-3A-D3-98-7E-19-F8-16-0E-27-CC-EA-C5-BE-B5-80-7E-E8-BC-A8-17-41-B3-EA-55-34-19-53-D7-7E-7D-50-C7-5A-B8-EF-54-F9-13-6E-AB-D6-45-CD-1D-02-94-E2-78-D7-88-A8-10-52-8D-7E-BA-F1-49-36-C0-68-70-F9-D5-0C-5A-FD-6B-1A-6F-88-C2-37-69-22-42-92-F3-9D-AE-EF-73-EC-F4-0F-32-42-64-C3-E9-B9-89-DD-06-E5-CC-2F-6B-F8-00-4E-91-64-F7-03-45-F0-4F-A4-11-83-E9-83-97-E9-A0-DC-2D-C8-03-56-B4-DF-61-A6-32-A5-8B-A6-1B-4E-D8-1C-A7-A3-F3-72-4E-72-F8-FE-69-49-CF-61-F2-E6-59-96-58-B8-14-7C-CA-F5-E5-6B-F0-6D-DA-F7-BC-08-5B-7F-57-E9-96-37-59-5A-70-79-57-0E-C8-82-C8-91-7B-67-F9-2D-02-03-01-00-01-A3-62-30-60-30-5E-06-03-55-1D-01-04-57-30-55-80-10-A2-8F-65-A6-6A-29-64-38-D8-D6-72-0D-3F-3D-E3-E9-A1-2F-30-2D-31-2B-30-29-06-03-55-04-03-13-22-41-53-55-53-54-65-4B-20-4D-6F-74-68-65-72-42-6F-61-72-64-20-50-4B-20-43-65-72-74-69-66-69-63-61-74-65-82-10-53-41-E0-15-C4-3A-F8-A8-48-36-B9-A5-FF-69-14-88-30-0D-06-09-2A-86-48-86-F7-0D-01-01-0B-05-00-03-82-01-01-00-73-27-1A-32-88-0E-DB-13-8D-F5-7E-FC-94-F2-1A-27-6B-C2-CA-79-D0-BA-B6-58-BC-DF-97-13-5A-4C-DC-A2-E4-90-39-7B-24-84-7D-2E-A3-95-96-39-A6-6B-C2-A6-51-38-6F-E5-0B-AF-C0-91-0A-90-3F-3E-5A-E4-79-16-98-96-32-94-49-AE-00-28-18-AA-EF-FB-54-95-93-C7-FC-E4-89-EF-96-00-CE-D6-C6-8A-4D-85-CA-9C-6C-FB-8A-A7-43-60-36-5E-73-97-17-2F-16-46-D0-CE-F0-A0-07-77-62-4D-15-0E-22-F6-91-71-1A-79-E1-85-1C-0B-2C-94-9F-9D-97-CF-49-B5-DD-EA-6A-E5-A7-61-EC-82-0D-95-E8-98-5C-E8-72-C6-DA-8D-DF-21-EC-05-30-0F-79-B8-AF-E9-B0-2B-C0-83-73-FE-BF-9D-4A-6D-DA-A5-A0-65-37-CF-2C-87-F1-2B-C6-A3-0E-92-64-57-1A-77-ED-D9-47-40-47-DA-EA-FF-23-98-D1-25-B9-72-F5-38-3A-B3-33-A5-5D-F1-44-DC-D8-63-7D-F9-2F-7D-F1-D1-D0-95-C0-A6-75-A8-70-C9-C4-2B-C0-45-04-D0-40-5B-75-7D-E2-B2-0A-3C-1E-64-22-30-D2-02-84-C5-B7-BB-07-00-00-00-01-00-00-80-01-00-00-00-0B-00-2B-AE-A0-FC-F3-EA-DB-F3-9E-CD-8A-4F-7C-5B-F8-0D-65-C7-5B-71-FE-00-CD-84-1C-51-5A-9D-B8-42-5E-9D-1B-0E-00-00-61-DF-E4-8B-CA-93-D2-11-AA-0D-00-E0-98-03-2B-8C-03-00-00-00-00-00-00-00-F5-0D-00-00-00-00-00-00-4B-00-45-00-4B-00-A1-59-C0-A5-E4-94-A7-4A-87-B5-AB-15-5C-2B-F0-72-79-03-00-00-00-00-00-00-5D-03-00-00-91-30-05-3B-9F-6C-CC-04-B1-AC-E2-A5-1E-3B-E5-F5-30-82-03-49-30-82-02-31-A0-03-02-01-02-02-10-31-1E-46-C5-16-00-A1-A4-40-F1-C1-50-E2-17-C2-71-30-0D-06-09-2A-86-48-86-F7-0D-01-01-0B-05-00-30-2E-31-2C-30-2A-06-03-55-04-03-13-23-41-53-55-53-54-65-4B-20-4D-6F-74-68-65-72-42-6F-61-72-64-20-4B-45-4B-20-43-65-72-74-69-66-69-63-61-74-65-30-1E-17-0D-31-31-31-32-32-36-32-33-33-34-35-39-5A-17-0D-33-31-31-32-32-36-32-33-33-34-35-38-5A-30-2E-31-2C-30-2A-06-03-55-04-03-13-23-41-53-55-53-54-65-4B-20-4D-6F-74-68-65-72-42-6F-61-72-64-20-4B-45-4B-20-43-65-72-74-69-66-69-63-61-74-65-30-82-01-22-30-0D-06-09-2A-86-48-86-F7-0D-01-01-01-05-00-03-82-01-0F-00-30-82-01-0A-02-82-01-01-00-89-09-84-DE-A7-21-16-1B-45-4D-9C-21-73-80-84-F6-D1-13-E7-92-A4-B5-1D-0A-E3-4B-C5-A3-00-9F-64-B9-80-0F-C2-14-16-D8-D7-9E-1E-AC-A4-2F-D8-E8-E2-37-23-D4-75-80-FA-A3-2A-DE-8C-35-25-75-F8-C6-77-36-F2-10-74-A9-8E-08-49-C7-D5-36-AB-82-FC-26-6B-53-A2-AB-75-A6-3E-C2-23-FB-05-4B-51-D1-73-CE-BF-DE-88-E5-96-0C-4A-1F-67-9A-81-E8-46-A8-09-45-12-2F-0F-29-39-E9-B1-29-2B-AC-0C-73-AA-FB-78-4B-D5-29-7E-35-2C-AA-84-2C-E3-62-79-D3-51-29-D6-EC-F2-E5-40-45-A0-9F-17-4E-B2-F0-DC-38-34-C3-C7-7C-F6-05-E8-27-A1-46-9B-06-8C-6F-23-0A-6A-97-EA-22-57-99-69-D3-7F-EB-2F-D9-59-21-26-06-5B-36-7D-1F-B3-87-05-6A-A5-FE-E2-AA-4D-8E-C8-36-57-63-BD-B8-EC-DC-8B-8B-A0-25-2A-4A-CC-83-9F-05-55-2B-64-4B-DF-10-06-E5-6A-0A-7D-D6-0C-9E-ED-A9-A7-AE-F1-26-A6-31-4C-4B-77-1D-EB-8D-50-CF-A8-D5-17-68-05-97-3A-DB-02-03-01-00-01-A3-63-30-61-30-5F-06-03-55-1D-01-04-58-30-56-80-10-59-15-D5-B5-69-8A-B8-9D-28-C8-72-DB-3F-5A-9C-F0-A1-30-30-2E-31-2C-30-2A-06-03-55-04-03-13-23-41-53-55-53-54-65-4B-20-4D-6F-74-68-65-72-42-6F-61-72-64-20-4B-45-4B-20-43-65-72-74-69-66-69-63-61-74-65-82-10-31-1E-46-C5-16-00-A1-A4-40-F1-C1-50-E2-17-C2-71-30-0D-06-09-2A-86-48-86-F7-0D-01-01-0B-05-00-03-82-01-01-00-21-58-30-4F-95-F5-9F-66-E6-02-0C-68-5E-FC-28-24-A7-8A-33-B7-31-81-26-65-3D-5B-C0-BA-A3-48-E5-A0-E8-1A-C9-A9-56-E1-06-85-87-56-97-F3-26-79-CC-B1-98-DB-74-1D-95-4C-3E-F9-DD-91-97-76-33-DB-B2-69-95-71-F2-5E-8B-9A-EC-37-0D-36-7C-30-6C-5C-99-17-10-49-C8-6D-B7-CE-17-F3-0C-2E-0A-72-8C-32-D0-10-8F-8B-76-DA-C5-06-B7-5B-11-CD-39-3C-68-71-6F-2A-B1-67-B4-6D-AE-C8-85-2D-8C-AE-9D-45-B7-E1-E1-71-08-8F-76-99-DD-BC-F8-EE-A7-B7-59-07-DB-F5-CA-56-98-8F-9F-79-3B-C3-38-12-F7-0C-6D-AD-83-4C-49-93-8F-82-90-04-E3-00-E7-DF-67-79-84-FE-AA-40-72-E1-37-0B-71-5A-FE-94-96-D1-F2-4C-5B-3B-3B-FC-D7-1B-A7-4D-E2-76-E6-CA-63-F9-C9-4B-4A-E7-92-2C-E4-B1-75-46-92-D7-91-6B-21-3D-38-E0-1D-7E-32-2A-28-2A-08-E5-F9-ED-14-F2-3C-58-9C-48-52-E0-83-43-A8-09-FE-3A-35-FB-26-BC-7B-87-CA-51-E5-24-24-30-5C-DC-A1-59-C0-A5-E4-94-A7-4A-87-B5-AB-15-5C-2B-F0-72-18-06-00-00-00-00-00-00-FC-05-00-00-BD-9A-FA-77-59-03-32-4D-BD-60-28-F4-E7-8F-78-4B-30-82-05-E8-30-82-03-D0-A0-03-02-01-02-02-0A-61-0A-D1-88-00-00-00-00-00-03-30-0D-06-09-2A-86-48-86-F7-0D-01-01-0B-05-00-30-81-91-31-0B-30-09-06-03-55-04-06-13-02-55-53-31-13-30-11-06-03-55-04-08-13-0A-57-61-73-68-69-6E-67-74-6F-6E-31-10-30-0E-06-03-55-04-07-13-07-52-65-64-6D-6F-6E-64-31-1E-30-1C-06-03-55-04-0A-13-15-4D-69-63-72-6F-73-6F-66-74-20-43-6F-72-70-6F-72-61-74-69-6F-6E-31-3B-30-39-06-03-55-04-03-13-32-4D-69-63-72-6F-73-6F-66-74-20-43-6F-72-70-6F-72-61-74-69-6F-6E-20-54-68-69-72-64-20-50-61-72-74-79-20-4D-61-72-6B-65-74-70-6C-61-63-65-20-52-6F-6F-74-30-1E-17-0D-31-31-30-36-32-34-32-30-34-31-32-39-5A-17-0D-32-36-30-36-32-34-32-30-35-31-32-39-5A-30-81-80-31-0B-30-09-06-03-55-04-06-13-02-55-53-31-13-30-11-06-03-55-04-08-13-0A-57-61-73-68-69-6E-67-74-6F-6E-31-10-30-0E-06-03-55-04-07-13-07-52-65-64-6D-6F-6E-64-31-1E-30-1C-06-03-55-04-0A-13-15-4D-69-63-72-6F-73-6F-66-74-20-43-6F-72-70-6F-72-61-74-69-6F-6E-31-2A-30-28-06-03-55-04-03-13-21-4D-69-63-72-6F-73-6F-66-74-20-43-6F-72-70-6F-72-61-74-69-6F-6E-20-4B-45-4B-20-43-41-20-32-30-31-31-30-82-01-22-30-0D-06-09-2A-86-48-86-F7-0D-01-01-01-05-00-03-82-01-0F-00-30-82-01-0A-02-82-01-01-00-C4-E8-B5-8A-BF-AD-57-26-B0-26-C3-EA-E7-FB-57-7A-44-02-5D-07-0D-DA-4A-E5-74-2A-E6-B0-0F-EC-6D-EB-EC-7F-B9-E3-5A-63-32-7C-11-17-4F-0E-E3-0B-A7-38-15-93-8E-C6-F5-E0-84-B1-9A-9B-2C-E7-F5-B7-91-D6-09-E1-E2-C0-04-A8-AC-30-1C-DF-48-F3-06-50-9A-64-A7-51-7F-C8-85-4F-8F-20-86-CE-FE-2F-E1-9F-FF-82-C0-ED-E9-CD-CE-F4-53-6A-62-3A-0B-43-B9-E2-25-FD-FE-05-F9-D4-C4-14-AB-11-E2-23-89-8D-70-B7-A4-1D-4D-EC-AE-E5-9C-FA-16-C2-D7-C1-CB-D4-E8-C4-2F-E5-99-EE-24-8B-03-EC-8D-F2-8B-EA-C3-4A-FB-43-11-12-0B-7E-B5-47-92-6C-DC-E6-04-89-EB-F5-33-04-EB-10-01-2A-71-E5-F9-83-13-3C-FF-25-09-2F-68-76-46-FF-BA-4F-BE-DC-AD-71-2A-58-AA-FB-0E-D2-79-3D-E4-9B-65-3B-CC-29-2A-9F-FC-72-59-A2-EB-AE-92-EF-F6-35-13-80-C6-02-EC-E4-5F-CC-9D-76-CD-EF-63-92-C1-AF-79-40-84-79-87-7F-E3-52-A8-E8-9D-7B-07-69-8F-15-02-03-01-00-01-A3-82-01-4F-30-82-01-4B-30-10-06-09-2B-06-01-04-01-82-37-15-01-04-03-02-01-00-30-1D-06-03-55-1D-0E-04-16-04-14-62-FC-43-CD-A0-3E-A4-CB-67-12-D2-5B-D9-55-AC-7B-CC-B6-8A-5F-30-19-06-09-2B-06-01-04-01-82-37-14-02-04-0C-1E-0A-00-53-00-75-00-62-00-43-00-41-30-0B-06-03-55-1D-0F-04-04-03-02-01-86-30-0F-06-03-55-1D-13-01-01-FF-04-05-30-03-01-01-FF-30-1F-06-03-55-1D-23-04-18-30-16-80-14-45-66-52-43-E1-7E-58-11-BF-D6-4E-9E-23-55-08-3B-3A-22-6A-A8-30-5C-06-03-55-1D-1F-04-55-30-53-30-51-A0-4F-A0-4D-86-4B-68-74-74-70-3A-2F-2F-63-72-6C-2E-6D-69-63-72-6F-73-6F-66-74-2E-63-6F-6D-2F-70-6B-69-2F-63-72-6C-2F-70-72-6F-64-75-63-74-73-2F-4D-69-63-43-6F-72-54-68-69-50-61-72-4D-61-72-52-6F-6F-5F-32-30-31-30-2D-31-30-2D-30-35-2E-63-72-6C-30-60-06-08-2B-06-01-05-05-07-01-01-04-54-30-52-30-50-06-08-2B-06-01-05-05-07-30-02-86-44-68-74-74-70-3A-2F-2F-77-77-77-2E-6D-69-63-72-6F-73-6F-66-74-2E-63-6F-6D-2F-70-6B-69-2F-63-65-72-74-73-2F-4D-69-63-43-6F-72-54-68-69-50-61-72-4D-61-72-52-6F-6F-5F-32-30-31-30-2D-31-30-2D-30-35-2E-63-72-74-30-0D-06-09-2A-86-48-86-F7-0D-01-01-0B-05-00-03-82-02-01-00-D4-84-88-F5-14-94-18-02-CA-2A-3C-FB-2A-92-1C-0C-D7-A0-D1-F1-E8-52-66-A8-EE-A2-B5-75-7A-90-00-AA-2D-A4-76-5A-EA-79-B7-B9-37-6A-51-7B-10-64-F6-E1-64-F2-02-67-BE-F7-A8-1B-78-BD-BA-CE-88-58-64-0C-D6-57-C8-19-A3-5F-05-D6-DB-C6-D0-69-CE-48-4B-32-B7-EB-5D-D2-30-F5-C0-F5-B8-BA-78-07-A3-2B-FE-9B-DB-34-56-84-EC-82-CA-AE-41-25-70-9C-6B-E9-FE-90-0F-D7-96-1F-E5-E7-94-1F-B2-2A-0C-8D-4B-FF-28-29-10-7B-F7-D7-7C-A5-D1-76-B9-05-C8-79-ED-0F-90-92-9C-C2-FE-DF-6F-7E-6C-0F-7B-D4-C1-45-DD-34-51-96-39-0F-E5-5E-56-D8-18-05-96-F4-07-A6-42-B3-A0-77-FD-08-19-F2-71-56-CC-9F-86-23-A4-87-CB-A6-FD-58-7E-D4-69-67-15-91-7E-81-F2-7F-13-E5-0D-8B-8A-3C-87-84-EB-E3-CE-BD-43-E5-AD-2D-84-93-8E-6A-2B-5A-7C-44-FA-52-AA-81-C8-2D-1C-BB-E0-52-DF-00-11-F8-9A-3D-C1-60-B0-E1-33-B5-A3-88-D1-65-19-0A-1A-E7-AC-7C-A4-C1-82-87-4E-38-B1-2F-0D-C5-14-87-6F-FD-8D-2E-BC-39-B6-E7-E6-C3-E0-E4-CD-27-84-EF-94-42-EF-29-8B-90-46-41-3B-81-1B-67-D8-F9-43-59-65-CB-0D-BC-FD-00-92-4F-F4-75-3B-A7-A9-24-FC-50-41-40-79-E0-2D-4F-0A-6A-27-76-6E-52-ED-96-69-7B-AF-0F-F7-87-05-D0-45-C2-AD-53-14-81-1F-FB-30-04-AA-37-36-61-DA-4A-69-1B-34-D8-68-ED-D6-02-CF-6C-94-0C-D3-CF-6C-22-79-AD-B1-F0-BC-03-A2-46-60-A9-C4-07-C2-21-82-F1-FD-F2-E8-79-32-60-BF-D8-AC-A5-22-14-4B-CA-C1-D8-4B-EB-7D-3F-57-35-B2-E6-4F-75-B4-B0-60-03-22-53-AE-91-79-1D-D6-9B-41-1F-15-86-54-70-B2-DE-0D-35-0F-7C-B0-34-72-BA-97-60-3B-F0-79-EB-A2-B2-1C-5D-A2-16-B8-87-C5-E9-1B-F6-B5-97-25-6F-38-9F-E3-91-FA-8A-79-98-C3-69-0E-B7-A3-1C-20-05-97-F8-CA-14-AE-00-D7-C4-F3-C0-14-10-75-6B-34-A0-1B-B5-99-60-F3-5C-B0-C5-57-4E-36-D2-32-84-BF-9E-A1-59-C0-A5-E4-94-A7-4A-87-B5-AB-15-5C-2B-F0-72-64-04-00-00-00-00-00-00-48-04-00-00-E4-0A-C4-6D-E8-2E-4C-9C-A3-14-0F-C7-B2-00-87-10-30-82-04-34-30-82-03-1C-A0-03-02-01-02-02-09-00-B9-41-24-A0-18-2C-92-67-30-0D-06-09-2A-86-48-86-F7-0D-01-01-0B-05-00-30-81-84-31-0B-30-09-06-03-55-04-06-13-02-47-42-31-14-30-12-06-03-55-04-08-0C-0B-49-73-6C-65-20-6F-66-20-4D-61-6E-31-10-30-0E-06-03-55-04-07-0C-07-44-6F-75-67-6C-61-73-31-17-30-15-06-03-55-04-0A-0C-0E-43-61-6E-6F-6E-69-63-61-6C-20-4C-74-64-2E-31-34-30-32-06-03-55-04-03-0C-2B-43-61-6E-6F-6E-69-63-61-6C-20-4C-74-64-2E-20-4D-61-73-74-65-72-20-43-65-72-74-69-66-69-63-61-74-65-20-41-75-74-68-6F-72-69-74-79-30-1E-17-0D-31-32-30-34-31-32-31-31-31-32-35-31-5A-17-0D-34-32-30-34-31-31-31-31-31-32-35-31-5A-30-81-84-31-0B-30-09-06-03-55-04-06-13-02-47-42-31-14-30-12-06-03-55-04-08-0C-0B-49-73-6C-65-20-6F-66-20-4D-61-6E-31-10-30-0E-06-03-55-04-07-0C-07-44-6F-75-67-6C-61-73-31-17-30-15-06-03-55-04-0A-0C-0E-43-61-6E-6F-6E-69-63-61-6C-20-4C-74-64-2E-31-34-30-32-06-03-55-04-03-0C-2B-43-61-6E-6F-6E-69-63-61-6C-20-4C-74-64-2E-20-4D-61-73-74-65-72-20-43-65-72-74-69-66-69-63-61-74-65-20-41-75-74-68-6F-72-69-74-79-30-82-01-22-30-0D-06-09-2A-86-48-86-F7-0D-01-01-01-05-00-03-82-01-0F-00-30-82-01-0A-02-82-01-01-00-BF-5B-3A-16-74-EE-21-5D-AE-61-ED-9D-56-AC-BD-DE-DE-72-F3-DD-7E-2D-4C-62-0F-AC-C0-6D-48-08-11-CF-8D-8B-FB-61-1F-27-CC-11-6E-D9-55-3D-39-54-EB-40-3B-B1-BB-E2-85-34-79-CA-F7-7B-BF-BA-7A-C8-10-2D-19-7D-AD-59-CF-A6-D4-E9-4E-0F-DA-AE-52-EA-4C-9E-90-CE-C6-99-0D-4E-67-65-78-5D-F9-D1-D5-38-4A-4A-7A-8F-93-9C-7F-1A-A3-85-DB-CE-FA-8B-F7-C2-A2-21-2D-9B-54-41-35-10-57-13-8D-6C-BC-29-06-50-4A-7E-EA-99-A9-68-A7-3B-C7-07-1B-32-9E-A0-19-87-0E-79-BB-68-99-2D-7E-93-52-E5-F6-EB-C9-9B-F9-2B-ED-B8-68-49-BC-D9-95-50-40-5B-C5-B2-71-AA-EB-5C-57-DE-71-F9-40-0A-DD-5B-AC-1E-84-2D-50-1A-52-D6-E1-F3-6B-6E-90-64-4F-5B-B4-EB-20-E4-61-10-DA-5A-F0-EA-E4-42-D7-01-C4-FE-21-1F-D9-B9-C0-54-95-42-81-52-72-1F-49-64-7A-C8-6C-24-F1-08-70-0B-4D-A5-A0-32-D1-A0-1C-57-A8-4D-E3-AF-A5-8E-05-05-3E-10-43-A1-02-03-01-00-01-A3-81-A6-30-81-A3-30-1D-06-03-55-1D-0E-04-16-04-14-AD-91-99-0B-C2-2A-B1-F5-17-04-8C-23-B6-65-5A-26-8E-34-5A-63-30-1F-06-03-55-1D-23-04-18-30-16-80-14-AD-91-99-0B-C2-2A-B1-F5-17-04-8C-23-B6-65-5A-26-8E-34-5A-63-30-0F-06-03-55-1D-13-01-01-FF-04-05-30-03-01-01-FF-30-0B-06-03-55-1D-0F-04-04-03-02-01-86-30-43-06-03-55-1D-1F-04-3C-30-3A-30-38-A0-36-A0-34-86-32-68-74-74-70-3A-2F-2F-77-77-77-2E-63-61-6E-6F-6E-69-63-61-6C-2E-63-6F-6D-2F-73-65-63-75-72-65-2D-62-6F-6F-74-2D-6D-61-73-74-65-72-2D-63-61-2E-63-72-6C-30-0D-06-09-2A-86-48-86-F7-0D-01-01-0B-05-00-03-82-01-01-00-3F-7D-F6-76-A5-B3-83-B4-2B-7A-D0-6D-52-1A-03-83-C4-12-A7-50-9C-47-92-CC-C0-94-77-82-D2-AE-57-B3-99-04-F5-32-3A-C6-55-1D-07-DB-12-A9-56-FA-D8-D4-76-20-EB-E4-C3-51-DB-9A-5C-9C-92-3F-18-73-DA-94-6A-A1-99-38-8C-A4-88-6D-C1-FC-39-71-D0-74-76-16-03-3E-56-23-35-D5-55-47-5B-1A-1D-41-C2-D3-12-4C-DC-FF-AE-0A-92-9C-62-0A-17-01-9C-73-E0-5E-B1-FD-BC-D6-B5-19-11-7A-7E-CD-3E-03-7E-66-DB-5B-A8-C9-39-48-51-FF-53-E1-9C-31-53-91-1B-3B-10-75-03-17-BA-E6-81-02-80-94-70-4C-46-B7-94-B0-3D-15-CD-1F-8E-02-E0-68-02-8F-FB-F9-47-1D-7D-A2-01-C6-07-51-C4-9A-CC-ED-DD-CF-A3-5D-ED-92-BB-BE-D1-FD-E6-EC-1F-33-51-73-04-BE-3C-72-B0-7D-08-F8-01-FF-98-7D-CB-9C-E0-69-39-77-25-47-71-88-B1-8D-27-A5-2E-A8-F7-3F-5F-80-69-97-3E-A9-F4-99-14-DB-CE-03-0E-0B-66-C4-1C-6D-BD-B8-27-77-C1-42-94-BD-FC-6A-0A-BC-07-00-00-00-01-00-00-80-01-00-00-00-0B-00-5B-46-3B-6C-9B-68-D0-73-CA-57-C5-0C-08-B4-D7-D4-3E-A0-88-1F-0C-9A-91-D8-77-48-FE-5E-44-88-20-8A-D6-18-00-00-CB-B2-19-D7-3A-3D-96-45-A3-BC-DA-D0-0E-67-65-6F-02-00-00-00-00-00-00-00-B2-18-00-00-00-00-00-00-64-00-62-00-A1-59-C0-A5-E4-94-A7-4A-87-B5-AB-15-5C-2B-F0-72-82-03-00-00-00-00-00-00-66-03-00-00-91-30-05-3B-9F-6C-CC-04-B1-AC-E2-A5-1E-3B-E5-F5-30-82-03-52-30-82-02-3A-A0-03-02-01-02-02-10-DA-83-B9-90-42-2E-BC-8C-44-1F-8D-8B-03-9A-65-A2-30-0D-06-09-2A-86-48-86-F7-0D-01-01-0B-05-00-30-31-31-2F-30-2D-06-03-55-04-03-13-26-41-53-55-53-54-65-4B-20-4D-6F-74-68-65-72-42-6F-61-72-64-20-53-57-20-4B-65-79-20-43-65-72-74-69-66-69-63-61-74-65-30-1E-17-0D-31-31-31-32-32-36-32-33-33-35-30-35-5A-17-0D-33-31-31-32-32-36-32-33-33-35-30-34-5A-30-31-31-2F-30-2D-06-03-55-04-03-13-26-41-53-55-53-54-65-4B-20-4D-6F-74-68-65-72-42-6F-61-72-64-20-53-57-20-4B-65-79-20-43-65-72-74-69-66-69-63-61-74-65-30-82-01-22-30-0D-06-09-2A-86-48-86-F7-0D-01-01-01-05-00-03-82-01-0F-00-30-82-01-0A-02-82-01-01-00-8C-F6-A6-EB-77-FC-83-8A-A4-9F-D5-F8-CF-3F-37-F2-6E-2D-0A-62-C5-D8-9B-1D-16-0B-22-7F-29-5F-3A-26-DF-53-97-8C-78-94-19-90-42-73-0F-85-C2-FF-A4-85-7C-81-2E-0B-51-BA-56-23-27-92-3D-A3-F2-DC-E2-77-84-9E-50-BE-8A-EB-51-34-A4-F8-EF-5D-D7-51-FE-70-42-4C-42-06-EF-69-2C-A2-D3-25-E1-26-57-23-85-6D-D0-A7-7B-C0-45-28-7E-89-D5-B4-0A-EB-AF-41-79-21-D2-D7-00-EC-48-F9-44-F6-5B-BE-B6-25-24-F0-8E-2E-B4-52-3E-E1-0E-C1-A4-67-EA-FE-E5-93-CC-B9-C4-36-21-CB-54-FA-AF-9D-9C-85-78-CC-E5-88-F3-84-0C-67-DB-26-69-58-CA-DE-47-34-EC-CF-2F-B6-49-59-B5-56-DB-58-45-7B-21-9D-99-0B-5F-DE-57-16-A6-AB-C8-79-3F-9D-76-89-E2-09-F9-8D-E2-63-37-FC-74-EA-73-7E-70-AC-15-16-A5-ED-88-60-5F-33-ED-94-9E-0A-05-DE-C7-85-C3-C1-7A-54-FB-4E-CB-CB-E8-5E-44-7C-39-DB-2D-B2-B7-6C-CE-CA-2F-63-9D-16-4E-A6-E5-EF-D6-CF-02-03-01-00-01-A3-66-30-64-30-62-06-03-55-1D-01-04-5B-30-59-80-10-56-B0-8B-2A-A7-FE-CC-F1-0C-ED-87-62-DC-D5-1D-C3-A1-33-30-31-31-2F-30-2D-06-03-55-04-03-13-26-41-53-55-53-54-65-4B-20-4D-6F-74-68-65-72-42-6F-61-72-64-20-53-57-20-4B-65-79-20-43-65-72-74-69-66-69-63-61-74-65-82-10-DA-83-B9-90-42-2E-BC-8C-44-1F-8D-8B-03-9A-65-A2-30-0D-06-09-2A-86-48-86-F7-0D-01-01-0B-05-00-03-82-01-01-00-02-CF-52-6F-0B-91-EB-E4-3B-B2-70-0C-07-2D-79-80-01-9E-4B-4D-92-BB-DC-9E-E5-E5-31-85-E3-9A-75-ED-CA-DE-8C-EE-28-34-01-83-14-47-9E-3A-D4-43-5B-2C-C4-41-C8-40-7D-B5-08-76-86-80-2B-A8-00-9F-B7-D3-B1-E6-60-5C-32-B0-A0-01-0F-BA-36-8B-B7-B5-4E-87-D5-B7-0A-2C-BD-BC-6A-43-3C-EE-76-7C-76-20-ED-39-91-A8-BF-70-1E-D6-A8-1A-3E-81-36-6B-7D-1D-8D-F6-F8-AF-5B-38-53-6A-04-0D-7E-AE-4D-EE-AB-02-D4-A4-A2-A9-CF-B6-E3-66-A3-CA-4D-5D-D4-18-61-4D-DA-83-28-4E-AA-2A-AF-DA-EB-DF-2A-20-BD-78-80-EF-D1-B0-DD-9B-77-DB-C9-25-39-4B-CF-A2-86-1A-AC-CC-32-E7-87-D4-59-B2-03-C4-69-02-8F-17-C9-DE-52-CB-E7-AB-B8-35-C5-F8-33-06-03-93-52-CF-B3-68-D2-B3-5C-1C-E8-19-FE-75-26-ED-D1-65-72-13-4D-69-34-5A-9B-0C-B4-E3-56-53-3C-B4-67-27-F8-FA-D3-20-DA-37-58-F6-AD-E2-82-59-A2-B8-22-2F-9E-56-FE-BC-17-49-1D-AF-A1-59-C0-A5-E4-94-A7-4A-87-B5-AB-15-5C-2B-F0-72-79-03-00-00-00-00-00-00-5D-03-00-00-91-30-05-3B-9F-6C-CC-04-B1-AC-E2-A5-1E-3B-E5-F5-30-82-03-49-30-82-02-31-A0-03-02-01-02-02-10-B8-E5-81-E4-DF-77-A5-BB-42-82-D5-CC-FC-00-C0-71-30-0D-06-09-2A-86-48-86-F7-0D-01-01-0B-05-00-30-2E-31-2C-30-2A-06-03-55-04-03-13-23-41-53-55-53-54-65-4B-20-4E-6F-74-65-62-6F-6F-6B-20-53-57-20-4B-65-79-20-43-65-72-74-69-66-69-63-61-74-65-30-1E-17-0D-31-31-31-32-32-37-30-30-31-38-35-33-5A-17-0D-33-31-31-32-32-37-30-30-31-38-35-32-5A-30-2E-31-2C-30-2A-06-03-55-04-03-13-23-41-53-55-53-54-65-4B-20-4E-6F-74-65-62-6F-6F-6B-20-53-57-20-4B-65-79-20-43-65-72-74-69-66-69-63-61-74-65-30-82-01-22-30-0D-06-09-2A-86-48-86-F7-0D-01-01-01-05-00-03-82-01-0F-00-30-82-01-0A-02-82-01-01-00-9E-61-FA-74-2C-2A-88-17-C4-BD-77-19-0D-B3-33-27-0C-0E-94-EC-B0-8B-71-B3-08-77-B7-D2-08-9D-32-4F-5C-F7-0C-CF-E0-29-53-56-ED-24-91-D8-BD-53-2A-89-89-8C-74-28-AB-16-2D-4F-9B-65-FC-63-7D-ED-23-B6-97-5C-6D-04-E4-15-7F-DC-F8-BA-6B-08-CC-C9-21-E9-B5-DE-8E-03-28-12-63-F0-6A-B6-E5-DF-1D-72-28-CC-64-D6-63-66-2F-04-52-6A-1D-25-7D-C7-BD-E0-78-FB-0C-B7-37-E5-AE-F7-0D-D6-B5-B4-BF-F5-F1-C6-82-56-78-5C-A8-F3-53-2E-F5-EC-15-3F-12-62-2F-EB-B6-79-79-86-AC-76-FF-B6-66-45-F5-33-DA-DD-25-D6-A7-BF-F8-D9-DB-D3-F1-FA-CE-0E-22-30-D7-D4-80-02-BD-D3-2C-1E-EC-46-2E-2F-CA-0F-7A-FA-B9-5C-FF-2B-16-C6-6A-6B-8D-94-64-92-7E-F9-55-EE-96-00-4D-04-2E-4B-15-ED-F1-08-49-6A-07-86-69-C8-C5-64-FA-AD-2C-4F-02-50-E4-1F-83-C7-2F-19-9F-E8-A5-62-D9-51-32-18-B6-83-CA-08-0A-A1-AB-A7-65-70-9C-1E-48-C3-0F-49-02-03-01-00-01-A3-63-30-61-30-5F-06-03-55-1D-01-04-58-30-56-80-10-00-65-11-E3-CA-0F-96-E8-8D-5B-04-A4-E7-FE-CE-AA-A1-30-30-2E-31-2C-30-2A-06-03-55-04-03-13-23-41-53-55-53-54-65-4B-20-4E-6F-74-65-62-6F-6F-6B-20-53-57-20-4B-65-79-20-43-65-72-74-69-66-69-63-61-74-65-82-10-B8-E5-81-E4-DF-77-A5-BB-42-82-D5-CC-FC-00-C0-71-30-0D-06-09-2A-86-48-86-F7-0D-01-01-0B-05-00-03-82-01-01-00-31-18-F4-EE-E3-72-BA-BE-33-44-61-74-19-1F-66-AC-5C-FD-1D-9A-26-75-D0-14-CD-68-38-B3-A8-3F-4F-B4-4A-E9-1E-21-F2-C9-EE-37-96-26-BE-1D-58-9B-AD-21-CE-58-79-53-D3-FF-38-EF-8F-22-CD-90-0E-C6-32-21-75-9B-5A-AB-AF-08-FF-05-CD-2B-F8-8C-E7-97-47-BB-78-E4-5F-56-47-D2-BC-C8-A5-95-CB-76-89-5C-65-24-02-18-06-9C-12-5F-EF-E0-5C-19-45-38-96-DF-7A-60-5D-61-BA-4D-C8-7B-6E-8D-8C-6E-1D-A9-E5-92-35-A2-4F-36-D3-40-AD-D7-40-12-AB-6C-48-8D-18-92-E4-00-52-03-DF-14-AC-66-3F-6A-AE-42-3A-06-50-AA-A5-0D-40-A7-7B-EB-FD-41-49-FF-EB-A3-B4-50-4F-F7-54-13-3B-1F-8E-B4-45-04-20-42-74-FE-78-3D-BE-7C-DB-A7-2A-2A-9D-06-48-C0-9A-02-23-AF-F2-98-07-95-DE-3B-30-73-EC-3E-73-58-8F-07-53-40-96-D8-24-D9-66-80-7A-75-8D-B7-39-27-10-89-7A-B4-53-BF-3B-C2-E2-97-93-37-8A-9D-4D-23-6E-AC-EB-0D-53-21-4D-0B-34-13-A1-59-C0-A5-E4-94-A7-4A-87-B5-AB-15-5C-2B-F0-72-40-06-00-00-00-00-00-00-24-06-00-00-BD-9A-FA-77-59-03-32-4D-BD-60-28-F4-E7-8F-78-4B-30-82-06-10-30-82-03-F8-A0-03-02-01-02-02-0A-61-08-D3-C4-00-00-00-00-00-04-30-0D-06-09-2A-86-48-86-F7-0D-01-01-0B-05-00-30-81-91-31-0B-30-09-06-03-55-04-06-13-02-55-53-31-13-30-11-06-03-55-04-08-13-0A-57-61-73-68-69-6E-67-74-6F-6E-31-10-30-0E-06-03-55-04-07-13-07-52-65-64-6D-6F-6E-64-31-1E-30-1C-06-03-55-04-0A-13-15-4D-69-63-72-6F-73-6F-66-74-20-43-6F-72-70-6F-72-61-74-69-6F-6E-31-3B-30-39-06-03-55-04-03-13-32-4D-69-63-72-6F-73-6F-66-74-20-43-6F-72-70-6F-72-61-74-69-6F-6E-20-54-68-69-72-64-20-50-61-72-74-79-20-4D-61-72-6B-65-74-70-6C-61-63-65-20-52-6F-6F-74-30-1E-17-0D-31-31-30-36-32-37-32-31-32-32-34-35-5A-17-0D-32-36-30-36-32-37-32-31-33-32-34-35-5A-30-81-81-31-0B-30-09-06-03-55-04-06-13-02-55-53-31-13-30-11-06-03-55-04-08-13-0A-57-61-73-68-69-6E-67-74-6F-6E-31-10-30-0E-06-03-55-04-07-13-07-52-65-64-6D-6F-6E-64-31-1E-30-1C-06-03-55-04-0A-13-15-4D-69-63-72-6F-73-6F-66-74-20-43-6F-72-70-6F-72-61-74-69-6F-6E-31-2B-30-29-06-03-55-04-03-13-22-4D-69-63-72-6F-73-6F-66-74-20-43-6F-72-70-6F-72-61-74-69-6F-6E-20-55-45-46-49-20-43-41-20-32-30-31-31-30-82-01-22-30-0D-06-09-2A-86-48-86-F7-0D-01-01-01-05-00-03-82-01-0F-00-30-82-01-0A-02-82-01-01-00-A5-08-6C-4C-C7-45-09-6A-4B-0C-A4-C0-87-7F-06-75-0C-43-01-54-64-E0-16-7F-07-ED-92-7D-0B-B2-73-BF-0C-0A-C6-4A-45-61-A0-C5-16-2D-96-D3-F5-2B-A0-FB-4D-49-9B-41-80-90-3C-B9-54-FD-E6-BC-D1-9D-C4-A4-18-8A-7F-41-8A-5C-59-83-68-32-BB-8C-47-C9-EE-71-BC-21-4F-9A-8A-7C-FF-44-3F-8D-8F-32-B2-26-48-AE-75-B5-EE-C9-4C-1E-4A-19-7E-E4-82-9A-1D-78-77-4D-0C-B0-BD-F6-0F-D3-16-D3-BC-FA-2B-A5-51-38-5D-F5-FB-BA-DB-78-02-DB-FF-EC-0A-1B-96-D5-83-B8-19-13-E9-B6-C0-7B-40-7B-E1-1F-28-27-C9-FA-EF-56-5E-1C-E6-7E-94-7E-C0-F0-44-B2-79-39-E5-DA-B2-62-8B-4D-BF-38-70-E2-68-24-14-C9-33-A4-08-37-D5-58-69-5E-D3-7C-ED-C1-04-53-08-E7-4E-B0-2A-87-63-08-61-6F-63-15-59-EA-B2-2B-79-D7-0C-61-67-8A-5B-FD-5E-AD-87-7F-BA-86-67-4F-71-58-12-22-04-22-22-CE-8B-EF-54-71-00-CE-50-35-58-76-95-08-EE-6A-B1-A2-01-D5-02-03-01-00-01-A3-82-01-76-30-82-01-72-30-12-06-09-2B-06-01-04-01-82-37-15-01-04-05-02-03-01-00-01-30-23-06-09-2B-06-01-04-01-82-37-15-02-04-16-04-14-F8-C1-6B-B7-7F-77-53-4A-F3-25-37-1D-4E-A1-26-7B-0F-20-70-80-30-1D-06-03-55-1D-0E-04-16-04-14-13-AD-BF-43-09-BD-82-70-9C-8C-D5-4F-31-6E-D5-22-98-8A-1B-D4-30-19-06-09-2B-06-01-04-01-82-37-14-02-04-0C-1E-0A-00-53-00-75-00-62-00-43-00-41-30-0B-06-03-55-1D-0F-04-04-03-02-01-86-30-0F-06-03-55-1D-13-01-01-FF-04-05-30-03-01-01-FF-30-1F-06-03-55-1D-23-04-18-30-16-80-14-45-66-52-43-E1-7E-58-11-BF-D6-4E-9E-23-55-08-3B-3A-22-6A-A8-30-5C-06-03-55-1D-1F-04-55-30-53-30-51-A0-4F-A0-4D-86-4B-68-74-74-70-3A-2F-2F-63-72-6C-2E-6D-69-63-72-6F-73-6F-66-74-2E-63-6F-6D-2F-70-6B-69-2F-63-72-6C-2F-70-72-6F-64-75-63-74-73-2F-4D-69-63-43-6F-72-54-68-69-50-61-72-4D-61-72-52-6F-6F-5F-32-30-31-30-2D-31-30-2D-30-35-2E-63-72-6C-30-60-06-08-2B-06-01-05-05-07-01-01-04-54-30-52-30-50-06-08-2B-06-01-05-05-07-30-02-86-44-68-74-74-70-3A-2F-2F-77-77-77-2E-6D-69-63-72-6F-73-6F-66-74-2E-63-6F-6D-2F-70-6B-69-2F-63-65-72-74-73-2F-4D-69-63-43-6F-72-54-68-69-50-61-72-4D-61-72-52-6F-6F-5F-32-30-31-30-2D-31-30-2D-30-35-2E-63-72-74-30-0D-06-09-2A-86-48-86-F7-0D-01-01-0B-05-00-03-82-02-01-00-35-08-42-FF-30-CC-CE-F7-76-0C-AD-10-68-58-35-29-46-32-76-27-7C-EF-12-41-27-42-1B-4A-AA-6D-81-38-48-59-13-55-F3-E9-58-34-A6-16-0B-82-AA-5D-AD-82-DA-80-83-41-06-8F-B4-1D-F2-03-B9-F3-1A-5D-1B-F1-50-90-F9-B3-55-84-42-28-1C-20-BD-B2-AE-51-14-C5-C0-AC-97-95-21-1C-90-DB-0F-FC-77-9E-95-73-91-88-CA-BD-BD-52-B9-05-50-0D-DF-57-9E-A0-61-ED-0D-E5-6D-25-D9-40-0F-17-40-C8-CE-A3-4A-C2-4D-AF-9A-12-1D-08-54-8F-BD-C7-BC-B9-2B-3D-49-2B-1F-32-FC-6A-21-69-4F-9B-C8-7E-42-34-FC-36-06-17-8B-8F-20-40-C0-B3-9A-25-75-27-CD-C9-03-A3-F6-5D-D1-E7-36-54-7A-B9-50-B5-D3-12-D1-07-BF-BB-74-DF-DC-1E-8F-80-D5-ED-18-F4-2F-14-16-6B-2F-DE-66-8C-B0-23-E5-C7-84-D8-ED-EA-C1-33-82-AD-56-4B-18-2D-F1-68-95-07-CD-CF-F0-72-F0-AE-BB-DD-86-85-98-2C-21-4C-33-2B-F0-0F-4A-F0-68-87-B5-92-55-32-75-A1-6A-82-6A-3C-A3-25-11-A4-ED-AD-D7-04-AE-CB-D8-40-59-A0-84-D1-95-4C-62-91-22-1A-74-1D-8C-3D-47-0E-44-A6-E4-B0-9B-34-35-B1-FA-B6-53-A8-2C-81-EC-A4-05-71-C8-9D-B8-BA-E8-1B-44-66-E4-47-54-0E-8E-56-7F-B3-9F-16-98-B2-86-D0-68-3E-90-23-B5-2F-5E-8F-50-85-8D-C6-8D-82-5F-41-A1-F4-2E-0D-E0-99-D2-6C-75-E4-B6-69-B5-21-86-FA-07-D1-F6-E2-4D-D1-DA-AD-2C-77-53-1E-25-32-37-C7-6C-52-72-95-86-B0-F1-35-61-6A-19-F5-B2-3B-81-50-56-A6-32-2D-FE-A2-89-F9-42-86-27-18-55-A1-82-CA-5A-9B-F8-30-98-54-14-A6-47-96-25-2F-C8-26-E4-41-94-1A-5C-02-3F-E5-96-E3-85-5B-3C-3E-3F-BB-47-16-72-55-E2-25-22-B1-D9-7B-E7-03-06-2A-A3-F7-1E-90-46-C3-00-0D-D6-19-89-E3-0E-35-27-62-03-71-15-A6-EF-D0-27-A0-A0-59-37-60-F8-38-94-B8-E0-78-70-F8-BA-4C-86-87-94-F6-E0-AE-02-45-EE-65-C2-B6-A3-7E-69-16-75-07-92-9B-F5-A6-BC-59-83-58-A1-59-C0-A5-E4-94-A7-4A-87-B5-AB-15-5C-2B-F0-72-07-06-00-00-00-00-00-00-EB-05-00-00-BD-9A-FA-77-59-03-32-4D-BD-60-28-F4-E7-8F-78-4B-30-82-05-D7-30-82-03-BF-A0-03-02-01-02-02-0A-61-07-76-56-00-00-00-00-00-08-30-0D-06-09-2A-86-48-86-F7-0D-01-01-0B-05-00-30-81-88-31-0B-30-09-06-03-55-04-06-13-02-55-53-31-13-30-11-06-03-55-04-08-13-0A-57-61-73-68-69-6E-67-74-6F-6E-31-10-30-0E-06-03-55-04-07-13-07-52-65-64-6D-6F-6E-64-31-1E-30-1C-06-03-55-04-0A-13-15-4D-69-63-72-6F-73-6F-66-74-20-43-6F-72-70-6F-72-61-74-69-6F-6E-31-32-30-30-06-03-55-04-03-13-29-4D-69-63-72-6F-73-6F-66-74-20-52-6F-6F-74-20-43-65-72-74-69-66-69-63-61-74-65-20-41-75-74-68-6F-72-69-74-79-20-32-30-31-30-30-1E-17-0D-31-31-31-30-31-39-31-38-34-31-34-32-5A-17-0D-32-36-31-30-31-39-31-38-35-31-34-32-5A-30-81-84-31-0B-30-09-06-03-55-04-06-13-02-55-53-31-13-30-11-06-03-55-04-08-13-0A-57-61-73-68-69-6E-67-74-6F-6E-31-10-30-0E-06-03-55-04-07-13-07-52-65-64-6D-6F-6E-64-31-1E-30-1C-06-03-55-04-0A-13-15-4D-69-63-72-6F-73-6F-66-74-20-43-6F-72-70-6F-72-61-74-69-6F-6E-31-2E-30-2C-06-03-55-04-03-13-25-4D-69-63-72-6F-73-6F-66-74-20-57-69-6E-64-6F-77-73-20-50-72-6F-64-75-63-74-69-6F-6E-20-50-43-41-20-32-30-31-31-30-82-01-22-30-0D-06-09-2A-86-48-86-F7-0D-01-01-01-05-00-03-82-01-0F-00-30-82-01-0A-02-82-01-01-00-DD-0C-BB-A2-E4-2E-09-E3-E7-C5-F7-96-69-BC-00-21-BD-69-33-33-EF-AD-04-CB-54-80-EE-06-83-BB-C5-20-84-D9-F7-D2-8B-F3-38-B0-AB-A4-AD-2D-7C-62-79-05-FF-E3-4A-3F-04-35-20-70-E3-C4-E7-6B-E0-9C-C0-36-75-E9-8A-31-DD-8D-70-E5-DC-37-B5-74-46-96-28-5B-87-60-23-2C-BF-DC-47-A5-67-F7-51-27-9E-72-EB-07-A6-C9-B9-1E-3B-53-35-7C-E5-D3-EC-27-B9-87-1C-FE-B9-C9-23-09-6F-A8-46-91-C1-6E-96-3C-41-D3-CB-A3-3F-5D-02-6A-4D-EC-69-1F-25-28-5C-36-FF-FD-43-15-0A-94-E0-19-B4-CF-DF-C2-12-E2-C2-5B-27-EE-27-78-30-8B-5B-2A-09-6B-22-89-53-60-16-2C-C0-68-1D-53-BA-EC-49-F3-9D-61-8C-85-68-09-73-44-5D-7D-A2-54-2B-DD-79-F7-15-CF-35-5D-6C-1C-2B-5C-CE-BC-9C-23-8B-6F-6E-B5-26-D9-36-13-C3-4F-D6-27-AE-B9-32-3B-41-92-2C-E1-C7-CD-77-E8-AA-54-4E-F7-5C-0B-04-87-65-B4-43-18-A8-B2-E0-6D-19-77-EC-5A-24-FA-48-03-02-03-01-00-01-A3-82-01-43-30-82-01-3F-30-10-06-09-2B-06-01-04-01-82-37-15-01-04-03-02-01-00-30-1D-06-03-55-1D-0E-04-16-04-14-A9-29-02-39-8E-16-C4-97-78-CD-90-F9-9E-4F-9A-E1-7C-55-AF-53-30-19-06-09-2B-06-01-04-01-82-37-14-02-04-0C-1E-0A-00-53-00-75-00-62-00-43-00-41-30-0B-06-03-55-1D-0F-04-04-03-02-01-86-30-0F-06-03-55-1D-13-01-01-FF-04-05-30-03-01-01-FF-30-1F-06-03-55-1D-23-04-18-30-16-80-14-D5-F6-56-CB-8F-E8-A2-5C-62-68-D1-3D-94-90-5B-D7-CE-9A-18-C4-30-56-06-03-55-1D-1F-04-4F-30-4D-30-4B-A0-49-A0-47-86-45-68-74-74-70-3A-2F-2F-63-72-6C-2E-6D-69-63-72-6F-73-6F-66-74-2E-63-6F-6D-2F-70-6B-69-2F-63-72-6C-2F-70-72-6F-64-75-63-74-73-2F-4D-69-63-52-6F-6F-43-65-72-41-75-74-5F-32-30-31-30-2D-30-36-2D-32-33-2E-63-72-6C-30-5A-06-08-2B-06-01-05-05-07-01-01-04-4E-30-4C-30-4A-06-08-2B-06-01-05-05-07-30-02-86-3E-68-74-74-70-3A-2F-2F-77-77-77-2E-6D-69-63-72-6F-73-6F-66-74-2E-63-6F-6D-2F-70-6B-69-2F-63-65-72-74-73-2F-4D-69-63-52-6F-6F-43-65-72-41-75-74-5F-32-30-31-30-2D-30-36-2D-32-33-2E-63-72-74-30-0D-06-09-2A-86-48-86-F7-0D-01-01-0B-05-00-03-82-02-01-00-14-FC-7C-71-51-A5-79-C2-6E-B2-EF-39-3E-BC-3C-52-0F-6E-2B-3F-10-13-73-FE-A8-68-D0-48-A6-34-4D-8A-96-05-26-EE-31-46-90-61-79-D6-FF-38-2E-45-6B-F4-C0-E5-28-B8-DA-1D-8F-8A-DB-09-D7-1A-C7-4C-0A-36-66-6A-8C-EC-1B-D7-04-90-A8-18-17-A4-9B-B9-E2-40-32-36-76-C4-C1-5A-C6-BF-E4-04-C0-EA-16-D3-AC-C3-68-EF-62-AC-DD-54-6C-50-30-58-A6-EB-7C-FE-94-A7-4E-8E-F4-EC-7C-86-73-57-C2-52-21-73-34-5A-F3-A3-8A-56-C8-04-DA-07-09-ED-F8-8B-E3-CE-F4-7E-8E-AE-F0-F6-0B-8A-08-FB-3F-C9-1D-72-7F-53-B8-EB-BE-63-E0-E3-3D-31-65-B0-81-E5-F2-AC-CD-16-A4-9F-3D-A8-B1-9B-C2-42-D0-90-84-5F-54-1D-FF-89-EA-BA-1D-47-90-6F-B0-73-4E-41-9F-40-9F-5F-E5-A1-2A-B2-11-91-73-8A-21-28-F0-CE-DE-73-39-5F-3E-AB-5C-60-EC-DF-03-10-A8-D3-09-E9-F4-F6-96-85-B6-7F-51-88-66-47-19-8D-A2-B0-12-3D-81-2A-68-05-77-BB-91-4C-62-7B-B6-C1-07-C7-BA-7A-87-34-03-0E-4B-62-7A-99-E9-CA-FC-CE-4A-37-C9-2D-A4-57-7C-1C-FE-3D-DC-B8-0F-5A-FA-D6-C4-B3-02-85-02-3A-EA-B3-D9-6E-E4-69-21-37-DE-81-D1-F6-75-19-05-67-D3-93-57-5E-29-1B-39-C8-EE-2D-E1-CD-E4-45-73-5B-D0-D2-CE-7A-AB-16-19-82-46-58-D0-5E-9D-81-B3-67-AF-6C-35-F2-BC-E5-3F-24-E2-35-A2-0A-75-06-F6-18-56-99-D4-78-2C-D1-05-1B-EB-D0-88-01-9D-AA-10-F1-05-DF-BA-7E-2C-63-B7-06-9B-23-21-C4-F9-78-6C-E2-58-17-06-36-2B-91-12-03-CC-A4-D9-F2-2D-BA-F9-94-9D-40-ED-18-45-F1-CE-8A-5C-6B-3E-AB-03-D3-70-18-2A-0A-6A-E0-5F-47-D1-D5-63-0A-32-F2-AF-D7-36-1F-2A-70-5A-E5-42-59-08-71-4B-57-BA-7E-83-81-F0-21-3C-F4-1C-C1-C5-B9-90-93-0E-88-45-93-86-E9-B1-20-99-BE-98-CB-C5-95-A4-5D-62-D6-A0-63-08-20-BD-75-10-77-7D-3D-F3-45-B9-9F-97-9F-CB-57-80-6F-33-A9-04-CF-77-A4-62-1C-59-7E-A1-59-C0-A5-E4-94-A7-4A-87-B5-AB-15-5C-2B-F0-72-64-04-00-00-00-00-00-00-48-04-00-00-E4-0A-C4-6D-E8-2E-4C-9C-A3-14-0F-C7-B2-00-87-10-30-82-04-34-30-82-03-1C-A0-03-02-01-02-02-09-00-B9-41-24-A0-18-2C-92-67-30-0D-06-09-2A-86-48-86-F7-0D-01-01-0B-05-00-30-81-84-31-0B-30-09-06-03-55-04-06-13-02-47-42-31-14-30-12-06-03-55-04-08-0C-0B-49-73-6C-65-20-6F-66-20-4D-61-6E-31-10-30-0E-06-03-55-04-07-0C-07-44-6F-75-67-6C-61-73-31-17-30-15-06-03-55-04-0A-0C-0E-43-61-6E-6F-6E-69-63-61-6C-20-4C-74-64-2E-31-34-30-32-06-03-55-04-03-0C-2B-43-61-6E-6F-6E-69-63-61-6C-20-4C-74-64-2E-20-4D-61-73-74-65-72-20-43-65-72-74-69-66-69-63-61-74-65-20-41-75-74-68-6F-72-69-74-79-30-1E-17-0D-31-32-30-34-31-32-31-31-31-32-35-31-5A-17-0D-34-32-30-34-31-31-31-31-31-32-35-31-5A-30-81-84-31-0B-30-09-06-03-55-04-06-13-02-47-42-31-14-30-12-06-03-55-04-08-0C-0B-49-73-6C-65-20-6F-66-20-4D-61-6E-31-10-30-0E-06-03-55-04-07-0C-07-44-6F-75-67-6C-61-73-31-17-30-15-06-03-55-04-0A-0C-0E-43-61-6E-6F-6E-69-63-61-6C-20-4C-74-64-2E-31-34-30-32-06-03-55-04-03-0C-2B-43-61-6E-6F-6E-69-63-61-6C-20-4C-74-64-2E-20-4D-61-73-74-65-72-20-43-65-72-74-69-66-69-63-61-74-65-20-41-75-74-68-6F-72-69-74-79-30-82-01-22-30-0D-06-09-2A-86-48-86-F7-0D-01-01-01-05-00-03-82-01-0F-00-30-82-01-0A-02-82-01-01-00-BF-5B-3A-16-74-EE-21-5D-AE-61-ED-9D-56-AC-BD-DE-DE-72-F3-DD-7E-2D-4C-62-0F-AC-C0-6D-48-08-11-CF-8D-8B-FB-61-1F-27-CC-11-6E-D9-55-3D-39-54-EB-40-3B-B1-BB-E2-85-34-79-CA-F7-7B-BF-BA-7A-C8-10-2D-19-7D-AD-59-CF-A6-D4-E9-4E-0F-DA-AE-52-EA-4C-9E-90-CE-C6-99-0D-4E-67-65-78-5D-F9-D1-D5-38-4A-4A-7A-8F-93-9C-7F-1A-A3-85-DB-CE-FA-8B-F7-C2-A2-21-2D-9B-54-41-35-10-57-13-8D-6C-BC-29-06-50-4A-7E-EA-99-A9-68-A7-3B-C7-07-1B-32-9E-A0-19-87-0E-79-BB-68-99-2D-7E-93-52-E5-F6-EB-C9-9B-F9-2B-ED-B8-68-49-BC-D9-95-50-40-5B-C5-B2-71-AA-EB-5C-57-DE-71-F9-40-0A-DD-5B-AC-1E-84-2D-50-1A-52-D6-E1-F3-6B-6E-90-64-4F-5B-B4-EB-20-E4-61-10-DA-5A-F0-EA-E4-42-D7-01-C4-FE-21-1F-D9-B9-C0-54-95-42-81-52-72-1F-49-64-7A-C8-6C-24-F1-08-70-0B-4D-A5-A0-32-D1-A0-1C-57-A8-4D-E3-AF-A5-8E-05-05-3E-10-43-A1-02-03-01-00-01-A3-81-A6-30-81-A3-30-1D-06-03-55-1D-0E-04-16-04-14-AD-91-99-0B-C2-2A-B1-F5-17-04-8C-23-B6-65-5A-26-8E-34-5A-63-30-1F-06-03-55-1D-23-04-18-30-16-80-14-AD-91-99-0B-C2-2A-B1-F5-17-04-8C-23-B6-65-5A-26-8E-34-5A-63-30-0F-06-03-55-1D-13-01-01-FF-04-05-30-03-01-01-FF-30-0B-06-03-55-1D-0F-04-04-03-02-01-86-30-43-06-03-55-1D-1F-04-3C-30-3A-30-38-A0-36-A0-34-86-32-68-74-74-70-3A-2F-2F-77-77-77-2E-63-61-6E-6F-6E-69-63-61-6C-2E-63-6F-6D-2F-73-65-63-75-72-65-2D-62-6F-6F-74-2D-6D-61-73-74-65-72-2D-63-61-2E-63-72-6C-30-0D-06-09-2A-86-48-86-F7-0D-01-01-0B-05-00-03-82-01-01-00-3F-7D-F6-76-A5-B3-83-B4-2B-7A-D0-6D-52-1A-03-83-C4-12-A7-50-9C-47-92-CC-C0-94-77-82-D2-AE-57-B3-99-04-F5-32-3A-C6-55-1D-07-DB-12-A9-56-FA-D8-D4-76-20-EB-E4-C3-51-DB-9A-5C-9C-92-3F-18-73-DA-94-6A-A1-99-38-8C-A4-88-6D-C1-FC-39-71-D0-74-76-16-03-3E-56-23-35-D5-55-47-5B-1A-1D-41-C2-D3-12-4C-DC-FF-AE-0A-92-9C-62-0A-17-01-9C-73-E0-5E-B1-FD-BC-D6-B5-19-11-7A-7E-CD-3E-03-7E-66-DB-5B-A8-C9-39-48-51-FF-53-E1-9C-31-53-91-1B-3B-10-75-03-17-BA-E6-81-02-80-94-70-4C-46-B7-94-B0-3D-15-CD-1F-8E-02-E0-68-02-8F-FB-F9-47-1D-7D-A2-01-C6-07-51-C4-9A-CC-ED-DD-CF-A3-5D-ED-92-BB-BE-D1-FD-E6-EC-1F-33-51-73-04-BE-3C-72-B0-7D-08-F8-01-FF-98-7D-CB-9C-E0-69-39-77-25-47-71-88-B1-8D-27-A5-2E-A8-F7-3F-5F-80-69-97-3E-A9-F4-99-14-DB-CE-03-0E-0B-66-C4-1C-6D-BD-B8-27-77-C1-42-94-BD-FC-6A-0A-BC-26-16-C4-C1-4C-50-92-40-AC-A9-41-F9-36-93-43-28-0C-01-00-00-00-00-00-00-30-00-00-00-00-00-00-00-00-00-00-00-00-00-00-00-00-00-00-00-F5-8F-BD-F7-1B-E8-C3-7C-BB-D6-94-4E-47-2C-45-0B-10-43-81-7B-97-29-14-48-7C-22-10-33-F3-07-9E-43-00-00-00-00-00-00-00-00-00-00-00-00-00-00-00-00-04-97-01-57-DE-52-CD-AE-14-CF-17-EE-36-98-81-D6-24-5B-3A-6A-B6-35-2E-AB-AE-E5-88-A0-58-4B-03-03-00-00-00-00-00-00-00-00-00-00-00-00-00-00-00-00-F1-6B-5F-C3-61-18-3F-58-71-20-E6-02-C0-D6-57-73-AF-DF-E7-86-12-41-84-FA-70-80-52-58-D7-6D-59-4C-00-00-00-00-00-00-00-00-00-00-00-00-00-00-00-00-7E-02-1F-15-E3-A6-7B-75-AC-E8-84-99-9B-ED-FF-E3-42-13-79-2A-61-1E-40-E5-62-E8-7E-6B-9A-0C-B2-82-00-00-00-00-00-00-00-00-00-00-00-00-00-00-00-00-A5-D1-09-B2-AF-A3-FA-90-87-8F-70-38-2B-23-88-FC-D2-FE-AE-AE-8A-51-B8-0A-DD-04-8E-9F-87-6B-2A-4E-07-00-00-00-01-00-00-80-01-00-00-00-0B-00-8B-C5-95-AF-E9-16-65-47-2B-F7-7E-B8-87-4B-EA-43-14-42-53-0E-0B-1C-99-3D-48-C0-A3-FF-D3-07-BE-FB-EE-0F-00-00-CB-B2-19-D7-3A-3D-96-45-A3-BC-DA-D0-0E-67-65-6F-03-00-00-00-00-00-00-00-C8-0F-00-00-00-00-00-00-64-00-62-00-78-00-26-16-C4-C1-4C-50-92-40-AC-A9-41-F9-36-93-43-28-8C-0E-00-00-00-00-00-00-30-00-00-00-BD-9A-FA-77-59-03-32-4D-BD-60-28-F4-E7-8F-78-4B-80-B4-D9-69-31-BF-0D-02-FD-91-A6-1E-19-D1-4F-1D-A4-52-E6-6D-B2-40-8C-A8-60-4D-41-1F-92-65-9F-0A-BD-9A-FA-77-59-03-32-4D-BD-60-28-F4-E7-8F-78-4B-F5-2F-83-A3-FA-9C-FB-D6-92-0F-72-28-24-DB-E4-03-45-34-D2-5B-85-07-24-6B-3B-95-7D-AC-6E-1B-CE-7A-BD-9A-FA-77-59-03-32-4D-BD-60-28-F4-E7-8F-78-4B-C5-D9-D8-A1-86-E2-C8-2D-09-AF-AA-2A-6F-7F-2E-73-87-0D-3E-64-F7-2C-4E-08-EF-67-79-6A-84-0F-0F-BD-BD-9A-FA-77-59-03-32-4D-BD-60-28-F4-E7-8F-78-4B-36-33-84-D1-4D-1F-2E-0B-78-15-62-64-84-C4-59-AD-57-A3-18-EF-43-96-26-60-48-D0-58-C5-A1-9B-BF-76-BD-9A-FA-77-59-03-32-4D-BD-60-28-F4-E7-8F-78-4B-1A-EC-84-B8-4B-6C-65-A5-12-20-A9-BE-71-81-96-52-30-21-0D-62-D6-D3-3C-48-99-9C-6B-29-5A-2B-0A-06-BD-9A-FA-77-59-03-32-4D-BD-60-28-F4-E7-8F-78-4B-E6-CA-68-E9-41-46-62-9A-F0-3F-69-C2-F8-6E-6B-EF-62-F9-30-B3-7C-6F-BC-C8-78-B7-8D-F9-8C-03-34-E5-BD-9A-FA-77-59-03-32-4D-BD-60-28-F4-E7-8F-78-4B-C3-A9-9A-46-0D-A4-64-A0-57-C3-58-6D-83-CE-F5-F4-AE-08-B7-10-39-79-ED-89-32-74-2D-F0-ED-53-0C-66-BD-9A-FA-77-59-03-32-4D-BD-60-28-F4-E7-8F-78-4B-58-FB-94-1A-EF-95-A2-59-43-B3-FB-5F-25-10-A0-DF-3F-E4-4C-58-C9-5E-0A-B8-04-87-29-75-68-AB-97-71-BD-9A-FA-77-59-03-32-4D-BD-60-28-F4-E7-8F-78-4B-53-91-C3-A2-FB-11-21-02-A6-AA-1E-DC-25-AE-77-E1-9F-5D-6F-09-CD-09-EE-B2-50-99-22-BF-CD-59-92-EA-BD-9A-FA-77-59-03-32-4D-BD-60-28-F4-E7-8F-78-4B-D6-26-15-7E-1D-6A-71-8B-C1-24-AB-8D-A2-7C-BB-65-07-2C-A0-3A-7B-6B-25-7D-BD-CB-BD-60-F6-5E-F3-D1-BD-9A-FA-77-59-03-32-4D-BD-60-28-F4-E7-8F-78-4B-D0-63-EC-28-F6-7E-BA-53-F1-64-2D-BF-7D-FF-33-C6-A3-2A-DD-86-9F-60-13-FE-16-2E-2C-32-F1-CB-E5-6D-BD-9A-FA-77-59-03-32-4D-BD-60-28-F4-E7-8F-78-4B-29-C6-EB-52-B4-3C-3A-A1-8B-2C-D8-ED-6E-A8-60-7C-EF-3C-FA-E1-BA-FE-11-65-75-5C-F2-E6-14-84-4A-44-BD-9A-FA-77-59-03-32-4D-BD-60-28-F4-E7-8F-78-4B-90-FB-E7-0E-69-D6-33-40-8D-3E-17-0C-68-32-DB-B2-D2-09-E0-27-25-27-DF-B6-3D-49-D2-95-72-A6-F4-4C-BD-9A-FA-77-59-03-32-4D-BD-60-28-F4-E7-8F-78-4B-07-5E-EA-06-05-89-54-8B-A0-60-B2-FE-ED-10-DA-3C-20-C7-FE-9B-17-CD-02-6B-94-E8-A6-83-B8-11-52-38-BD-9A-FA-77-59-03-32-4D-BD-60-28-F4-E7-8F-78-4B-07-E6-C6-A8-58-64-6F-B1-EF-C6-79-03-FE-28-B1-16-01-1F-23-67-FE-92-E6-BE-2B-36-99-9E-FF-39-D0-9E-BD-9A-FA-77-59-03-32-4D-BD-60-28-F4-E7-8F-78-4B-09-DF-5F-4E-51-12-08-EC-78-B9-6D-12-D0-81-25-FD-B6-03-86-8D-E3-9F-6F-72-92-78-52-59-9B-65-9C-26-BD-9A-FA-77-59-03-32-4D-BD-60-28-F4-E7-8F-78-4B-0B-BB-43-92-DA-AC-7A-B8-9B-30-A4-AC-65-75-31-B9-7B-FA-AB-04-F9-0B-0D-AF-E5-F9-B6-EB-90-A0-63-74-BD-9A-FA-77-59-03-32-4D-BD-60-28-F4-E7-8F-78-4B-0C-18-93-39-76-2D-F3-36-AB-3D-D0-06-A4-63-DF-71-5A-39-CF-B0-F4-92-46-5C-60-0E-6C-6B-D7-BD-89-8C-BD-9A-FA-77-59-03-32-4D-BD-60-28-F4-E7-8F-78-4B-0D-0D-BE-CA-6F-29-EC-A0-6F-33-1A-7D-72-E4-88-4B-12-09-7F-B3-48-98-3A-2A-14-A0-D7-3F-4F-10-14-0F-BD-9A-FA-77-59-03-32-4D-BD-60-28-F4-E7-8F-78-4B-0D-C9-F3-FB-99-96-21-48-C3-CA-83-36-32-75-8D-3E-D4-FC-8D-0B-00-07-B9-5B-31-E6-52-8F-2A-CD-5B-FC-BD-9A-FA-77-59-03-32-4D-BD-60-28-F4-E7-8F-78-4B-10-6F-AC-EA-CF-EC-FD-4E-30-3B-74-F4-80-A0-80-98-E2-D0-80-2B-93-6F-8E-C7-74-CE-21-F3-16-86-68-9C-BD-9A-FA-77-59-03-32-4D-BD-60-28-F4-E7-8F-78-4B-17-4E-3A-0B-5B-43-C6-A6-07-BB-D3-40-4F-05-34-1E-3D-CF-39-62-67-CE-94-F8-B5-0E-2E-23-A9-DA-92-0C-BD-9A-FA-77-59-03-32-4D-BD-60-28-F4-E7-8F-78-4B-18-33-34-29-FF-05-62-ED-9F-97-03-3E-11-48-DC-EE-E5-2D-BE-2E-49-6D-54-10-B5-CF-D6-C8-64-D2-D1-0F-BD-9A-FA-77-59-03-32-4D-BD-60-28-F4-E7-8F-78-4B-2B-99-CF-26-42-2E-92-FE-36-5F-BF-4B-C3-0D-27-08-6C-9E-E1-4B-7A-6F-FF-44-FB-2F-6B-90-01-69-99-39-BD-9A-FA-77-59-03-32-4D-BD-60-28-F4-E7-8F-78-4B-2B-BF-2C-A7-B8-F1-D9-1F-27-EE-52-B6-FB-2A-5D-D0-49-B8-5A-2B-9B-52-9C-5D-66-62-06-81-04-B0-55-F8-BD-9A-FA-77-59-03-32-4D-BD-60-28-F4-E7-8F-78-4B-2C-73-D9-33-25-BA-6D-CB-E5-89-D4-A4-C6-3C-5B-93-55-59-EF-92-FB-F0-50-ED-50-C4-E2-08-52-06-F1-7D-BD-9A-FA-77-59-03-32-4D-BD-60-28-F4-E7-8F-78-4B-2E-70-91-67-86-A6-F7-73-51-1F-A7-18-1F-AB-0F-1D-70-B5-57-C6-32-2E-A9-23-B2-A8-D3-B9-2B-51-AF-7D-BD-9A-FA-77-59-03-32-4D-BD-60-28-F4-E7-8F-78-4B-30-66-28-FA-54-77-30-57-28-BA-4A-46-7D-E7-D0-38-7A-54-F5-69-D3-76-9F-CE-5E-75-EC-89-D2-8D-15-93-BD-9A-FA-77-59-03-32-4D-BD-60-28-F4-E7-8F-78-4B-36-08-ED-BA-F5-AD-0F-41-A4-14-A1-77-7A-BF-2F-AF-5E-67-03-34-67-5E-C3-99-5E-69-35-82-9E-0C-AA-D2-BD-9A-FA-77-59-03-32-4D-BD-60-28-F4-E7-8F-78-4B-38-41-D2-21-36-8D-15-83-D7-5C-0A-02-E6-21-60-39-4D-6C-4E-0A-67-60-B6-F6-07-B9-03-62-BC-85-5B-02-BD-9A-FA-77-59-03-32-4D-BD-60-28-F4-E7-8F-78-4B-3F-CE-9B-9F-DF-3E-F0-9D-54-52-B0-F9-5E-E4-81-C2-B7-F0-6D-74-3A-73-79-71-55-8E-70-13-6A-CE-3E-73-BD-9A-FA-77-59-03-32-4D-BD-60-28-F4-E7-8F-78-4B-43-97-DA-CA-83-9E-7F-63-07-7C-B5-0C-92-DF-43-BC-2D-2F-B2-A8-F5-9F-26-FC-7A-0E-4B-D4-D9-75-16-92-BD-9A-FA-77-59-03-32-4D-BD-60-28-F4-E7-8F-78-4B-47-CC-08-61-27-E2-06-9A-86-E0-3A-6B-EF-2C-D4-10-F8-C5-5A-6D-6B-DB-36-21-68-C3-1B-2C-E3-2A-5A-DF-BD-9A-FA-77-59-03-32-4D-BD-60-28-F4-E7-8F-78-4B-51-88-31-FE-73-82-B5-14-D0-3E-15-C6-21-22-8B-8A-B6-54-79-BD-0C-BF-A3-C5-C1-D0-F4-8D-9C-30-61-35-BD-9A-FA-77-59-03-32-4D-BD-60-28-F4-E7-8F-78-4B-5A-E9-49-EA-88-55-EB-93-E4-39-DB-C6-5B-DA-2E-42-85-2C-2F-DF-67-89-FA-14-67-36-E3-C3-41-0F-2B-5C-BD-9A-FA-77-59-03-32-4D-BD-60-28-F4-E7-8F-78-4B-6B-1D-13-80-78-E4-41-8A-A6-8D-EB-7B-B3-5E-06-60-92-CF-47-9E-EB-8C-E4-CD-12-E7-D0-72-CC-B4-2F-66-BD-9A-FA-77-59-03-32-4D-BD-60-28-F4-E7-8F-78-4B-6C-88-54-47-8D-D5-59-E2-93-51-B8-26-C0-6C-B8-BF-EF-2B-94-AD-35-38-35-87-72-D1-93-F8-2E-D1-CA-11-BD-9A-FA-77-59-03-32-4D-BD-60-28-F4-E7-8F-78-4B-6F-14-28-FF-71-C9-DB-0E-D5-AF-1F-2E-7B-BF-CB-AB-64-7C-C2-65-DD-F5-B2-93-CD-B6-26-F5-0A-3A-78-5E-BD-9A-FA-77-59-03-32-4D-BD-60-28-F4-E7-8F-78-4B-71-F2-90-6F-D2-22-49-7E-54-A3-46-62-AB-24-97-FC-C8-10-20-77-0F-F5-13-68-E9-E3-D9-BF-CB-FD-63-75-BD-9A-FA-77-59-03-32-4D-BD-60-28-F4-E7-8F-78-4B-72-6B-3E-B6-54-04-6A-30-F3-F8-3D-9B-96-CE-03-F6-70-E9-A8-06-D1-70-8A-03-71-E6-2D-C4-9D-2C-23-C1-BD-9A-FA-77-59-03-32-4D-BD-60-28-F4-E7-8F-78-4B-72-E0-BD-18-67-CF-5D-9D-56-AB-15-8A-DF-3B-DD-BC-82-BF-32-A8-D8-AA-1D-8C-5E-2F-6D-F2-94-28-D6-D8-BD-9A-FA-77-59-03-32-4D-BD-60-28-F4-E7-8F-78-4B-78-27-AF-99-36-2C-FA-F0-71-7D-AD-E4-B1-BF-E0-43-8A-D1-71-C1-5A-DD-C2-48-B7-5B-F8-CA-A4-4B-B2-C5-BD-9A-FA-77-59-03-32-4D-BD-60-28-F4-E7-8F-78-4B-81-A8-B9-65-BB-84-D3-87-6B-94-29-A9-54-81-CC-95-53-18-CF-AA-14-12-D8-08-C8-A3-3B-FD-33-FF-F0-E4-BD-9A-FA-77-59-03-32-4D-BD-60-28-F4-E7-8F-78-4B-82-DB-3B-CE-B4-F6-08-43-CE-9D-97-C3-D1-87-CD-9B-59-41-CD-3D-E8-10-0E-58-6F-2B-DA-56-37-57-5F-67-BD-9A-FA-77-59-03-32-4D-BD-60-28-F4-E7-8F-78-4B-89-5A-97-85-F6-17-CA-1D-7E-D4-4F-C1-A1-47-0B-71-F3-F1-22-38-62-D9-FF-9D-CC-3A-E2-DF-92-16-3D-AF-BD-9A-FA-77-59-03-32-4D-BD-60-28-F4-E7-8F-78-4B-8A-D6-48-59-F1-95-B5-F5-8D-AF-AA-94-0B-6A-61-67-AC-D6-7A-88-6E-8F-46-93-64-17-72-21-C5-59-45-B9-BD-9A-FA-77-59-03-32-4D-BD-60-28-F4-E7-8F-78-4B-8B-F4-34-B4-9E-00-CC-F7-15-02-A2-CD-90-08-65-CB-01-EC-3B-3D-A0-3C-35-BE-50-5F-DF-7B-D5-63-F5-21-BD-9A-FA-77-59-03-32-4D-BD-60-28-F4-E7-8F-78-4B-8D-8E-A2-89-CF-E7-0A-1C-07-AB-73-65-CB-28-EE-51-ED-D3-3C-F2-50-6D-E8-88-FB-AD-D6-0E-BF-80-48-1C-BD-9A-FA-77-59-03-32-4D-BD-60-28-F4-E7-8F-78-4B-99-98-D3-63-C4-91-BE-16-BD-74-BA-10-B9-4D-92-91-00-16-11-73-6F-DC-A6-43-A3-66-64-BC-0F-31-5A-42-BD-9A-FA-77-59-03-32-4D-BD-60-28-F4-E7-8F-78-4B-9E-4A-69-17-31-61-68-2E-55-FD-E8-FE-F5-60-EB-88-EC-1F-FE-DC-AF-04-00-1F-66-C0-CA-F7-07-B2-B7-34-BD-9A-FA-77-59-03-32-4D-BD-60-28-F4-E7-8F-78-4B-A6-B5-15-1F-36-55-D3-A2-AF-0D-47-27-59-79-6B-E4-A4-20-0E-54-95-A7-D8-69-75-4C-48-48-85-74-08-A7-BD-9A-FA-77-59-03-32-4D-BD-60-28-F4-E7-8F-78-4B-A7-F3-2F-50-8D-4E-B0-FE-AD-9A-08-7E-F9-4E-D1-BA-0A-EC-5D-E6-F7-EF-6F-F0-A6-2B-93-BE-DF-5D-45-8D-BD-9A-FA-77-59-03-32-4D-BD-60-28-F4-E7-8F-78-4B-AD-68-26-E1-94-6D-26-D3-EA-F3-68-5C-88-D9-7D-85-DE-3B-4D-CB-3D-0E-E2-AE-81-C7-05-60-D1-3C-57-20-BD-9A-FA-77-59-03-32-4D-BD-60-28-F4-E7-8F-78-4B-AE-EB-AE-31-51-27-12-73-ED-95-AA-2E-67-11-39-ED-31-A9-85-67-30-3A-33-22-98-F8-37-09-A9-D5-5A-A1-BD-9A-FA-77-59-03-32-4D-BD-60-28-F4-E7-8F-78-4B-AF-E2-03-0A-FB-7D-2C-DA-13-F9-FA-33-3A-02-E3-4F-67-51-AF-EC-11-B0-10-DB-CD-44-1F-DF-4C-40-02-B3-BD-9A-FA-77-59-03-32-4D-BD-60-28-F4-E7-8F-78-4B-B5-4F-1E-E6-36-63-1F-AD-68-05-8D-3B-09-37-03-1A-C1-B9-0C-CB-17-06-2A-39-1C-CA-68-AF-DB-E4-0D-55-BD-9A-FA-77-59-03-32-4D-BD-60-28-F4-E7-8F-78-4B-B8-F0-78-D9-83-A2-4A-C4-33-21-63-93-88-35-14-CD-93-2C-33-AF-18-E7-DD-70-88-4C-82-35-F4-27-57-36-BD-9A-FA-77-59-03-32-4D-BD-60-28-F4-E7-8F-78-4B-B9-7A-08-89-05-9C-03-5F-F1-D5-4B-6D-B5-3B-11-B9-76-66-68-D9-F9-55-24-7C-02-8B-28-37-D7-A0-4C-D9-BD-9A-FA-77-59-03-32-4D-BD-60-28-F4-E7-8F-78-4B-BC-87-A6-68-E8-19-66-48-9C-B5-08-EE-80-51-83-C1-9E-6A-CD-24-CF-17-79-9C-A0-62-D2-E3-84-DA-0E-A7-BD-9A-FA-77-59-03-32-4D-BD-60-28-F4-E7-8F-78-4B-C4-09-BD-AC-47-75-AD-D8-DB-92-AA-22-B5-B7-18-FB-8C-94-A1-46-2C-1F-E9-A4-16-B9-5D-8A-33-88-C2-FC-BD-9A-FA-77-59-03-32-4D-BD-60-28-F4-E7-8F-78-4B-C6-17-C1-A8-B1-EE-2A-81-1C-28-B5-A8-1B-4C-83-D7-C9-8B-5B-0C-27-28-1D-61-02-07-EB-E6-92-C2-96-7F-BD-9A-FA-77-59-03-32-4D-BD-60-28-F4-E7-8F-78-4B-C9-0F-33-66-17-B8-E7-F9-83-97-54-13-C9-97-F1-0B-73-EB-26-7F-D8-A1-0C-B9-E3-BD-BF-C6-67-AB-DB-8B-BD-9A-FA-77-59-03-32-4D-BD-60-28-F4-E7-8F-78-4B-CB-6B-85-8B-40-D3-A0-98-76-58-15-B5-92-C1-51-4A-49-60-4F-AF-D6-08-19-DA-88-D7-A7-6E-97-78-FE-F7-BD-9A-FA-77-59-03-32-4D-BD-60-28-F4-E7-8F-78-4B-CE-3B-FA-BE-59-D6-7C-E8-AC-8D-FD-4A-16-F7-C4-3E-F9-C2-24-51-3F-BC-65-59-57-D7-35-FA-29-F5-40-CE-BD-9A-FA-77-59-03-32-4D-BD-60-28-F4-E7-8F-78-4B-D8-CB-EB-97-35-F5-67-2B-36-7E-4F-96-CD-C7-49-69-61-5D-17-07-4A-E9-6C-72-4D-42-CE-02-16-F8-F3-FA-BD-9A-FA-77-59-03-32-4D-BD-60-28-F4-E7-8F-78-4B-E9-2C-22-EB-3B-56-42-D6-5C-1E-C2-CA-F2-47-D2-59-47-38-EE-BB-7F-B3-84-1A-44-95-6F-59-E2-B0-D1-FA-BD-9A-FA-77-59-03-32-4D-BD-60-28-F4-E7-8F-78-4B-FD-DD-6E-3D-29-EA-84-C7-74-3D-AD-4A-1B-DB-C7-00-B5-FE-C1-B3-91-F9-32-40-90-86-AC-C7-1D-D6-DB-D8-BD-9A-FA-77-59-03-32-4D-BD-60-28-F4-E7-8F-78-4B-FE-63-A8-4F-78-2C-C9-D3-FC-F2-CC-F9-FC-11-FB-D0-37-60-87-87-58-D2-62-85-ED-12-66-9B-DC-6E-6D-01-BD-9A-FA-77-59-03-32-4D-BD-60-28-F4-E7-8F-78-4B-FE-CF-B2-32-D1-2E-99-4B-6D-48-5D-2C-71-67-72-8A-A5-52-59-84-AD-5C-A6-1E-75-16-22-1F-07-9A-14-36-BD-9A-FA-77-59-03-32-4D-BD-60-28-F4-E7-8F-78-4B-CA-17-1D-61-4A-8D-7E-12-1C-93-94-8C-D0-FE-55-D3-99-81-F9-D1-1A-A9-6E-03-45-0A-41-52-27-C2-C6-5B-BD-9A-FA-77-59-03-32-4D-BD-60-28-F4-E7-8F-78-4B-55-B9-9B-0D-E5-3D-BC-FE-48-5A-A9-C7-37-CF-3F-B6-16-EF-3D-91-FA-B5-99-AA-7C-AB-19-ED-A7-63-B5-BA-BD-9A-FA-77-59-03-32-4D-BD-60-28-F4-E7-8F-78-4B-77-DD-19-0F-A3-0D-88-FF-5E-3B-01-1A-0A-E6-1E-62-09-78-0C-13-0B-53-5E-CB-87-E6-F0-88-8A-0B-6B-2F-BD-9A-FA-77-59-03-32-4D-BD-60-28-F4-E7-8F-78-4B-C8-3C-B1-39-22-AD-99-F5-60-74-46-75-DD-37-CC-94-DC-AD-5A-1F-CB-A6-47-2F-EE-34-11-71-D9-39-E8-84-BD-9A-FA-77-59-03-32-4D-BD-60-28-F4-E7-8F-78-4B-3B-02-87-53-3E-0C-C3-D0-EC-1A-A8-23-CB-F0-A9-41-AA-D8-72-15-79-D1-C4-99-80-2D-D1-C3-A6-36-B8-A9-BD-9A-FA-77-59-03-32-4D-BD-60-28-F4-E7-8F-78-4B-93-9A-EE-F4-F5-FA-51-E2-33-40-C3-F2-E4-90-48-CE-88-72-52-6A-FD-F7-52-C3-A7-F3-A3-F2-BC-9F-60-49-BD-9A-FA-77-59-03-32-4D-BD-60-28-F4-E7-8F-78-4B-64-57-5B-D9-12-78-9A-2E-14-AD-56-F6-34-1F-52-AF-6B-F8-0C-F9-44-00-78-59-75-E9-F0-4E-2D-64-D7-45-BD-9A-FA-77-59-03-32-4D-BD-60-28-F4-E7-8F-78-4B-45-C7-C8-AE-75-0A-CF-BB-48-FC-37-52-7D-64-12-DD-64-4D-AE-D8-91-3C-CD-8A-24-C9-4D-85-69-67-DF-8E-26-16-C4-C1-4C-50-92-40-AC-A9-41-F9-36-93-43-28-3C-01-00-00-00-00-00-00-30-00-00-00-BD-9A-FA-77-59-03-32-4D-BD-60-28-F4-E7-8F-78-4B-81-D8-FB-4C-9E-2E-7A-82-25-65-6B-4B-82-73-B7-CB-A4-B0-3E-F2-E9-EB-20-E0-A0-29-16-24-EC-A1-BA-86-BD-9A-FA-77-59-03-32-4D-BD-60-28-F4-E7-8F-78-4B-B9-2A-F2-98-DC-08-04-9B-78-C7-74-92-D6-55-1B-71-0C-D7-2A-AD-A3-D7-7B-E5-46-09-E4-32-78-EF-6E-4D-BD-9A-FA-77-59-03-32-4D-BD-60-28-F4-E7-8F-78-4B-E1-9D-AE-83-C0-2E-6F-28-13-58-D4-EB-D1-1D-77-23-B4-F5-EA-0E-35-79-07-D5-44-3D-EC-C5-F9-3C-1E-9D-BD-9A-FA-77-59-03-32-4D-BD-60-28-F4-E7-8F-78-4B-39-DB-C2-28-8E-F4-4B-5F-95-33-2C-B7-77-E3-11-03-E8-40-DB-A6-80-63-4A-A8-06-F5-C9-B1-00-06-18-02-BD-9A-FA-77-59-03-32-4D-BD-60-28-F4-E7-8F-78-4B-32-F5-94-0C-A2-9D-D8-12-A2-C1-45-E6-FC-89-64-66-28-FF-CC-7C-7A-42-CA-E5-12-33-7D-8D-29-C4-0B-BD-BD-9A-FA-77-59-03-32-4D-BD-60-28-F4-E7-8F-78-4B-10-D4-5F-CB-A3-96-AE-F3-15-3E-E8-F6-EC-AE-58-AF-E8-47-6A-28-0A-20-26-FC-71-F6-21-7D-CF-49-BA-2F-07-00-00-00-04-00-00-00-01-00-00-00-0B-00-DF-3F-61-98-04-A9-2F-DB-40-57-19-2D-C4-3D-D7-48-EA-77-8A-DC-52-BC-49-8C-E8-05-24-C0-14-B8-11-19-04-00-00-00-00-00-00-00-07-00-00-00-E0-00-00-80-01-00-00-00-0B-00-30-BF-46-4E-E3-7F-1B-C0-C7-B1-A5-BF-25-EC-ED-27-53-47-C3-AB-14-92-D5-62-3A-E9-F7-66-3B-E0-7D-D5-0F-06-00-00-CB-B2-19-D7-3A-3D-96-45-A3-BC-DA-D0-0E-67-65-6F-02-00-00-00-00-00-00-00-EB-05-00-00-00-00-00-00-64-00-62-00-BD-9A-FA-77-59-03-32-4D-BD-60-28-F4-E7-8F-78-4B-30-82-05-D7-30-82-03-BF-A0-03-02-01-02-02-0A-61-07-76-56-00-00-00-00-00-08-30-0D-06-09-2A-86-48-86-F7-0D-01-01-0B-05-00-30-81-88-31-0B-30-09-06-03-55-04-06-13-02-55-53-31-13-30-11-06-03-55-04-08-13-0A-57-61-73-68-69-6E-67-74-6F-6E-31-10-30-0E-06-03-55-04-07-13-07-52-65-64-6D-6F-6E-64-31-1E-30-1C-06-03-55-04-0A-13-15-4D-69-63-72-6F-73-6F-66-74-20-43-6F-72-70-6F-72-61-74-69-6F-6E-31-32-30-30-06-03-55-04-03-13-29-4D-69-63-72-6F-73-6F-66-74-20-52-6F-6F-74-20-43-65-72-74-69-66-69-63-61-74-65-20-41-75-74-68-6F-72-69-74-79-20-32-30-31-30-30-1E-17-0D-31-31-31-30-31-39-31-38-34-31-34-32-5A-17-0D-32-36-31-30-31-39-31-38-35-31-34-32-5A-30-81-84-31-0B-30-09-06-03-55-04-06-13-02-55-53-31-13-30-11-06-03-55-04-08-13-0A-57-61-73-68-69-6E-67-74-6F-6E-31-10-30-0E-06-03-55-04-07-13-07-52-65-64-6D-6F-6E-64-31-1E-30-1C-06-03-55-04-0A-13-15-4D-69-63-72-6F-73-6F-66-74-20-43-6F-72-70-6F-72-61-74-69-6F-6E-31-2E-30-2C-06-03-55-04-03-13-25-4D-69-63-72-6F-73-6F-66-74-20-57-69-6E-64-6F-77-73-20-50-72-6F-64-75-63-74-69-6F-6E-20-50-43-41-20-32-30-31-31-30-82-01-22-30-0D-06-09-2A-86-48-86-F7-0D-01-01-01-05-00-03-82-01-0F-00-30-82-01-0A-02-82-01-01-00-DD-0C-BB-A2-E4-2E-09-E3-E7-C5-F7-96-69-BC-00-21-BD-69-33-33-EF-AD-04-CB-54-80-EE-06-83-BB-C5-20-84-D9-F7-D2-8B-F3-38-B0-AB-A4-AD-2D-7C-62-79-05-FF-E3-4A-3F-04-35-20-70-E3-C4-E7-6B-E0-9C-C0-36-75-E9-8A-31-DD-8D-70-E5-DC-37-B5-74-46-96-28-5B-87-60-23-2C-BF-DC-47-A5-67-F7-51-27-9E-72-EB-07-A6-C9-B9-1E-3B-53-35-7C-E5-D3-EC-27-B9-87-1C-FE-B9-C9-23-09-6F-A8-46-91-C1-6E-96-3C-41-D3-CB-A3-3F-5D-02-6A-4D-EC-69-1F-25-28-5C-36-FF-FD-43-15-0A-94-E0-19-B4-CF-DF-C2-12-E2-C2-5B-27-EE-27-78-30-8B-5B-2A-09-6B-22-89-53-60-16-2C-C0-68-1D-53-BA-EC-49-F3-9D-61-8C-85-68-09-73-44-5D-7D-A2-54-2B-DD-79-F7-15-CF-35-5D-6C-1C-2B-5C-CE-BC-9C-23-8B-6F-6E-B5-26-D9-36-13-C3-4F-D6-27-AE-B9-32-3B-41-92-2C-E1-C7-CD-77-E8-AA-54-4E-F7-5C-0B-04-87-65-B4-43-18-A8-B2-E0-6D-19-77-EC-5A-24-FA-48-03-02-03-01-00-01-A3-82-01-43-30-82-01-3F-30-10-06-09-2B-06-01-04-01-82-37-15-01-04-03-02-01-00-30-1D-06-03-55-1D-0E-04-16-04-14-A9-29-02-39-8E-16-C4-97-78-CD-90-F9-9E-4F-9A-E1-7C-55-AF-53-30-19-06-09-2B-06-01-04-01-82-37-14-02-04-0C-1E-0A-00-53-00-75-00-62-00-43-00-41-30-0B-06-03-55-1D-0F-04-04-03-02-01-86-30-0F-06-03-55-1D-13-01-01-FF-04-05-30-03-01-01-FF-30-1F-06-03-55-1D-23-04-18-30-16-80-14-D5-F6-56-CB-8F-E8-A2-5C-62-68-D1-3D-94-90-5B-D7-CE-9A-18-C4-30-56-06-03-55-1D-1F-04-4F-30-4D-30-4B-A0-49-A0-47-86-45-68-74-74-70-3A-2F-2F-63-72-6C-2E-6D-69-63-72-6F-73-6F-66-74-2E-63-6F-6D-2F-70-6B-69-2F-63-72-6C-2F-70-72-6F-64-75-63-74-73-2F-4D-69-63-52-6F-6F-43-65-72-41-75-74-5F-32-30-31-30-2D-30-36-2D-32-33-2E-63-72-6C-30-5A-06-08-2B-06-01-05-05-07-01-01-04-4E-30-4C-30-4A-06-08-2B-06-01-05-05-07-30-02-86-3E-68-74-74-70-3A-2F-2F-77-77-77-2E-6D-69-63-72-6F-73-6F-66-74-2E-63-6F-6D-2F-70-6B-69-2F-63-65-72-74-73-2F-4D-69-63-52-6F-6F-43-65-72-41-75-74-5F-32-30-31-30-2D-30-36-2D-32-33-2E-63-72-74-30-0D-06-09-2A-86-48-86-F7-0D-01-01-0B-05-00-03-82-02-01-00-14-FC-7C-71-51-A5-79-C2-6E-B2-EF-39-3E-BC-3C-52-0F-6E-2B-3F-10-13-73-FE-A8-68-D0-48-A6-34-4D-8A-96-05-26-EE-31-46-90-61-79-D6-FF-38-2E-45-6B-F4-C0-E5-28-B8-DA-1D-8F-8A-DB-09-D7-1A-C7-4C-0A-36-66-6A-8C-EC-1B-D7-04-90-A8-18-17-A4-9B-B9-E2-40-32-36-76-C4-C1-5A-C6-BF-E4-04-C0-EA-16-D3-AC-C3-68-EF-62-AC-DD-54-6C-50-30-58-A6-EB-7C-FE-94-A7-4E-8E-F4-EC-7C-86-73-57-C2-52-21-73-34-5A-F3-A3-8A-56-C8-04-DA-07-09-ED-F8-8B-E3-CE-F4-7E-8E-AE-F0-F6-0B-8A-08-FB-3F-C9-1D-72-7F-53-B8-EB-BE-63-E0-E3-3D-31-65-B0-81-E5-F2-AC-CD-16-A4-9F-3D-A8-B1-9B-C2-42-D0-90-84-5F-54-1D-FF-89-EA-BA-1D-47-90-6F-B0-73-4E-41-9F-40-9F-5F-E5-A1-2A-B2-11-91-73-8A-21-28-F0-CE-DE-73-39-5F-3E-AB-5C-60-EC-DF-03-10-A8-D3-09-E9-F4-F6-96-85-B6-7F-51-88-66-47-19-8D-A2-B0-12-3D-81-2A-68-05-77-BB-91-4C-62-7B-B6-C1-07-C7-BA-7A-87-34-03-0E-4B-62-7A-99-E9-CA-FC-CE-4A-37-C9-2D-A4-57-7C-1C-FE-3D-DC-B8-0F-5A-FA-D6-C4-B3-02-85-02-3A-EA-B3-D9-6E-E4-69-21-37-DE-81-D1-F6-75-19-05-67-D3-93-57-5E-29-1B-39-C8-EE-2D-E1-CD-E4-45-73-5B-D0-D2-CE-7A-AB-16-19-82-46-58-D0-5E-9D-81-B3-67-AF-6C-35-F2-BC-E5-3F-24-E2-35-A2-0A-75-06-F6-18-56-99-D4-78-2C-D1-05-1B-EB-D0-88-01-9D-AA-10-F1-05-DF-BA-7E-2C-63-B7-06-9B-23-21-C4-F9-78-6C-E2-58-17-06-36-2B-91-12-03-CC-A4-D9-F2-2D-BA-F9-94-9D-40-ED-18-45-F1-CE-8A-5C-6B-3E-AB-03-D3-70-18-2A-0A-6A-E0-5F-47-D1-D5-63-0A-32-F2-AF-D7-36-1F-2A-70-5A-E5-42-59-08-71-4B-57-BA-7E-83-81-F0-21-3C-F4-1C-C1-C5-B9-90-93-0E-88-45-93-86-E9-B1-20-99-BE-98-CB-C5-95-A4-5D-62-D6-A0-63-08-20-BD-75-10-77-7D-3D-F3-45-B9-9F-97-9F-CB-57-80-6F-33-A9-04-CF-77-A4-62-1C-59-7E-0B-00-00-00-0C-00-00-00-01-00-00-00-0B-00-09-73-28-E8-C9-57-DE-24-28-28-39-54-F6-A1-EE-8F-F7-AD-7D-EF-12-E1-00-A6-00-17-84-07-F5-DE-CF-24-04-00-00-00-10-00-00-00-0B-00-00-00-0C-00-00-00-01-00-00-00-0B-00-08-EF-EA-1C-09-57-A5-A1-FE-01-9E-6E-DB-21-FD-C9-FB-E5-DE-22-13-48-7E-AB-7A-05-E0-6E-CA-1C-97-84-04-00-00-00-FF-FF-00-00""}]}}"
28,28,2022-11-09 22:40:09.7680666,793,Warning,Microsoft-Windows-BitLocker-API,Microsoft-Windows-BitLocker/BitLocker Management,1224,2092,GUAPOS-PC,1,S-1-5-18,,,,,,,,,,,False,"EVTX-to-MITRE-Attack\TA0040-Impact\T1486-Data Encrypted for Impact\ID 768,775,793,796,817,840-BitLocker encryption activated.evtx",0x4000000000000000,0,"{""EventData"":{""Data"":[{""@Name"":""IdentificationGUID"",""#text"":""45a9dcbd-40ec-4295-a9e6-c2e63844f040""},{""@Name"":""VolumeName"",""#text"":""\\\\?\\Volume{95b548ac-9d1a-4f36-96fc-2c67e06caefb}""},{""@Name"":""VolumeMountPoint"",""#text"":""C:""}]}}"
29,29,2022-11-09 22:40:11.0380133,817,Info,Microsoft-Windows-BitLocker-API,Microsoft-Windows-BitLocker/BitLocker Management,1224,2092,GUAPOS-PC,1,S-1-5-18,,,,,,,,,,,False,"EVTX-to-MITRE-Attack\TA0040-Impact\T1486-Data Encrypted for Impact\ID 768,775,793,796,817,840-BitLocker encryption activated.evtx",0x4000000000000000,0,"{""EventData"":{""Data"":[{""@Name"":""PCRBitmap"",""#text"":""2176""},{""@Name"":""PCRBitmapSource"",""#text"":""3""},{""@Name"":""PCRValuesSize"",""#text"":""72""},{""@Name"":""PCRValues"",""#text"":""0B-00-20-00-71-7E-D7-86-CD-9A-22-92-36-47-FE-D0-AE-C1-8A-34-EE-20-97-E0-69-06-19-88-2C-64-9A-BD-73-77-A1-91-0B-00-20-00-00-00-00-00-00-00-00-00-00-00-00-00-00-00-00-00-00-00-00-00-00-00-00-00-00-00-00-00-00-00-00-00""},{""@Name"":""FilteredTcgLogSize"",""#text"":""17035""},{""@Name"":""FilteredTcgLog"",""#text"":""07-00-00-00-01-00-00-80-01-00-00-00-0B-00-CC-FC-4B-B3-28-88-A3-45-BC-8A-EA-DA-BA-55-2B-62-7D-99-34-8C-76-76-81-AB-31-41-F5-B0-1E-40-A4-0E-35-00-00-00-61-DF-E4-8B-CA-93-D2-11-AA-0D-00-E0-98-03-2B-8C-0A-00-00-00-00-00-00-00-01-00-00-00-00-00-00-00-53-00-65-00-63-00-75-00-72-00-65-00-42-00-6F-00-6F-00-74-00-01-07-00-00-00-01-00-00-80-01-00-00-00-0B-00-8C-48-9E-6B-77-1E-4B-F9-52-26-F2-D2-5C-9F-0F-91-E5-0E-51-05-2B-25-AA-9D-B5-34-A4-0D-9A-3A-C9-9F-9A-03-00-00-61-DF-E4-8B-CA-93-D2-11-AA-0D-00-E0-98-03-2B-8C-02-00-00-00-00-00-00-00-76-03-00-00-00-00-00-00-50-00-4B-00-A1-59-C0-A5-E4-94-A7-4A-87-B5-AB-15-5C-2B-F0-72-76-03-00-00-00-00-00-00-5A-03-00-00-91-30-05-3B-9F-6C-CC-04-B1-AC-E2-A5-1E-3B-E5-F5-30-82-03-46-30-82-02-2E-A0-03-02-01-02-02-10-53-41-E0-15-C4-3A-F8-A8-48-36-B9-A5-FF-69-14-88-30-0D-06-09-2A-86-48-86-F7-0D-01-01-0B-05-00-30-2D-31-2B-30-29-06-03-55-04-03-13-22-41-53-55-53-54-65-4B-20-4D-6F-74-68-65-72-42-6F-61-72-64-20-50-4B-20-43-65-72-74-69-66-69-63-61-74-65-30-1E-17-0D-31-31-31-32-32-36-32-33-33-34-35-30-5A-17-0D-33-31-31-32-32-36-32-33-33-34-34-39-5A-30-2D-31-2B-30-29-06-03-55-04-03-13-22-41-53-55-53-54-65-4B-20-4D-6F-74-68-65-72-42-6F-61-72-64-20-50-4B-20-43-65-72-74-69-66-69-63-61-74-65-30-82-01-22-30-0D-06-09-2A-86-48-86-F7-0D-01-01-01-05-00-03-82-01-0F-00-30-82-01-0A-02-82-01-01-00-D9-84-15-36-C5-D4-CE-8A-A1-56-16-A0-E8-74-CD-58-1E-2A-02-96-1B-C4-37-64-DA-8C-6A-24-84-CD-DC-C4-68-04-15-C7-E9-CF-20-A4-45-1A-42-F0-A3-9B-62-22-6E-2A-43-67-17-8D-4D-10-AA-F8-DD-F2-2A-9E-86-BA-91-D0-32-7E-95-BE-01-78-73-3A-D3-98-7E-19-F8-16-0E-27-CC-EA-C5-BE-B5-80-7E-E8-BC-A8-17-41-B3-EA-55-34-19-53-D7-7E-7D-50-C7-5A-B8-EF-54-F9-13-6E-AB-D6-45-CD-1D-02-94-E2-78-D7-88-A8-10-52-8D-7E-BA-F1-49-36-C0-68-70-F9-D5-0C-5A-FD-6B-1A-6F-88-C2-37-69-22-42-92-F3-9D-AE-EF-73-EC-F4-0F-32-42-64-C3-E9-B9-89-DD-06-E5-CC-2F-6B-F8-00-4E-91-64-F7-03-45-F0-4F-A4-11-83-E9-83-97-E9-A0-DC-2D-C8-03-56-B4-DF-61-A6-32-A5-8B-A6-1B-4E-D8-1C-A7-A3-F3-72-4E-72-F8-FE-69-49-CF-61-F2-E6-59-96-58-B8-14-7C-CA-F5-E5-6B-F0-6D-DA-F7-BC-08-5B-7F-57-E9-96-37-59-5A-70-79-57-0E-C8-82-C8-91-7B-67-F9-2D-02-03-01-00-01-A3-62-30-60-30-5E-06-03-55-1D-01-04-57-30-55-80-10-A2-8F-65-A6-6A-29-64-38-D8-D6-72-0D-3F-3D-E3-E9-A1-2F-30-2D-31-2B-30-29-06-03-55-04-03-13-22-41-53-55-53-54-65-4B-20-4D-6F-74-68-65-72-42-6F-61-72-64-20-50-4B-20-43-65-72-74-69-66-69-63-61-74-65-82-10-53-41-E0-15-C4-3A-F8-A8-48-36-B9-A5-FF-69-14-88-30-0D-06-09-2A-86-48-86-F7-0D-01-01-0B-05-00-03-82-01-01-00-73-27-1A-32-88-0E-DB-13-8D-F5-7E-FC-94-F2-1A-27-6B-C2-CA-79-D0-BA-B6-58-BC-DF-97-13-5A-4C-DC-A2-E4-90-39-7B-24-84-7D-2E-A3-95-96-39-A6-6B-C2-A6-51-38-6F-E5-0B-AF-C0-91-0A-90-3F-3E-5A-E4-79-16-98-96-32-94-49-AE-00-28-18-AA-EF-FB-54-95-93-C7-FC-E4-89-EF-96-00-CE-D6-C6-8A-4D-85-CA-9C-6C-FB-8A-A7-43-60-36-5E-73-97-17-2F-16-46-D0-CE-F0-A0-07-77-62-4D-15-0E-22-F6-91-71-1A-79-E1-85-1C-0B-2C-94-9F-9D-97-CF-49-B5-DD-EA-6A-E5-A7-61-EC-82-0D-95-E8-98-5C-E8-72-C6-DA-8D-DF-21-EC-05-30-0F-79-B8-AF-E9-B0-2B-C0-83-73-FE-BF-9D-4A-6D-DA-A5-A0-65-37-CF-2C-87-F1-2B-C6-A3-0E-92-64-57-1A-77-ED-D9-47-40-47-DA-EA-FF-23-98-D1-25-B9-72-F5-38-3A-B3-33-A5-5D-F1-44-DC-D8-63-7D-F9-2F-7D-F1-D1-D0-95-C0-A6-75-A8-70-C9-C4-2B-C0-45-04-D0-40-5B-75-7D-E2-B2-0A-3C-1E-64-22-30-D2-02-84-C5-B7-BB-07-00-00-00-01-00-00-80-01-00-00-00-0B-00-2B-AE-A0-FC-F3-EA-DB-F3-9E-CD-8A-4F-7C-5B-F8-0D-65-C7-5B-71-FE-00-CD-84-1C-51-5A-9D-B8-42-5E-9D-1B-0E-00-00-61-DF-E4-8B-CA-93-D2-11-AA-0D-00-E0-98-03-2B-8C-03-00-00-00-00-00-00-00-F5-0D-00-00-00-00-00-00-4B-00-45-00-4B-00-A1-59-C0-A5-E4-94-A7-4A-87-B5-AB-15-5C-2B-F0-72-79-03-00-00-00-00-00-00-5D-03-00-00-91-30-05-3B-9F-6C-CC-04-B1-AC-E2-A5-1E-3B-E5-F5-30-82-03-49-30-82-02-31-A0-03-02-01-02-02-10-31-1E-46-C5-16-00-A1-A4-40-F1-C1-50-E2-17-C2-71-30-0D-06-09-2A-86-48-86-F7-0D-01-01-0B-05-00-30-2E-31-2C-30-2A-06-03-55-04-03-13-23-41-53-55-53-54-65-4B-20-4D-6F-74-68-65-72-42-6F-61-72-64-20-4B-45-4B-20-43-65-72-74-69-66-69-63-61-74-65-30-1E-17-0D-31-31-31-32-32-36-32-33-33-34-35-39-5A-17-0D-33-31-31-32-32-36-32-33-33-34-35-38-5A-30-2E-31-2C-30-2A-06-03-55-04-03-13-23-41-53-55-53-54-65-4B-20-4D-6F-74-68-65-72-42-6F-61-72-64-20-4B-45-4B-20-43-65-72-74-69-66-69-63-61-74-65-30-82-01-22-30-0D-06-09-2A-86-48-86-F7-0D-01-01-01-05-00-03-82-01-0F-00-30-82-01-0A-02-82-01-01-00-89-09-84-DE-A7-21-16-1B-45-4D-9C-21-73-80-84-F6-D1-13-E7-92-A4-B5-1D-0A-E3-4B-C5-A3-00-9F-64-B9-80-0F-C2-14-16-D8-D7-9E-1E-AC-A4-2F-D8-E8-E2-37-23-D4-75-80-FA-A3-2A-DE-8C-35-25-75-F8-C6-77-36-F2-10-74-A9-8E-08-49-C7-D5-36-AB-82-FC-26-6B-53-A2-AB-75-A6-3E-C2-23-FB-05-4B-51-D1-73-CE-BF-DE-88-E5-96-0C-4A-1F-67-9A-81-E8-46-A8-09-45-12-2F-0F-29-39-E9-B1-29-2B-AC-0C-73-AA-FB-78-4B-D5-29-7E-35-2C-AA-84-2C-E3-62-79-D3-51-29-D6-EC-F2-E5-40-45-A0-9F-17-4E-B2-F0-DC-38-34-C3-C7-7C-F6-05-E8-27-A1-46-9B-06-8C-6F-23-0A-6A-97-EA-22-57-99-69-D3-7F-EB-2F-D9-59-21-26-06-5B-36-7D-1F-B3-87-05-6A-A5-FE-E2-AA-4D-8E-C8-36-57-63-BD-B8-EC-DC-8B-8B-A0-25-2A-4A-CC-83-9F-05-55-2B-64-4B-DF-10-06-E5-6A-0A-7D-D6-0C-9E-ED-A9-A7-AE-F1-26-A6-31-4C-4B-77-1D-EB-8D-50-CF-A8-D5-17-68-05-97-3A-DB-02-03-01-00-01-A3-63-30-61-30-5F-06-03-55-1D-01-04-58-30-56-80-10-59-15-D5-B5-69-8A-B8-9D-28-C8-72-DB-3F-5A-9C-F0-A1-30-30-2E-31-2C-30-2A-06-03-55-04-03-13-23-41-53-55-53-54-65-4B-20-4D-6F-74-68-65-72-42-6F-61-72-64-20-4B-45-4B-20-43-65-72-74-69-66-69-63-61-74-65-82-10-31-1E-46-C5-16-00-A1-A4-40-F1-C1-50-E2-17-C2-71-30-0D-06-09-2A-86-48-86-F7-0D-01-01-0B-05-00-03-82-01-01-00-21-58-30-4F-95-F5-9F-66-E6-02-0C-68-5E-FC-28-24-A7-8A-33-B7-31-81-26-65-3D-5B-C0-BA-A3-48-E5-A0-E8-1A-C9-A9-56-E1-06-85-87-56-97-F3-26-79-CC-B1-98-DB-74-1D-95-4C-3E-F9-DD-91-97-76-33-DB-B2-69-95-71-F2-5E-8B-9A-EC-37-0D-36-7C-30-6C-5C-99-17-10-49-C8-6D-B7-CE-17-F3-0C-2E-0A-72-8C-32-D0-10-8F-8B-76-DA-C5-06-B7-5B-11-CD-39-3C-68-71-6F-2A-B1-67-B4-6D-AE-C8-85-2D-8C-AE-9D-45-B7-E1-E1-71-08-8F-76-99-DD-BC-F8-EE-A7-B7-59-07-DB-F5-CA-56-98-8F-9F-79-3B-C3-38-12-F7-0C-6D-AD-83-4C-49-93-8F-82-90-04-E3-00-E7-DF-67-79-84-FE-AA-40-72-E1-37-0B-71-5A-FE-94-96-D1-F2-4C-5B-3B-3B-FC-D7-1B-A7-4D-E2-76-E6-CA-63-F9-C9-4B-4A-E7-92-2C-E4-B1-75-46-92-D7-91-6B-21-3D-38-E0-1D-7E-32-2A-28-2A-08-E5-F9-ED-14-F2-3C-58-9C-48-52-E0-83-43-A8-09-FE-3A-35-FB-26-BC-7B-87-CA-51-E5-24-24-30-5C-DC-A1-59-C0-A5-E4-94-A7-4A-87-B5-AB-15-5C-2B-F0-72-18-06-00-00-00-00-00-00-FC-05-00-00-BD-9A-FA-77-59-03-32-4D-BD-60-28-F4-E7-8F-78-4B-30-82-05-E8-30-82-03-D0-A0-03-02-01-02-02-0A-61-0A-D1-88-00-00-00-00-00-03-30-0D-06-09-2A-86-48-86-F7-0D-01-01-0B-05-00-30-81-91-31-0B-30-09-06-03-55-04-06-13-02-55-53-31-13-30-11-06-03-55-04-08-13-0A-57-61-73-68-69-6E-67-74-6F-6E-31-10-30-0E-06-03-55-04-07-13-07-52-65-64-6D-6F-6E-64-31-1E-30-1C-06-03-55-04-0A-13-15-4D-69-63-72-6F-73-6F-66-74-20-43-6F-72-70-6F-72-61-74-69-6F-6E-31-3B-30-39-06-03-55-04-03-13-32-4D-69-63-72-6F-73-6F-66-74-20-43-6F-72-70-6F-72-61-74-69-6F-6E-20-54-68-69-72-64-20-50-61-72-74-79-20-4D-61-72-6B-65-74-70-6C-61-63-65-20-52-6F-6F-74-30-1E-17-0D-31-31-30-36-32-34-32-30-34-31-32-39-5A-17-0D-32-36-30-36-32-34-32-30-35-31-32-39-5A-30-81-80-31-0B-30-09-06-03-55-04-06-13-02-55-53-31-13-30-11-06-03-55-04-08-13-0A-57-61-73-68-69-6E-67-74-6F-6E-31-10-30-0E-06-03-55-04-07-13-07-52-65-64-6D-6F-6E-64-31-1E-30-1C-06-03-55-04-0A-13-15-4D-69-63-72-6F-73-6F-66-74-20-43-6F-72-70-6F-72-61-74-69-6F-6E-31-2A-30-28-06-03-55-04-03-13-21-4D-69-63-72-6F-73-6F-66-74-20-43-6F-72-70-6F-72-61-74-69-6F-6E-20-4B-45-4B-20-43-41-20-32-30-31-31-30-82-01-22-30-0D-06-09-2A-86-48-86-F7-0D-01-01-01-05-00-03-82-01-0F-00-30-82-01-0A-02-82-01-01-00-C4-E8-B5-8A-BF-AD-57-26-B0-26-C3-EA-E7-FB-57-7A-44-02-5D-07-0D-DA-4A-E5-74-2A-E6-B0-0F-EC-6D-EB-EC-7F-B9-E3-5A-63-32-7C-11-17-4F-0E-E3-0B-A7-38-15-93-8E-C6-F5-E0-84-B1-9A-9B-2C-E7-F5-B7-91-D6-09-E1-E2-C0-04-A8-AC-30-1C-DF-48-F3-06-50-9A-64-A7-51-7F-C8-85-4F-8F-20-86-CE-FE-2F-E1-9F-FF-82-C0-ED-E9-CD-CE-F4-53-6A-62-3A-0B-43-B9-E2-25-FD-FE-05-F9-D4-C4-14-AB-11-E2-23-89-8D-70-B7-A4-1D-4D-EC-AE-E5-9C-FA-16-C2-D7-C1-CB-D4-E8-C4-2F-E5-99-EE-24-8B-03-EC-8D-F2-8B-EA-C3-4A-FB-43-11-12-0B-7E-B5-47-92-6C-DC-E6-04-89-EB-F5-33-04-EB-10-01-2A-71-E5-F9-83-13-3C-FF-25-09-2F-68-76-46-FF-BA-4F-BE-DC-AD-71-2A-58-AA-FB-0E-D2-79-3D-E4-9B-65-3B-CC-29-2A-9F-FC-72-59-A2-EB-AE-92-EF-F6-35-13-80-C6-02-EC-E4-5F-CC-9D-76-CD-EF-63-92-C1-AF-79-40-84-79-87-7F-E3-52-A8-E8-9D-7B-07-69-8F-15-02-03-01-00-01-A3-82-01-4F-30-82-01-4B-30-10-06-09-2B-06-01-04-01-82-37-15-01-04-03-02-01-00-30-1D-06-03-55-1D-0E-04-16-04-14-62-FC-43-CD-A0-3E-A4-CB-67-12-D2-5B-D9-55-AC-7B-CC-B6-8A-5F-30-19-06-09-2B-06-01-04-01-82-37-14-02-04-0C-1E-0A-00-53-00-75-00-62-00-43-00-41-30-0B-06-03-55-1D-0F-04-04-03-02-01-86-30-0F-06-03-55-1D-13-01-01-FF-04-05-30-03-01-01-FF-30-1F-06-03-55-1D-23-04-18-30-16-80-14-45-66-52-43-E1-7E-58-11-BF-D6-4E-9E-23-55-08-3B-3A-22-6A-A8-30-5C-06-03-55-1D-1F-04-55-30-53-30-51-A0-4F-A0-4D-86-4B-68-74-74-70-3A-2F-2F-63-72-6C-2E-6D-69-63-72-6F-73-6F-66-74-2E-63-6F-6D-2F-70-6B-69-2F-63-72-6C-2F-70-72-6F-64-75-63-74-73-2F-4D-69-63-43-6F-72-54-68-69-50-61-72-4D-61-72-52-6F-6F-5F-32-30-31-30-2D-31-30-2D-30-35-2E-63-72-6C-30-60-06-08-2B-06-01-05-05-07-01-01-04-54-30-52-30-50-06-08-2B-06-01-05-05-07-30-02-86-44-68-74-74-70-3A-2F-2F-77-77-77-2E-6D-69-63-72-6F-73-6F-66-74-2E-63-6F-6D-2F-70-6B-69-2F-63-65-72-74-73-2F-4D-69-63-43-6F-72-54-68-69-50-61-72-4D-61-72-52-6F-6F-5F-32-30-31-30-2D-31-30-2D-30-35-2E-63-72-74-30-0D-06-09-2A-86-48-86-F7-0D-01-01-0B-05-00-03-82-02-01-00-D4-84-88-F5-14-94-18-02-CA-2A-3C-FB-2A-92-1C-0C-D7-A0-D1-F1-E8-52-66-A8-EE-A2-B5-75-7A-90-00-AA-2D-A4-76-5A-EA-79-B7-B9-37-6A-51-7B-10-64-F6-E1-64-F2-02-67-BE-F7-A8-1B-78-BD-BA-CE-88-58-64-0C-D6-57-C8-19-A3-5F-05-D6-DB-C6-D0-69-CE-48-4B-32-B7-EB-5D-D2-30-F5-C0-F5-B8-BA-78-07-A3-2B-FE-9B-DB-34-56-84-EC-82-CA-AE-41-25-70-9C-6B-E9-FE-90-0F-D7-96-1F-E5-E7-94-1F-B2-2A-0C-8D-4B-FF-28-29-10-7B-F7-D7-7C-A5-D1-76-B9-05-C8-79-ED-0F-90-92-9C-C2-FE-DF-6F-7E-6C-0F-7B-D4-C1-45-DD-34-51-96-39-0F-E5-5E-56-D8-18-05-96-F4-07-A6-42-B3-A0-77-FD-08-19-F2-71-56-CC-9F-86-23-A4-87-CB-A6-FD-58-7E-D4-69-67-15-91-7E-81-F2-7F-13-E5-0D-8B-8A-3C-87-84-EB-E3-CE-BD-43-E5-AD-2D-84-93-8E-6A-2B-5A-7C-44-FA-52-AA-81-C8-2D-1C-BB-E0-52-DF-00-11-F8-9A-3D-C1-60-B0-E1-33-B5-A3-88-D1-65-19-0A-1A-E7-AC-7C-A4-C1-82-87-4E-38-B1-2F-0D-C5-14-87-6F-FD-8D-2E-BC-39-B6-E7-E6-C3-E0-E4-CD-27-84-EF-94-42-EF-29-8B-90-46-41-3B-81-1B-67-D8-F9-43-59-65-CB-0D-BC-FD-00-92-4F-F4-75-3B-A7-A9-24-FC-50-41-40-79-E0-2D-4F-0A-6A-27-76-6E-52-ED-96-69-7B-AF-0F-F7-87-05-D0-45-C2-AD-53-14-81-1F-FB-30-04-AA-37-36-61-DA-4A-69-1B-34-D8-68-ED-D6-02-CF-6C-94-0C-D3-CF-6C-22-79-AD-B1-F0-BC-03-A2-46-60-A9-C4-07-C2-21-82-F1-FD-F2-E8-79-32-60-BF-D8-AC-A5-22-14-4B-CA-C1-D8-4B-EB-7D-3F-57-35-B2-E6-4F-75-B4-B0-60-03-22-53-AE-91-79-1D-D6-9B-41-1F-15-86-54-70-B2-DE-0D-35-0F-7C-B0-34-72-BA-97-60-3B-F0-79-EB-A2-B2-1C-5D-A2-16-B8-87-C5-E9-1B-F6-B5-97-25-6F-38-9F-E3-91-FA-8A-79-98-C3-69-0E-B7-A3-1C-20-05-97-F8-CA-14-AE-00-D7-C4-F3-C0-14-10-75-6B-34-A0-1B-B5-99-60-F3-5C-B0-C5-57-4E-36-D2-32-84-BF-9E-A1-59-C0-A5-E4-94-A7-4A-87-B5-AB-15-5C-2B-F0-72-64-04-00-00-00-00-00-00-48-04-00-00-E4-0A-C4-6D-E8-2E-4C-9C-A3-14-0F-C7-B2-00-87-10-30-82-04-34-30-82-03-1C-A0-03-02-01-02-02-09-00-B9-41-24-A0-18-2C-92-67-30-0D-06-09-2A-86-48-86-F7-0D-01-01-0B-05-00-30-81-84-31-0B-30-09-06-03-55-04-06-13-02-47-42-31-14-30-12-06-03-55-04-08-0C-0B-49-73-6C-65-20-6F-66-20-4D-61-6E-31-10-30-0E-06-03-55-04-07-0C-07-44-6F-75-67-6C-61-73-31-17-30-15-06-03-55-04-0A-0C-0E-43-61-6E-6F-6E-69-63-61-6C-20-4C-74-64-2E-31-34-30-32-06-03-55-04-03-0C-2B-43-61-6E-6F-6E-69-63-61-6C-20-4C-74-64-2E-20-4D-61-73-74-65-72-20-43-65-72-74-69-66-69-63-61-74-65-20-41-75-74-68-6F-72-69-74-79-30-1E-17-0D-31-32-30-34-31-32-31-31-31-32-35-31-5A-17-0D-34-32-30-34-31-31-31-31-31-32-35-31-5A-30-81-84-31-0B-30-09-06-03-55-04-06-13-02-47-42-31-14-30-12-06-03-55-04-08-0C-0B-49-73-6C-65-20-6F-66-20-4D-61-6E-31-10-30-0E-06-03-55-04-07-0C-07-44-6F-75-67-6C-61-73-31-17-30-15-06-03-55-04-0A-0C-0E-43-61-6E-6F-6E-69-63-61-6C-20-4C-74-64-2E-31-34-30-32-06-03-55-04-03-0C-2B-43-61-6E-6F-6E-69-63-61-6C-20-4C-74-64-2E-20-4D-61-73-74-65-72-20-43-65-72-74-69-66-69-63-61-74-65-20-41-75-74-68-6F-72-69-74-79-30-82-01-22-30-0D-06-09-2A-86-48-86-F7-0D-01-01-01-05-00-03-82-01-0F-00-30-82-01-0A-02-82-01-01-00-BF-5B-3A-16-74-EE-21-5D-AE-61-ED-9D-56-AC-BD-DE-DE-72-F3-DD-7E-2D-4C-62-0F-AC-C0-6D-48-08-11-CF-8D-8B-FB-61-1F-27-CC-11-6E-D9-55-3D-39-54-EB-40-3B-B1-BB-E2-85-34-79-CA-F7-7B-BF-BA-7A-C8-10-2D-19-7D-AD-59-CF-A6-D4-E9-4E-0F-DA-AE-52-EA-4C-9E-90-CE-C6-99-0D-4E-67-65-78-5D-F9-D1-D5-38-4A-4A-7A-8F-93-9C-7F-1A-A3-85-DB-CE-FA-8B-F7-C2-A2-21-2D-9B-54-41-35-10-57-13-8D-6C-BC-29-06-50-4A-7E-EA-99-A9-68-A7-3B-C7-07-1B-32-9E-A0-19-87-0E-79-BB-68-99-2D-7E-93-52-E5-F6-EB-C9-9B-F9-2B-ED-B8-68-49-BC-D9-95-50-40-5B-C5-B2-71-AA-EB-5C-57-DE-71-F9-40-0A-DD-5B-AC-1E-84-2D-50-1A-52-D6-E1-F3-6B-6E-90-64-4F-5B-B4-EB-20-E4-61-10-DA-5A-F0-EA-E4-42-D7-01-C4-FE-21-1F-D9-B9-C0-54-95-42-81-52-72-1F-49-64-7A-C8-6C-24-F1-08-70-0B-4D-A5-A0-32-D1-A0-1C-57-A8-4D-E3-AF-A5-8E-05-05-3E-10-43-A1-02-03-01-00-01-A3-81-A6-30-81-A3-30-1D-06-03-55-1D-0E-04-16-04-14-AD-91-99-0B-C2-2A-B1-F5-17-04-8C-23-B6-65-5A-26-8E-34-5A-63-30-1F-06-03-55-1D-23-04-18-30-16-80-14-AD-91-99-0B-C2-2A-B1-F5-17-04-8C-23-B6-65-5A-26-8E-34-5A-63-30-0F-06-03-55-1D-13-01-01-FF-04-05-30-03-01-01-FF-30-0B-06-03-55-1D-0F-04-04-03-02-01-86-30-43-06-03-55-1D-1F-04-3C-30-3A-30-38-A0-36-A0-34-86-32-68-74-74-70-3A-2F-2F-77-77-77-2E-63-61-6E-6F-6E-69-63-61-6C-2E-63-6F-6D-2F-73-65-63-75-72-65-2D-62-6F-6F-74-2D-6D-61-73-74-65-72-2D-63-61-2E-63-72-6C-30-0D-06-09-2A-86-48-86-F7-0D-01-01-0B-05-00-03-82-01-01-00-3F-7D-F6-76-A5-B3-83-B4-2B-7A-D0-6D-52-1A-03-83-C4-12-A7-50-9C-47-92-CC-C0-94-77-82-D2-AE-57-B3-99-04-F5-32-3A-C6-55-1D-07-DB-12-A9-56-FA-D8-D4-76-20-EB-E4-C3-51-DB-9A-5C-9C-92-3F-18-73-DA-94-6A-A1-99-38-8C-A4-88-6D-C1-FC-39-71-D0-74-76-16-03-3E-56-23-35-D5-55-47-5B-1A-1D-41-C2-D3-12-4C-DC-FF-AE-0A-92-9C-62-0A-17-01-9C-73-E0-5E-B1-FD-BC-D6-B5-19-11-7A-7E-CD-3E-03-7E-66-DB-5B-A8-C9-39-48-51-FF-53-E1-9C-31-53-91-1B-3B-10-75-03-17-BA-E6-81-02-80-94-70-4C-46-B7-94-B0-3D-15-CD-1F-8E-02-E0-68-02-8F-FB-F9-47-1D-7D-A2-01-C6-07-51-C4-9A-CC-ED-DD-CF-A3-5D-ED-92-BB-BE-D1-FD-E6-EC-1F-33-51-73-04-BE-3C-72-B0-7D-08-F8-01-FF-98-7D-CB-9C-E0-69-39-77-25-47-71-88-B1-8D-27-A5-2E-A8-F7-3F-5F-80-69-97-3E-A9-F4-99-14-DB-CE-03-0E-0B-66-C4-1C-6D-BD-B8-27-77-C1-42-94-BD-FC-6A-0A-BC-07-00-00-00-01-00-00-80-01-00-00-00-0B-00-5B-46-3B-6C-9B-68-D0-73-CA-57-C5-0C-08-B4-D7-D4-3E-A0-88-1F-0C-9A-91-D8-77-48-FE-5E-44-88-20-8A-D6-18-00-00-CB-B2-19-D7-3A-3D-96-45-A3-BC-DA-D0-0E-67-65-6F-02-00-00-00-00-00-00-00-B2-18-00-00-00-00-00-00-64-00-62-00-A1-59-C0-A5-E4-94-A7-4A-87-B5-AB-15-5C-2B-F0-72-82-03-00-00-00-00-00-00-66-03-00-00-91-30-05-3B-9F-6C-CC-04-B1-AC-E2-A5-1E-3B-E5-F5-30-82-03-52-30-82-02-3A-A0-03-02-01-02-02-10-DA-83-B9-90-42-2E-BC-8C-44-1F-8D-8B-03-9A-65-A2-30-0D-06-09-2A-86-48-86-F7-0D-01-01-0B-05-00-30-31-31-2F-30-2D-06-03-55-04-03-13-26-41-53-55-53-54-65-4B-20-4D-6F-74-68-65-72-42-6F-61-72-64-20-53-57-20-4B-65-79-20-43-65-72-74-69-66-69-63-61-74-65-30-1E-17-0D-31-31-31-32-32-36-32-33-33-35-30-35-5A-17-0D-33-31-31-32-32-36-32-33-33-35-30-34-5A-30-31-31-2F-30-2D-06-03-55-04-03-13-26-41-53-55-53-54-65-4B-20-4D-6F-74-68-65-72-42-6F-61-72-64-20-53-57-20-4B-65-79-20-43-65-72-74-69-66-69-63-61-74-65-30-82-01-22-30-0D-06-09-2A-86-48-86-F7-0D-01-01-01-05-00-03-82-01-0F-00-30-82-01-0A-02-82-01-01-00-8C-F6-A6-EB-77-FC-83-8A-A4-9F-D5-F8-CF-3F-37-F2-6E-2D-0A-62-C5-D8-9B-1D-16-0B-22-7F-29-5F-3A-26-DF-53-97-8C-78-94-19-90-42-73-0F-85-C2-FF-A4-85-7C-81-2E-0B-51-BA-56-23-27-92-3D-A3-F2-DC-E2-77-84-9E-50-BE-8A-EB-51-34-A4-F8-EF-5D-D7-51-FE-70-42-4C-42-06-EF-69-2C-A2-D3-25-E1-26-57-23-85-6D-D0-A7-7B-C0-45-28-7E-89-D5-B4-0A-EB-AF-41-79-21-D2-D7-00-EC-48-F9-44-F6-5B-BE-B6-25-24-F0-8E-2E-B4-52-3E-E1-0E-C1-A4-67-EA-FE-E5-93-CC-B9-C4-36-21-CB-54-FA-AF-9D-9C-85-78-CC-E5-88-F3-84-0C-67-DB-26-69-58-CA-DE-47-34-EC-CF-2F-B6-49-59-B5-56-DB-58-45-7B-21-9D-99-0B-5F-DE-57-16-A6-AB-C8-79-3F-9D-76-89-E2-09-F9-8D-E2-63-37-FC-74-EA-73-7E-70-AC-15-16-A5-ED-88-60-5F-33-ED-94-9E-0A-05-DE-C7-85-C3-C1-7A-54-FB-4E-CB-CB-E8-5E-44-7C-39-DB-2D-B2-B7-6C-CE-CA-2F-63-9D-16-4E-A6-E5-EF-D6-CF-02-03-01-00-01-A3-66-30-64-30-62-06-03-55-1D-01-04-5B-30-59-80-10-56-B0-8B-2A-A7-FE-CC-F1-0C-ED-87-62-DC-D5-1D-C3-A1-33-30-31-31-2F-30-2D-06-03-55-04-03-13-26-41-53-55-53-54-65-4B-20-4D-6F-74-68-65-72-42-6F-61-72-64-20-53-57-20-4B-65-79-20-43-65-72-74-69-66-69-63-61-74-65-82-10-DA-83-B9-90-42-2E-BC-8C-44-1F-8D-8B-03-9A-65-A2-30-0D-06-09-2A-86-48-86-F7-0D-01-01-0B-05-00-03-82-01-01-00-02-CF-52-6F-0B-91-EB-E4-3B-B2-70-0C-07-2D-79-80-01-9E-4B-4D-92-BB-DC-9E-E5-E5-31-85-E3-9A-75-ED-CA-DE-8C-EE-28-34-01-83-14-47-9E-3A-D4-43-5B-2C-C4-41-C8-40-7D-B5-08-76-86-80-2B-A8-00-9F-B7-D3-B1-E6-60-5C-32-B0-A0-01-0F-BA-36-8B-B7-B5-4E-87-D5-B7-0A-2C-BD-BC-6A-43-3C-EE-76-7C-76-20-ED-39-91-A8-BF-70-1E-D6-A8-1A-3E-81-36-6B-7D-1D-8D-F6-F8-AF-5B-38-53-6A-04-0D-7E-AE-4D-EE-AB-02-D4-A4-A2-A9-CF-B6-E3-66-A3-CA-4D-5D-D4-18-61-4D-DA-83-28-4E-AA-2A-AF-DA-EB-DF-2A-20-BD-78-80-EF-D1-B0-DD-9B-77-DB-C9-25-39-4B-CF-A2-86-1A-AC-CC-32-E7-87-D4-59-B2-03-C4-69-02-8F-17-C9-DE-52-CB-E7-AB-B8-35-C5-F8-33-06-03-93-52-CF-B3-68-D2-B3-5C-1C-E8-19-FE-75-26-ED-D1-65-72-13-4D-69-34-5A-9B-0C-B4-E3-56-53-3C-B4-67-27-F8-FA-D3-20-DA-37-58-F6-AD-E2-82-59-A2-B8-22-2F-9E-56-FE-BC-17-49-1D-AF-A1-59-C0-A5-E4-94-A7-4A-87-B5-AB-15-5C-2B-F0-72-79-03-00-00-00-00-00-00-5D-03-00-00-91-30-05-3B-9F-6C-CC-04-B1-AC-E2-A5-1E-3B-E5-F5-30-82-03-49-30-82-02-31-A0-03-02-01-02-02-10-B8-E5-81-E4-DF-77-A5-BB-42-82-D5-CC-FC-00-C0-71-30-0D-06-09-2A-86-48-86-F7-0D-01-01-0B-05-00-30-2E-31-2C-30-2A-06-03-55-04-03-13-23-41-53-55-53-54-65-4B-20-4E-6F-74-65-62-6F-6F-6B-20-53-57-20-4B-65-79-20-43-65-72-74-69-66-69-63-61-74-65-30-1E-17-0D-31-31-31-32-32-37-30-30-31-38-35-33-5A-17-0D-33-31-31-32-32-37-30-30-31-38-35-32-5A-30-2E-31-2C-30-2A-06-03-55-04-03-13-23-41-53-55-53-54-65-4B-20-4E-6F-74-65-62-6F-6F-6B-20-53-57-20-4B-65-79-20-43-65-72-74-69-66-69-63-61-74-65-30-82-01-22-30-0D-06-09-2A-86-48-86-F7-0D-01-01-01-05-00-03-82-01-0F-00-30-82-01-0A-02-82-01-01-00-9E-61-FA-74-2C-2A-88-17-C4-BD-77-19-0D-B3-33-27-0C-0E-94-EC-B0-8B-71-B3-08-77-B7-D2-08-9D-32-4F-5C-F7-0C-CF-E0-29-53-56-ED-24-91-D8-BD-53-2A-89-89-8C-74-28-AB-16-2D-4F-9B-65-FC-63-7D-ED-23-B6-97-5C-6D-04-E4-15-7F-DC-F8-BA-6B-08-CC-C9-21-E9-B5-DE-8E-03-28-12-63-F0-6A-B6-E5-DF-1D-72-28-CC-64-D6-63-66-2F-04-52-6A-1D-25-7D-C7-BD-E0-78-FB-0C-B7-37-E5-AE-F7-0D-D6-B5-B4-BF-F5-F1-C6-82-56-78-5C-A8-F3-53-2E-F5-EC-15-3F-12-62-2F-EB-B6-79-79-86-AC-76-FF-B6-66-45-F5-33-DA-DD-25-D6-A7-BF-F8-D9-DB-D3-F1-FA-CE-0E-22-30-D7-D4-80-02-BD-D3-2C-1E-EC-46-2E-2F-CA-0F-7A-FA-B9-5C-FF-2B-16-C6-6A-6B-8D-94-64-92-7E-F9-55-EE-96-00-4D-04-2E-4B-15-ED-F1-08-49-6A-07-86-69-C8-C5-64-FA-AD-2C-4F-02-50-E4-1F-83-C7-2F-19-9F-E8-A5-62-D9-51-32-18-B6-83-CA-08-0A-A1-AB-A7-65-70-9C-1E-48-C3-0F-49-02-03-01-00-01-A3-63-30-61-30-5F-06-03-55-1D-01-04-58-30-56-80-10-00-65-11-E3-CA-0F-96-E8-8D-5B-04-A4-E7-FE-CE-AA-A1-30-30-2E-31-2C-30-2A-06-03-55-04-03-13-23-41-53-55-53-54-65-4B-20-4E-6F-74-65-62-6F-6F-6B-20-53-57-20-4B-65-79-20-43-65-72-74-69-66-69-63-61-74-65-82-10-B8-E5-81-E4-DF-77-A5-BB-42-82-D5-CC-FC-00-C0-71-30-0D-06-09-2A-86-48-86-F7-0D-01-01-0B-05-00-03-82-01-01-00-31-18-F4-EE-E3-72-BA-BE-33-44-61-74-19-1F-66-AC-5C-FD-1D-9A-26-75-D0-14-CD-68-38-B3-A8-3F-4F-B4-4A-E9-1E-21-F2-C9-EE-37-96-26-BE-1D-58-9B-AD-21-CE-58-79-53-D3-FF-38-EF-8F-22-CD-90-0E-C6-32-21-75-9B-5A-AB-AF-08-FF-05-CD-2B-F8-8C-E7-97-47-BB-78-E4-5F-56-47-D2-BC-C8-A5-95-CB-76-89-5C-65-24-02-18-06-9C-12-5F-EF-E0-5C-19-45-38-96-DF-7A-60-5D-61-BA-4D-C8-7B-6E-8D-8C-6E-1D-A9-E5-92-35-A2-4F-36-D3-40-AD-D7-40-12-AB-6C-48-8D-18-92-E4-00-52-03-DF-14-AC-66-3F-6A-AE-42-3A-06-50-AA-A5-0D-40-A7-7B-EB-FD-41-49-FF-EB-A3-B4-50-4F-F7-54-13-3B-1F-8E-B4-45-04-20-42-74-FE-78-3D-BE-7C-DB-A7-2A-2A-9D-06-48-C0-9A-02-23-AF-F2-98-07-95-DE-3B-30-73-EC-3E-73-58-8F-07-53-40-96-D8-24-D9-66-80-7A-75-8D-B7-39-27-10-89-7A-B4-53-BF-3B-C2-E2-97-93-37-8A-9D-4D-23-6E-AC-EB-0D-53-21-4D-0B-34-13-A1-59-C0-A5-E4-94-A7-4A-87-B5-AB-15-5C-2B-F0-72-40-06-00-00-00-00-00-00-24-06-00-00-BD-9A-FA-77-59-03-32-4D-BD-60-28-F4-E7-8F-78-4B-30-82-06-10-30-82-03-F8-A0-03-02-01-02-02-0A-61-08-D3-C4-00-00-00-00-00-04-30-0D-06-09-2A-86-48-86-F7-0D-01-01-0B-05-00-30-81-91-31-0B-30-09-06-03-55-04-06-13-02-55-53-31-13-30-11-06-03-55-04-08-13-0A-57-61-73-68-69-6E-67-74-6F-6E-31-10-30-0E-06-03-55-04-07-13-07-52-65-64-6D-6F-6E-64-31-1E-30-1C-06-03-55-04-0A-13-15-4D-69-63-72-6F-73-6F-66-74-20-43-6F-72-70-6F-72-61-74-69-6F-6E-31-3B-30-39-06-03-55-04-03-13-32-4D-69-63-72-6F-73-6F-66-74-20-43-6F-72-70-6F-72-61-74-69-6F-6E-20-54-68-69-72-64-20-50-61-72-74-79-20-4D-61-72-6B-65-74-70-6C-61-63-65-20-52-6F-6F-74-30-1E-17-0D-31-31-30-36-32-37-32-31-32-32-34-35-5A-17-0D-32-36-30-36-32-37-32-31-33-32-34-35-5A-30-81-81-31-0B-30-09-06-03-55-04-06-13-02-55-53-31-13-30-11-06-03-55-04-08-13-0A-57-61-73-68-69-6E-67-74-6F-6E-31-10-30-0E-06-03-55-04-07-13-07-52-65-64-6D-6F-6E-64-31-1E-30-1C-06-03-55-04-0A-13-15-4D-69-63-72-6F-73-6F-66-74-20-43-6F-72-70-6F-72-61-74-69-6F-6E-31-2B-30-29-06-03-55-04-03-13-22-4D-69-63-72-6F-73-6F-66-74-20-43-6F-72-70-6F-72-61-74-69-6F-6E-20-55-45-46-49-20-43-41-20-32-30-31-31-30-82-01-22-30-0D-06-09-2A-86-48-86-F7-0D-01-01-01-05-00-03-82-01-0F-00-30-82-01-0A-02-82-01-01-00-A5-08-6C-4C-C7-45-09-6A-4B-0C-A4-C0-87-7F-06-75-0C-43-01-54-64-E0-16-7F-07-ED-92-7D-0B-B2-73-BF-0C-0A-C6-4A-45-61-A0-C5-16-2D-96-D3-F5-2B-A0-FB-4D-49-9B-41-80-90-3C-B9-54-FD-E6-BC-D1-9D-C4-A4-18-8A-7F-41-8A-5C-59-83-68-32-BB-8C-47-C9-EE-71-BC-21-4F-9A-8A-7C-FF-44-3F-8D-8F-32-B2-26-48-AE-75-B5-EE-C9-4C-1E-4A-19-7E-E4-82-9A-1D-78-77-4D-0C-B0-BD-F6-0F-D3-16-D3-BC-FA-2B-A5-51-38-5D-F5-FB-BA-DB-78-02-DB-FF-EC-0A-1B-96-D5-83-B8-19-13-E9-B6-C0-7B-40-7B-E1-1F-28-27-C9-FA-EF-56-5E-1C-E6-7E-94-7E-C0-F0-44-B2-79-39-E5-DA-B2-62-8B-4D-BF-38-70-E2-68-24-14-C9-33-A4-08-37-D5-58-69-5E-D3-7C-ED-C1-04-53-08-E7-4E-B0-2A-87-63-08-61-6F-63-15-59-EA-B2-2B-79-D7-0C-61-67-8A-5B-FD-5E-AD-87-7F-BA-86-67-4F-71-58-12-22-04-22-22-CE-8B-EF-54-71-00-CE-50-35-58-76-95-08-EE-6A-B1-A2-01-D5-02-03-01-00-01-A3-82-01-76-30-82-01-72-30-12-06-09-2B-06-01-04-01-82-37-15-01-04-05-02-03-01-00-01-30-23-06-09-2B-06-01-04-01-82-37-15-02-04-16-04-14-F8-C1-6B-B7-7F-77-53-4A-F3-25-37-1D-4E-A1-26-7B-0F-20-70-80-30-1D-06-03-55-1D-0E-04-16-04-14-13-AD-BF-43-09-BD-82-70-9C-8C-D5-4F-31-6E-D5-22-98-8A-1B-D4-30-19-06-09-2B-06-01-04-01-82-37-14-02-04-0C-1E-0A-00-53-00-75-00-62-00-43-00-41-30-0B-06-03-55-1D-0F-04-04-03-02-01-86-30-0F-06-03-55-1D-13-01-01-FF-04-05-30-03-01-01-FF-30-1F-06-03-55-1D-23-04-18-30-16-80-14-45-66-52-43-E1-7E-58-11-BF-D6-4E-9E-23-55-08-3B-3A-22-6A-A8-30-5C-06-03-55-1D-1F-04-55-30-53-30-51-A0-4F-A0-4D-86-4B-68-74-74-70-3A-2F-2F-63-72-6C-2E-6D-69-63-72-6F-73-6F-66-74-2E-63-6F-6D-2F-70-6B-69-2F-63-72-6C-2F-70-72-6F-64-75-63-74-73-2F-4D-69-63-43-6F-72-54-68-69-50-61-72-4D-61-72-52-6F-6F-5F-32-30-31-30-2D-31-30-2D-30-35-2E-63-72-6C-30-60-06-08-2B-06-01-05-05-07-01-01-04-54-30-52-30-50-06-08-2B-06-01-05-05-07-30-02-86-44-68-74-74-70-3A-2F-2F-77-77-77-2E-6D-69-63-72-6F-73-6F-66-74-2E-63-6F-6D-2F-70-6B-69-2F-63-65-72-74-73-2F-4D-69-63-43-6F-72-54-68-69-50-61-72-4D-61-72-52-6F-6F-5F-32-30-31-30-2D-31-30-2D-30-35-2E-63-72-74-30-0D-06-09-2A-86-48-86-F7-0D-01-01-0B-05-00-03-82-02-01-00-35-08-42-FF-30-CC-CE-F7-76-0C-AD-10-68-58-35-29-46-32-76-27-7C-EF-12-41-27-42-1B-4A-AA-6D-81-38-48-59-13-55-F3-E9-58-34-A6-16-0B-82-AA-5D-AD-82-DA-80-83-41-06-8F-B4-1D-F2-03-B9-F3-1A-5D-1B-F1-50-90-F9-B3-55-84-42-28-1C-20-BD-B2-AE-51-14-C5-C0-AC-97-95-21-1C-90-DB-0F-FC-77-9E-95-73-91-88-CA-BD-BD-52-B9-05-50-0D-DF-57-9E-A0-61-ED-0D-E5-6D-25-D9-40-0F-17-40-C8-CE-A3-4A-C2-4D-AF-9A-12-1D-08-54-8F-BD-C7-BC-B9-2B-3D-49-2B-1F-32-FC-6A-21-69-4F-9B-C8-7E-42-34-FC-36-06-17-8B-8F-20-40-C0-B3-9A-25-75-27-CD-C9-03-A3-F6-5D-D1-E7-36-54-7A-B9-50-B5-D3-12-D1-07-BF-BB-74-DF-DC-1E-8F-80-D5-ED-18-F4-2F-14-16-6B-2F-DE-66-8C-B0-23-E5-C7-84-D8-ED-EA-C1-33-82-AD-56-4B-18-2D-F1-68-95-07-CD-CF-F0-72-F0-AE-BB-DD-86-85-98-2C-21-4C-33-2B-F0-0F-4A-F0-68-87-B5-92-55-32-75-A1-6A-82-6A-3C-A3-25-11-A4-ED-AD-D7-04-AE-CB-D8-40-59-A0-84-D1-95-4C-62-91-22-1A-74-1D-8C-3D-47-0E-44-A6-E4-B0-9B-34-35-B1-FA-B6-53-A8-2C-81-EC-A4-05-71-C8-9D-B8-BA-E8-1B-44-66-E4-47-54-0E-8E-56-7F-B3-9F-16-98-B2-86-D0-68-3E-90-23-B5-2F-5E-8F-50-85-8D-C6-8D-82-5F-41-A1-F4-2E-0D-E0-99-D2-6C-75-E4-B6-69-B5-21-86-FA-07-D1-F6-E2-4D-D1-DA-AD-2C-77-53-1E-25-32-37-C7-6C-52-72-95-86-B0-F1-35-61-6A-19-F5-B2-3B-81-50-56-A6-32-2D-FE-A2-89-F9-42-86-27-18-55-A1-82-CA-5A-9B-F8-30-98-54-14-A6-47-96-25-2F-C8-26-E4-41-94-1A-5C-02-3F-E5-96-E3-85-5B-3C-3E-3F-BB-47-16-72-55-E2-25-22-B1-D9-7B-E7-03-06-2A-A3-F7-1E-90-46-C3-00-0D-D6-19-89-E3-0E-35-27-62-03-71-15-A6-EF-D0-27-A0-A0-59-37-60-F8-38-94-B8-E0-78-70-F8-BA-4C-86-87-94-F6-E0-AE-02-45-EE-65-C2-B6-A3-7E-69-16-75-07-92-9B-F5-A6-BC-59-83-58-A1-59-C0-A5-E4-94-A7-4A-87-B5-AB-15-5C-2B-F0-72-07-06-00-00-00-00-00-00-EB-05-00-00-BD-9A-FA-77-59-03-32-4D-BD-60-28-F4-E7-8F-78-4B-30-82-05-D7-30-82-03-BF-A0-03-02-01-02-02-0A-61-07-76-56-00-00-00-00-00-08-30-0D-06-09-2A-86-48-86-F7-0D-01-01-0B-05-00-30-81-88-31-0B-30-09-06-03-55-04-06-13-02-55-53-31-13-30-11-06-03-55-04-08-13-0A-57-61-73-68-69-6E-67-74-6F-6E-31-10-30-0E-06-03-55-04-07-13-07-52-65-64-6D-6F-6E-64-31-1E-30-1C-06-03-55-04-0A-13-15-4D-69-63-72-6F-73-6F-66-74-20-43-6F-72-70-6F-72-61-74-69-6F-6E-31-32-30-30-06-03-55-04-03-13-29-4D-69-63-72-6F-73-6F-66-74-20-52-6F-6F-74-20-43-65-72-74-69-66-69-63-61-74-65-20-41-75-74-68-6F-72-69-74-79-20-32-30-31-30-30-1E-17-0D-31-31-31-30-31-39-31-38-34-31-34-32-5A-17-0D-32-36-31-30-31-39-31-38-35-31-34-32-5A-30-81-84-31-0B-30-09-06-03-55-04-06-13-02-55-53-31-13-30-11-06-03-55-04-08-13-0A-57-61-73-68-69-6E-67-74-6F-6E-31-10-30-0E-06-03-55-04-07-13-07-52-65-64-6D-6F-6E-64-31-1E-30-1C-06-03-55-04-0A-13-15-4D-69-63-72-6F-73-6F-66-74-20-43-6F-72-70-6F-72-61-74-69-6F-6E-31-2E-30-2C-06-03-55-04-03-13-25-4D-69-63-72-6F-73-6F-66-74-20-57-69-6E-64-6F-77-73-20-50-72-6F-64-75-63-74-69-6F-6E-20-50-43-41-20-32-30-31-31-30-82-01-22-30-0D-06-09-2A-86-48-86-F7-0D-01-01-01-05-00-03-82-01-0F-00-30-82-01-0A-02-82-01-01-00-DD-0C-BB-A2-E4-2E-09-E3-E7-C5-F7-96-69-BC-00-21-BD-69-33-33-EF-AD-04-CB-54-80-EE-06-83-BB-C5-20-84-D9-F7-D2-8B-F3-38-B0-AB-A4-AD-2D-7C-62-79-05-FF-E3-4A-3F-04-35-20-70-E3-C4-E7-6B-E0-9C-C0-36-75-E9-8A-31-DD-8D-70-E5-DC-37-B5-74-46-96-28-5B-87-60-23-2C-BF-DC-47-A5-67-F7-51-27-9E-72-EB-07-A6-C9-B9-1E-3B-53-35-7C-E5-D3-EC-27-B9-87-1C-FE-B9-C9-23-09-6F-A8-46-91-C1-6E-96-3C-41-D3-CB-A3-3F-5D-02-6A-4D-EC-69-1F-25-28-5C-36-FF-FD-43-15-0A-94-E0-19-B4-CF-DF-C2-12-E2-C2-5B-27-EE-27-78-30-8B-5B-2A-09-6B-22-89-53-60-16-2C-C0-68-1D-53-BA-EC-49-F3-9D-61-8C-85-68-09-73-44-5D-7D-A2-54-2B-DD-79-F7-15-CF-35-5D-6C-1C-2B-5C-CE-BC-9C-23-8B-6F-6E-B5-26-D9-36-13-C3-4F-D6-27-AE-B9-32-3B-41-92-2C-E1-C7-CD-77-E8-AA-54-4E-F7-5C-0B-04-87-65-B4-43-18-A8-B2-E0-6D-19-77-EC-5A-24-FA-48-03-02-03-01-00-01-A3-82-01-43-30-82-01-3F-30-10-06-09-2B-06-01-04-01-82-37-15-01-04-03-02-01-00-30-1D-06-03-55-1D-0E-04-16-04-14-A9-29-02-39-8E-16-C4-97-78-CD-90-F9-9E-4F-9A-E1-7C-55-AF-53-30-19-06-09-2B-06-01-04-01-82-37-14-02-04-0C-1E-0A-00-53-00-75-00-62-00-43-00-41-30-0B-06-03-55-1D-0F-04-04-03-02-01-86-30-0F-06-03-55-1D-13-01-01-FF-04-05-30-03-01-01-FF-30-1F-06-03-55-1D-23-04-18-30-16-80-14-D5-F6-56-CB-8F-E8-A2-5C-62-68-D1-3D-94-90-5B-D7-CE-9A-18-C4-30-56-06-03-55-1D-1F-04-4F-30-4D-30-4B-A0-49-A0-47-86-45-68-74-74-70-3A-2F-2F-63-72-6C-2E-6D-69-63-72-6F-73-6F-66-74-2E-63-6F-6D-2F-70-6B-69-2F-63-72-6C-2F-70-72-6F-64-75-63-74-73-2F-4D-69-63-52-6F-6F-43-65-72-41-75-74-5F-32-30-31-30-2D-30-36-2D-32-33-2E-63-72-6C-30-5A-06-08-2B-06-01-05-05-07-01-01-04-4E-30-4C-30-4A-06-08-2B-06-01-05-05-07-30-02-86-3E-68-74-74-70-3A-2F-2F-77-77-77-2E-6D-69-63-72-6F-73-6F-66-74-2E-63-6F-6D-2F-70-6B-69-2F-63-65-72-74-73-2F-4D-69-63-52-6F-6F-43-65-72-41-75-74-5F-32-30-31-30-2D-30-36-2D-32-33-2E-63-72-74-30-0D-06-09-2A-86-48-86-F7-0D-01-01-0B-05-00-03-82-02-01-00-14-FC-7C-71-51-A5-79-C2-6E-B2-EF-39-3E-BC-3C-52-0F-6E-2B-3F-10-13-73-FE-A8-68-D0-48-A6-34-4D-8A-96-05-26-EE-31-46-90-61-79-D6-FF-38-2E-45-6B-F4-C0-E5-28-B8-DA-1D-8F-8A-DB-09-D7-1A-C7-4C-0A-36-66-6A-8C-EC-1B-D7-04-90-A8-18-17-A4-9B-B9-E2-40-32-36-76-C4-C1-5A-C6-BF-E4-04-C0-EA-16-D3-AC-C3-68-EF-62-AC-DD-54-6C-50-30-58-A6-EB-7C-FE-94-A7-4E-8E-F4-EC-7C-86-73-57-C2-52-21-73-34-5A-F3-A3-8A-56-C8-04-DA-07-09-ED-F8-8B-E3-CE-F4-7E-8E-AE-F0-F6-0B-8A-08-FB-3F-C9-1D-72-7F-53-B8-EB-BE-63-E0-E3-3D-31-65-B0-81-E5-F2-AC-CD-16-A4-9F-3D-A8-B1-9B-C2-42-D0-90-84-5F-54-1D-FF-89-EA-BA-1D-47-90-6F-B0-73-4E-41-9F-40-9F-5F-E5-A1-2A-B2-11-91-73-8A-21-28-F0-CE-DE-73-39-5F-3E-AB-5C-60-EC-DF-03-10-A8-D3-09-E9-F4-F6-96-85-B6-7F-51-88-66-47-19-8D-A2-B0-12-3D-81-2A-68-05-77-BB-91-4C-62-7B-B6-C1-07-C7-BA-7A-87-34-03-0E-4B-62-7A-99-E9-CA-FC-CE-4A-37-C9-2D-A4-57-7C-1C-FE-3D-DC-B8-0F-5A-FA-D6-C4-B3-02-85-02-3A-EA-B3-D9-6E-E4-69-21-37-DE-81-D1-F6-75-19-05-67-D3-93-57-5E-29-1B-39-C8-EE-2D-E1-CD-E4-45-73-5B-D0-D2-CE-7A-AB-16-19-82-46-58-D0-5E-9D-81-B3-67-AF-6C-35-F2-BC-E5-3F-24-E2-35-A2-0A-75-06-F6-18-56-99-D4-78-2C-D1-05-1B-EB-D0-88-01-9D-AA-10-F1-05-DF-BA-7E-2C-63-B7-06-9B-23-21-C4-F9-78-6C-E2-58-17-06-36-2B-91-12-03-CC-A4-D9-F2-2D-BA-F9-94-9D-40-ED-18-45-F1-CE-8A-5C-6B-3E-AB-03-D3-70-18-2A-0A-6A-E0-5F-47-D1-D5-63-0A-32-F2-AF-D7-36-1F-2A-70-5A-E5-42-59-08-71-4B-57-BA-7E-83-81-F0-21-3C-F4-1C-C1-C5-B9-90-93-0E-88-45-93-86-E9-B1-20-99-BE-98-CB-C5-95-A4-5D-62-D6-A0-63-08-20-BD-75-10-77-7D-3D-F3-45-B9-9F-97-9F-CB-57-80-6F-33-A9-04-CF-77-A4-62-1C-59-7E-A1-59-C0-A5-E4-94-A7-4A-87-B5-AB-15-5C-2B-F0-72-64-04-00-00-00-00-00-00-48-04-00-00-E4-0A-C4-6D-E8-2E-4C-9C-A3-14-0F-C7-B2-00-87-10-30-82-04-34-30-82-03-1C-A0-03-02-01-02-02-09-00-B9-41-24-A0-18-2C-92-67-30-0D-06-09-2A-86-48-86-F7-0D-01-01-0B-05-00-30-81-84-31-0B-30-09-06-03-55-04-06-13-02-47-42-31-14-30-12-06-03-55-04-08-0C-0B-49-73-6C-65-20-6F-66-20-4D-61-6E-31-10-30-0E-06-03-55-04-07-0C-07-44-6F-75-67-6C-61-73-31-17-30-15-06-03-55-04-0A-0C-0E-43-61-6E-6F-6E-69-63-61-6C-20-4C-74-64-2E-31-34-30-32-06-03-55-04-03-0C-2B-43-61-6E-6F-6E-69-63-61-6C-20-4C-74-64-2E-20-4D-61-73-74-65-72-20-43-65-72-74-69-66-69-63-61-74-65-20-41-75-74-68-6F-72-69-74-79-30-1E-17-0D-31-32-30-34-31-32-31-31-31-32-35-31-5A-17-0D-34-32-30-34-31-31-31-31-31-32-35-31-5A-30-81-84-31-0B-30-09-06-03-55-04-06-13-02-47-42-31-14-30-12-06-03-55-04-08-0C-0B-49-73-6C-65-20-6F-66-20-4D-61-6E-31-10-30-0E-06-03-55-04-07-0C-07-44-6F-75-67-6C-61-73-31-17-30-15-06-03-55-04-0A-0C-0E-43-61-6E-6F-6E-69-63-61-6C-20-4C-74-64-2E-31-34-30-32-06-03-55-04-03-0C-2B-43-61-6E-6F-6E-69-63-61-6C-20-4C-74-64-2E-20-4D-61-73-74-65-72-20-43-65-72-74-69-66-69-63-61-74-65-20-41-75-74-68-6F-72-69-74-79-30-82-01-22-30-0D-06-09-2A-86-48-86-F7-0D-01-01-01-05-00-03-82-01-0F-00-30-82-01-0A-02-82-01-01-00-BF-5B-3A-16-74-EE-21-5D-AE-61-ED-9D-56-AC-BD-DE-DE-72-F3-DD-7E-2D-4C-62-0F-AC-C0-6D-48-08-11-CF-8D-8B-FB-61-1F-27-CC-11-6E-D9-55-3D-39-54-EB-40-3B-B1-BB-E2-85-34-79-CA-F7-7B-BF-BA-7A-C8-10-2D-19-7D-AD-59-CF-A6-D4-E9-4E-0F-DA-AE-52-EA-4C-9E-90-CE-C6-99-0D-4E-67-65-78-5D-F9-D1-D5-38-4A-4A-7A-8F-93-9C-7F-1A-A3-85-DB-CE-FA-8B-F7-C2-A2-21-2D-9B-54-41-35-10-57-13-8D-6C-BC-29-06-50-4A-7E-EA-99-A9-68-A7-3B-C7-07-1B-32-9E-A0-19-87-0E-79-BB-68-99-2D-7E-93-52-E5-F6-EB-C9-9B-F9-2B-ED-B8-68-49-BC-D9-95-50-40-5B-C5-B2-71-AA-EB-5C-57-DE-71-F9-40-0A-DD-5B-AC-1E-84-2D-50-1A-52-D6-E1-F3-6B-6E-90-64-4F-5B-B4-EB-20-E4-61-10-DA-5A-F0-EA-E4-42-D7-01-C4-FE-21-1F-D9-B9-C0-54-95-42-81-52-72-1F-49-64-7A-C8-6C-24-F1-08-70-0B-4D-A5-A0-32-D1-A0-1C-57-A8-4D-E3-AF-A5-8E-05-05-3E-10-43-A1-02-03-01-00-01-A3-81-A6-30-81-A3-30-1D-06-03-55-1D-0E-04-16-04-14-AD-91-99-0B-C2-2A-B1-F5-17-04-8C-23-B6-65-5A-26-8E-34-5A-63-30-1F-06-03-55-1D-23-04-18-30-16-80-14-AD-91-99-0B-C2-2A-B1-F5-17-04-8C-23-B6-65-5A-26-8E-34-5A-63-30-0F-06-03-55-1D-13-01-01-FF-04-05-30-03-01-01-FF-30-0B-06-03-55-1D-0F-04-04-03-02-01-86-30-43-06-03-55-1D-1F-04-3C-30-3A-30-38-A0-36-A0-34-86-32-68-74-74-70-3A-2F-2F-77-77-77-2E-63-61-6E-6F-6E-69-63-61-6C-2E-63-6F-6D-2F-73-65-63-75-72-65-2D-62-6F-6F-74-2D-6D-61-73-74-65-72-2D-63-61-2E-63-72-6C-30-0D-06-09-2A-86-48-86-F7-0D-01-01-0B-05-00-03-82-01-01-00-3F-7D-F6-76-A5-B3-83-B4-2B-7A-D0-6D-52-1A-03-83-C4-12-A7-50-9C-47-92-CC-C0-94-77-82-D2-AE-57-B3-99-04-F5-32-3A-C6-55-1D-07-DB-12-A9-56-FA-D8-D4-76-20-EB-E4-C3-51-DB-9A-5C-9C-92-3F-18-73-DA-94-6A-A1-99-38-8C-A4-88-6D-C1-FC-39-71-D0-74-76-16-03-3E-56-23-35-D5-55-47-5B-1A-1D-41-C2-D3-12-4C-DC-FF-AE-0A-92-9C-62-0A-17-01-9C-73-E0-5E-B1-FD-BC-D6-B5-19-11-7A-7E-CD-3E-03-7E-66-DB-5B-A8-C9-39-48-51-FF-53-E1-9C-31-53-91-1B-3B-10-75-03-17-BA-E6-81-02-80-94-70-4C-46-B7-94-B0-3D-15-CD-1F-8E-02-E0-68-02-8F-FB-F9-47-1D-7D-A2-01-C6-07-51-C4-9A-CC-ED-DD-CF-A3-5D-ED-92-BB-BE-D1-FD-E6-EC-1F-33-51-73-04-BE-3C-72-B0-7D-08-F8-01-FF-98-7D-CB-9C-E0-69-39-77-25-47-71-88-B1-8D-27-A5-2E-A8-F7-3F-5F-80-69-97-3E-A9-F4-99-14-DB-CE-03-0E-0B-66-C4-1C-6D-BD-B8-27-77-C1-42-94-BD-FC-6A-0A-BC-26-16-C4-C1-4C-50-92-40-AC-A9-41-F9-36-93-43-28-0C-01-00-00-00-00-00-00-30-00-00-00-00-00-00-00-00-00-00-00-00-00-00-00-00-00-00-00-F5-8F-BD-F7-1B-E8-C3-7C-BB-D6-94-4E-47-2C-45-0B-10-43-81-7B-97-29-14-48-7C-22-10-33-F3-07-9E-43-00-00-00-00-00-00-00-00-00-00-00-00-00-00-00-00-04-97-01-57-DE-52-CD-AE-14-CF-17-EE-36-98-81-D6-24-5B-3A-6A-B6-35-2E-AB-AE-E5-88-A0-58-4B-03-03-00-00-00-00-00-00-00-00-00-00-00-00-00-00-00-00-F1-6B-5F-C3-61-18-3F-58-71-20-E6-02-C0-D6-57-73-AF-DF-E7-86-12-41-84-FA-70-80-52-58-D7-6D-59-4C-00-00-00-00-00-00-00-00-00-00-00-00-00-00-00-00-7E-02-1F-15-E3-A6-7B-75-AC-E8-84-99-9B-ED-FF-E3-42-13-79-2A-61-1E-40-E5-62-E8-7E-6B-9A-0C-B2-82-00-00-00-00-00-00-00-00-00-00-00-00-00-00-00-00-A5-D1-09-B2-AF-A3-FA-90-87-8F-70-38-2B-23-88-FC-D2-FE-AE-AE-8A-51-B8-0A-DD-04-8E-9F-87-6B-2A-4E-07-00-00-00-01-00-00-80-01-00-00-00-0B-00-8B-C5-95-AF-E9-16-65-47-2B-F7-7E-B8-87-4B-EA-43-14-42-53-0E-0B-1C-99-3D-48-C0-A3-FF-D3-07-BE-FB-EE-0F-00-00-CB-B2-19-D7-3A-3D-96-45-A3-BC-DA-D0-0E-67-65-6F-03-00-00-00-00-00-00-00-C8-0F-00-00-00-00-00-00-64-00-62-00-78-00-26-16-C4-C1-4C-50-92-40-AC-A9-41-F9-36-93-43-28-8C-0E-00-00-00-00-00-00-30-00-00-00-BD-9A-FA-77-59-03-32-4D-BD-60-28-F4-E7-8F-78-4B-80-B4-D9-69-31-BF-0D-02-FD-91-A6-1E-19-D1-4F-1D-A4-52-E6-6D-B2-40-8C-A8-60-4D-41-1F-92-65-9F-0A-BD-9A-FA-77-59-03-32-4D-BD-60-28-F4-E7-8F-78-4B-F5-2F-83-A3-FA-9C-FB-D6-92-0F-72-28-24-DB-E4-03-45-34-D2-5B-85-07-24-6B-3B-95-7D-AC-6E-1B-CE-7A-BD-9A-FA-77-59-03-32-4D-BD-60-28-F4-E7-8F-78-4B-C5-D9-D8-A1-86-E2-C8-2D-09-AF-AA-2A-6F-7F-2E-73-87-0D-3E-64-F7-2C-4E-08-EF-67-79-6A-84-0F-0F-BD-BD-9A-FA-77-59-03-32-4D-BD-60-28-F4-E7-8F-78-4B-36-33-84-D1-4D-1F-2E-0B-78-15-62-64-84-C4-59-AD-57-A3-18-EF-43-96-26-60-48-D0-58-C5-A1-9B-BF-76-BD-9A-FA-77-59-03-32-4D-BD-60-28-F4-E7-8F-78-4B-1A-EC-84-B8-4B-6C-65-A5-12-20-A9-BE-71-81-96-52-30-21-0D-62-D6-D3-3C-48-99-9C-6B-29-5A-2B-0A-06-BD-9A-FA-77-59-03-32-4D-BD-60-28-F4-E7-8F-78-4B-E6-CA-68-E9-41-46-62-9A-F0-3F-69-C2-F8-6E-6B-EF-62-F9-30-B3-7C-6F-BC-C8-78-B7-8D-F9-8C-03-34-E5-BD-9A-FA-77-59-03-32-4D-BD-60-28-F4-E7-8F-78-4B-C3-A9-9A-46-0D-A4-64-A0-57-C3-58-6D-83-CE-F5-F4-AE-08-B7-10-39-79-ED-89-32-74-2D-F0-ED-53-0C-66-BD-9A-FA-77-59-03-32-4D-BD-60-28-F4-E7-8F-78-4B-58-FB-94-1A-EF-95-A2-59-43-B3-FB-5F-25-10-A0-DF-3F-E4-4C-58-C9-5E-0A-B8-04-87-29-75-68-AB-97-71-BD-9A-FA-77-59-03-32-4D-BD-60-28-F4-E7-8F-78-4B-53-91-C3-A2-FB-11-21-02-A6-AA-1E-DC-25-AE-77-E1-9F-5D-6F-09-CD-09-EE-B2-50-99-22-BF-CD-59-92-EA-BD-9A-FA-77-59-03-32-4D-BD-60-28-F4-E7-8F-78-4B-D6-26-15-7E-1D-6A-71-8B-C1-24-AB-8D-A2-7C-BB-65-07-2C-A0-3A-7B-6B-25-7D-BD-CB-BD-60-F6-5E-F3-D1-BD-9A-FA-77-59-03-32-4D-BD-60-28-F4-E7-8F-78-4B-D0-63-EC-28-F6-7E-BA-53-F1-64-2D-BF-7D-FF-33-C6-A3-2A-DD-86-9F-60-13-FE-16-2E-2C-32-F1-CB-E5-6D-BD-9A-FA-77-59-03-32-4D-BD-60-28-F4-E7-8F-78-4B-29-C6-EB-52-B4-3C-3A-A1-8B-2C-D8-ED-6E-A8-60-7C-EF-3C-FA-E1-BA-FE-11-65-75-5C-F2-E6-14-84-4A-44-BD-9A-FA-77-59-03-32-4D-BD-60-28-F4-E7-8F-78-4B-90-FB-E7-0E-69-D6-33-40-8D-3E-17-0C-68-32-DB-B2-D2-09-E0-27-25-27-DF-B6-3D-49-D2-95-72-A6-F4-4C-BD-9A-FA-77-59-03-32-4D-BD-60-28-F4-E7-8F-78-4B-07-5E-EA-06-05-89-54-8B-A0-60-B2-FE-ED-10-DA-3C-20-C7-FE-9B-17-CD-02-6B-94-E8-A6-83-B8-11-52-38-BD-9A-FA-77-59-03-32-4D-BD-60-28-F4-E7-8F-78-4B-07-E6-C6-A8-58-64-6F-B1-EF-C6-79-03-FE-28-B1-16-01-1F-23-67-FE-92-E6-BE-2B-36-99-9E-FF-39-D0-9E-BD-9A-FA-77-59-03-32-4D-BD-60-28-F4-E7-8F-78-4B-09-DF-5F-4E-51-12-08-EC-78-B9-6D-12-D0-81-25-FD-B6-03-86-8D-E3-9F-6F-72-92-78-52-59-9B-65-9C-26-BD-9A-FA-77-59-03-32-4D-BD-60-28-F4-E7-8F-78-4B-0B-BB-43-92-DA-AC-7A-B8-9B-30-A4-AC-65-75-31-B9-7B-FA-AB-04-F9-0B-0D-AF-E5-F9-B6-EB-90-A0-63-74-BD-9A-FA-77-59-03-32-4D-BD-60-28-F4-E7-8F-78-4B-0C-18-93-39-76-2D-F3-36-AB-3D-D0-06-A4-63-DF-71-5A-39-CF-B0-F4-92-46-5C-60-0E-6C-6B-D7-BD-89-8C-BD-9A-FA-77-59-03-32-4D-BD-60-28-F4-E7-8F-78-4B-0D-0D-BE-CA-6F-29-EC-A0-6F-33-1A-7D-72-E4-88-4B-12-09-7F-B3-48-98-3A-2A-14-A0-D7-3F-4F-10-14-0F-BD-9A-FA-77-59-03-32-4D-BD-60-28-F4-E7-8F-78-4B-0D-C9-F3-FB-99-96-21-48-C3-CA-83-36-32-75-8D-3E-D4-FC-8D-0B-00-07-B9-5B-31-E6-52-8F-2A-CD-5B-FC-BD-9A-FA-77-59-03-32-4D-BD-60-28-F4-E7-8F-78-4B-10-6F-AC-EA-CF-EC-FD-4E-30-3B-74-F4-80-A0-80-98-E2-D0-80-2B-93-6F-8E-C7-74-CE-21-F3-16-86-68-9C-BD-9A-FA-77-59-03-32-4D-BD-60-28-F4-E7-8F-78-4B-17-4E-3A-0B-5B-43-C6-A6-07-BB-D3-40-4F-05-34-1E-3D-CF-39-62-67-CE-94-F8-B5-0E-2E-23-A9-DA-92-0C-BD-9A-FA-77-59-03-32-4D-BD-60-28-F4-E7-8F-78-4B-18-33-34-29-FF-05-62-ED-9F-97-03-3E-11-48-DC-EE-E5-2D-BE-2E-49-6D-54-10-B5-CF-D6-C8-64-D2-D1-0F-BD-9A-FA-77-59-03-32-4D-BD-60-28-F4-E7-8F-78-4B-2B-99-CF-26-42-2E-92-FE-36-5F-BF-4B-C3-0D-27-08-6C-9E-E1-4B-7A-6F-FF-44-FB-2F-6B-90-01-69-99-39-BD-9A-FA-77-59-03-32-4D-BD-60-28-F4-E7-8F-78-4B-2B-BF-2C-A7-B8-F1-D9-1F-27-EE-52-B6-FB-2A-5D-D0-49-B8-5A-2B-9B-52-9C-5D-66-62-06-81-04-B0-55-F8-BD-9A-FA-77-59-03-32-4D-BD-60-28-F4-E7-8F-78-4B-2C-73-D9-33-25-BA-6D-CB-E5-89-D4-A4-C6-3C-5B-93-55-59-EF-92-FB-F0-50-ED-50-C4-E2-08-52-06-F1-7D-BD-9A-FA-77-59-03-32-4D-BD-60-28-F4-E7-8F-78-4B-2E-70-91-67-86-A6-F7-73-51-1F-A7-18-1F-AB-0F-1D-70-B5-57-C6-32-2E-A9-23-B2-A8-D3-B9-2B-51-AF-7D-BD-9A-FA-77-59-03-32-4D-BD-60-28-F4-E7-8F-78-4B-30-66-28-FA-54-77-30-57-28-BA-4A-46-7D-E7-D0-38-7A-54-F5-69-D3-76-9F-CE-5E-75-EC-89-D2-8D-15-93-BD-9A-FA-77-59-03-32-4D-BD-60-28-F4-E7-8F-78-4B-36-08-ED-BA-F5-AD-0F-41-A4-14-A1-77-7A-BF-2F-AF-5E-67-03-34-67-5E-C3-99-5E-69-35-82-9E-0C-AA-D2-BD-9A-FA-77-59-03-32-4D-BD-60-28-F4-E7-8F-78-4B-38-41-D2-21-36-8D-15-83-D7-5C-0A-02-E6-21-60-39-4D-6C-4E-0A-67-60-B6-F6-07-B9-03-62-BC-85-5B-02-BD-9A-FA-77-59-03-32-4D-BD-60-28-F4-E7-8F-78-4B-3F-CE-9B-9F-DF-3E-F0-9D-54-52-B0-F9-5E-E4-81-C2-B7-F0-6D-74-3A-73-79-71-55-8E-70-13-6A-CE-3E-73-BD-9A-FA-77-59-03-32-4D-BD-60-28-F4-E7-8F-78-4B-43-97-DA-CA-83-9E-7F-63-07-7C-B5-0C-92-DF-43-BC-2D-2F-B2-A8-F5-9F-26-FC-7A-0E-4B-D4-D9-75-16-92-BD-9A-FA-77-59-03-32-4D-BD-60-28-F4-E7-8F-78-4B-47-CC-08-61-27-E2-06-9A-86-E0-3A-6B-EF-2C-D4-10-F8-C5-5A-6D-6B-DB-36-21-68-C3-1B-2C-E3-2A-5A-DF-BD-9A-FA-77-59-03-32-4D-BD-60-28-F4-E7-8F-78-4B-51-88-31-FE-73-82-B5-14-D0-3E-15-C6-21-22-8B-8A-B6-54-79-BD-0C-BF-A3-C5-C1-D0-F4-8D-9C-30-61-35-BD-9A-FA-77-59-03-32-4D-BD-60-28-F4-E7-8F-78-4B-5A-E9-49-EA-88-55-EB-93-E4-39-DB-C6-5B-DA-2E-42-85-2C-2F-DF-67-89-FA-14-67-36-E3-C3-41-0F-2B-5C-BD-9A-FA-77-59-03-32-4D-BD-60-28-F4-E7-8F-78-4B-6B-1D-13-80-78-E4-41-8A-A6-8D-EB-7B-B3-5E-06-60-92-CF-47-9E-EB-8C-E4-CD-12-E7-D0-72-CC-B4-2F-66-BD-9A-FA-77-59-03-32-4D-BD-60-28-F4-E7-8F-78-4B-6C-88-54-47-8D-D5-59-E2-93-51-B8-26-C0-6C-B8-BF-EF-2B-94-AD-35-38-35-87-72-D1-93-F8-2E-D1-CA-11-BD-9A-FA-77-59-03-32-4D-BD-60-28-F4-E7-8F-78-4B-6F-14-28-FF-71-C9-DB-0E-D5-AF-1F-2E-7B-BF-CB-AB-64-7C-C2-65-DD-F5-B2-93-CD-B6-26-F5-0A-3A-78-5E-BD-9A-FA-77-59-03-32-4D-BD-60-28-F4-E7-8F-78-4B-71-F2-90-6F-D2-22-49-7E-54-A3-46-62-AB-24-97-FC-C8-10-20-77-0F-F5-13-68-E9-E3-D9-BF-CB-FD-63-75-BD-9A-FA-77-59-03-32-4D-BD-60-28-F4-E7-8F-78-4B-72-6B-3E-B6-54-04-6A-30-F3-F8-3D-9B-96-CE-03-F6-70-E9-A8-06-D1-70-8A-03-71-E6-2D-C4-9D-2C-23-C1-BD-9A-FA-77-59-03-32-4D-BD-60-28-F4-E7-8F-78-4B-72-E0-BD-18-67-CF-5D-9D-56-AB-15-8A-DF-3B-DD-BC-82-BF-32-A8-D8-AA-1D-8C-5E-2F-6D-F2-94-28-D6-D8-BD-9A-FA-77-59-03-32-4D-BD-60-28-F4-E7-8F-78-4B-78-27-AF-99-36-2C-FA-F0-71-7D-AD-E4-B1-BF-E0-43-8A-D1-71-C1-5A-DD-C2-48-B7-5B-F8-CA-A4-4B-B2-C5-BD-9A-FA-77-59-03-32-4D-BD-60-28-F4-E7-8F-78-4B-81-A8-B9-65-BB-84-D3-87-6B-94-29-A9-54-81-CC-95-53-18-CF-AA-14-12-D8-08-C8-A3-3B-FD-33-FF-F0-E4-BD-9A-FA-77-59-03-32-4D-BD-60-28-F4-E7-8F-78-4B-82-DB-3B-CE-B4-F6-08-43-CE-9D-97-C3-D1-87-CD-9B-59-41-CD-3D-E8-10-0E-58-6F-2B-DA-56-37-57-5F-67-BD-9A-FA-77-59-03-32-4D-BD-60-28-F4-E7-8F-78-4B-89-5A-97-85-F6-17-CA-1D-7E-D4-4F-C1-A1-47-0B-71-F3-F1-22-38-62-D9-FF-9D-CC-3A-E2-DF-92-16-3D-AF-BD-9A-FA-77-59-03-32-4D-BD-60-28-F4-E7-8F-78-4B-8A-D6-48-59-F1-95-B5-F5-8D-AF-AA-94-0B-6A-61-67-AC-D6-7A-88-6E-8F-46-93-64-17-72-21-C5-59-45-B9-BD-9A-FA-77-59-03-32-4D-BD-60-28-F4-E7-8F-78-4B-8B-F4-34-B4-9E-00-CC-F7-15-02-A2-CD-90-08-65-CB-01-EC-3B-3D-A0-3C-35-BE-50-5F-DF-7B-D5-63-F5-21-BD-9A-FA-77-59-03-32-4D-BD-60-28-F4-E7-8F-78-4B-8D-8E-A2-89-CF-E7-0A-1C-07-AB-73-65-CB-28-EE-51-ED-D3-3C-F2-50-6D-E8-88-FB-AD-D6-0E-BF-80-48-1C-BD-9A-FA-77-59-03-32-4D-BD-60-28-F4-E7-8F-78-4B-99-98-D3-63-C4-91-BE-16-BD-74-BA-10-B9-4D-92-91-00-16-11-73-6F-DC-A6-43-A3-66-64-BC-0F-31-5A-42-BD-9A-FA-77-59-03-32-4D-BD-60-28-F4-E7-8F-78-4B-9E-4A-69-17-31-61-68-2E-55-FD-E8-FE-F5-60-EB-88-EC-1F-FE-DC-AF-04-00-1F-66-C0-CA-F7-07-B2-B7-34-BD-9A-FA-77-59-03-32-4D-BD-60-28-F4-E7-8F-78-4B-A6-B5-15-1F-36-55-D3-A2-AF-0D-47-27-59-79-6B-E4-A4-20-0E-54-95-A7-D8-69-75-4C-48-48-85-74-08-A7-BD-9A-FA-77-59-03-32-4D-BD-60-28-F4-E7-8F-78-4B-A7-F3-2F-50-8D-4E-B0-FE-AD-9A-08-7E-F9-4E-D1-BA-0A-EC-5D-E6-F7-EF-6F-F0-A6-2B-93-BE-DF-5D-45-8D-BD-9A-FA-77-59-03-32-4D-BD-60-28-F4-E7-8F-78-4B-AD-68-26-E1-94-6D-26-D3-EA-F3-68-5C-88-D9-7D-85-DE-3B-4D-CB-3D-0E-E2-AE-81-C7-05-60-D1-3C-57-20-BD-9A-FA-77-59-03-32-4D-BD-60-28-F4-E7-8F-78-4B-AE-EB-AE-31-51-27-12-73-ED-95-AA-2E-67-11-39-ED-31-A9-85-67-30-3A-33-22-98-F8-37-09-A9-D5-5A-A1-BD-9A-FA-77-59-03-32-4D-BD-60-28-F4-E7-8F-78-4B-AF-E2-03-0A-FB-7D-2C-DA-13-F9-FA-33-3A-02-E3-4F-67-51-AF-EC-11-B0-10-DB-CD-44-1F-DF-4C-40-02-B3-BD-9A-FA-77-59-03-32-4D-BD-60-28-F4-E7-8F-78-4B-B5-4F-1E-E6-36-63-1F-AD-68-05-8D-3B-09-37-03-1A-C1-B9-0C-CB-17-06-2A-39-1C-CA-68-AF-DB-E4-0D-55-BD-9A-FA-77-59-03-32-4D-BD-60-28-F4-E7-8F-78-4B-B8-F0-78-D9-83-A2-4A-C4-33-21-63-93-88-35-14-CD-93-2C-33-AF-18-E7-DD-70-88-4C-82-35-F4-27-57-36-BD-9A-FA-77-59-03-32-4D-BD-60-28-F4-E7-8F-78-4B-B9-7A-08-89-05-9C-03-5F-F1-D5-4B-6D-B5-3B-11-B9-76-66-68-D9-F9-55-24-7C-02-8B-28-37-D7-A0-4C-D9-BD-9A-FA-77-59-03-32-4D-BD-60-28-F4-E7-8F-78-4B-BC-87-A6-68-E8-19-66-48-9C-B5-08-EE-80-51-83-C1-9E-6A-CD-24-CF-17-79-9C-A0-62-D2-E3-84-DA-0E-A7-BD-9A-FA-77-59-03-32-4D-BD-60-28-F4-E7-8F-78-4B-C4-09-BD-AC-47-75-AD-D8-DB-92-AA-22-B5-B7-18-FB-8C-94-A1-46-2C-1F-E9-A4-16-B9-5D-8A-33-88-C2-FC-BD-9A-FA-77-59-03-32-4D-BD-60-28-F4-E7-8F-78-4B-C6-17-C1-A8-B1-EE-2A-81-1C-28-B5-A8-1B-4C-83-D7-C9-8B-5B-0C-27-28-1D-61-02-07-EB-E6-92-C2-96-7F-BD-9A-FA-77-59-03-32-4D-BD-60-28-F4-E7-8F-78-4B-C9-0F-33-66-17-B8-E7-F9-83-97-54-13-C9-97-F1-0B-73-EB-26-7F-D8-A1-0C-B9-E3-BD-BF-C6-67-AB-DB-8B-BD-9A-FA-77-59-03-32-4D-BD-60-28-F4-E7-8F-78-4B-CB-6B-85-8B-40-D3-A0-98-76-58-15-B5-92-C1-51-4A-49-60-4F-AF-D6-08-19-DA-88-D7-A7-6E-97-78-FE-F7-BD-9A-FA-77-59-03-32-4D-BD-60-28-F4-E7-8F-78-4B-CE-3B-FA-BE-59-D6-7C-E8-AC-8D-FD-4A-16-F7-C4-3E-F9-C2-24-51-3F-BC-65-59-57-D7-35-FA-29-F5-40-CE-BD-9A-FA-77-59-03-32-4D-BD-60-28-F4-E7-8F-78-4B-D8-CB-EB-97-35-F5-67-2B-36-7E-4F-96-CD-C7-49-69-61-5D-17-07-4A-E9-6C-72-4D-42-CE-02-16-F8-F3-FA-BD-9A-FA-77-59-03-32-4D-BD-60-28-F4-E7-8F-78-4B-E9-2C-22-EB-3B-56-42-D6-5C-1E-C2-CA-F2-47-D2-59-47-38-EE-BB-7F-B3-84-1A-44-95-6F-59-E2-B0-D1-FA-BD-9A-FA-77-59-03-32-4D-BD-60-28-F4-E7-8F-78-4B-FD-DD-6E-3D-29-EA-84-C7-74-3D-AD-4A-1B-DB-C7-00-B5-FE-C1-B3-91-F9-32-40-90-86-AC-C7-1D-D6-DB-D8-BD-9A-FA-77-59-03-32-4D-BD-60-28-F4-E7-8F-78-4B-FE-63-A8-4F-78-2C-C9-D3-FC-F2-CC-F9-FC-11-FB-D0-37-60-87-87-58-D2-62-85-ED-12-66-9B-DC-6E-6D-01-BD-9A-FA-77-59-03-32-4D-BD-60-28-F4-E7-8F-78-4B-FE-CF-B2-32-D1-2E-99-4B-6D-48-5D-2C-71-67-72-8A-A5-52-59-84-AD-5C-A6-1E-75-16-22-1F-07-9A-14-36-BD-9A-FA-77-59-03-32-4D-BD-60-28-F4-E7-8F-78-4B-CA-17-1D-61-4A-8D-7E-12-1C-93-94-8C-D0-FE-55-D3-99-81-F9-D1-1A-A9-6E-03-45-0A-41-52-27-C2-C6-5B-BD-9A-FA-77-59-03-32-4D-BD-60-28-F4-E7-8F-78-4B-55-B9-9B-0D-E5-3D-BC-FE-48-5A-A9-C7-37-CF-3F-B6-16-EF-3D-91-FA-B5-99-AA-7C-AB-19-ED-A7-63-B5-BA-BD-9A-FA-77-59-03-32-4D-BD-60-28-F4-E7-8F-78-4B-77-DD-19-0F-A3-0D-88-FF-5E-3B-01-1A-0A-E6-1E-62-09-78-0C-13-0B-53-5E-CB-87-E6-F0-88-8A-0B-6B-2F-BD-9A-FA-77-59-03-32-4D-BD-60-28-F4-E7-8F-78-4B-C8-3C-B1-39-22-AD-99-F5-60-74-46-75-DD-37-CC-94-DC-AD-5A-1F-CB-A6-47-2F-EE-34-11-71-D9-39-E8-84-BD-9A-FA-77-59-03-32-4D-BD-60-28-F4-E7-8F-78-4B-3B-02-87-53-3E-0C-C3-D0-EC-1A-A8-23-CB-F0-A9-41-AA-D8-72-15-79-D1-C4-99-80-2D-D1-C3-A6-36-B8-A9-BD-9A-FA-77-59-03-32-4D-BD-60-28-F4-E7-8F-78-4B-93-9A-EE-F4-F5-FA-51-E2-33-40-C3-F2-E4-90-48-CE-88-72-52-6A-FD-F7-52-C3-A7-F3-A3-F2-BC-9F-60-49-BD-9A-FA-77-59-03-32-4D-BD-60-28-F4-E7-8F-78-4B-64-57-5B-D9-12-78-9A-2E-14-AD-56-F6-34-1F-52-AF-6B-F8-0C-F9-44-00-78-59-75-E9-F0-4E-2D-64-D7-45-BD-9A-FA-77-59-03-32-4D-BD-60-28-F4-E7-8F-78-4B-45-C7-C8-AE-75-0A-CF-BB-48-FC-37-52-7D-64-12-DD-64-4D-AE-D8-91-3C-CD-8A-24-C9-4D-85-69-67-DF-8E-26-16-C4-C1-4C-50-92-40-AC-A9-41-F9-36-93-43-28-3C-01-00-00-00-00-00-00-30-00-00-00-BD-9A-FA-77-59-03-32-4D-BD-60-28-F4-E7-8F-78-4B-81-D8-FB-4C-9E-2E-7A-82-25-65-6B-4B-82-73-B7-CB-A4-B0-3E-F2-E9-EB-20-E0-A0-29-16-24-EC-A1-BA-86-BD-9A-FA-77-59-03-32-4D-BD-60-28-F4-E7-8F-78-4B-B9-2A-F2-98-DC-08-04-9B-78-C7-74-92-D6-55-1B-71-0C-D7-2A-AD-A3-D7-7B-E5-46-09-E4-32-78-EF-6E-4D-BD-9A-FA-77-59-03-32-4D-BD-60-28-F4-E7-8F-78-4B-E1-9D-AE-83-C0-2E-6F-28-13-58-D4-EB-D1-1D-77-23-B4-F5-EA-0E-35-79-07-D5-44-3D-EC-C5-F9-3C-1E-9D-BD-9A-FA-77-59-03-32-4D-BD-60-28-F4-E7-8F-78-4B-39-DB-C2-28-8E-F4-4B-5F-95-33-2C-B7-77-E3-11-03-E8-40-DB-A6-80-63-4A-A8-06-F5-C9-B1-00-06-18-02-BD-9A-FA-77-59-03-32-4D-BD-60-28-F4-E7-8F-78-4B-32-F5-94-0C-A2-9D-D8-12-A2-C1-45-E6-FC-89-64-66-28-FF-CC-7C-7A-42-CA-E5-12-33-7D-8D-29-C4-0B-BD-BD-9A-FA-77-59-03-32-4D-BD-60-28-F4-E7-8F-78-4B-10-D4-5F-CB-A3-96-AE-F3-15-3E-E8-F6-EC-AE-58-AF-E8-47-6A-28-0A-20-26-FC-71-F6-21-7D-CF-49-BA-2F-07-00-00-00-04-00-00-00-01-00-00-00-0B-00-DF-3F-61-98-04-A9-2F-DB-40-57-19-2D-C4-3D-D7-48-EA-77-8A-DC-52-BC-49-8C-E8-05-24-C0-14-B8-11-19-04-00-00-00-00-00-00-00-07-00-00-00-E0-00-00-80-01-00-00-00-0B-00-30-BF-46-4E-E3-7F-1B-C0-C7-B1-A5-BF-25-EC-ED-27-53-47-C3-AB-14-92-D5-62-3A-E9-F7-66-3B-E0-7D-D5-0F-06-00-00-CB-B2-19-D7-3A-3D-96-45-A3-BC-DA-D0-0E-67-65-6F-02-00-00-00-00-00-00-00-EB-05-00-00-00-00-00-00-64-00-62-00-BD-9A-FA-77-59-03-32-4D-BD-60-28-F4-E7-8F-78-4B-30-82-05-D7-30-82-03-BF-A0-03-02-01-02-02-0A-61-07-76-56-00-00-00-00-00-08-30-0D-06-09-2A-86-48-86-F7-0D-01-01-0B-05-00-30-81-88-31-0B-30-09-06-03-55-04-06-13-02-55-53-31-13-30-11-06-03-55-04-08-13-0A-57-61-73-68-69-6E-67-74-6F-6E-31-10-30-0E-06-03-55-04-07-13-07-52-65-64-6D-6F-6E-64-31-1E-30-1C-06-03-55-04-0A-13-15-4D-69-63-72-6F-73-6F-66-74-20-43-6F-72-70-6F-72-61-74-69-6F-6E-31-32-30-30-06-03-55-04-03-13-29-4D-69-63-72-6F-73-6F-66-74-20-52-6F-6F-74-20-43-65-72-74-69-66-69-63-61-74-65-20-41-75-74-68-6F-72-69-74-79-20-32-30-31-30-30-1E-17-0D-31-31-31-30-31-39-31-38-34-31-34-32-5A-17-0D-32-36-31-30-31-39-31-38-35-31-34-32-5A-30-81-84-31-0B-30-09-06-03-55-04-06-13-02-55-53-31-13-30-11-06-03-55-04-08-13-0A-57-61-73-68-69-6E-67-74-6F-6E-31-10-30-0E-06-03-55-04-07-13-07-52-65-64-6D-6F-6E-64-31-1E-30-1C-06-03-55-04-0A-13-15-4D-69-63-72-6F-73-6F-66-74-20-43-6F-72-70-6F-72-61-74-69-6F-6E-31-2E-30-2C-06-03-55-04-03-13-25-4D-69-63-72-6F-73-6F-66-74-20-57-69-6E-64-6F-77-73-20-50-72-6F-64-75-63-74-69-6F-6E-20-50-43-41-20-32-30-31-31-30-82-01-22-30-0D-06-09-2A-86-48-86-F7-0D-01-01-01-05-00-03-82-01-0F-00-30-82-01-0A-02-82-01-01-00-DD-0C-BB-A2-E4-2E-09-E3-E7-C5-F7-96-69-BC-00-21-BD-69-33-33-EF-AD-04-CB-54-80-EE-06-83-BB-C5-20-84-D9-F7-D2-8B-F3-38-B0-AB-A4-AD-2D-7C-62-79-05-FF-E3-4A-3F-04-35-20-70-E3-C4-E7-6B-E0-9C-C0-36-75-E9-8A-31-DD-8D-70-E5-DC-37-B5-74-46-96-28-5B-87-60-23-2C-BF-DC-47-A5-67-F7-51-27-9E-72-EB-07-A6-C9-B9-1E-3B-53-35-7C-E5-D3-EC-27-B9-87-1C-FE-B9-C9-23-09-6F-A8-46-91-C1-6E-96-3C-41-D3-CB-A3-3F-5D-02-6A-4D-EC-69-1F-25-28-5C-36-FF-FD-43-15-0A-94-E0-19-B4-CF-DF-C2-12-E2-C2-5B-27-EE-27-78-30-8B-5B-2A-09-6B-22-89-53-60-16-2C-C0-68-1D-53-BA-EC-49-F3-9D-61-8C-85-68-09-73-44-5D-7D-A2-54-2B-DD-79-F7-15-CF-35-5D-6C-1C-2B-5C-CE-BC-9C-23-8B-6F-6E-B5-26-D9-36-13-C3-4F-D6-27-AE-B9-32-3B-41-92-2C-E1-C7-CD-77-E8-AA-54-4E-F7-5C-0B-04-87-65-B4-43-18-A8-B2-E0-6D-19-77-EC-5A-24-FA-48-03-02-03-01-00-01-A3-82-01-43-30-82-01-3F-30-10-06-09-2B-06-01-04-01-82-37-15-01-04-03-02-01-00-30-1D-06-03-55-1D-0E-04-16-04-14-A9-29-02-39-8E-16-C4-97-78-CD-90-F9-9E-4F-9A-E1-7C-55-AF-53-30-19-06-09-2B-06-01-04-01-82-37-14-02-04-0C-1E-0A-00-53-00-75-00-62-00-43-00-41-30-0B-06-03-55-1D-0F-04-04-03-02-01-86-30-0F-06-03-55-1D-13-01-01-FF-04-05-30-03-01-01-FF-30-1F-06-03-55-1D-23-04-18-30-16-80-14-D5-F6-56-CB-8F-E8-A2-5C-62-68-D1-3D-94-90-5B-D7-CE-9A-18-C4-30-56-06-03-55-1D-1F-04-4F-30-4D-30-4B-A0-49-A0-47-86-45-68-74-74-70-3A-2F-2F-63-72-6C-2E-6D-69-63-72-6F-73-6F-66-74-2E-63-6F-6D-2F-70-6B-69-2F-63-72-6C-2F-70-72-6F-64-75-63-74-73-2F-4D-69-63-52-6F-6F-43-65-72-41-75-74-5F-32-30-31-30-2D-30-36-2D-32-33-2E-63-72-6C-30-5A-06-08-2B-06-01-05-05-07-01-01-04-4E-30-4C-30-4A-06-08-2B-06-01-05-05-07-30-02-86-3E-68-74-74-70-3A-2F-2F-77-77-77-2E-6D-69-63-72-6F-73-6F-66-74-2E-63-6F-6D-2F-70-6B-69-2F-63-65-72-74-73-2F-4D-69-63-52-6F-6F-43-65-72-41-75-74-5F-32-30-31-30-2D-30-36-2D-32-33-2E-63-72-74-30-0D-06-09-2A-86-48-86-F7-0D-01-01-0B-05-00-03-82-02-01-00-14-FC-7C-71-51-A5-79-C2-6E-B2-EF-39-3E-BC-3C-52-0F-6E-2B-3F-10-13-73-FE-A8-68-D0-48-A6-34-4D-8A-96-05-26-EE-31-46-90-61-79-D6-FF-38-2E-45-6B-F4-C0-E5-28-B8-DA-1D-8F-8A-DB-09-D7-1A-C7-4C-0A-36-66-6A-8C-EC-1B-D7-04-90-A8-18-17-A4-9B-B9-E2-40-32-36-76-C4-C1-5A-C6-BF-E4-04-C0-EA-16-D3-AC-C3-68-EF-62-AC-DD-54-6C-50-30-58-A6-EB-7C-FE-94-A7-4E-8E-F4-EC-7C-86-73-57-C2-52-21-73-34-5A-F3-A3-8A-56-C8-04-DA-07-09-ED-F8-8B-E3-CE-F4-7E-8E-AE-F0-F6-0B-8A-08-FB-3F-C9-1D-72-7F-53-B8-EB-BE-63-E0-E3-3D-31-65-B0-81-E5-F2-AC-CD-16-A4-9F-3D-A8-B1-9B-C2-42-D0-90-84-5F-54-1D-FF-89-EA-BA-1D-47-90-6F-B0-73-4E-41-9F-40-9F-5F-E5-A1-2A-B2-11-91-73-8A-21-28-F0-CE-DE-73-39-5F-3E-AB-5C-60-EC-DF-03-10-A8-D3-09-E9-F4-F6-96-85-B6-7F-51-88-66-47-19-8D-A2-B0-12-3D-81-2A-68-05-77-BB-91-4C-62-7B-B6-C1-07-C7-BA-7A-87-34-03-0E-4B-62-7A-99-E9-CA-FC-CE-4A-37-C9-2D-A4-57-7C-1C-FE-3D-DC-B8-0F-5A-FA-D6-C4-B3-02-85-02-3A-EA-B3-D9-6E-E4-69-21-37-DE-81-D1-F6-75-19-05-67-D3-93-57-5E-29-1B-39-C8-EE-2D-E1-CD-E4-45-73-5B-D0-D2-CE-7A-AB-16-19-82-46-58-D0-5E-9D-81-B3-67-AF-6C-35-F2-BC-E5-3F-24-E2-35-A2-0A-75-06-F6-18-56-99-D4-78-2C-D1-05-1B-EB-D0-88-01-9D-AA-10-F1-05-DF-BA-7E-2C-63-B7-06-9B-23-21-C4-F9-78-6C-E2-58-17-06-36-2B-91-12-03-CC-A4-D9-F2-2D-BA-F9-94-9D-40-ED-18-45-F1-CE-8A-5C-6B-3E-AB-03-D3-70-18-2A-0A-6A-E0-5F-47-D1-D5-63-0A-32-F2-AF-D7-36-1F-2A-70-5A-E5-42-59-08-71-4B-57-BA-7E-83-81-F0-21-3C-F4-1C-C1-C5-B9-90-93-0E-88-45-93-86-E9-B1-20-99-BE-98-CB-C5-95-A4-5D-62-D6-A0-63-08-20-BD-75-10-77-7D-3D-F3-45-B9-9F-97-9F-CB-57-80-6F-33-A9-04-CF-77-A4-62-1C-59-7E-0B-00-00-00-0C-00-00-00-01-00-00-00-0B-00-09-73-28-E8-C9-57-DE-24-28-28-39-54-F6-A1-EE-8F-F7-AD-7D-EF-12-E1-00-A6-00-17-84-07-F5-DE-CF-24-04-00-00-00-10-00-00-00-0B-00-00-00-0C-00-00-00-01-00-00-00-0B-00-08-EF-EA-1C-09-57-A5-A1-FE-01-9E-6E-DB-21-FD-C9-FB-E5-DE-22-13-48-7E-AB-7A-05-E0-6E-CA-1C-97-84-04-00-00-00-FF-FF-00-00""}]}}"
30,30,2022-11-09 22:40:11.0381250,793,Warning,Microsoft-Windows-BitLocker-API,Microsoft-Windows-BitLocker/BitLocker Management,1224,2092,GUAPOS-PC,1,S-1-5-18,,,,,,,,,,,False,"EVTX-to-MITRE-Attack\TA0040-Impact\T1486-Data Encrypted for Impact\ID 768,775,793,796,817,840-BitLocker encryption activated.evtx",0x4000000000000000,0,"{""EventData"":{""Data"":[{""@Name"":""IdentificationGUID"",""#text"":""45a9dcbd-40ec-4295-a9e6-c2e63844f040""},{""@Name"":""VolumeName"",""#text"":""\\\\?\\Volume{95b548ac-9d1a-4f36-96fc-2c67e06caefb}""},{""@Name"":""VolumeMountPoint"",""#text"":""C:""}]}}"
31,31,2022-11-10 13:44:21.6640574,4122,Info,Microsoft-Windows-BitLocker-API,Microsoft-Windows-BitLocker/BitLocker Management,1320,1384,GUAPOS-PC,1,S-1-5-18,,,,,,,,,,,False,"EVTX-to-MITRE-Attack\TA0040-Impact\T1486-Data Encrypted for Impact\ID 768,775,793,796,817,840-BitLocker encryption activated.evtx",0x4000000000000000,0,"{""EventData"":{""Data"":{""@Name"":""LocalizedText"",""#text"":"", ISA Bridge:, PCI\\VEN_1022&amp;DEV_790E (PCI standard ISA bridge), PCI-to-PCI Bridge:, PCI\\VEN_1022&amp;DEV_1484 (PCI-to-PCI Bridge), PCI\\VEN_1022&amp;DEV_1484 (PCI-to-PCI Bridge), PCI\\VEN_1022&amp;DEV_43EA (PCI-to-PCI Bridge), PCI\\VEN_1022&amp;DEV_43EA (PCI-to-PCI Bridge), PCI\\VEN_1022&amp;DEV_43EA (PCI-to-PCI Bridge), PCI\\VEN_1022&amp;DEV_43EA (PCI-to-PCI Bridge), PCI\\VEN_1022&amp;DEV_43EA (PCI-to-PCI Bridge), PCI\\VEN_1022&amp;DEV_43EA (PCI-to-PCI Bridge), PCI\\VEN_1022&amp;DEV_1483 (PCI-to-PCI Bridge), PCI\\VEN_1022&amp;DEV_1483 (PCI-to-PCI Bridge), PCI\\VEN_1022&amp;DEV_43E9 (PCI-to-PCI Bridge), ""}}}"
32,32,2022-11-11 05:41:52.8376173,4122,Info,Microsoft-Windows-BitLocker-API,Microsoft-Windows-BitLocker/BitLocker Management,1276,1336,GUAPOS-PC,1,S-1-5-18,,,,,,,,,,,False,"EVTX-to-MITRE-Attack\TA0040-Impact\T1486-Data Encrypted for Impact\ID 768,775,793,796,817,840-BitLocker encryption activated.evtx",0x4000000000000000,0,"{""EventData"":{""Data"":{""@Name"":""LocalizedText"",""#text"":"", ISA Bridge:, PCI\\VEN_1022&amp;DEV_790E (PCI standard ISA bridge), PCI-to-PCI Bridge:, PCI\\VEN_1022&amp;DEV_1484 (PCI-to-PCI Bridge), PCI\\VEN_1022&amp;DEV_1484 (PCI-to-PCI Bridge), PCI\\VEN_1022&amp;DEV_43EA (PCI-to-PCI Bridge), PCI\\VEN_1022&amp;DEV_43EA (PCI-to-PCI Bridge), PCI\\VEN_1022&amp;DEV_43EA (PCI-to-PCI Bridge), PCI\\VEN_1022&amp;DEV_43EA (PCI-to-PCI Bridge), PCI\\VEN_1022&amp;DEV_43EA (PCI-to-PCI Bridge), PCI\\VEN_1022&amp;DEV_43EA (PCI-to-PCI Bridge), PCI\\VEN_1022&amp;DEV_1483 (PCI-to-PCI Bridge), PCI\\VEN_1022&amp;DEV_1483 (PCI-to-PCI Bridge), PCI\\VEN_1022&amp;DEV_43E9 (PCI-to-PCI Bridge), ""}}}"
