RecordNumber,EventRecordId,TimeCreated,EventId,Level,Provider,Channel,ProcessId,ThreadId,Computer,ChunkNumber,UserId,MapDescription,UserName,RemoteHost,PayloadData1,PayloadData2,PayloadData3,PayloadData4,PayloadData5,PayloadData6,ExecutableInfo,HiddenRecord,SourceFile,Keywords,ExtraDataOffset,Payload
1,229230093,2021-11-25 14:11:11.3249453,4662,LogAlways,Microsoft-Windows-Security-Auditing,Security,592,6916,rootdc1.offsec.lan,0,,Operation performed on an object,OFFSEC\admmig,,ObjectServer: DS,ObjectType: %{bf967a9c-0de6-11d0-a285-00aa003049e2},ObjectName: %{7a2aa51b-a49d-4a86-8d4d-fe63ecbb68ee},"AccessList: Unknown code (%%7688, )",AccessMask: Unknown code (0x100),,,False,EVTX-to-MITRE-Attack\TA0007-Discovery\T1069-Permission Groups Discovery\ID4662-Domain group enumeration CME.evtx,Audit success,0,"{""EventData"":{""Data"":[{""@Name"":""SubjectUserSid"",""#text"":""S-1-5-21-4230534742-2542757381-3142984815-1111""},{""@Name"":""SubjectUserName"",""#text"":""admmig""},{""@Name"":""SubjectDomainName"",""#text"":""OFFSEC""},{""@Name"":""SubjectLogonId"",""#text"":""0xAB3C3FC80""},{""@Name"":""ObjectServer"",""#text"":""DS""},{""@Name"":""ObjectType"",""#text"":""%{bf967a9c-0de6-11d0-a285-00aa003049e2}""},{""@Name"":""ObjectName"",""#text"":""%{7a2aa51b-a49d-4a86-8d4d-fe63ecbb68ee}""},{""@Name"":""OperationType"",""#text"":""Object Access""},{""@Name"":""HandleId"",""#text"":""0x0""},{""@Name"":""AccessList"",""#text"":""%%7688, ""},{""@Name"":""AccessMask"",""#text"":""0x100""},{""@Name"":""Properties"",""#text"":""%%7688, {771727b1-31b8-4cdf-ae62-4fe39fadf89e}, {612cb747-c0e8-4f92-9221-fdd5f15b550d}, {bf967a9c-0de6-11d0-a285-00aa003049e2}, ""},{""@Name"":""AdditionalInfo"",""#text"":""-""},{""@Name"":""AdditionalInfo2""}]}}"
2,229230094,2021-11-25 14:11:11.3252221,4662,LogAlways,Microsoft-Windows-Security-Auditing,Security,592,6916,rootdc1.offsec.lan,0,,Operation performed on an object,OFFSEC\admmig,,ObjectServer: DS,ObjectType: %{bf967a9c-0de6-11d0-a285-00aa003049e2},ObjectName: %{0df47591-d8f6-420b-91ea-9e845b5bbc95},"AccessList: Unknown code (%%7688, )",AccessMask: Unknown code (0x100),,,False,EVTX-to-MITRE-Attack\TA0007-Discovery\T1069-Permission Groups Discovery\ID4662-Domain group enumeration CME.evtx,Audit success,0,"{""EventData"":{""Data"":[{""@Name"":""SubjectUserSid"",""#text"":""S-1-5-21-4230534742-2542757381-3142984815-1111""},{""@Name"":""SubjectUserName"",""#text"":""admmig""},{""@Name"":""SubjectDomainName"",""#text"":""OFFSEC""},{""@Name"":""SubjectLogonId"",""#text"":""0xAB3C3FC80""},{""@Name"":""ObjectServer"",""#text"":""DS""},{""@Name"":""ObjectType"",""#text"":""%{bf967a9c-0de6-11d0-a285-00aa003049e2}""},{""@Name"":""ObjectName"",""#text"":""%{0df47591-d8f6-420b-91ea-9e845b5bbc95}""},{""@Name"":""OperationType"",""#text"":""Object Access""},{""@Name"":""HandleId"",""#text"":""0x0""},{""@Name"":""AccessList"",""#text"":""%%7688, ""},{""@Name"":""AccessMask"",""#text"":""0x100""},{""@Name"":""Properties"",""#text"":""%%7688, {771727b1-31b8-4cdf-ae62-4fe39fadf89e}, {612cb747-c0e8-4f92-9221-fdd5f15b550d}, {bf967a9c-0de6-11d0-a285-00aa003049e2}, ""},{""@Name"":""AdditionalInfo"",""#text"":""-""},{""@Name"":""AdditionalInfo2""}]}}"
3,229230095,2021-11-25 14:11:11.3254659,4662,LogAlways,Microsoft-Windows-Security-Auditing,Security,592,6916,rootdc1.offsec.lan,0,,Operation performed on an object,OFFSEC\admmig,,ObjectServer: DS,ObjectType: %{bf967a9c-0de6-11d0-a285-00aa003049e2},ObjectName: %{91dfd54c-8752-4fc4-80c0-ec3cab10a82f},"AccessList: Unknown code (%%7688, )",AccessMask: Unknown code (0x100),,,False,EVTX-to-MITRE-Attack\TA0007-Discovery\T1069-Permission Groups Discovery\ID4662-Domain group enumeration CME.evtx,Audit success,0,"{""EventData"":{""Data"":[{""@Name"":""SubjectUserSid"",""#text"":""S-1-5-21-4230534742-2542757381-3142984815-1111""},{""@Name"":""SubjectUserName"",""#text"":""admmig""},{""@Name"":""SubjectDomainName"",""#text"":""OFFSEC""},{""@Name"":""SubjectLogonId"",""#text"":""0xAB3C3FC80""},{""@Name"":""ObjectServer"",""#text"":""DS""},{""@Name"":""ObjectType"",""#text"":""%{bf967a9c-0de6-11d0-a285-00aa003049e2}""},{""@Name"":""ObjectName"",""#text"":""%{91dfd54c-8752-4fc4-80c0-ec3cab10a82f}""},{""@Name"":""OperationType"",""#text"":""Object Access""},{""@Name"":""HandleId"",""#text"":""0x0""},{""@Name"":""AccessList"",""#text"":""%%7688, ""},{""@Name"":""AccessMask"",""#text"":""0x100""},{""@Name"":""Properties"",""#text"":""%%7688, {771727b1-31b8-4cdf-ae62-4fe39fadf89e}, {612cb747-c0e8-4f92-9221-fdd5f15b550d}, {bf967a9c-0de6-11d0-a285-00aa003049e2}, ""},{""@Name"":""AdditionalInfo"",""#text"":""-""},{""@Name"":""AdditionalInfo2""}]}}"
4,229230096,2021-11-25 14:11:11.3256989,4662,LogAlways,Microsoft-Windows-Security-Auditing,Security,592,6916,rootdc1.offsec.lan,0,,Operation performed on an object,OFFSEC\admmig,,ObjectServer: DS,ObjectType: %{bf967a9c-0de6-11d0-a285-00aa003049e2},ObjectName: %{463d69de-bf6e-40b1-9d07-135b523092d5},"AccessList: Unknown code (%%7688, )",AccessMask: Unknown code (0x100),,,False,EVTX-to-MITRE-Attack\TA0007-Discovery\T1069-Permission Groups Discovery\ID4662-Domain group enumeration CME.evtx,Audit success,0,"{""EventData"":{""Data"":[{""@Name"":""SubjectUserSid"",""#text"":""S-1-5-21-4230534742-2542757381-3142984815-1111""},{""@Name"":""SubjectUserName"",""#text"":""admmig""},{""@Name"":""SubjectDomainName"",""#text"":""OFFSEC""},{""@Name"":""SubjectLogonId"",""#text"":""0xAB3C3FC80""},{""@Name"":""ObjectServer"",""#text"":""DS""},{""@Name"":""ObjectType"",""#text"":""%{bf967a9c-0de6-11d0-a285-00aa003049e2}""},{""@Name"":""ObjectName"",""#text"":""%{463d69de-bf6e-40b1-9d07-135b523092d5}""},{""@Name"":""OperationType"",""#text"":""Object Access""},{""@Name"":""HandleId"",""#text"":""0x0""},{""@Name"":""AccessList"",""#text"":""%%7688, ""},{""@Name"":""AccessMask"",""#text"":""0x100""},{""@Name"":""Properties"",""#text"":""%%7688, {771727b1-31b8-4cdf-ae62-4fe39fadf89e}, {612cb747-c0e8-4f92-9221-fdd5f15b550d}, {bf967a9c-0de6-11d0-a285-00aa003049e2}, ""},{""@Name"":""AdditionalInfo"",""#text"":""-""},{""@Name"":""AdditionalInfo2""}]}}"
5,229230097,2021-11-25 14:11:11.3259128,4662,LogAlways,Microsoft-Windows-Security-Auditing,Security,592,6916,rootdc1.offsec.lan,0,,Operation performed on an object,OFFSEC\admmig,,ObjectServer: DS,ObjectType: %{bf967a9c-0de6-11d0-a285-00aa003049e2},ObjectName: %{431b5ef4-f706-4c40-b283-34a199f2d61c},"AccessList: Unknown code (%%7688, )",AccessMask: Unknown code (0x100),,,False,EVTX-to-MITRE-Attack\TA0007-Discovery\T1069-Permission Groups Discovery\ID4662-Domain group enumeration CME.evtx,Audit success,0,"{""EventData"":{""Data"":[{""@Name"":""SubjectUserSid"",""#text"":""S-1-5-21-4230534742-2542757381-3142984815-1111""},{""@Name"":""SubjectUserName"",""#text"":""admmig""},{""@Name"":""SubjectDomainName"",""#text"":""OFFSEC""},{""@Name"":""SubjectLogonId"",""#text"":""0xAB3C3FC80""},{""@Name"":""ObjectServer"",""#text"":""DS""},{""@Name"":""ObjectType"",""#text"":""%{bf967a9c-0de6-11d0-a285-00aa003049e2}""},{""@Name"":""ObjectName"",""#text"":""%{431b5ef4-f706-4c40-b283-34a199f2d61c}""},{""@Name"":""OperationType"",""#text"":""Object Access""},{""@Name"":""HandleId"",""#text"":""0x0""},{""@Name"":""AccessList"",""#text"":""%%7688, ""},{""@Name"":""AccessMask"",""#text"":""0x100""},{""@Name"":""Properties"",""#text"":""%%7688, {771727b1-31b8-4cdf-ae62-4fe39fadf89e}, {612cb747-c0e8-4f92-9221-fdd5f15b550d}, {bf967a9c-0de6-11d0-a285-00aa003049e2}, ""},{""@Name"":""AdditionalInfo"",""#text"":""-""},{""@Name"":""AdditionalInfo2""}]}}"
6,229230098,2021-11-25 14:11:11.3261364,4662,LogAlways,Microsoft-Windows-Security-Auditing,Security,592,6916,rootdc1.offsec.lan,0,,Operation performed on an object,OFFSEC\admmig,,ObjectServer: DS,ObjectType: %{bf967a9c-0de6-11d0-a285-00aa003049e2},ObjectName: %{a43f6ca2-54ee-40d7-b0ba-41fbf53731d4},"AccessList: Unknown code (%%7688, )",AccessMask: Unknown code (0x100),,,False,EVTX-to-MITRE-Attack\TA0007-Discovery\T1069-Permission Groups Discovery\ID4662-Domain group enumeration CME.evtx,Audit success,0,"{""EventData"":{""Data"":[{""@Name"":""SubjectUserSid"",""#text"":""S-1-5-21-4230534742-2542757381-3142984815-1111""},{""@Name"":""SubjectUserName"",""#text"":""admmig""},{""@Name"":""SubjectDomainName"",""#text"":""OFFSEC""},{""@Name"":""SubjectLogonId"",""#text"":""0xAB3C3FC80""},{""@Name"":""ObjectServer"",""#text"":""DS""},{""@Name"":""ObjectType"",""#text"":""%{bf967a9c-0de6-11d0-a285-00aa003049e2}""},{""@Name"":""ObjectName"",""#text"":""%{a43f6ca2-54ee-40d7-b0ba-41fbf53731d4}""},{""@Name"":""OperationType"",""#text"":""Object Access""},{""@Name"":""HandleId"",""#text"":""0x0""},{""@Name"":""AccessList"",""#text"":""%%7688, ""},{""@Name"":""AccessMask"",""#text"":""0x100""},{""@Name"":""Properties"",""#text"":""%%7688, {771727b1-31b8-4cdf-ae62-4fe39fadf89e}, {612cb747-c0e8-4f92-9221-fdd5f15b550d}, {bf967a9c-0de6-11d0-a285-00aa003049e2}, ""},{""@Name"":""AdditionalInfo"",""#text"":""-""},{""@Name"":""AdditionalInfo2""}]}}"
7,229230099,2021-11-25 14:11:11.3263489,4662,LogAlways,Microsoft-Windows-Security-Auditing,Security,592,6916,rootdc1.offsec.lan,0,,Operation performed on an object,OFFSEC\admmig,,ObjectServer: DS,ObjectType: %{bf967a9c-0de6-11d0-a285-00aa003049e2},ObjectName: %{2254cdbf-4e9f-44ec-a069-da303cfc2f25},"AccessList: Unknown code (%%7688, )",AccessMask: Unknown code (0x100),,,False,EVTX-to-MITRE-Attack\TA0007-Discovery\T1069-Permission Groups Discovery\ID4662-Domain group enumeration CME.evtx,Audit success,0,"{""EventData"":{""Data"":[{""@Name"":""SubjectUserSid"",""#text"":""S-1-5-21-4230534742-2542757381-3142984815-1111""},{""@Name"":""SubjectUserName"",""#text"":""admmig""},{""@Name"":""SubjectDomainName"",""#text"":""OFFSEC""},{""@Name"":""SubjectLogonId"",""#text"":""0xAB3C3FC80""},{""@Name"":""ObjectServer"",""#text"":""DS""},{""@Name"":""ObjectType"",""#text"":""%{bf967a9c-0de6-11d0-a285-00aa003049e2}""},{""@Name"":""ObjectName"",""#text"":""%{2254cdbf-4e9f-44ec-a069-da303cfc2f25}""},{""@Name"":""OperationType"",""#text"":""Object Access""},{""@Name"":""HandleId"",""#text"":""0x0""},{""@Name"":""AccessList"",""#text"":""%%7688, ""},{""@Name"":""AccessMask"",""#text"":""0x100""},{""@Name"":""Properties"",""#text"":""%%7688, {771727b1-31b8-4cdf-ae62-4fe39fadf89e}, {612cb747-c0e8-4f92-9221-fdd5f15b550d}, {bf967a9c-0de6-11d0-a285-00aa003049e2}, ""},{""@Name"":""AdditionalInfo"",""#text"":""-""},{""@Name"":""AdditionalInfo2""}]}}"
8,229230100,2021-11-25 14:11:11.3265572,4662,LogAlways,Microsoft-Windows-Security-Auditing,Security,592,6916,rootdc1.offsec.lan,0,,Operation performed on an object,OFFSEC\admmig,,ObjectServer: DS,ObjectType: %{bf967a9c-0de6-11d0-a285-00aa003049e2},ObjectName: %{84d68bb1-e5ee-49f5-993d-5985ad31b260},"AccessList: Unknown code (%%7688, )",AccessMask: Unknown code (0x100),,,False,EVTX-to-MITRE-Attack\TA0007-Discovery\T1069-Permission Groups Discovery\ID4662-Domain group enumeration CME.evtx,Audit success,0,"{""EventData"":{""Data"":[{""@Name"":""SubjectUserSid"",""#text"":""S-1-5-21-4230534742-2542757381-3142984815-1111""},{""@Name"":""SubjectUserName"",""#text"":""admmig""},{""@Name"":""SubjectDomainName"",""#text"":""OFFSEC""},{""@Name"":""SubjectLogonId"",""#text"":""0xAB3C3FC80""},{""@Name"":""ObjectServer"",""#text"":""DS""},{""@Name"":""ObjectType"",""#text"":""%{bf967a9c-0de6-11d0-a285-00aa003049e2}""},{""@Name"":""ObjectName"",""#text"":""%{84d68bb1-e5ee-49f5-993d-5985ad31b260}""},{""@Name"":""OperationType"",""#text"":""Object Access""},{""@Name"":""HandleId"",""#text"":""0x0""},{""@Name"":""AccessList"",""#text"":""%%7688, ""},{""@Name"":""AccessMask"",""#text"":""0x100""},{""@Name"":""Properties"",""#text"":""%%7688, {771727b1-31b8-4cdf-ae62-4fe39fadf89e}, {612cb747-c0e8-4f92-9221-fdd5f15b550d}, {bf967a9c-0de6-11d0-a285-00aa003049e2}, ""},{""@Name"":""AdditionalInfo"",""#text"":""-""},{""@Name"":""AdditionalInfo2""}]}}"
9,229230101,2021-11-25 14:11:11.3267627,4662,LogAlways,Microsoft-Windows-Security-Auditing,Security,592,6916,rootdc1.offsec.lan,0,,Operation performed on an object,OFFSEC\admmig,,ObjectServer: DS,ObjectType: %{bf967a9c-0de6-11d0-a285-00aa003049e2},ObjectName: %{67896a29-b083-4315-aae5-92c55937d58e},"AccessList: Unknown code (%%7688, )",AccessMask: Unknown code (0x100),,,False,EVTX-to-MITRE-Attack\TA0007-Discovery\T1069-Permission Groups Discovery\ID4662-Domain group enumeration CME.evtx,Audit success,0,"{""EventData"":{""Data"":[{""@Name"":""SubjectUserSid"",""#text"":""S-1-5-21-4230534742-2542757381-3142984815-1111""},{""@Name"":""SubjectUserName"",""#text"":""admmig""},{""@Name"":""SubjectDomainName"",""#text"":""OFFSEC""},{""@Name"":""SubjectLogonId"",""#text"":""0xAB3C3FC80""},{""@Name"":""ObjectServer"",""#text"":""DS""},{""@Name"":""ObjectType"",""#text"":""%{bf967a9c-0de6-11d0-a285-00aa003049e2}""},{""@Name"":""ObjectName"",""#text"":""%{67896a29-b083-4315-aae5-92c55937d58e}""},{""@Name"":""OperationType"",""#text"":""Object Access""},{""@Name"":""HandleId"",""#text"":""0x0""},{""@Name"":""AccessList"",""#text"":""%%7688, ""},{""@Name"":""AccessMask"",""#text"":""0x100""},{""@Name"":""Properties"",""#text"":""%%7688, {771727b1-31b8-4cdf-ae62-4fe39fadf89e}, {612cb747-c0e8-4f92-9221-fdd5f15b550d}, {bf967a9c-0de6-11d0-a285-00aa003049e2}, ""},{""@Name"":""AdditionalInfo"",""#text"":""-""},{""@Name"":""AdditionalInfo2""}]}}"
10,229230102,2021-11-25 14:11:11.3269720,4662,LogAlways,Microsoft-Windows-Security-Auditing,Security,592,6916,rootdc1.offsec.lan,0,,Operation performed on an object,OFFSEC\admmig,,ObjectServer: DS,ObjectType: %{bf967a9c-0de6-11d0-a285-00aa003049e2},ObjectName: %{46e9478f-af93-47d7-ab83-b091ec0ff4a0},"AccessList: Unknown code (%%7688, )",AccessMask: Unknown code (0x100),,,False,EVTX-to-MITRE-Attack\TA0007-Discovery\T1069-Permission Groups Discovery\ID4662-Domain group enumeration CME.evtx,Audit success,0,"{""EventData"":{""Data"":[{""@Name"":""SubjectUserSid"",""#text"":""S-1-5-21-4230534742-2542757381-3142984815-1111""},{""@Name"":""SubjectUserName"",""#text"":""admmig""},{""@Name"":""SubjectDomainName"",""#text"":""OFFSEC""},{""@Name"":""SubjectLogonId"",""#text"":""0xAB3C3FC80""},{""@Name"":""ObjectServer"",""#text"":""DS""},{""@Name"":""ObjectType"",""#text"":""%{bf967a9c-0de6-11d0-a285-00aa003049e2}""},{""@Name"":""ObjectName"",""#text"":""%{46e9478f-af93-47d7-ab83-b091ec0ff4a0}""},{""@Name"":""OperationType"",""#text"":""Object Access""},{""@Name"":""HandleId"",""#text"":""0x0""},{""@Name"":""AccessList"",""#text"":""%%7688, ""},{""@Name"":""AccessMask"",""#text"":""0x100""},{""@Name"":""Properties"",""#text"":""%%7688, {771727b1-31b8-4cdf-ae62-4fe39fadf89e}, {612cb747-c0e8-4f92-9221-fdd5f15b550d}, {bf967a9c-0de6-11d0-a285-00aa003049e2}, ""},{""@Name"":""AdditionalInfo"",""#text"":""-""},{""@Name"":""AdditionalInfo2""}]}}"
11,229230103,2021-11-25 14:11:11.3271784,4662,LogAlways,Microsoft-Windows-Security-Auditing,Security,592,6916,rootdc1.offsec.lan,0,,Operation performed on an object,OFFSEC\admmig,,ObjectServer: DS,ObjectType: %{bf967a9c-0de6-11d0-a285-00aa003049e2},ObjectName: %{309e0ba2-58f0-4764-9b14-b28a2f038cd5},"AccessList: Unknown code (%%7688, )",AccessMask: Unknown code (0x100),,,False,EVTX-to-MITRE-Attack\TA0007-Discovery\T1069-Permission Groups Discovery\ID4662-Domain group enumeration CME.evtx,Audit success,0,"{""EventData"":{""Data"":[{""@Name"":""SubjectUserSid"",""#text"":""S-1-5-21-4230534742-2542757381-3142984815-1111""},{""@Name"":""SubjectUserName"",""#text"":""admmig""},{""@Name"":""SubjectDomainName"",""#text"":""OFFSEC""},{""@Name"":""SubjectLogonId"",""#text"":""0xAB3C3FC80""},{""@Name"":""ObjectServer"",""#text"":""DS""},{""@Name"":""ObjectType"",""#text"":""%{bf967a9c-0de6-11d0-a285-00aa003049e2}""},{""@Name"":""ObjectName"",""#text"":""%{309e0ba2-58f0-4764-9b14-b28a2f038cd5}""},{""@Name"":""OperationType"",""#text"":""Object Access""},{""@Name"":""HandleId"",""#text"":""0x0""},{""@Name"":""AccessList"",""#text"":""%%7688, ""},{""@Name"":""AccessMask"",""#text"":""0x100""},{""@Name"":""Properties"",""#text"":""%%7688, {771727b1-31b8-4cdf-ae62-4fe39fadf89e}, {612cb747-c0e8-4f92-9221-fdd5f15b550d}, {bf967a9c-0de6-11d0-a285-00aa003049e2}, ""},{""@Name"":""AdditionalInfo"",""#text"":""-""},{""@Name"":""AdditionalInfo2""}]}}"
12,229230104,2021-11-25 14:11:11.3273848,4662,LogAlways,Microsoft-Windows-Security-Auditing,Security,592,6916,rootdc1.offsec.lan,0,,Operation performed on an object,OFFSEC\admmig,,ObjectServer: DS,ObjectType: %{bf967a9c-0de6-11d0-a285-00aa003049e2},ObjectName: %{5bfe6f42-4848-4219-84be-1fe43975a9c9},"AccessList: Unknown code (%%7688, )",AccessMask: Unknown code (0x100),,,False,EVTX-to-MITRE-Attack\TA0007-Discovery\T1069-Permission Groups Discovery\ID4662-Domain group enumeration CME.evtx,Audit success,0,"{""EventData"":{""Data"":[{""@Name"":""SubjectUserSid"",""#text"":""S-1-5-21-4230534742-2542757381-3142984815-1111""},{""@Name"":""SubjectUserName"",""#text"":""admmig""},{""@Name"":""SubjectDomainName"",""#text"":""OFFSEC""},{""@Name"":""SubjectLogonId"",""#text"":""0xAB3C3FC80""},{""@Name"":""ObjectServer"",""#text"":""DS""},{""@Name"":""ObjectType"",""#text"":""%{bf967a9c-0de6-11d0-a285-00aa003049e2}""},{""@Name"":""ObjectName"",""#text"":""%{5bfe6f42-4848-4219-84be-1fe43975a9c9}""},{""@Name"":""OperationType"",""#text"":""Object Access""},{""@Name"":""HandleId"",""#text"":""0x0""},{""@Name"":""AccessList"",""#text"":""%%7688, ""},{""@Name"":""AccessMask"",""#text"":""0x100""},{""@Name"":""Properties"",""#text"":""%%7688, {771727b1-31b8-4cdf-ae62-4fe39fadf89e}, {612cb747-c0e8-4f92-9221-fdd5f15b550d}, {bf967a9c-0de6-11d0-a285-00aa003049e2}, ""},{""@Name"":""AdditionalInfo"",""#text"":""-""},{""@Name"":""AdditionalInfo2""}]}}"
13,229230105,2021-11-25 14:11:11.3276136,4662,LogAlways,Microsoft-Windows-Security-Auditing,Security,592,6916,rootdc1.offsec.lan,0,,Operation performed on an object,OFFSEC\admmig,,ObjectServer: DS,ObjectType: %{bf967a9c-0de6-11d0-a285-00aa003049e2},ObjectName: %{d5823e76-381f-4ae1-99c5-4c5424879b30},"AccessList: Unknown code (%%7688, )",AccessMask: Unknown code (0x100),,,False,EVTX-to-MITRE-Attack\TA0007-Discovery\T1069-Permission Groups Discovery\ID4662-Domain group enumeration CME.evtx,Audit success,0,"{""EventData"":{""Data"":[{""@Name"":""SubjectUserSid"",""#text"":""S-1-5-21-4230534742-2542757381-3142984815-1111""},{""@Name"":""SubjectUserName"",""#text"":""admmig""},{""@Name"":""SubjectDomainName"",""#text"":""OFFSEC""},{""@Name"":""SubjectLogonId"",""#text"":""0xAB3C3FC80""},{""@Name"":""ObjectServer"",""#text"":""DS""},{""@Name"":""ObjectType"",""#text"":""%{bf967a9c-0de6-11d0-a285-00aa003049e2}""},{""@Name"":""ObjectName"",""#text"":""%{d5823e76-381f-4ae1-99c5-4c5424879b30}""},{""@Name"":""OperationType"",""#text"":""Object Access""},{""@Name"":""HandleId"",""#text"":""0x0""},{""@Name"":""AccessList"",""#text"":""%%7688, ""},{""@Name"":""AccessMask"",""#text"":""0x100""},{""@Name"":""Properties"",""#text"":""%%7688, {771727b1-31b8-4cdf-ae62-4fe39fadf89e}, {612cb747-c0e8-4f92-9221-fdd5f15b550d}, {bf967a9c-0de6-11d0-a285-00aa003049e2}, ""},{""@Name"":""AdditionalInfo"",""#text"":""-""},{""@Name"":""AdditionalInfo2""}]}}"
14,229230106,2021-11-25 14:11:11.3278098,4662,LogAlways,Microsoft-Windows-Security-Auditing,Security,592,6916,rootdc1.offsec.lan,0,,Operation performed on an object,OFFSEC\admmig,,ObjectServer: DS,ObjectType: %{bf967a9c-0de6-11d0-a285-00aa003049e2},ObjectName: %{1afcec60-3b9e-4404-9157-5828c19bdbfe},"AccessList: Unknown code (%%7688, )",AccessMask: Unknown code (0x100),,,False,EVTX-to-MITRE-Attack\TA0007-Discovery\T1069-Permission Groups Discovery\ID4662-Domain group enumeration CME.evtx,Audit success,0,"{""EventData"":{""Data"":[{""@Name"":""SubjectUserSid"",""#text"":""S-1-5-21-4230534742-2542757381-3142984815-1111""},{""@Name"":""SubjectUserName"",""#text"":""admmig""},{""@Name"":""SubjectDomainName"",""#text"":""OFFSEC""},{""@Name"":""SubjectLogonId"",""#text"":""0xAB3C3FC80""},{""@Name"":""ObjectServer"",""#text"":""DS""},{""@Name"":""ObjectType"",""#text"":""%{bf967a9c-0de6-11d0-a285-00aa003049e2}""},{""@Name"":""ObjectName"",""#text"":""%{1afcec60-3b9e-4404-9157-5828c19bdbfe}""},{""@Name"":""OperationType"",""#text"":""Object Access""},{""@Name"":""HandleId"",""#text"":""0x0""},{""@Name"":""AccessList"",""#text"":""%%7688, ""},{""@Name"":""AccessMask"",""#text"":""0x100""},{""@Name"":""Properties"",""#text"":""%%7688, {771727b1-31b8-4cdf-ae62-4fe39fadf89e}, {612cb747-c0e8-4f92-9221-fdd5f15b550d}, {bf967a9c-0de6-11d0-a285-00aa003049e2}, ""},{""@Name"":""AdditionalInfo"",""#text"":""-""},{""@Name"":""AdditionalInfo2""}]}}"
15,229230107,2021-11-25 14:11:11.3280368,4662,LogAlways,Microsoft-Windows-Security-Auditing,Security,592,6916,rootdc1.offsec.lan,0,,Operation performed on an object,OFFSEC\admmig,,ObjectServer: DS,ObjectType: %{bf967a9c-0de6-11d0-a285-00aa003049e2},ObjectName: %{d1bb46df-02c3-44ea-9225-af2d9ccbfb54},"AccessList: Unknown code (%%7688, )",AccessMask: Unknown code (0x100),,,False,EVTX-to-MITRE-Attack\TA0007-Discovery\T1069-Permission Groups Discovery\ID4662-Domain group enumeration CME.evtx,Audit success,0,"{""EventData"":{""Data"":[{""@Name"":""SubjectUserSid"",""#text"":""S-1-5-21-4230534742-2542757381-3142984815-1111""},{""@Name"":""SubjectUserName"",""#text"":""admmig""},{""@Name"":""SubjectDomainName"",""#text"":""OFFSEC""},{""@Name"":""SubjectLogonId"",""#text"":""0xAB3C3FC80""},{""@Name"":""ObjectServer"",""#text"":""DS""},{""@Name"":""ObjectType"",""#text"":""%{bf967a9c-0de6-11d0-a285-00aa003049e2}""},{""@Name"":""ObjectName"",""#text"":""%{d1bb46df-02c3-44ea-9225-af2d9ccbfb54}""},{""@Name"":""OperationType"",""#text"":""Object Access""},{""@Name"":""HandleId"",""#text"":""0x0""},{""@Name"":""AccessList"",""#text"":""%%7688, ""},{""@Name"":""AccessMask"",""#text"":""0x100""},{""@Name"":""Properties"",""#text"":""%%7688, {771727b1-31b8-4cdf-ae62-4fe39fadf89e}, {612cb747-c0e8-4f92-9221-fdd5f15b550d}, {bf967a9c-0de6-11d0-a285-00aa003049e2}, ""},{""@Name"":""AdditionalInfo"",""#text"":""-""},{""@Name"":""AdditionalInfo2""}]}}"
16,229230108,2021-11-25 14:11:11.3282404,4662,LogAlways,Microsoft-Windows-Security-Auditing,Security,592,6916,rootdc1.offsec.lan,0,,Operation performed on an object,OFFSEC\admmig,,ObjectServer: DS,ObjectType: %{bf967a9c-0de6-11d0-a285-00aa003049e2},ObjectName: %{a3cb6a7e-54dc-4051-994e-efccfc7f9f5f},"AccessList: Unknown code (%%7688, )",AccessMask: Unknown code (0x100),,,False,EVTX-to-MITRE-Attack\TA0007-Discovery\T1069-Permission Groups Discovery\ID4662-Domain group enumeration CME.evtx,Audit success,0,"{""EventData"":{""Data"":[{""@Name"":""SubjectUserSid"",""#text"":""S-1-5-21-4230534742-2542757381-3142984815-1111""},{""@Name"":""SubjectUserName"",""#text"":""admmig""},{""@Name"":""SubjectDomainName"",""#text"":""OFFSEC""},{""@Name"":""SubjectLogonId"",""#text"":""0xAB3C3FC80""},{""@Name"":""ObjectServer"",""#text"":""DS""},{""@Name"":""ObjectType"",""#text"":""%{bf967a9c-0de6-11d0-a285-00aa003049e2}""},{""@Name"":""ObjectName"",""#text"":""%{a3cb6a7e-54dc-4051-994e-efccfc7f9f5f}""},{""@Name"":""OperationType"",""#text"":""Object Access""},{""@Name"":""HandleId"",""#text"":""0x0""},{""@Name"":""AccessList"",""#text"":""%%7688, ""},{""@Name"":""AccessMask"",""#text"":""0x100""},{""@Name"":""Properties"",""#text"":""%%7688, {771727b1-31b8-4cdf-ae62-4fe39fadf89e}, {612cb747-c0e8-4f92-9221-fdd5f15b550d}, {bf967a9c-0de6-11d0-a285-00aa003049e2}, ""},{""@Name"":""AdditionalInfo"",""#text"":""-""},{""@Name"":""AdditionalInfo2""}]}}"
17,229230109,2021-11-25 14:11:11.3284953,4662,LogAlways,Microsoft-Windows-Security-Auditing,Security,592,6916,rootdc1.offsec.lan,0,,Operation performed on an object,OFFSEC\admmig,,ObjectServer: DS,ObjectType: %{bf967a9c-0de6-11d0-a285-00aa003049e2},ObjectName: %{51e802fe-be69-4947-bda9-28b47060f2a5},"AccessList: Unknown code (%%7688, )",AccessMask: Unknown code (0x100),,,False,EVTX-to-MITRE-Attack\TA0007-Discovery\T1069-Permission Groups Discovery\ID4662-Domain group enumeration CME.evtx,Audit success,0,"{""EventData"":{""Data"":[{""@Name"":""SubjectUserSid"",""#text"":""S-1-5-21-4230534742-2542757381-3142984815-1111""},{""@Name"":""SubjectUserName"",""#text"":""admmig""},{""@Name"":""SubjectDomainName"",""#text"":""OFFSEC""},{""@Name"":""SubjectLogonId"",""#text"":""0xAB3C3FC80""},{""@Name"":""ObjectServer"",""#text"":""DS""},{""@Name"":""ObjectType"",""#text"":""%{bf967a9c-0de6-11d0-a285-00aa003049e2}""},{""@Name"":""ObjectName"",""#text"":""%{51e802fe-be69-4947-bda9-28b47060f2a5}""},{""@Name"":""OperationType"",""#text"":""Object Access""},{""@Name"":""HandleId"",""#text"":""0x0""},{""@Name"":""AccessList"",""#text"":""%%7688, ""},{""@Name"":""AccessMask"",""#text"":""0x100""},{""@Name"":""Properties"",""#text"":""%%7688, {771727b1-31b8-4cdf-ae62-4fe39fadf89e}, {612cb747-c0e8-4f92-9221-fdd5f15b550d}, {bf967a9c-0de6-11d0-a285-00aa003049e2}, ""},{""@Name"":""AdditionalInfo"",""#text"":""-""},{""@Name"":""AdditionalInfo2""}]}}"
18,229230110,2021-11-25 14:11:11.3287050,4662,LogAlways,Microsoft-Windows-Security-Auditing,Security,592,6916,rootdc1.offsec.lan,0,,Operation performed on an object,OFFSEC\admmig,,ObjectServer: DS,ObjectType: %{bf967a9c-0de6-11d0-a285-00aa003049e2},ObjectName: %{b25f4084-c789-454b-b49a-7ea7daf3c86c},"AccessList: Unknown code (%%7688, )",AccessMask: Unknown code (0x100),,,False,EVTX-to-MITRE-Attack\TA0007-Discovery\T1069-Permission Groups Discovery\ID4662-Domain group enumeration CME.evtx,Audit success,0,"{""EventData"":{""Data"":[{""@Name"":""SubjectUserSid"",""#text"":""S-1-5-21-4230534742-2542757381-3142984815-1111""},{""@Name"":""SubjectUserName"",""#text"":""admmig""},{""@Name"":""SubjectDomainName"",""#text"":""OFFSEC""},{""@Name"":""SubjectLogonId"",""#text"":""0xAB3C3FC80""},{""@Name"":""ObjectServer"",""#text"":""DS""},{""@Name"":""ObjectType"",""#text"":""%{bf967a9c-0de6-11d0-a285-00aa003049e2}""},{""@Name"":""ObjectName"",""#text"":""%{b25f4084-c789-454b-b49a-7ea7daf3c86c}""},{""@Name"":""OperationType"",""#text"":""Object Access""},{""@Name"":""HandleId"",""#text"":""0x0""},{""@Name"":""AccessList"",""#text"":""%%7688, ""},{""@Name"":""AccessMask"",""#text"":""0x100""},{""@Name"":""Properties"",""#text"":""%%7688, {771727b1-31b8-4cdf-ae62-4fe39fadf89e}, {612cb747-c0e8-4f92-9221-fdd5f15b550d}, {bf967a9c-0de6-11d0-a285-00aa003049e2}, ""},{""@Name"":""AdditionalInfo"",""#text"":""-""},{""@Name"":""AdditionalInfo2""}]}}"
19,229230111,2021-11-25 14:11:11.3289194,4662,LogAlways,Microsoft-Windows-Security-Auditing,Security,592,6916,rootdc1.offsec.lan,0,,Operation performed on an object,OFFSEC\admmig,,ObjectServer: DS,ObjectType: %{bf967a9c-0de6-11d0-a285-00aa003049e2},ObjectName: %{275fc3c4-8389-404f-a88c-943788f28631},"AccessList: Unknown code (%%7688, )",AccessMask: Unknown code (0x100),,,False,EVTX-to-MITRE-Attack\TA0007-Discovery\T1069-Permission Groups Discovery\ID4662-Domain group enumeration CME.evtx,Audit success,0,"{""EventData"":{""Data"":[{""@Name"":""SubjectUserSid"",""#text"":""S-1-5-21-4230534742-2542757381-3142984815-1111""},{""@Name"":""SubjectUserName"",""#text"":""admmig""},{""@Name"":""SubjectDomainName"",""#text"":""OFFSEC""},{""@Name"":""SubjectLogonId"",""#text"":""0xAB3C3FC80""},{""@Name"":""ObjectServer"",""#text"":""DS""},{""@Name"":""ObjectType"",""#text"":""%{bf967a9c-0de6-11d0-a285-00aa003049e2}""},{""@Name"":""ObjectName"",""#text"":""%{275fc3c4-8389-404f-a88c-943788f28631}""},{""@Name"":""OperationType"",""#text"":""Object Access""},{""@Name"":""HandleId"",""#text"":""0x0""},{""@Name"":""AccessList"",""#text"":""%%7688, ""},{""@Name"":""AccessMask"",""#text"":""0x100""},{""@Name"":""Properties"",""#text"":""%%7688, {771727b1-31b8-4cdf-ae62-4fe39fadf89e}, {612cb747-c0e8-4f92-9221-fdd5f15b550d}, {bf967a9c-0de6-11d0-a285-00aa003049e2}, ""},{""@Name"":""AdditionalInfo"",""#text"":""-""},{""@Name"":""AdditionalInfo2""}]}}"
20,229230112,2021-11-25 14:11:11.3291775,4662,LogAlways,Microsoft-Windows-Security-Auditing,Security,592,6916,rootdc1.offsec.lan,0,,Operation performed on an object,OFFSEC\admmig,,ObjectServer: DS,ObjectType: %{bf967a9c-0de6-11d0-a285-00aa003049e2},ObjectName: %{16531cc7-cb64-456f-805e-0cc947c91d6a},"AccessList: Unknown code (%%7688, )",AccessMask: Unknown code (0x100),,,False,EVTX-to-MITRE-Attack\TA0007-Discovery\T1069-Permission Groups Discovery\ID4662-Domain group enumeration CME.evtx,Audit success,0,"{""EventData"":{""Data"":[{""@Name"":""SubjectUserSid"",""#text"":""S-1-5-21-4230534742-2542757381-3142984815-1111""},{""@Name"":""SubjectUserName"",""#text"":""admmig""},{""@Name"":""SubjectDomainName"",""#text"":""OFFSEC""},{""@Name"":""SubjectLogonId"",""#text"":""0xAB3C3FC80""},{""@Name"":""ObjectServer"",""#text"":""DS""},{""@Name"":""ObjectType"",""#text"":""%{bf967a9c-0de6-11d0-a285-00aa003049e2}""},{""@Name"":""ObjectName"",""#text"":""%{16531cc7-cb64-456f-805e-0cc947c91d6a}""},{""@Name"":""OperationType"",""#text"":""Object Access""},{""@Name"":""HandleId"",""#text"":""0x0""},{""@Name"":""AccessList"",""#text"":""%%7688, ""},{""@Name"":""AccessMask"",""#text"":""0x100""},{""@Name"":""Properties"",""#text"":""%%7688, {771727b1-31b8-4cdf-ae62-4fe39fadf89e}, {612cb747-c0e8-4f92-9221-fdd5f15b550d}, {bf967a9c-0de6-11d0-a285-00aa003049e2}, ""},{""@Name"":""AdditionalInfo"",""#text"":""-""},{""@Name"":""AdditionalInfo2""}]}}"
21,229230113,2021-11-25 14:11:11.3294264,4662,LogAlways,Microsoft-Windows-Security-Auditing,Security,592,6916,rootdc1.offsec.lan,0,,Operation performed on an object,OFFSEC\admmig,,ObjectServer: DS,ObjectType: %{bf967a9c-0de6-11d0-a285-00aa003049e2},ObjectName: %{ac68038d-eb33-4a69-bf4e-8f978b701d86},"AccessList: Unknown code (%%7688, )",AccessMask: Unknown code (0x100),,,False,EVTX-to-MITRE-Attack\TA0007-Discovery\T1069-Permission Groups Discovery\ID4662-Domain group enumeration CME.evtx,Audit success,0,"{""EventData"":{""Data"":[{""@Name"":""SubjectUserSid"",""#text"":""S-1-5-21-4230534742-2542757381-3142984815-1111""},{""@Name"":""SubjectUserName"",""#text"":""admmig""},{""@Name"":""SubjectDomainName"",""#text"":""OFFSEC""},{""@Name"":""SubjectLogonId"",""#text"":""0xAB3C3FC80""},{""@Name"":""ObjectServer"",""#text"":""DS""},{""@Name"":""ObjectType"",""#text"":""%{bf967a9c-0de6-11d0-a285-00aa003049e2}""},{""@Name"":""ObjectName"",""#text"":""%{ac68038d-eb33-4a69-bf4e-8f978b701d86}""},{""@Name"":""OperationType"",""#text"":""Object Access""},{""@Name"":""HandleId"",""#text"":""0x0""},{""@Name"":""AccessList"",""#text"":""%%7688, ""},{""@Name"":""AccessMask"",""#text"":""0x100""},{""@Name"":""Properties"",""#text"":""%%7688, {771727b1-31b8-4cdf-ae62-4fe39fadf89e}, {612cb747-c0e8-4f92-9221-fdd5f15b550d}, {bf967a9c-0de6-11d0-a285-00aa003049e2}, ""},{""@Name"":""AdditionalInfo"",""#text"":""-""},{""@Name"":""AdditionalInfo2""}]}}"
22,229230114,2021-11-25 14:11:11.3296412,4662,LogAlways,Microsoft-Windows-Security-Auditing,Security,592,6916,rootdc1.offsec.lan,0,,Operation performed on an object,OFFSEC\admmig,,ObjectServer: DS,ObjectType: %{bf967a9c-0de6-11d0-a285-00aa003049e2},ObjectName: %{464028b9-e4a6-48a9-b778-47a18834ae2a},"AccessList: Unknown code (%%7688, )",AccessMask: Unknown code (0x100),,,False,EVTX-to-MITRE-Attack\TA0007-Discovery\T1069-Permission Groups Discovery\ID4662-Domain group enumeration CME.evtx,Audit success,0,"{""EventData"":{""Data"":[{""@Name"":""SubjectUserSid"",""#text"":""S-1-5-21-4230534742-2542757381-3142984815-1111""},{""@Name"":""SubjectUserName"",""#text"":""admmig""},{""@Name"":""SubjectDomainName"",""#text"":""OFFSEC""},{""@Name"":""SubjectLogonId"",""#text"":""0xAB3C3FC80""},{""@Name"":""ObjectServer"",""#text"":""DS""},{""@Name"":""ObjectType"",""#text"":""%{bf967a9c-0de6-11d0-a285-00aa003049e2}""},{""@Name"":""ObjectName"",""#text"":""%{464028b9-e4a6-48a9-b778-47a18834ae2a}""},{""@Name"":""OperationType"",""#text"":""Object Access""},{""@Name"":""HandleId"",""#text"":""0x0""},{""@Name"":""AccessList"",""#text"":""%%7688, ""},{""@Name"":""AccessMask"",""#text"":""0x100""},{""@Name"":""Properties"",""#text"":""%%7688, {771727b1-31b8-4cdf-ae62-4fe39fadf89e}, {612cb747-c0e8-4f92-9221-fdd5f15b550d}, {bf967a9c-0de6-11d0-a285-00aa003049e2}, ""},{""@Name"":""AdditionalInfo"",""#text"":""-""},{""@Name"":""AdditionalInfo2""}]}}"
23,229230115,2021-11-25 14:11:11.3299441,4662,LogAlways,Microsoft-Windows-Security-Auditing,Security,592,6916,rootdc1.offsec.lan,0,,Operation performed on an object,OFFSEC\admmig,,ObjectServer: DS,ObjectType: %{bf967a9c-0de6-11d0-a285-00aa003049e2},ObjectName: %{49914c6a-ddd0-4f5d-98b1-50224e234356},"AccessList: Unknown code (%%7688, )",AccessMask: Unknown code (0x100),,,False,EVTX-to-MITRE-Attack\TA0007-Discovery\T1069-Permission Groups Discovery\ID4662-Domain group enumeration CME.evtx,Audit success,0,"{""EventData"":{""Data"":[{""@Name"":""SubjectUserSid"",""#text"":""S-1-5-21-4230534742-2542757381-3142984815-1111""},{""@Name"":""SubjectUserName"",""#text"":""admmig""},{""@Name"":""SubjectDomainName"",""#text"":""OFFSEC""},{""@Name"":""SubjectLogonId"",""#text"":""0xAB3C3FC80""},{""@Name"":""ObjectServer"",""#text"":""DS""},{""@Name"":""ObjectType"",""#text"":""%{bf967a9c-0de6-11d0-a285-00aa003049e2}""},{""@Name"":""ObjectName"",""#text"":""%{49914c6a-ddd0-4f5d-98b1-50224e234356}""},{""@Name"":""OperationType"",""#text"":""Object Access""},{""@Name"":""HandleId"",""#text"":""0x0""},{""@Name"":""AccessList"",""#text"":""%%7688, ""},{""@Name"":""AccessMask"",""#text"":""0x100""},{""@Name"":""Properties"",""#text"":""%%7688, {771727b1-31b8-4cdf-ae62-4fe39fadf89e}, {612cb747-c0e8-4f92-9221-fdd5f15b550d}, {bf967a9c-0de6-11d0-a285-00aa003049e2}, ""},{""@Name"":""AdditionalInfo"",""#text"":""-""},{""@Name"":""AdditionalInfo2""}]}}"
24,229230116,2021-11-25 14:11:11.3301957,4662,LogAlways,Microsoft-Windows-Security-Auditing,Security,592,6916,rootdc1.offsec.lan,0,,Operation performed on an object,OFFSEC\admmig,,ObjectServer: DS,ObjectType: %{bf967a9c-0de6-11d0-a285-00aa003049e2},ObjectName: %{11f11b7a-e9d4-4ba3-a47a-0bbe8695532a},"AccessList: Unknown code (%%7688, )",AccessMask: Unknown code (0x100),,,False,EVTX-to-MITRE-Attack\TA0007-Discovery\T1069-Permission Groups Discovery\ID4662-Domain group enumeration CME.evtx,Audit success,0,"{""EventData"":{""Data"":[{""@Name"":""SubjectUserSid"",""#text"":""S-1-5-21-4230534742-2542757381-3142984815-1111""},{""@Name"":""SubjectUserName"",""#text"":""admmig""},{""@Name"":""SubjectDomainName"",""#text"":""OFFSEC""},{""@Name"":""SubjectLogonId"",""#text"":""0xAB3C3FC80""},{""@Name"":""ObjectServer"",""#text"":""DS""},{""@Name"":""ObjectType"",""#text"":""%{bf967a9c-0de6-11d0-a285-00aa003049e2}""},{""@Name"":""ObjectName"",""#text"":""%{11f11b7a-e9d4-4ba3-a47a-0bbe8695532a}""},{""@Name"":""OperationType"",""#text"":""Object Access""},{""@Name"":""HandleId"",""#text"":""0x0""},{""@Name"":""AccessList"",""#text"":""%%7688, ""},{""@Name"":""AccessMask"",""#text"":""0x100""},{""@Name"":""Properties"",""#text"":""%%7688, {771727b1-31b8-4cdf-ae62-4fe39fadf89e}, {612cb747-c0e8-4f92-9221-fdd5f15b550d}, {bf967a9c-0de6-11d0-a285-00aa003049e2}, ""},{""@Name"":""AdditionalInfo"",""#text"":""-""},{""@Name"":""AdditionalInfo2""}]}}"
25,229230117,2021-11-25 14:11:11.3304418,4662,LogAlways,Microsoft-Windows-Security-Auditing,Security,592,6916,rootdc1.offsec.lan,0,,Operation performed on an object,OFFSEC\admmig,,ObjectServer: DS,ObjectType: %{bf967a9c-0de6-11d0-a285-00aa003049e2},ObjectName: %{01afc00c-ffe1-4331-8424-11aad55d84fd},"AccessList: Unknown code (%%7688, )",AccessMask: Unknown code (0x100),,,False,EVTX-to-MITRE-Attack\TA0007-Discovery\T1069-Permission Groups Discovery\ID4662-Domain group enumeration CME.evtx,Audit success,0,"{""EventData"":{""Data"":[{""@Name"":""SubjectUserSid"",""#text"":""S-1-5-21-4230534742-2542757381-3142984815-1111""},{""@Name"":""SubjectUserName"",""#text"":""admmig""},{""@Name"":""SubjectDomainName"",""#text"":""OFFSEC""},{""@Name"":""SubjectLogonId"",""#text"":""0xAB3C3FC80""},{""@Name"":""ObjectServer"",""#text"":""DS""},{""@Name"":""ObjectType"",""#text"":""%{bf967a9c-0de6-11d0-a285-00aa003049e2}""},{""@Name"":""ObjectName"",""#text"":""%{01afc00c-ffe1-4331-8424-11aad55d84fd}""},{""@Name"":""OperationType"",""#text"":""Object Access""},{""@Name"":""HandleId"",""#text"":""0x0""},{""@Name"":""AccessList"",""#text"":""%%7688, ""},{""@Name"":""AccessMask"",""#text"":""0x100""},{""@Name"":""Properties"",""#text"":""%%7688, {771727b1-31b8-4cdf-ae62-4fe39fadf89e}, {612cb747-c0e8-4f92-9221-fdd5f15b550d}, {bf967a9c-0de6-11d0-a285-00aa003049e2}, ""},{""@Name"":""AdditionalInfo"",""#text"":""-""},{""@Name"":""AdditionalInfo2""}]}}"
26,229230118,2021-11-25 14:11:11.3307046,4662,LogAlways,Microsoft-Windows-Security-Auditing,Security,592,6916,rootdc1.offsec.lan,0,,Operation performed on an object,OFFSEC\admmig,,ObjectServer: DS,ObjectType: %{bf967a9c-0de6-11d0-a285-00aa003049e2},ObjectName: %{7b16c270-6522-4e92-b55f-853de376e256},"AccessList: Unknown code (%%7688, )",AccessMask: Unknown code (0x100),,,False,EVTX-to-MITRE-Attack\TA0007-Discovery\T1069-Permission Groups Discovery\ID4662-Domain group enumeration CME.evtx,Audit success,0,"{""EventData"":{""Data"":[{""@Name"":""SubjectUserSid"",""#text"":""S-1-5-21-4230534742-2542757381-3142984815-1111""},{""@Name"":""SubjectUserName"",""#text"":""admmig""},{""@Name"":""SubjectDomainName"",""#text"":""OFFSEC""},{""@Name"":""SubjectLogonId"",""#text"":""0xAB3C3FC80""},{""@Name"":""ObjectServer"",""#text"":""DS""},{""@Name"":""ObjectType"",""#text"":""%{bf967a9c-0de6-11d0-a285-00aa003049e2}""},{""@Name"":""ObjectName"",""#text"":""%{7b16c270-6522-4e92-b55f-853de376e256}""},{""@Name"":""OperationType"",""#text"":""Object Access""},{""@Name"":""HandleId"",""#text"":""0x0""},{""@Name"":""AccessList"",""#text"":""%%7688, ""},{""@Name"":""AccessMask"",""#text"":""0x100""},{""@Name"":""Properties"",""#text"":""%%7688, {771727b1-31b8-4cdf-ae62-4fe39fadf89e}, {612cb747-c0e8-4f92-9221-fdd5f15b550d}, {bf967a9c-0de6-11d0-a285-00aa003049e2}, ""},{""@Name"":""AdditionalInfo"",""#text"":""-""},{""@Name"":""AdditionalInfo2""}]}}"
27,229230119,2021-11-25 14:11:11.3309404,4662,LogAlways,Microsoft-Windows-Security-Auditing,Security,592,6916,rootdc1.offsec.lan,0,,Operation performed on an object,OFFSEC\admmig,,ObjectServer: DS,ObjectType: %{bf967a9c-0de6-11d0-a285-00aa003049e2},ObjectName: %{20b85fd4-dda0-46c3-b673-f1c642b59ffc},"AccessList: Unknown code (%%7688, )",AccessMask: Unknown code (0x100),,,False,EVTX-to-MITRE-Attack\TA0007-Discovery\T1069-Permission Groups Discovery\ID4662-Domain group enumeration CME.evtx,Audit success,0,"{""EventData"":{""Data"":[{""@Name"":""SubjectUserSid"",""#text"":""S-1-5-21-4230534742-2542757381-3142984815-1111""},{""@Name"":""SubjectUserName"",""#text"":""admmig""},{""@Name"":""SubjectDomainName"",""#text"":""OFFSEC""},{""@Name"":""SubjectLogonId"",""#text"":""0xAB3C3FC80""},{""@Name"":""ObjectServer"",""#text"":""DS""},{""@Name"":""ObjectType"",""#text"":""%{bf967a9c-0de6-11d0-a285-00aa003049e2}""},{""@Name"":""ObjectName"",""#text"":""%{20b85fd4-dda0-46c3-b673-f1c642b59ffc}""},{""@Name"":""OperationType"",""#text"":""Object Access""},{""@Name"":""HandleId"",""#text"":""0x0""},{""@Name"":""AccessList"",""#text"":""%%7688, ""},{""@Name"":""AccessMask"",""#text"":""0x100""},{""@Name"":""Properties"",""#text"":""%%7688, {771727b1-31b8-4cdf-ae62-4fe39fadf89e}, {612cb747-c0e8-4f92-9221-fdd5f15b550d}, {bf967a9c-0de6-11d0-a285-00aa003049e2}, ""},{""@Name"":""AdditionalInfo"",""#text"":""-""},{""@Name"":""AdditionalInfo2""}]}}"
28,229230120,2021-11-25 14:11:11.3311729,4662,LogAlways,Microsoft-Windows-Security-Auditing,Security,592,6916,rootdc1.offsec.lan,0,,Operation performed on an object,OFFSEC\admmig,,ObjectServer: DS,ObjectType: %{bf967a9c-0de6-11d0-a285-00aa003049e2},ObjectName: %{0cc643c0-5e5c-4e45-bc45-5c8f1eaf2860},"AccessList: Unknown code (%%7688, )",AccessMask: Unknown code (0x100),,,False,EVTX-to-MITRE-Attack\TA0007-Discovery\T1069-Permission Groups Discovery\ID4662-Domain group enumeration CME.evtx,Audit success,0,"{""EventData"":{""Data"":[{""@Name"":""SubjectUserSid"",""#text"":""S-1-5-21-4230534742-2542757381-3142984815-1111""},{""@Name"":""SubjectUserName"",""#text"":""admmig""},{""@Name"":""SubjectDomainName"",""#text"":""OFFSEC""},{""@Name"":""SubjectLogonId"",""#text"":""0xAB3C3FC80""},{""@Name"":""ObjectServer"",""#text"":""DS""},{""@Name"":""ObjectType"",""#text"":""%{bf967a9c-0de6-11d0-a285-00aa003049e2}""},{""@Name"":""ObjectName"",""#text"":""%{0cc643c0-5e5c-4e45-bc45-5c8f1eaf2860}""},{""@Name"":""OperationType"",""#text"":""Object Access""},{""@Name"":""HandleId"",""#text"":""0x0""},{""@Name"":""AccessList"",""#text"":""%%7688, ""},{""@Name"":""AccessMask"",""#text"":""0x100""},{""@Name"":""Properties"",""#text"":""%%7688, {771727b1-31b8-4cdf-ae62-4fe39fadf89e}, {612cb747-c0e8-4f92-9221-fdd5f15b550d}, {bf967a9c-0de6-11d0-a285-00aa003049e2}, ""},{""@Name"":""AdditionalInfo"",""#text"":""-""},{""@Name"":""AdditionalInfo2""}]}}"
29,229230121,2021-11-25 14:11:11.3313905,4662,LogAlways,Microsoft-Windows-Security-Auditing,Security,592,6916,rootdc1.offsec.lan,0,,Operation performed on an object,OFFSEC\admmig,,ObjectServer: DS,ObjectType: %{bf967a9c-0de6-11d0-a285-00aa003049e2},ObjectName: %{7bc9dbce-f0db-4dc9-a3e3-abe91cf212a9},"AccessList: Unknown code (%%7688, )",AccessMask: Unknown code (0x100),,,False,EVTX-to-MITRE-Attack\TA0007-Discovery\T1069-Permission Groups Discovery\ID4662-Domain group enumeration CME.evtx,Audit success,0,"{""EventData"":{""Data"":[{""@Name"":""SubjectUserSid"",""#text"":""S-1-5-21-4230534742-2542757381-3142984815-1111""},{""@Name"":""SubjectUserName"",""#text"":""admmig""},{""@Name"":""SubjectDomainName"",""#text"":""OFFSEC""},{""@Name"":""SubjectLogonId"",""#text"":""0xAB3C3FC80""},{""@Name"":""ObjectServer"",""#text"":""DS""},{""@Name"":""ObjectType"",""#text"":""%{bf967a9c-0de6-11d0-a285-00aa003049e2}""},{""@Name"":""ObjectName"",""#text"":""%{7bc9dbce-f0db-4dc9-a3e3-abe91cf212a9}""},{""@Name"":""OperationType"",""#text"":""Object Access""},{""@Name"":""HandleId"",""#text"":""0x0""},{""@Name"":""AccessList"",""#text"":""%%7688, ""},{""@Name"":""AccessMask"",""#text"":""0x100""},{""@Name"":""Properties"",""#text"":""%%7688, {771727b1-31b8-4cdf-ae62-4fe39fadf89e}, {612cb747-c0e8-4f92-9221-fdd5f15b550d}, {bf967a9c-0de6-11d0-a285-00aa003049e2}, ""},{""@Name"":""AdditionalInfo"",""#text"":""-""},{""@Name"":""AdditionalInfo2""}]}}"
30,229230122,2021-11-25 14:11:11.3317065,4662,LogAlways,Microsoft-Windows-Security-Auditing,Security,592,6916,rootdc1.offsec.lan,0,,Operation performed on an object,OFFSEC\admmig,,ObjectServer: DS,ObjectType: %{bf967a9c-0de6-11d0-a285-00aa003049e2},ObjectName: %{ea309f8c-6bce-4eaa-b51f-911e116e529f},"AccessList: Unknown code (%%7688, )",AccessMask: Unknown code (0x100),,,False,EVTX-to-MITRE-Attack\TA0007-Discovery\T1069-Permission Groups Discovery\ID4662-Domain group enumeration CME.evtx,Audit success,0,"{""EventData"":{""Data"":[{""@Name"":""SubjectUserSid"",""#text"":""S-1-5-21-4230534742-2542757381-3142984815-1111""},{""@Name"":""SubjectUserName"",""#text"":""admmig""},{""@Name"":""SubjectDomainName"",""#text"":""OFFSEC""},{""@Name"":""SubjectLogonId"",""#text"":""0xAB3C3FC80""},{""@Name"":""ObjectServer"",""#text"":""DS""},{""@Name"":""ObjectType"",""#text"":""%{bf967a9c-0de6-11d0-a285-00aa003049e2}""},{""@Name"":""ObjectName"",""#text"":""%{ea309f8c-6bce-4eaa-b51f-911e116e529f}""},{""@Name"":""OperationType"",""#text"":""Object Access""},{""@Name"":""HandleId"",""#text"":""0x0""},{""@Name"":""AccessList"",""#text"":""%%7688, ""},{""@Name"":""AccessMask"",""#text"":""0x100""},{""@Name"":""Properties"",""#text"":""%%7688, {771727b1-31b8-4cdf-ae62-4fe39fadf89e}, {612cb747-c0e8-4f92-9221-fdd5f15b550d}, {bf967a9c-0de6-11d0-a285-00aa003049e2}, ""},{""@Name"":""AdditionalInfo"",""#text"":""-""},{""@Name"":""AdditionalInfo2""}]}}"
31,229230123,2021-11-25 14:11:11.3319176,4662,LogAlways,Microsoft-Windows-Security-Auditing,Security,592,6916,rootdc1.offsec.lan,0,,Operation performed on an object,OFFSEC\admmig,,ObjectServer: DS,ObjectType: %{bf967a9c-0de6-11d0-a285-00aa003049e2},ObjectName: %{0eccc212-487c-4400-9a3d-2a3dcb0b2796},"AccessList: Unknown code (%%7688, )",AccessMask: Unknown code (0x100),,,False,EVTX-to-MITRE-Attack\TA0007-Discovery\T1069-Permission Groups Discovery\ID4662-Domain group enumeration CME.evtx,Audit success,0,"{""EventData"":{""Data"":[{""@Name"":""SubjectUserSid"",""#text"":""S-1-5-21-4230534742-2542757381-3142984815-1111""},{""@Name"":""SubjectUserName"",""#text"":""admmig""},{""@Name"":""SubjectDomainName"",""#text"":""OFFSEC""},{""@Name"":""SubjectLogonId"",""#text"":""0xAB3C3FC80""},{""@Name"":""ObjectServer"",""#text"":""DS""},{""@Name"":""ObjectType"",""#text"":""%{bf967a9c-0de6-11d0-a285-00aa003049e2}""},{""@Name"":""ObjectName"",""#text"":""%{0eccc212-487c-4400-9a3d-2a3dcb0b2796}""},{""@Name"":""OperationType"",""#text"":""Object Access""},{""@Name"":""HandleId"",""#text"":""0x0""},{""@Name"":""AccessList"",""#text"":""%%7688, ""},{""@Name"":""AccessMask"",""#text"":""0x100""},{""@Name"":""Properties"",""#text"":""%%7688, {771727b1-31b8-4cdf-ae62-4fe39fadf89e}, {612cb747-c0e8-4f92-9221-fdd5f15b550d}, {bf967a9c-0de6-11d0-a285-00aa003049e2}, ""},{""@Name"":""AdditionalInfo"",""#text"":""-""},{""@Name"":""AdditionalInfo2""}]}}"
32,229230124,2021-11-25 14:11:11.3321548,4662,LogAlways,Microsoft-Windows-Security-Auditing,Security,592,6916,rootdc1.offsec.lan,0,,Operation performed on an object,OFFSEC\admmig,,ObjectServer: DS,ObjectType: %{bf967a9c-0de6-11d0-a285-00aa003049e2},ObjectName: %{818cdae7-aa71-4482-8ec9-12a8b549f448},"AccessList: Unknown code (%%7688, )",AccessMask: Unknown code (0x100),,,False,EVTX-to-MITRE-Attack\TA0007-Discovery\T1069-Permission Groups Discovery\ID4662-Domain group enumeration CME.evtx,Audit success,0,"{""EventData"":{""Data"":[{""@Name"":""SubjectUserSid"",""#text"":""S-1-5-21-4230534742-2542757381-3142984815-1111""},{""@Name"":""SubjectUserName"",""#text"":""admmig""},{""@Name"":""SubjectDomainName"",""#text"":""OFFSEC""},{""@Name"":""SubjectLogonId"",""#text"":""0xAB3C3FC80""},{""@Name"":""ObjectServer"",""#text"":""DS""},{""@Name"":""ObjectType"",""#text"":""%{bf967a9c-0de6-11d0-a285-00aa003049e2}""},{""@Name"":""ObjectName"",""#text"":""%{818cdae7-aa71-4482-8ec9-12a8b549f448}""},{""@Name"":""OperationType"",""#text"":""Object Access""},{""@Name"":""HandleId"",""#text"":""0x0""},{""@Name"":""AccessList"",""#text"":""%%7688, ""},{""@Name"":""AccessMask"",""#text"":""0x100""},{""@Name"":""Properties"",""#text"":""%%7688, {771727b1-31b8-4cdf-ae62-4fe39fadf89e}, {612cb747-c0e8-4f92-9221-fdd5f15b550d}, {bf967a9c-0de6-11d0-a285-00aa003049e2}, ""},{""@Name"":""AdditionalInfo"",""#text"":""-""},{""@Name"":""AdditionalInfo2""}]}}"
33,229230125,2021-11-25 14:11:11.3323859,4662,LogAlways,Microsoft-Windows-Security-Auditing,Security,592,6916,rootdc1.offsec.lan,0,,Operation performed on an object,OFFSEC\admmig,,ObjectServer: DS,ObjectType: %{bf967a9c-0de6-11d0-a285-00aa003049e2},ObjectName: %{537ab580-c205-4e3a-aa92-fe413eeecb81},"AccessList: Unknown code (%%7688, )",AccessMask: Unknown code (0x100),,,False,EVTX-to-MITRE-Attack\TA0007-Discovery\T1069-Permission Groups Discovery\ID4662-Domain group enumeration CME.evtx,Audit success,0,"{""EventData"":{""Data"":[{""@Name"":""SubjectUserSid"",""#text"":""S-1-5-21-4230534742-2542757381-3142984815-1111""},{""@Name"":""SubjectUserName"",""#text"":""admmig""},{""@Name"":""SubjectDomainName"",""#text"":""OFFSEC""},{""@Name"":""SubjectLogonId"",""#text"":""0xAB3C3FC80""},{""@Name"":""ObjectServer"",""#text"":""DS""},{""@Name"":""ObjectType"",""#text"":""%{bf967a9c-0de6-11d0-a285-00aa003049e2}""},{""@Name"":""ObjectName"",""#text"":""%{537ab580-c205-4e3a-aa92-fe413eeecb81}""},{""@Name"":""OperationType"",""#text"":""Object Access""},{""@Name"":""HandleId"",""#text"":""0x0""},{""@Name"":""AccessList"",""#text"":""%%7688, ""},{""@Name"":""AccessMask"",""#text"":""0x100""},{""@Name"":""Properties"",""#text"":""%%7688, {771727b1-31b8-4cdf-ae62-4fe39fadf89e}, {612cb747-c0e8-4f92-9221-fdd5f15b550d}, {bf967a9c-0de6-11d0-a285-00aa003049e2}, ""},{""@Name"":""AdditionalInfo"",""#text"":""-""},{""@Name"":""AdditionalInfo2""}]}}"
34,229230126,2021-11-25 14:11:11.3326823,4662,LogAlways,Microsoft-Windows-Security-Auditing,Security,592,6916,rootdc1.offsec.lan,0,,Operation performed on an object,OFFSEC\admmig,,ObjectServer: DS,ObjectType: %{bf967a9c-0de6-11d0-a285-00aa003049e2},ObjectName: %{0658591b-71a0-4303-877b-fb6e164fa525},"AccessList: Unknown code (%%7688, )",AccessMask: Unknown code (0x100),,,False,EVTX-to-MITRE-Attack\TA0007-Discovery\T1069-Permission Groups Discovery\ID4662-Domain group enumeration CME.evtx,Audit success,0,"{""EventData"":{""Data"":[{""@Name"":""SubjectUserSid"",""#text"":""S-1-5-21-4230534742-2542757381-3142984815-1111""},{""@Name"":""SubjectUserName"",""#text"":""admmig""},{""@Name"":""SubjectDomainName"",""#text"":""OFFSEC""},{""@Name"":""SubjectLogonId"",""#text"":""0xAB3C3FC80""},{""@Name"":""ObjectServer"",""#text"":""DS""},{""@Name"":""ObjectType"",""#text"":""%{bf967a9c-0de6-11d0-a285-00aa003049e2}""},{""@Name"":""ObjectName"",""#text"":""%{0658591b-71a0-4303-877b-fb6e164fa525}""},{""@Name"":""OperationType"",""#text"":""Object Access""},{""@Name"":""HandleId"",""#text"":""0x0""},{""@Name"":""AccessList"",""#text"":""%%7688, ""},{""@Name"":""AccessMask"",""#text"":""0x100""},{""@Name"":""Properties"",""#text"":""%%7688, {771727b1-31b8-4cdf-ae62-4fe39fadf89e}, {612cb747-c0e8-4f92-9221-fdd5f15b550d}, {bf967a9c-0de6-11d0-a285-00aa003049e2}, ""},{""@Name"":""AdditionalInfo"",""#text"":""-""},{""@Name"":""AdditionalInfo2""}]}}"
35,229230127,2021-11-25 14:11:11.3329036,4662,LogAlways,Microsoft-Windows-Security-Auditing,Security,592,6916,rootdc1.offsec.lan,0,,Operation performed on an object,OFFSEC\admmig,,ObjectServer: DS,ObjectType: %{bf967a9c-0de6-11d0-a285-00aa003049e2},ObjectName: %{81c68288-c366-4891-b08c-fcbd0eea58b7},"AccessList: Unknown code (%%7688, )",AccessMask: Unknown code (0x100),,,False,EVTX-to-MITRE-Attack\TA0007-Discovery\T1069-Permission Groups Discovery\ID4662-Domain group enumeration CME.evtx,Audit success,0,"{""EventData"":{""Data"":[{""@Name"":""SubjectUserSid"",""#text"":""S-1-5-21-4230534742-2542757381-3142984815-1111""},{""@Name"":""SubjectUserName"",""#text"":""admmig""},{""@Name"":""SubjectDomainName"",""#text"":""OFFSEC""},{""@Name"":""SubjectLogonId"",""#text"":""0xAB3C3FC80""},{""@Name"":""ObjectServer"",""#text"":""DS""},{""@Name"":""ObjectType"",""#text"":""%{bf967a9c-0de6-11d0-a285-00aa003049e2}""},{""@Name"":""ObjectName"",""#text"":""%{81c68288-c366-4891-b08c-fcbd0eea58b7}""},{""@Name"":""OperationType"",""#text"":""Object Access""},{""@Name"":""HandleId"",""#text"":""0x0""},{""@Name"":""AccessList"",""#text"":""%%7688, ""},{""@Name"":""AccessMask"",""#text"":""0x100""},{""@Name"":""Properties"",""#text"":""%%7688, {771727b1-31b8-4cdf-ae62-4fe39fadf89e}, {612cb747-c0e8-4f92-9221-fdd5f15b550d}, {bf967a9c-0de6-11d0-a285-00aa003049e2}, ""},{""@Name"":""AdditionalInfo"",""#text"":""-""},{""@Name"":""AdditionalInfo2""}]}}"
36,229230128,2021-11-25 14:11:11.3331758,4662,LogAlways,Microsoft-Windows-Security-Auditing,Security,592,6916,rootdc1.offsec.lan,0,,Operation performed on an object,OFFSEC\admmig,,ObjectServer: DS,ObjectType: %{bf967a9c-0de6-11d0-a285-00aa003049e2},ObjectName: %{95cb74c2-eb2e-4b16-b0ef-78182691a140},"AccessList: Unknown code (%%7688, )",AccessMask: Unknown code (0x100),,,False,EVTX-to-MITRE-Attack\TA0007-Discovery\T1069-Permission Groups Discovery\ID4662-Domain group enumeration CME.evtx,Audit success,0,"{""EventData"":{""Data"":[{""@Name"":""SubjectUserSid"",""#text"":""S-1-5-21-4230534742-2542757381-3142984815-1111""},{""@Name"":""SubjectUserName"",""#text"":""admmig""},{""@Name"":""SubjectDomainName"",""#text"":""OFFSEC""},{""@Name"":""SubjectLogonId"",""#text"":""0xAB3C3FC80""},{""@Name"":""ObjectServer"",""#text"":""DS""},{""@Name"":""ObjectType"",""#text"":""%{bf967a9c-0de6-11d0-a285-00aa003049e2}""},{""@Name"":""ObjectName"",""#text"":""%{95cb74c2-eb2e-4b16-b0ef-78182691a140}""},{""@Name"":""OperationType"",""#text"":""Object Access""},{""@Name"":""HandleId"",""#text"":""0x0""},{""@Name"":""AccessList"",""#text"":""%%7688, ""},{""@Name"":""AccessMask"",""#text"":""0x100""},{""@Name"":""Properties"",""#text"":""%%7688, {771727b1-31b8-4cdf-ae62-4fe39fadf89e}, {612cb747-c0e8-4f92-9221-fdd5f15b550d}, {bf967a9c-0de6-11d0-a285-00aa003049e2}, ""},{""@Name"":""AdditionalInfo"",""#text"":""-""},{""@Name"":""AdditionalInfo2""}]}}"
37,229230129,2021-11-25 14:11:11.3334023,4662,LogAlways,Microsoft-Windows-Security-Auditing,Security,592,6916,rootdc1.offsec.lan,0,,Operation performed on an object,OFFSEC\admmig,,ObjectServer: DS,ObjectType: %{bf967a9c-0de6-11d0-a285-00aa003049e2},ObjectName: %{57438033-204c-4e02-9378-05dad40026bd},"AccessList: Unknown code (%%7688, )",AccessMask: Unknown code (0x100),,,False,EVTX-to-MITRE-Attack\TA0007-Discovery\T1069-Permission Groups Discovery\ID4662-Domain group enumeration CME.evtx,Audit success,0,"{""EventData"":{""Data"":[{""@Name"":""SubjectUserSid"",""#text"":""S-1-5-21-4230534742-2542757381-3142984815-1111""},{""@Name"":""SubjectUserName"",""#text"":""admmig""},{""@Name"":""SubjectDomainName"",""#text"":""OFFSEC""},{""@Name"":""SubjectLogonId"",""#text"":""0xAB3C3FC80""},{""@Name"":""ObjectServer"",""#text"":""DS""},{""@Name"":""ObjectType"",""#text"":""%{bf967a9c-0de6-11d0-a285-00aa003049e2}""},{""@Name"":""ObjectName"",""#text"":""%{57438033-204c-4e02-9378-05dad40026bd}""},{""@Name"":""OperationType"",""#text"":""Object Access""},{""@Name"":""HandleId"",""#text"":""0x0""},{""@Name"":""AccessList"",""#text"":""%%7688, ""},{""@Name"":""AccessMask"",""#text"":""0x100""},{""@Name"":""Properties"",""#text"":""%%7688, {771727b1-31b8-4cdf-ae62-4fe39fadf89e}, {612cb747-c0e8-4f92-9221-fdd5f15b550d}, {bf967a9c-0de6-11d0-a285-00aa003049e2}, ""},{""@Name"":""AdditionalInfo"",""#text"":""-""},{""@Name"":""AdditionalInfo2""}]}}"
38,229230130,2021-11-25 14:11:11.3336045,4662,LogAlways,Microsoft-Windows-Security-Auditing,Security,592,6916,rootdc1.offsec.lan,0,,Operation performed on an object,OFFSEC\admmig,,ObjectServer: DS,ObjectType: %{bf967a9c-0de6-11d0-a285-00aa003049e2},ObjectName: %{483af07e-e356-4cec-a3df-848b41a917ce},"AccessList: Unknown code (%%7688, )",AccessMask: Unknown code (0x100),,,False,EVTX-to-MITRE-Attack\TA0007-Discovery\T1069-Permission Groups Discovery\ID4662-Domain group enumeration CME.evtx,Audit success,0,"{""EventData"":{""Data"":[{""@Name"":""SubjectUserSid"",""#text"":""S-1-5-21-4230534742-2542757381-3142984815-1111""},{""@Name"":""SubjectUserName"",""#text"":""admmig""},{""@Name"":""SubjectDomainName"",""#text"":""OFFSEC""},{""@Name"":""SubjectLogonId"",""#text"":""0xAB3C3FC80""},{""@Name"":""ObjectServer"",""#text"":""DS""},{""@Name"":""ObjectType"",""#text"":""%{bf967a9c-0de6-11d0-a285-00aa003049e2}""},{""@Name"":""ObjectName"",""#text"":""%{483af07e-e356-4cec-a3df-848b41a917ce}""},{""@Name"":""OperationType"",""#text"":""Object Access""},{""@Name"":""HandleId"",""#text"":""0x0""},{""@Name"":""AccessList"",""#text"":""%%7688, ""},{""@Name"":""AccessMask"",""#text"":""0x100""},{""@Name"":""Properties"",""#text"":""%%7688, {771727b1-31b8-4cdf-ae62-4fe39fadf89e}, {612cb747-c0e8-4f92-9221-fdd5f15b550d}, {bf967a9c-0de6-11d0-a285-00aa003049e2}, ""},{""@Name"":""AdditionalInfo"",""#text"":""-""},{""@Name"":""AdditionalInfo2""}]}}"
39,229230131,2021-11-25 14:11:11.3338207,4662,LogAlways,Microsoft-Windows-Security-Auditing,Security,592,6916,rootdc1.offsec.lan,0,,Operation performed on an object,OFFSEC\admmig,,ObjectServer: DS,ObjectType: %{bf967a9c-0de6-11d0-a285-00aa003049e2},ObjectName: %{2729d70a-4828-4ad8-bebd-6b18bfdb8a01},"AccessList: Unknown code (%%7688, )",AccessMask: Unknown code (0x100),,,False,EVTX-to-MITRE-Attack\TA0007-Discovery\T1069-Permission Groups Discovery\ID4662-Domain group enumeration CME.evtx,Audit success,0,"{""EventData"":{""Data"":[{""@Name"":""SubjectUserSid"",""#text"":""S-1-5-21-4230534742-2542757381-3142984815-1111""},{""@Name"":""SubjectUserName"",""#text"":""admmig""},{""@Name"":""SubjectDomainName"",""#text"":""OFFSEC""},{""@Name"":""SubjectLogonId"",""#text"":""0xAB3C3FC80""},{""@Name"":""ObjectServer"",""#text"":""DS""},{""@Name"":""ObjectType"",""#text"":""%{bf967a9c-0de6-11d0-a285-00aa003049e2}""},{""@Name"":""ObjectName"",""#text"":""%{2729d70a-4828-4ad8-bebd-6b18bfdb8a01}""},{""@Name"":""OperationType"",""#text"":""Object Access""},{""@Name"":""HandleId"",""#text"":""0x0""},{""@Name"":""AccessList"",""#text"":""%%7688, ""},{""@Name"":""AccessMask"",""#text"":""0x100""},{""@Name"":""Properties"",""#text"":""%%7688, {771727b1-31b8-4cdf-ae62-4fe39fadf89e}, {612cb747-c0e8-4f92-9221-fdd5f15b550d}, {bf967a9c-0de6-11d0-a285-00aa003049e2}, ""},{""@Name"":""AdditionalInfo"",""#text"":""-""},{""@Name"":""AdditionalInfo2""}]}}"
40,229230132,2021-11-25 14:11:11.3340318,4662,LogAlways,Microsoft-Windows-Security-Auditing,Security,592,6916,rootdc1.offsec.lan,0,,Operation performed on an object,OFFSEC\admmig,,ObjectServer: DS,ObjectType: %{bf967a9c-0de6-11d0-a285-00aa003049e2},ObjectName: %{cfb794f2-28cd-4919-a98b-b386ba52cc5d},"AccessList: Unknown code (%%7688, )",AccessMask: Unknown code (0x100),,,False,EVTX-to-MITRE-Attack\TA0007-Discovery\T1069-Permission Groups Discovery\ID4662-Domain group enumeration CME.evtx,Audit success,0,"{""EventData"":{""Data"":[{""@Name"":""SubjectUserSid"",""#text"":""S-1-5-21-4230534742-2542757381-3142984815-1111""},{""@Name"":""SubjectUserName"",""#text"":""admmig""},{""@Name"":""SubjectDomainName"",""#text"":""OFFSEC""},{""@Name"":""SubjectLogonId"",""#text"":""0xAB3C3FC80""},{""@Name"":""ObjectServer"",""#text"":""DS""},{""@Name"":""ObjectType"",""#text"":""%{bf967a9c-0de6-11d0-a285-00aa003049e2}""},{""@Name"":""ObjectName"",""#text"":""%{cfb794f2-28cd-4919-a98b-b386ba52cc5d}""},{""@Name"":""OperationType"",""#text"":""Object Access""},{""@Name"":""HandleId"",""#text"":""0x0""},{""@Name"":""AccessList"",""#text"":""%%7688, ""},{""@Name"":""AccessMask"",""#text"":""0x100""},{""@Name"":""Properties"",""#text"":""%%7688, {771727b1-31b8-4cdf-ae62-4fe39fadf89e}, {612cb747-c0e8-4f92-9221-fdd5f15b550d}, {bf967a9c-0de6-11d0-a285-00aa003049e2}, ""},{""@Name"":""AdditionalInfo"",""#text"":""-""},{""@Name"":""AdditionalInfo2""}]}}"
41,229230133,2021-11-25 14:11:11.3342247,4662,LogAlways,Microsoft-Windows-Security-Auditing,Security,592,6916,rootdc1.offsec.lan,0,,Operation performed on an object,OFFSEC\admmig,,ObjectServer: DS,ObjectType: %{bf967a9c-0de6-11d0-a285-00aa003049e2},ObjectName: %{6f201fe7-ecdf-454d-b5e0-c9e9d355c5b9},"AccessList: Unknown code (%%7688, )",AccessMask: Unknown code (0x100),,,False,EVTX-to-MITRE-Attack\TA0007-Discovery\T1069-Permission Groups Discovery\ID4662-Domain group enumeration CME.evtx,Audit success,0,"{""EventData"":{""Data"":[{""@Name"":""SubjectUserSid"",""#text"":""S-1-5-21-4230534742-2542757381-3142984815-1111""},{""@Name"":""SubjectUserName"",""#text"":""admmig""},{""@Name"":""SubjectDomainName"",""#text"":""OFFSEC""},{""@Name"":""SubjectLogonId"",""#text"":""0xAB3C3FC80""},{""@Name"":""ObjectServer"",""#text"":""DS""},{""@Name"":""ObjectType"",""#text"":""%{bf967a9c-0de6-11d0-a285-00aa003049e2}""},{""@Name"":""ObjectName"",""#text"":""%{6f201fe7-ecdf-454d-b5e0-c9e9d355c5b9}""},{""@Name"":""OperationType"",""#text"":""Object Access""},{""@Name"":""HandleId"",""#text"":""0x0""},{""@Name"":""AccessList"",""#text"":""%%7688, ""},{""@Name"":""AccessMask"",""#text"":""0x100""},{""@Name"":""Properties"",""#text"":""%%7688, {771727b1-31b8-4cdf-ae62-4fe39fadf89e}, {612cb747-c0e8-4f92-9221-fdd5f15b550d}, {bf967a9c-0de6-11d0-a285-00aa003049e2}, ""},{""@Name"":""AdditionalInfo"",""#text"":""-""},{""@Name"":""AdditionalInfo2""}]}}"
42,229230134,2021-11-25 14:11:11.3346120,4662,LogAlways,Microsoft-Windows-Security-Auditing,Security,592,6916,rootdc1.offsec.lan,0,,Operation performed on an object,OFFSEC\admmig,,ObjectServer: DS,ObjectType: %{bf967a9c-0de6-11d0-a285-00aa003049e2},ObjectName: %{7668e546-f085-4fb8-ac19-f106b0c30e77},"AccessList: Unknown code (%%7688, )",AccessMask: Unknown code (0x100),,,False,EVTX-to-MITRE-Attack\TA0007-Discovery\T1069-Permission Groups Discovery\ID4662-Domain group enumeration CME.evtx,Audit success,0,"{""EventData"":{""Data"":[{""@Name"":""SubjectUserSid"",""#text"":""S-1-5-21-4230534742-2542757381-3142984815-1111""},{""@Name"":""SubjectUserName"",""#text"":""admmig""},{""@Name"":""SubjectDomainName"",""#text"":""OFFSEC""},{""@Name"":""SubjectLogonId"",""#text"":""0xAB3C3FC80""},{""@Name"":""ObjectServer"",""#text"":""DS""},{""@Name"":""ObjectType"",""#text"":""%{bf967a9c-0de6-11d0-a285-00aa003049e2}""},{""@Name"":""ObjectName"",""#text"":""%{7668e546-f085-4fb8-ac19-f106b0c30e77}""},{""@Name"":""OperationType"",""#text"":""Object Access""},{""@Name"":""HandleId"",""#text"":""0x0""},{""@Name"":""AccessList"",""#text"":""%%7688, ""},{""@Name"":""AccessMask"",""#text"":""0x100""},{""@Name"":""Properties"",""#text"":""%%7688, {771727b1-31b8-4cdf-ae62-4fe39fadf89e}, {612cb747-c0e8-4f92-9221-fdd5f15b550d}, {bf967a9c-0de6-11d0-a285-00aa003049e2}, ""},{""@Name"":""AdditionalInfo"",""#text"":""-""},{""@Name"":""AdditionalInfo2""}]}}"
43,229230135,2021-11-25 14:11:11.3349167,4662,LogAlways,Microsoft-Windows-Security-Auditing,Security,592,6916,rootdc1.offsec.lan,0,,Operation performed on an object,OFFSEC\admmig,,ObjectServer: DS,ObjectType: %{bf967a9c-0de6-11d0-a285-00aa003049e2},ObjectName: %{4322a57e-c978-4669-8ad4-dd4d98032325},"AccessList: Unknown code (%%7688, )",AccessMask: Unknown code (0x100),,,False,EVTX-to-MITRE-Attack\TA0007-Discovery\T1069-Permission Groups Discovery\ID4662-Domain group enumeration CME.evtx,Audit success,0,"{""EventData"":{""Data"":[{""@Name"":""SubjectUserSid"",""#text"":""S-1-5-21-4230534742-2542757381-3142984815-1111""},{""@Name"":""SubjectUserName"",""#text"":""admmig""},{""@Name"":""SubjectDomainName"",""#text"":""OFFSEC""},{""@Name"":""SubjectLogonId"",""#text"":""0xAB3C3FC80""},{""@Name"":""ObjectServer"",""#text"":""DS""},{""@Name"":""ObjectType"",""#text"":""%{bf967a9c-0de6-11d0-a285-00aa003049e2}""},{""@Name"":""ObjectName"",""#text"":""%{4322a57e-c978-4669-8ad4-dd4d98032325}""},{""@Name"":""OperationType"",""#text"":""Object Access""},{""@Name"":""HandleId"",""#text"":""0x0""},{""@Name"":""AccessList"",""#text"":""%%7688, ""},{""@Name"":""AccessMask"",""#text"":""0x100""},{""@Name"":""Properties"",""#text"":""%%7688, {771727b1-31b8-4cdf-ae62-4fe39fadf89e}, {612cb747-c0e8-4f92-9221-fdd5f15b550d}, {bf967a9c-0de6-11d0-a285-00aa003049e2}, ""},{""@Name"":""AdditionalInfo"",""#text"":""-""},{""@Name"":""AdditionalInfo2""}]}}"
44,229230136,2021-11-25 14:11:11.3353319,4662,LogAlways,Microsoft-Windows-Security-Auditing,Security,592,6916,rootdc1.offsec.lan,0,,Operation performed on an object,OFFSEC\admmig,,ObjectServer: DS,ObjectType: %{bf967a9c-0de6-11d0-a285-00aa003049e2},ObjectName: %{7d44f2df-fe53-4673-a1a7-546cf1b87c44},"AccessList: Unknown code (%%7688, )",AccessMask: Unknown code (0x100),,,False,EVTX-to-MITRE-Attack\TA0007-Discovery\T1069-Permission Groups Discovery\ID4662-Domain group enumeration CME.evtx,Audit success,0,"{""EventData"":{""Data"":[{""@Name"":""SubjectUserSid"",""#text"":""S-1-5-21-4230534742-2542757381-3142984815-1111""},{""@Name"":""SubjectUserName"",""#text"":""admmig""},{""@Name"":""SubjectDomainName"",""#text"":""OFFSEC""},{""@Name"":""SubjectLogonId"",""#text"":""0xAB3C3FC80""},{""@Name"":""ObjectServer"",""#text"":""DS""},{""@Name"":""ObjectType"",""#text"":""%{bf967a9c-0de6-11d0-a285-00aa003049e2}""},{""@Name"":""ObjectName"",""#text"":""%{7d44f2df-fe53-4673-a1a7-546cf1b87c44}""},{""@Name"":""OperationType"",""#text"":""Object Access""},{""@Name"":""HandleId"",""#text"":""0x0""},{""@Name"":""AccessList"",""#text"":""%%7688, ""},{""@Name"":""AccessMask"",""#text"":""0x100""},{""@Name"":""Properties"",""#text"":""%%7688, {771727b1-31b8-4cdf-ae62-4fe39fadf89e}, {612cb747-c0e8-4f92-9221-fdd5f15b550d}, {bf967a9c-0de6-11d0-a285-00aa003049e2}, ""},{""@Name"":""AdditionalInfo"",""#text"":""-""},{""@Name"":""AdditionalInfo2""}]}}"
45,229230137,2021-11-25 14:11:11.3356884,4662,LogAlways,Microsoft-Windows-Security-Auditing,Security,592,6916,rootdc1.offsec.lan,0,,Operation performed on an object,OFFSEC\admmig,,ObjectServer: DS,ObjectType: %{bf967a9c-0de6-11d0-a285-00aa003049e2},ObjectName: %{fc115303-028f-4ecf-a545-d97ac699507a},"AccessList: Unknown code (%%7688, )",AccessMask: Unknown code (0x100),,,False,EVTX-to-MITRE-Attack\TA0007-Discovery\T1069-Permission Groups Discovery\ID4662-Domain group enumeration CME.evtx,Audit success,0,"{""EventData"":{""Data"":[{""@Name"":""SubjectUserSid"",""#text"":""S-1-5-21-4230534742-2542757381-3142984815-1111""},{""@Name"":""SubjectUserName"",""#text"":""admmig""},{""@Name"":""SubjectDomainName"",""#text"":""OFFSEC""},{""@Name"":""SubjectLogonId"",""#text"":""0xAB3C3FC80""},{""@Name"":""ObjectServer"",""#text"":""DS""},{""@Name"":""ObjectType"",""#text"":""%{bf967a9c-0de6-11d0-a285-00aa003049e2}""},{""@Name"":""ObjectName"",""#text"":""%{fc115303-028f-4ecf-a545-d97ac699507a}""},{""@Name"":""OperationType"",""#text"":""Object Access""},{""@Name"":""HandleId"",""#text"":""0x0""},{""@Name"":""AccessList"",""#text"":""%%7688, ""},{""@Name"":""AccessMask"",""#text"":""0x100""},{""@Name"":""Properties"",""#text"":""%%7688, {771727b1-31b8-4cdf-ae62-4fe39fadf89e}, {612cb747-c0e8-4f92-9221-fdd5f15b550d}, {bf967a9c-0de6-11d0-a285-00aa003049e2}, ""},{""@Name"":""AdditionalInfo"",""#text"":""-""},{""@Name"":""AdditionalInfo2""}]}}"
46,229230138,2021-11-25 14:11:11.3359811,4662,LogAlways,Microsoft-Windows-Security-Auditing,Security,592,6916,rootdc1.offsec.lan,0,,Operation performed on an object,OFFSEC\admmig,,ObjectServer: DS,ObjectType: %{bf967a9c-0de6-11d0-a285-00aa003049e2},ObjectName: %{85e4e6f7-d3b0-4da6-8396-94f759b4944c},"AccessList: Unknown code (%%7688, )",AccessMask: Unknown code (0x100),,,False,EVTX-to-MITRE-Attack\TA0007-Discovery\T1069-Permission Groups Discovery\ID4662-Domain group enumeration CME.evtx,Audit success,0,"{""EventData"":{""Data"":[{""@Name"":""SubjectUserSid"",""#text"":""S-1-5-21-4230534742-2542757381-3142984815-1111""},{""@Name"":""SubjectUserName"",""#text"":""admmig""},{""@Name"":""SubjectDomainName"",""#text"":""OFFSEC""},{""@Name"":""SubjectLogonId"",""#text"":""0xAB3C3FC80""},{""@Name"":""ObjectServer"",""#text"":""DS""},{""@Name"":""ObjectType"",""#text"":""%{bf967a9c-0de6-11d0-a285-00aa003049e2}""},{""@Name"":""ObjectName"",""#text"":""%{85e4e6f7-d3b0-4da6-8396-94f759b4944c}""},{""@Name"":""OperationType"",""#text"":""Object Access""},{""@Name"":""HandleId"",""#text"":""0x0""},{""@Name"":""AccessList"",""#text"":""%%7688, ""},{""@Name"":""AccessMask"",""#text"":""0x100""},{""@Name"":""Properties"",""#text"":""%%7688, {771727b1-31b8-4cdf-ae62-4fe39fadf89e}, {612cb747-c0e8-4f92-9221-fdd5f15b550d}, {bf967a9c-0de6-11d0-a285-00aa003049e2}, ""},{""@Name"":""AdditionalInfo"",""#text"":""-""},{""@Name"":""AdditionalInfo2""}]}}"
47,229230139,2021-11-25 14:11:11.3363194,4662,LogAlways,Microsoft-Windows-Security-Auditing,Security,592,6916,rootdc1.offsec.lan,0,,Operation performed on an object,OFFSEC\admmig,,ObjectServer: DS,ObjectType: %{bf967a9c-0de6-11d0-a285-00aa003049e2},ObjectName: %{68729d0f-ef20-4227-bb2c-31d5c0919686},"AccessList: Unknown code (%%7688, )",AccessMask: Unknown code (0x100),,,False,EVTX-to-MITRE-Attack\TA0007-Discovery\T1069-Permission Groups Discovery\ID4662-Domain group enumeration CME.evtx,Audit success,0,"{""EventData"":{""Data"":[{""@Name"":""SubjectUserSid"",""#text"":""S-1-5-21-4230534742-2542757381-3142984815-1111""},{""@Name"":""SubjectUserName"",""#text"":""admmig""},{""@Name"":""SubjectDomainName"",""#text"":""OFFSEC""},{""@Name"":""SubjectLogonId"",""#text"":""0xAB3C3FC80""},{""@Name"":""ObjectServer"",""#text"":""DS""},{""@Name"":""ObjectType"",""#text"":""%{bf967a9c-0de6-11d0-a285-00aa003049e2}""},{""@Name"":""ObjectName"",""#text"":""%{68729d0f-ef20-4227-bb2c-31d5c0919686}""},{""@Name"":""OperationType"",""#text"":""Object Access""},{""@Name"":""HandleId"",""#text"":""0x0""},{""@Name"":""AccessList"",""#text"":""%%7688, ""},{""@Name"":""AccessMask"",""#text"":""0x100""},{""@Name"":""Properties"",""#text"":""%%7688, {771727b1-31b8-4cdf-ae62-4fe39fadf89e}, {612cb747-c0e8-4f92-9221-fdd5f15b550d}, {bf967a9c-0de6-11d0-a285-00aa003049e2}, ""},{""@Name"":""AdditionalInfo"",""#text"":""-""},{""@Name"":""AdditionalInfo2""}]}}"
48,229230140,2021-11-25 14:11:11.3366773,4662,LogAlways,Microsoft-Windows-Security-Auditing,Security,592,6916,rootdc1.offsec.lan,0,,Operation performed on an object,OFFSEC\admmig,,ObjectServer: DS,ObjectType: %{bf967a9c-0de6-11d0-a285-00aa003049e2},ObjectName: %{d910e3ca-fe9d-4604-9e9f-d84ff72851f4},"AccessList: Unknown code (%%7688, )",AccessMask: Unknown code (0x100),,,False,EVTX-to-MITRE-Attack\TA0007-Discovery\T1069-Permission Groups Discovery\ID4662-Domain group enumeration CME.evtx,Audit success,0,"{""EventData"":{""Data"":[{""@Name"":""SubjectUserSid"",""#text"":""S-1-5-21-4230534742-2542757381-3142984815-1111""},{""@Name"":""SubjectUserName"",""#text"":""admmig""},{""@Name"":""SubjectDomainName"",""#text"":""OFFSEC""},{""@Name"":""SubjectLogonId"",""#text"":""0xAB3C3FC80""},{""@Name"":""ObjectServer"",""#text"":""DS""},{""@Name"":""ObjectType"",""#text"":""%{bf967a9c-0de6-11d0-a285-00aa003049e2}""},{""@Name"":""ObjectName"",""#text"":""%{d910e3ca-fe9d-4604-9e9f-d84ff72851f4}""},{""@Name"":""OperationType"",""#text"":""Object Access""},{""@Name"":""HandleId"",""#text"":""0x0""},{""@Name"":""AccessList"",""#text"":""%%7688, ""},{""@Name"":""AccessMask"",""#text"":""0x100""},{""@Name"":""Properties"",""#text"":""%%7688, {771727b1-31b8-4cdf-ae62-4fe39fadf89e}, {612cb747-c0e8-4f92-9221-fdd5f15b550d}, {bf967a9c-0de6-11d0-a285-00aa003049e2}, ""},{""@Name"":""AdditionalInfo"",""#text"":""-""},{""@Name"":""AdditionalInfo2""}]}}"
49,229230141,2021-11-25 14:11:11.3370095,4662,LogAlways,Microsoft-Windows-Security-Auditing,Security,592,6916,rootdc1.offsec.lan,0,,Operation performed on an object,OFFSEC\admmig,,ObjectServer: DS,ObjectType: %{bf967a9c-0de6-11d0-a285-00aa003049e2},ObjectName: %{723e3b64-42ce-4ad9-bff3-64948616d4a1},"AccessList: Unknown code (%%7688, )",AccessMask: Unknown code (0x100),,,False,EVTX-to-MITRE-Attack\TA0007-Discovery\T1069-Permission Groups Discovery\ID4662-Domain group enumeration CME.evtx,Audit success,0,"{""EventData"":{""Data"":[{""@Name"":""SubjectUserSid"",""#text"":""S-1-5-21-4230534742-2542757381-3142984815-1111""},{""@Name"":""SubjectUserName"",""#text"":""admmig""},{""@Name"":""SubjectDomainName"",""#text"":""OFFSEC""},{""@Name"":""SubjectLogonId"",""#text"":""0xAB3C3FC80""},{""@Name"":""ObjectServer"",""#text"":""DS""},{""@Name"":""ObjectType"",""#text"":""%{bf967a9c-0de6-11d0-a285-00aa003049e2}""},{""@Name"":""ObjectName"",""#text"":""%{723e3b64-42ce-4ad9-bff3-64948616d4a1}""},{""@Name"":""OperationType"",""#text"":""Object Access""},{""@Name"":""HandleId"",""#text"":""0x0""},{""@Name"":""AccessList"",""#text"":""%%7688, ""},{""@Name"":""AccessMask"",""#text"":""0x100""},{""@Name"":""Properties"",""#text"":""%%7688, {771727b1-31b8-4cdf-ae62-4fe39fadf89e}, {612cb747-c0e8-4f92-9221-fdd5f15b550d}, {bf967a9c-0de6-11d0-a285-00aa003049e2}, ""},{""@Name"":""AdditionalInfo"",""#text"":""-""},{""@Name"":""AdditionalInfo2""}]}}"
50,229230142,2021-11-25 14:11:11.3373255,4662,LogAlways,Microsoft-Windows-Security-Auditing,Security,592,6916,rootdc1.offsec.lan,0,,Operation performed on an object,OFFSEC\admmig,,ObjectServer: DS,ObjectType: %{bf967a9c-0de6-11d0-a285-00aa003049e2},ObjectName: %{9d783d7f-397e-4a16-8a4f-65e2834de0ee},"AccessList: Unknown code (%%7688, )",AccessMask: Unknown code (0x100),,,False,EVTX-to-MITRE-Attack\TA0007-Discovery\T1069-Permission Groups Discovery\ID4662-Domain group enumeration CME.evtx,Audit success,0,"{""EventData"":{""Data"":[{""@Name"":""SubjectUserSid"",""#text"":""S-1-5-21-4230534742-2542757381-3142984815-1111""},{""@Name"":""SubjectUserName"",""#text"":""admmig""},{""@Name"":""SubjectDomainName"",""#text"":""OFFSEC""},{""@Name"":""SubjectLogonId"",""#text"":""0xAB3C3FC80""},{""@Name"":""ObjectServer"",""#text"":""DS""},{""@Name"":""ObjectType"",""#text"":""%{bf967a9c-0de6-11d0-a285-00aa003049e2}""},{""@Name"":""ObjectName"",""#text"":""%{9d783d7f-397e-4a16-8a4f-65e2834de0ee}""},{""@Name"":""OperationType"",""#text"":""Object Access""},{""@Name"":""HandleId"",""#text"":""0x0""},{""@Name"":""AccessList"",""#text"":""%%7688, ""},{""@Name"":""AccessMask"",""#text"":""0x100""},{""@Name"":""Properties"",""#text"":""%%7688, {771727b1-31b8-4cdf-ae62-4fe39fadf89e}, {612cb747-c0e8-4f92-9221-fdd5f15b550d}, {bf967a9c-0de6-11d0-a285-00aa003049e2}, ""},{""@Name"":""AdditionalInfo"",""#text"":""-""},{""@Name"":""AdditionalInfo2""}]}}"
51,229230143,2021-11-25 14:11:11.3376335,4662,LogAlways,Microsoft-Windows-Security-Auditing,Security,592,6916,rootdc1.offsec.lan,0,,Operation performed on an object,OFFSEC\admmig,,ObjectServer: DS,ObjectType: %{bf967a9c-0de6-11d0-a285-00aa003049e2},ObjectName: %{45cd4170-50f8-40cc-b0b3-5ef619839908},"AccessList: Unknown code (%%7688, )",AccessMask: Unknown code (0x100),,,False,EVTX-to-MITRE-Attack\TA0007-Discovery\T1069-Permission Groups Discovery\ID4662-Domain group enumeration CME.evtx,Audit success,0,"{""EventData"":{""Data"":[{""@Name"":""SubjectUserSid"",""#text"":""S-1-5-21-4230534742-2542757381-3142984815-1111""},{""@Name"":""SubjectUserName"",""#text"":""admmig""},{""@Name"":""SubjectDomainName"",""#text"":""OFFSEC""},{""@Name"":""SubjectLogonId"",""#text"":""0xAB3C3FC80""},{""@Name"":""ObjectServer"",""#text"":""DS""},{""@Name"":""ObjectType"",""#text"":""%{bf967a9c-0de6-11d0-a285-00aa003049e2}""},{""@Name"":""ObjectName"",""#text"":""%{45cd4170-50f8-40cc-b0b3-5ef619839908}""},{""@Name"":""OperationType"",""#text"":""Object Access""},{""@Name"":""HandleId"",""#text"":""0x0""},{""@Name"":""AccessList"",""#text"":""%%7688, ""},{""@Name"":""AccessMask"",""#text"":""0x100""},{""@Name"":""Properties"",""#text"":""%%7688, {771727b1-31b8-4cdf-ae62-4fe39fadf89e}, {612cb747-c0e8-4f92-9221-fdd5f15b550d}, {bf967a9c-0de6-11d0-a285-00aa003049e2}, ""},{""@Name"":""AdditionalInfo"",""#text"":""-""},{""@Name"":""AdditionalInfo2""}]}}"
52,229230144,2021-11-25 14:11:11.3380282,4662,LogAlways,Microsoft-Windows-Security-Auditing,Security,592,6916,rootdc1.offsec.lan,0,,Operation performed on an object,OFFSEC\admmig,,ObjectServer: DS,ObjectType: %{bf967a9c-0de6-11d0-a285-00aa003049e2},ObjectName: %{b08ede49-3550-4f93-a954-3a63b5886451},"AccessList: Unknown code (%%7688, )",AccessMask: Unknown code (0x100),,,False,EVTX-to-MITRE-Attack\TA0007-Discovery\T1069-Permission Groups Discovery\ID4662-Domain group enumeration CME.evtx,Audit success,0,"{""EventData"":{""Data"":[{""@Name"":""SubjectUserSid"",""#text"":""S-1-5-21-4230534742-2542757381-3142984815-1111""},{""@Name"":""SubjectUserName"",""#text"":""admmig""},{""@Name"":""SubjectDomainName"",""#text"":""OFFSEC""},{""@Name"":""SubjectLogonId"",""#text"":""0xAB3C3FC80""},{""@Name"":""ObjectServer"",""#text"":""DS""},{""@Name"":""ObjectType"",""#text"":""%{bf967a9c-0de6-11d0-a285-00aa003049e2}""},{""@Name"":""ObjectName"",""#text"":""%{b08ede49-3550-4f93-a954-3a63b5886451}""},{""@Name"":""OperationType"",""#text"":""Object Access""},{""@Name"":""HandleId"",""#text"":""0x0""},{""@Name"":""AccessList"",""#text"":""%%7688, ""},{""@Name"":""AccessMask"",""#text"":""0x100""},{""@Name"":""Properties"",""#text"":""%%7688, {771727b1-31b8-4cdf-ae62-4fe39fadf89e}, {612cb747-c0e8-4f92-9221-fdd5f15b550d}, {bf967a9c-0de6-11d0-a285-00aa003049e2}, ""},{""@Name"":""AdditionalInfo"",""#text"":""-""},{""@Name"":""AdditionalInfo2""}]}}"
53,229230145,2021-11-25 14:11:11.3383348,4662,LogAlways,Microsoft-Windows-Security-Auditing,Security,592,6916,rootdc1.offsec.lan,0,,Operation performed on an object,OFFSEC\admmig,,ObjectServer: DS,ObjectType: %{bf967a9c-0de6-11d0-a285-00aa003049e2},ObjectName: %{4cb4df5d-84b5-417e-9afe-d527b061589b},"AccessList: Unknown code (%%7688, )",AccessMask: Unknown code (0x100),,,False,EVTX-to-MITRE-Attack\TA0007-Discovery\T1069-Permission Groups Discovery\ID4662-Domain group enumeration CME.evtx,Audit success,0,"{""EventData"":{""Data"":[{""@Name"":""SubjectUserSid"",""#text"":""S-1-5-21-4230534742-2542757381-3142984815-1111""},{""@Name"":""SubjectUserName"",""#text"":""admmig""},{""@Name"":""SubjectDomainName"",""#text"":""OFFSEC""},{""@Name"":""SubjectLogonId"",""#text"":""0xAB3C3FC80""},{""@Name"":""ObjectServer"",""#text"":""DS""},{""@Name"":""ObjectType"",""#text"":""%{bf967a9c-0de6-11d0-a285-00aa003049e2}""},{""@Name"":""ObjectName"",""#text"":""%{4cb4df5d-84b5-417e-9afe-d527b061589b}""},{""@Name"":""OperationType"",""#text"":""Object Access""},{""@Name"":""HandleId"",""#text"":""0x0""},{""@Name"":""AccessList"",""#text"":""%%7688, ""},{""@Name"":""AccessMask"",""#text"":""0x100""},{""@Name"":""Properties"",""#text"":""%%7688, {771727b1-31b8-4cdf-ae62-4fe39fadf89e}, {612cb747-c0e8-4f92-9221-fdd5f15b550d}, {bf967a9c-0de6-11d0-a285-00aa003049e2}, ""},{""@Name"":""AdditionalInfo"",""#text"":""-""},{""@Name"":""AdditionalInfo2""}]}}"
54,229230146,2021-11-25 14:11:11.3388013,4662,LogAlways,Microsoft-Windows-Security-Auditing,Security,592,6916,rootdc1.offsec.lan,0,,Operation performed on an object,OFFSEC\admmig,,ObjectServer: DS,ObjectType: %{bf967a9c-0de6-11d0-a285-00aa003049e2},ObjectName: %{3e49a82a-5f5f-436c-9f93-81327c3c7461},"AccessList: Unknown code (%%7688, )",AccessMask: Unknown code (0x100),,,False,EVTX-to-MITRE-Attack\TA0007-Discovery\T1069-Permission Groups Discovery\ID4662-Domain group enumeration CME.evtx,Audit success,0,"{""EventData"":{""Data"":[{""@Name"":""SubjectUserSid"",""#text"":""S-1-5-21-4230534742-2542757381-3142984815-1111""},{""@Name"":""SubjectUserName"",""#text"":""admmig""},{""@Name"":""SubjectDomainName"",""#text"":""OFFSEC""},{""@Name"":""SubjectLogonId"",""#text"":""0xAB3C3FC80""},{""@Name"":""ObjectServer"",""#text"":""DS""},{""@Name"":""ObjectType"",""#text"":""%{bf967a9c-0de6-11d0-a285-00aa003049e2}""},{""@Name"":""ObjectName"",""#text"":""%{3e49a82a-5f5f-436c-9f93-81327c3c7461}""},{""@Name"":""OperationType"",""#text"":""Object Access""},{""@Name"":""HandleId"",""#text"":""0x0""},{""@Name"":""AccessList"",""#text"":""%%7688, ""},{""@Name"":""AccessMask"",""#text"":""0x100""},{""@Name"":""Properties"",""#text"":""%%7688, {771727b1-31b8-4cdf-ae62-4fe39fadf89e}, {612cb747-c0e8-4f92-9221-fdd5f15b550d}, {bf967a9c-0de6-11d0-a285-00aa003049e2}, ""},{""@Name"":""AdditionalInfo"",""#text"":""-""},{""@Name"":""AdditionalInfo2""}]}}"
55,229230147,2021-11-25 14:11:11.3391042,4662,LogAlways,Microsoft-Windows-Security-Auditing,Security,592,6916,rootdc1.offsec.lan,0,,Operation performed on an object,OFFSEC\admmig,,ObjectServer: DS,ObjectType: %{bf967a9c-0de6-11d0-a285-00aa003049e2},ObjectName: %{3d44fe8c-f6d6-488c-8d87-440cbba24e35},"AccessList: Unknown code (%%7688, )",AccessMask: Unknown code (0x100),,,False,EVTX-to-MITRE-Attack\TA0007-Discovery\T1069-Permission Groups Discovery\ID4662-Domain group enumeration CME.evtx,Audit success,0,"{""EventData"":{""Data"":[{""@Name"":""SubjectUserSid"",""#text"":""S-1-5-21-4230534742-2542757381-3142984815-1111""},{""@Name"":""SubjectUserName"",""#text"":""admmig""},{""@Name"":""SubjectDomainName"",""#text"":""OFFSEC""},{""@Name"":""SubjectLogonId"",""#text"":""0xAB3C3FC80""},{""@Name"":""ObjectServer"",""#text"":""DS""},{""@Name"":""ObjectType"",""#text"":""%{bf967a9c-0de6-11d0-a285-00aa003049e2}""},{""@Name"":""ObjectName"",""#text"":""%{3d44fe8c-f6d6-488c-8d87-440cbba24e35}""},{""@Name"":""OperationType"",""#text"":""Object Access""},{""@Name"":""HandleId"",""#text"":""0x0""},{""@Name"":""AccessList"",""#text"":""%%7688, ""},{""@Name"":""AccessMask"",""#text"":""0x100""},{""@Name"":""Properties"",""#text"":""%%7688, {771727b1-31b8-4cdf-ae62-4fe39fadf89e}, {612cb747-c0e8-4f92-9221-fdd5f15b550d}, {bf967a9c-0de6-11d0-a285-00aa003049e2}, ""},{""@Name"":""AdditionalInfo"",""#text"":""-""},{""@Name"":""AdditionalInfo2""}]}}"
56,229230148,2021-11-25 14:11:11.3394220,4662,LogAlways,Microsoft-Windows-Security-Auditing,Security,592,6916,rootdc1.offsec.lan,0,,Operation performed on an object,OFFSEC\admmig,,ObjectServer: DS,ObjectType: %{bf967a9c-0de6-11d0-a285-00aa003049e2},ObjectName: %{56f428f0-db78-4f4a-b6fc-6f54a1ef49b6},"AccessList: Unknown code (%%7688, )",AccessMask: Unknown code (0x100),,,False,EVTX-to-MITRE-Attack\TA0007-Discovery\T1069-Permission Groups Discovery\ID4662-Domain group enumeration CME.evtx,Audit success,0,"{""EventData"":{""Data"":[{""@Name"":""SubjectUserSid"",""#text"":""S-1-5-21-4230534742-2542757381-3142984815-1111""},{""@Name"":""SubjectUserName"",""#text"":""admmig""},{""@Name"":""SubjectDomainName"",""#text"":""OFFSEC""},{""@Name"":""SubjectLogonId"",""#text"":""0xAB3C3FC80""},{""@Name"":""ObjectServer"",""#text"":""DS""},{""@Name"":""ObjectType"",""#text"":""%{bf967a9c-0de6-11d0-a285-00aa003049e2}""},{""@Name"":""ObjectName"",""#text"":""%{56f428f0-db78-4f4a-b6fc-6f54a1ef49b6}""},{""@Name"":""OperationType"",""#text"":""Object Access""},{""@Name"":""HandleId"",""#text"":""0x0""},{""@Name"":""AccessList"",""#text"":""%%7688, ""},{""@Name"":""AccessMask"",""#text"":""0x100""},{""@Name"":""Properties"",""#text"":""%%7688, {771727b1-31b8-4cdf-ae62-4fe39fadf89e}, {612cb747-c0e8-4f92-9221-fdd5f15b550d}, {bf967a9c-0de6-11d0-a285-00aa003049e2}, ""},{""@Name"":""AdditionalInfo"",""#text"":""-""},{""@Name"":""AdditionalInfo2""}]}}"
57,229230149,2021-11-25 14:11:11.3397207,4662,LogAlways,Microsoft-Windows-Security-Auditing,Security,592,6916,rootdc1.offsec.lan,0,,Operation performed on an object,OFFSEC\admmig,,ObjectServer: DS,ObjectType: %{bf967a9c-0de6-11d0-a285-00aa003049e2},ObjectName: %{cf5a7e94-8bd2-46e9-92cc-07622447be44},"AccessList: Unknown code (%%7688, )",AccessMask: Unknown code (0x100),,,False,EVTX-to-MITRE-Attack\TA0007-Discovery\T1069-Permission Groups Discovery\ID4662-Domain group enumeration CME.evtx,Audit success,0,"{""EventData"":{""Data"":[{""@Name"":""SubjectUserSid"",""#text"":""S-1-5-21-4230534742-2542757381-3142984815-1111""},{""@Name"":""SubjectUserName"",""#text"":""admmig""},{""@Name"":""SubjectDomainName"",""#text"":""OFFSEC""},{""@Name"":""SubjectLogonId"",""#text"":""0xAB3C3FC80""},{""@Name"":""ObjectServer"",""#text"":""DS""},{""@Name"":""ObjectType"",""#text"":""%{bf967a9c-0de6-11d0-a285-00aa003049e2}""},{""@Name"":""ObjectName"",""#text"":""%{cf5a7e94-8bd2-46e9-92cc-07622447be44}""},{""@Name"":""OperationType"",""#text"":""Object Access""},{""@Name"":""HandleId"",""#text"":""0x0""},{""@Name"":""AccessList"",""#text"":""%%7688, ""},{""@Name"":""AccessMask"",""#text"":""0x100""},{""@Name"":""Properties"",""#text"":""%%7688, {771727b1-31b8-4cdf-ae62-4fe39fadf89e}, {612cb747-c0e8-4f92-9221-fdd5f15b550d}, {bf967a9c-0de6-11d0-a285-00aa003049e2}, ""},{""@Name"":""AdditionalInfo"",""#text"":""-""},{""@Name"":""AdditionalInfo2""}]}}"
58,229230150,2021-11-25 14:11:11.3400352,4662,LogAlways,Microsoft-Windows-Security-Auditing,Security,592,6916,rootdc1.offsec.lan,0,,Operation performed on an object,OFFSEC\admmig,,ObjectServer: DS,ObjectType: %{bf967a9c-0de6-11d0-a285-00aa003049e2},ObjectName: %{e02b989d-b855-493a-9235-765993b70797},"AccessList: Unknown code (%%7688, )",AccessMask: Unknown code (0x100),,,False,EVTX-to-MITRE-Attack\TA0007-Discovery\T1069-Permission Groups Discovery\ID4662-Domain group enumeration CME.evtx,Audit success,0,"{""EventData"":{""Data"":[{""@Name"":""SubjectUserSid"",""#text"":""S-1-5-21-4230534742-2542757381-3142984815-1111""},{""@Name"":""SubjectUserName"",""#text"":""admmig""},{""@Name"":""SubjectDomainName"",""#text"":""OFFSEC""},{""@Name"":""SubjectLogonId"",""#text"":""0xAB3C3FC80""},{""@Name"":""ObjectServer"",""#text"":""DS""},{""@Name"":""ObjectType"",""#text"":""%{bf967a9c-0de6-11d0-a285-00aa003049e2}""},{""@Name"":""ObjectName"",""#text"":""%{e02b989d-b855-493a-9235-765993b70797}""},{""@Name"":""OperationType"",""#text"":""Object Access""},{""@Name"":""HandleId"",""#text"":""0x0""},{""@Name"":""AccessList"",""#text"":""%%7688, ""},{""@Name"":""AccessMask"",""#text"":""0x100""},{""@Name"":""Properties"",""#text"":""%%7688, {771727b1-31b8-4cdf-ae62-4fe39fadf89e}, {612cb747-c0e8-4f92-9221-fdd5f15b550d}, {bf967a9c-0de6-11d0-a285-00aa003049e2}, ""},{""@Name"":""AdditionalInfo"",""#text"":""-""},{""@Name"":""AdditionalInfo2""}]}}"
59,229230151,2021-11-25 14:11:11.3403815,4662,LogAlways,Microsoft-Windows-Security-Auditing,Security,592,6916,rootdc1.offsec.lan,0,,Operation performed on an object,OFFSEC\admmig,,ObjectServer: DS,ObjectType: %{bf967a9c-0de6-11d0-a285-00aa003049e2},ObjectName: %{49232b08-decc-4a86-a454-76bbd674bf18},"AccessList: Unknown code (%%7688, )",AccessMask: Unknown code (0x100),,,False,EVTX-to-MITRE-Attack\TA0007-Discovery\T1069-Permission Groups Discovery\ID4662-Domain group enumeration CME.evtx,Audit success,0,"{""EventData"":{""Data"":[{""@Name"":""SubjectUserSid"",""#text"":""S-1-5-21-4230534742-2542757381-3142984815-1111""},{""@Name"":""SubjectUserName"",""#text"":""admmig""},{""@Name"":""SubjectDomainName"",""#text"":""OFFSEC""},{""@Name"":""SubjectLogonId"",""#text"":""0xAB3C3FC80""},{""@Name"":""ObjectServer"",""#text"":""DS""},{""@Name"":""ObjectType"",""#text"":""%{bf967a9c-0de6-11d0-a285-00aa003049e2}""},{""@Name"":""ObjectName"",""#text"":""%{49232b08-decc-4a86-a454-76bbd674bf18}""},{""@Name"":""OperationType"",""#text"":""Object Access""},{""@Name"":""HandleId"",""#text"":""0x0""},{""@Name"":""AccessList"",""#text"":""%%7688, ""},{""@Name"":""AccessMask"",""#text"":""0x100""},{""@Name"":""Properties"",""#text"":""%%7688, {771727b1-31b8-4cdf-ae62-4fe39fadf89e}, {612cb747-c0e8-4f92-9221-fdd5f15b550d}, {bf967a9c-0de6-11d0-a285-00aa003049e2}, ""},{""@Name"":""AdditionalInfo"",""#text"":""-""},{""@Name"":""AdditionalInfo2""}]}}"
60,229230152,2021-11-25 14:11:11.3422017,4662,LogAlways,Microsoft-Windows-Security-Auditing,Security,592,6916,rootdc1.offsec.lan,0,,Operation performed on an object,OFFSEC\admmig,,ObjectServer: DS,ObjectType: %{bf967a9c-0de6-11d0-a285-00aa003049e2},ObjectName: %{96650b92-5134-4cb9-8b68-480dd63887f6},"AccessList: Unknown code (%%7688, )",AccessMask: Unknown code (0x100),,,False,EVTX-to-MITRE-Attack\TA0007-Discovery\T1069-Permission Groups Discovery\ID4662-Domain group enumeration CME.evtx,Audit success,0,"{""EventData"":{""Data"":[{""@Name"":""SubjectUserSid"",""#text"":""S-1-5-21-4230534742-2542757381-3142984815-1111""},{""@Name"":""SubjectUserName"",""#text"":""admmig""},{""@Name"":""SubjectDomainName"",""#text"":""OFFSEC""},{""@Name"":""SubjectLogonId"",""#text"":""0xAB3C3FC80""},{""@Name"":""ObjectServer"",""#text"":""DS""},{""@Name"":""ObjectType"",""#text"":""%{bf967a9c-0de6-11d0-a285-00aa003049e2}""},{""@Name"":""ObjectName"",""#text"":""%{96650b92-5134-4cb9-8b68-480dd63887f6}""},{""@Name"":""OperationType"",""#text"":""Object Access""},{""@Name"":""HandleId"",""#text"":""0x0""},{""@Name"":""AccessList"",""#text"":""%%7688, ""},{""@Name"":""AccessMask"",""#text"":""0x100""},{""@Name"":""Properties"",""#text"":""%%7688, {771727b1-31b8-4cdf-ae62-4fe39fadf89e}, {612cb747-c0e8-4f92-9221-fdd5f15b550d}, {bf967a9c-0de6-11d0-a285-00aa003049e2}, ""},{""@Name"":""AdditionalInfo"",""#text"":""-""},{""@Name"":""AdditionalInfo2""}]}}"
61,229230153,2021-11-25 14:11:11.3427856,4662,LogAlways,Microsoft-Windows-Security-Auditing,Security,592,6916,rootdc1.offsec.lan,0,,Operation performed on an object,OFFSEC\admmig,,ObjectServer: DS,ObjectType: %{bf967a9c-0de6-11d0-a285-00aa003049e2},ObjectName: %{e6676497-a7c1-4e9a-8b2a-547ede5e6921},"AccessList: Unknown code (%%7688, )",AccessMask: Unknown code (0x100),,,False,EVTX-to-MITRE-Attack\TA0007-Discovery\T1069-Permission Groups Discovery\ID4662-Domain group enumeration CME.evtx,Audit success,0,"{""EventData"":{""Data"":[{""@Name"":""SubjectUserSid"",""#text"":""S-1-5-21-4230534742-2542757381-3142984815-1111""},{""@Name"":""SubjectUserName"",""#text"":""admmig""},{""@Name"":""SubjectDomainName"",""#text"":""OFFSEC""},{""@Name"":""SubjectLogonId"",""#text"":""0xAB3C3FC80""},{""@Name"":""ObjectServer"",""#text"":""DS""},{""@Name"":""ObjectType"",""#text"":""%{bf967a9c-0de6-11d0-a285-00aa003049e2}""},{""@Name"":""ObjectName"",""#text"":""%{e6676497-a7c1-4e9a-8b2a-547ede5e6921}""},{""@Name"":""OperationType"",""#text"":""Object Access""},{""@Name"":""HandleId"",""#text"":""0x0""},{""@Name"":""AccessList"",""#text"":""%%7688, ""},{""@Name"":""AccessMask"",""#text"":""0x100""},{""@Name"":""Properties"",""#text"":""%%7688, {771727b1-31b8-4cdf-ae62-4fe39fadf89e}, {612cb747-c0e8-4f92-9221-fdd5f15b550d}, {bf967a9c-0de6-11d0-a285-00aa003049e2}, ""},{""@Name"":""AdditionalInfo"",""#text"":""-""},{""@Name"":""AdditionalInfo2""}]}}"
62,229230154,2021-11-25 14:11:11.3433210,4662,LogAlways,Microsoft-Windows-Security-Auditing,Security,592,6916,rootdc1.offsec.lan,0,,Operation performed on an object,OFFSEC\admmig,,ObjectServer: DS,ObjectType: %{bf967a9c-0de6-11d0-a285-00aa003049e2},ObjectName: %{665118e5-25b6-4e84-b131-114016ab19e6},"AccessList: Unknown code (%%7688, )",AccessMask: Unknown code (0x100),,,False,EVTX-to-MITRE-Attack\TA0007-Discovery\T1069-Permission Groups Discovery\ID4662-Domain group enumeration CME.evtx,Audit success,0,"{""EventData"":{""Data"":[{""@Name"":""SubjectUserSid"",""#text"":""S-1-5-21-4230534742-2542757381-3142984815-1111""},{""@Name"":""SubjectUserName"",""#text"":""admmig""},{""@Name"":""SubjectDomainName"",""#text"":""OFFSEC""},{""@Name"":""SubjectLogonId"",""#text"":""0xAB3C3FC80""},{""@Name"":""ObjectServer"",""#text"":""DS""},{""@Name"":""ObjectType"",""#text"":""%{bf967a9c-0de6-11d0-a285-00aa003049e2}""},{""@Name"":""ObjectName"",""#text"":""%{665118e5-25b6-4e84-b131-114016ab19e6}""},{""@Name"":""OperationType"",""#text"":""Object Access""},{""@Name"":""HandleId"",""#text"":""0x0""},{""@Name"":""AccessList"",""#text"":""%%7688, ""},{""@Name"":""AccessMask"",""#text"":""0x100""},{""@Name"":""Properties"",""#text"":""%%7688, {771727b1-31b8-4cdf-ae62-4fe39fadf89e}, {612cb747-c0e8-4f92-9221-fdd5f15b550d}, {bf967a9c-0de6-11d0-a285-00aa003049e2}, ""},{""@Name"":""AdditionalInfo"",""#text"":""-""},{""@Name"":""AdditionalInfo2""}]}}"
63,229230155,2021-11-25 14:11:11.3438033,4662,LogAlways,Microsoft-Windows-Security-Auditing,Security,592,6916,rootdc1.offsec.lan,0,,Operation performed on an object,OFFSEC\admmig,,ObjectServer: DS,ObjectType: %{bf967a9c-0de6-11d0-a285-00aa003049e2},ObjectName: %{10aab0ee-1075-4fcd-a0a3-b2ac1fe847e1},"AccessList: Unknown code (%%7688, )",AccessMask: Unknown code (0x100),,,False,EVTX-to-MITRE-Attack\TA0007-Discovery\T1069-Permission Groups Discovery\ID4662-Domain group enumeration CME.evtx,Audit success,0,"{""EventData"":{""Data"":[{""@Name"":""SubjectUserSid"",""#text"":""S-1-5-21-4230534742-2542757381-3142984815-1111""},{""@Name"":""SubjectUserName"",""#text"":""admmig""},{""@Name"":""SubjectDomainName"",""#text"":""OFFSEC""},{""@Name"":""SubjectLogonId"",""#text"":""0xAB3C3FC80""},{""@Name"":""ObjectServer"",""#text"":""DS""},{""@Name"":""ObjectType"",""#text"":""%{bf967a9c-0de6-11d0-a285-00aa003049e2}""},{""@Name"":""ObjectName"",""#text"":""%{10aab0ee-1075-4fcd-a0a3-b2ac1fe847e1}""},{""@Name"":""OperationType"",""#text"":""Object Access""},{""@Name"":""HandleId"",""#text"":""0x0""},{""@Name"":""AccessList"",""#text"":""%%7688, ""},{""@Name"":""AccessMask"",""#text"":""0x100""},{""@Name"":""Properties"",""#text"":""%%7688, {771727b1-31b8-4cdf-ae62-4fe39fadf89e}, {612cb747-c0e8-4f92-9221-fdd5f15b550d}, {bf967a9c-0de6-11d0-a285-00aa003049e2}, ""},{""@Name"":""AdditionalInfo"",""#text"":""-""},{""@Name"":""AdditionalInfo2""}]}}"
64,229230156,2021-11-25 14:11:11.3443136,4662,LogAlways,Microsoft-Windows-Security-Auditing,Security,592,6916,rootdc1.offsec.lan,0,,Operation performed on an object,OFFSEC\admmig,,ObjectServer: DS,ObjectType: %{bf967a9c-0de6-11d0-a285-00aa003049e2},ObjectName: %{f8e5bffc-af68-4d67-a638-e6b434e823f2},"AccessList: Unknown code (%%7688, )",AccessMask: Unknown code (0x100),,,False,EVTX-to-MITRE-Attack\TA0007-Discovery\T1069-Permission Groups Discovery\ID4662-Domain group enumeration CME.evtx,Audit success,0,"{""EventData"":{""Data"":[{""@Name"":""SubjectUserSid"",""#text"":""S-1-5-21-4230534742-2542757381-3142984815-1111""},{""@Name"":""SubjectUserName"",""#text"":""admmig""},{""@Name"":""SubjectDomainName"",""#text"":""OFFSEC""},{""@Name"":""SubjectLogonId"",""#text"":""0xAB3C3FC80""},{""@Name"":""ObjectServer"",""#text"":""DS""},{""@Name"":""ObjectType"",""#text"":""%{bf967a9c-0de6-11d0-a285-00aa003049e2}""},{""@Name"":""ObjectName"",""#text"":""%{f8e5bffc-af68-4d67-a638-e6b434e823f2}""},{""@Name"":""OperationType"",""#text"":""Object Access""},{""@Name"":""HandleId"",""#text"":""0x0""},{""@Name"":""AccessList"",""#text"":""%%7688, ""},{""@Name"":""AccessMask"",""#text"":""0x100""},{""@Name"":""Properties"",""#text"":""%%7688, {771727b1-31b8-4cdf-ae62-4fe39fadf89e}, {612cb747-c0e8-4f92-9221-fdd5f15b550d}, {bf967a9c-0de6-11d0-a285-00aa003049e2}, ""},{""@Name"":""AdditionalInfo"",""#text"":""-""},{""@Name"":""AdditionalInfo2""}]}}"
65,229230157,2021-11-25 14:11:11.3448173,4662,LogAlways,Microsoft-Windows-Security-Auditing,Security,592,6916,rootdc1.offsec.lan,0,,Operation performed on an object,OFFSEC\admmig,,ObjectServer: DS,ObjectType: %{bf967a9c-0de6-11d0-a285-00aa003049e2},ObjectName: %{0be23cad-c05b-4f45-88ab-6b415eac2472},"AccessList: Unknown code (%%7688, )",AccessMask: Unknown code (0x100),,,False,EVTX-to-MITRE-Attack\TA0007-Discovery\T1069-Permission Groups Discovery\ID4662-Domain group enumeration CME.evtx,Audit success,0,"{""EventData"":{""Data"":[{""@Name"":""SubjectUserSid"",""#text"":""S-1-5-21-4230534742-2542757381-3142984815-1111""},{""@Name"":""SubjectUserName"",""#text"":""admmig""},{""@Name"":""SubjectDomainName"",""#text"":""OFFSEC""},{""@Name"":""SubjectLogonId"",""#text"":""0xAB3C3FC80""},{""@Name"":""ObjectServer"",""#text"":""DS""},{""@Name"":""ObjectType"",""#text"":""%{bf967a9c-0de6-11d0-a285-00aa003049e2}""},{""@Name"":""ObjectName"",""#text"":""%{0be23cad-c05b-4f45-88ab-6b415eac2472}""},{""@Name"":""OperationType"",""#text"":""Object Access""},{""@Name"":""HandleId"",""#text"":""0x0""},{""@Name"":""AccessList"",""#text"":""%%7688, ""},{""@Name"":""AccessMask"",""#text"":""0x100""},{""@Name"":""Properties"",""#text"":""%%7688, {771727b1-31b8-4cdf-ae62-4fe39fadf89e}, {612cb747-c0e8-4f92-9221-fdd5f15b550d}, {bf967a9c-0de6-11d0-a285-00aa003049e2}, ""},{""@Name"":""AdditionalInfo"",""#text"":""-""},{""@Name"":""AdditionalInfo2""}]}}"
66,229230158,2021-11-25 14:11:11.3453024,4662,LogAlways,Microsoft-Windows-Security-Auditing,Security,592,6916,rootdc1.offsec.lan,0,,Operation performed on an object,OFFSEC\admmig,,ObjectServer: DS,ObjectType: %{bf967a9c-0de6-11d0-a285-00aa003049e2},ObjectName: %{b009227a-b1ac-4945-a83b-b226c11faf91},"AccessList: Unknown code (%%7688, )",AccessMask: Unknown code (0x100),,,False,EVTX-to-MITRE-Attack\TA0007-Discovery\T1069-Permission Groups Discovery\ID4662-Domain group enumeration CME.evtx,Audit success,0,"{""EventData"":{""Data"":[{""@Name"":""SubjectUserSid"",""#text"":""S-1-5-21-4230534742-2542757381-3142984815-1111""},{""@Name"":""SubjectUserName"",""#text"":""admmig""},{""@Name"":""SubjectDomainName"",""#text"":""OFFSEC""},{""@Name"":""SubjectLogonId"",""#text"":""0xAB3C3FC80""},{""@Name"":""ObjectServer"",""#text"":""DS""},{""@Name"":""ObjectType"",""#text"":""%{bf967a9c-0de6-11d0-a285-00aa003049e2}""},{""@Name"":""ObjectName"",""#text"":""%{b009227a-b1ac-4945-a83b-b226c11faf91}""},{""@Name"":""OperationType"",""#text"":""Object Access""},{""@Name"":""HandleId"",""#text"":""0x0""},{""@Name"":""AccessList"",""#text"":""%%7688, ""},{""@Name"":""AccessMask"",""#text"":""0x100""},{""@Name"":""Properties"",""#text"":""%%7688, {771727b1-31b8-4cdf-ae62-4fe39fadf89e}, {612cb747-c0e8-4f92-9221-fdd5f15b550d}, {bf967a9c-0de6-11d0-a285-00aa003049e2}, ""},{""@Name"":""AdditionalInfo"",""#text"":""-""},{""@Name"":""AdditionalInfo2""}]}}"
67,229230159,2021-11-25 14:11:11.3457908,4662,LogAlways,Microsoft-Windows-Security-Auditing,Security,592,6916,rootdc1.offsec.lan,0,,Operation performed on an object,OFFSEC\admmig,,ObjectServer: DS,ObjectType: %{bf967a9c-0de6-11d0-a285-00aa003049e2},ObjectName: %{3fcf13c7-8818-47ec-bc67-e0f6e14aadf9},"AccessList: Unknown code (%%7688, )",AccessMask: Unknown code (0x100),,,False,EVTX-to-MITRE-Attack\TA0007-Discovery\T1069-Permission Groups Discovery\ID4662-Domain group enumeration CME.evtx,Audit success,0,"{""EventData"":{""Data"":[{""@Name"":""SubjectUserSid"",""#text"":""S-1-5-21-4230534742-2542757381-3142984815-1111""},{""@Name"":""SubjectUserName"",""#text"":""admmig""},{""@Name"":""SubjectDomainName"",""#text"":""OFFSEC""},{""@Name"":""SubjectLogonId"",""#text"":""0xAB3C3FC80""},{""@Name"":""ObjectServer"",""#text"":""DS""},{""@Name"":""ObjectType"",""#text"":""%{bf967a9c-0de6-11d0-a285-00aa003049e2}""},{""@Name"":""ObjectName"",""#text"":""%{3fcf13c7-8818-47ec-bc67-e0f6e14aadf9}""},{""@Name"":""OperationType"",""#text"":""Object Access""},{""@Name"":""HandleId"",""#text"":""0x0""},{""@Name"":""AccessList"",""#text"":""%%7688, ""},{""@Name"":""AccessMask"",""#text"":""0x100""},{""@Name"":""Properties"",""#text"":""%%7688, {771727b1-31b8-4cdf-ae62-4fe39fadf89e}, {612cb747-c0e8-4f92-9221-fdd5f15b550d}, {bf967a9c-0de6-11d0-a285-00aa003049e2}, ""},{""@Name"":""AdditionalInfo"",""#text"":""-""},{""@Name"":""AdditionalInfo2""}]}}"
68,229230160,2021-11-25 14:11:11.3463649,4662,LogAlways,Microsoft-Windows-Security-Auditing,Security,592,6916,rootdc1.offsec.lan,0,,Operation performed on an object,OFFSEC\admmig,,ObjectServer: DS,ObjectType: %{bf967a9c-0de6-11d0-a285-00aa003049e2},ObjectName: %{0c822143-85a8-408c-bc4e-1d92f431813b},"AccessList: Unknown code (%%7688, )",AccessMask: Unknown code (0x100),,,False,EVTX-to-MITRE-Attack\TA0007-Discovery\T1069-Permission Groups Discovery\ID4662-Domain group enumeration CME.evtx,Audit success,0,"{""EventData"":{""Data"":[{""@Name"":""SubjectUserSid"",""#text"":""S-1-5-21-4230534742-2542757381-3142984815-1111""},{""@Name"":""SubjectUserName"",""#text"":""admmig""},{""@Name"":""SubjectDomainName"",""#text"":""OFFSEC""},{""@Name"":""SubjectLogonId"",""#text"":""0xAB3C3FC80""},{""@Name"":""ObjectServer"",""#text"":""DS""},{""@Name"":""ObjectType"",""#text"":""%{bf967a9c-0de6-11d0-a285-00aa003049e2}""},{""@Name"":""ObjectName"",""#text"":""%{0c822143-85a8-408c-bc4e-1d92f431813b}""},{""@Name"":""OperationType"",""#text"":""Object Access""},{""@Name"":""HandleId"",""#text"":""0x0""},{""@Name"":""AccessList"",""#text"":""%%7688, ""},{""@Name"":""AccessMask"",""#text"":""0x100""},{""@Name"":""Properties"",""#text"":""%%7688, {771727b1-31b8-4cdf-ae62-4fe39fadf89e}, {612cb747-c0e8-4f92-9221-fdd5f15b550d}, {bf967a9c-0de6-11d0-a285-00aa003049e2}, ""},{""@Name"":""AdditionalInfo"",""#text"":""-""},{""@Name"":""AdditionalInfo2""}]}}"
69,229230161,2021-11-25 14:11:11.3468588,4662,LogAlways,Microsoft-Windows-Security-Auditing,Security,592,6916,rootdc1.offsec.lan,0,,Operation performed on an object,OFFSEC\admmig,,ObjectServer: DS,ObjectType: %{bf967a9c-0de6-11d0-a285-00aa003049e2},ObjectName: %{796dd7c1-261a-4126-926d-b20fbac1e55d},"AccessList: Unknown code (%%7688, )",AccessMask: Unknown code (0x100),,,False,EVTX-to-MITRE-Attack\TA0007-Discovery\T1069-Permission Groups Discovery\ID4662-Domain group enumeration CME.evtx,Audit success,0,"{""EventData"":{""Data"":[{""@Name"":""SubjectUserSid"",""#text"":""S-1-5-21-4230534742-2542757381-3142984815-1111""},{""@Name"":""SubjectUserName"",""#text"":""admmig""},{""@Name"":""SubjectDomainName"",""#text"":""OFFSEC""},{""@Name"":""SubjectLogonId"",""#text"":""0xAB3C3FC80""},{""@Name"":""ObjectServer"",""#text"":""DS""},{""@Name"":""ObjectType"",""#text"":""%{bf967a9c-0de6-11d0-a285-00aa003049e2}""},{""@Name"":""ObjectName"",""#text"":""%{796dd7c1-261a-4126-926d-b20fbac1e55d}""},{""@Name"":""OperationType"",""#text"":""Object Access""},{""@Name"":""HandleId"",""#text"":""0x0""},{""@Name"":""AccessList"",""#text"":""%%7688, ""},{""@Name"":""AccessMask"",""#text"":""0x100""},{""@Name"":""Properties"",""#text"":""%%7688, {771727b1-31b8-4cdf-ae62-4fe39fadf89e}, {612cb747-c0e8-4f92-9221-fdd5f15b550d}, {bf967a9c-0de6-11d0-a285-00aa003049e2}, ""},{""@Name"":""AdditionalInfo"",""#text"":""-""},{""@Name"":""AdditionalInfo2""}]}}"
70,229230162,2021-11-25 14:11:11.3474651,4662,LogAlways,Microsoft-Windows-Security-Auditing,Security,592,6916,rootdc1.offsec.lan,1,,Operation performed on an object,OFFSEC\admmig,,ObjectServer: DS,ObjectType: %{bf967a9c-0de6-11d0-a285-00aa003049e2},ObjectName: %{5163b6f2-9515-46bc-b92b-421fceedb231},"AccessList: Unknown code (%%7688, )",AccessMask: Unknown code (0x100),,,False,EVTX-to-MITRE-Attack\TA0007-Discovery\T1069-Permission Groups Discovery\ID4662-Domain group enumeration CME.evtx,Audit success,0,"{""EventData"":{""Data"":[{""@Name"":""SubjectUserSid"",""#text"":""S-1-5-21-4230534742-2542757381-3142984815-1111""},{""@Name"":""SubjectUserName"",""#text"":""admmig""},{""@Name"":""SubjectDomainName"",""#text"":""OFFSEC""},{""@Name"":""SubjectLogonId"",""#text"":""0xAB3C3FC80""},{""@Name"":""ObjectServer"",""#text"":""DS""},{""@Name"":""ObjectType"",""#text"":""%{bf967a9c-0de6-11d0-a285-00aa003049e2}""},{""@Name"":""ObjectName"",""#text"":""%{5163b6f2-9515-46bc-b92b-421fceedb231}""},{""@Name"":""OperationType"",""#text"":""Object Access""},{""@Name"":""HandleId"",""#text"":""0x0""},{""@Name"":""AccessList"",""#text"":""%%7688, ""},{""@Name"":""AccessMask"",""#text"":""0x100""},{""@Name"":""Properties"",""#text"":""%%7688, {771727b1-31b8-4cdf-ae62-4fe39fadf89e}, {612cb747-c0e8-4f92-9221-fdd5f15b550d}, {bf967a9c-0de6-11d0-a285-00aa003049e2}, ""},{""@Name"":""AdditionalInfo"",""#text"":""-""},{""@Name"":""AdditionalInfo2""}]}}"
71,229230163,2021-11-25 14:11:11.3481068,4662,LogAlways,Microsoft-Windows-Security-Auditing,Security,592,6916,rootdc1.offsec.lan,1,,Operation performed on an object,OFFSEC\admmig,,ObjectServer: DS,ObjectType: %{bf967a9c-0de6-11d0-a285-00aa003049e2},ObjectName: %{15463e9f-af6e-4100-9ecf-c963f1aeda87},"AccessList: Unknown code (%%7688, )",AccessMask: Unknown code (0x100),,,False,EVTX-to-MITRE-Attack\TA0007-Discovery\T1069-Permission Groups Discovery\ID4662-Domain group enumeration CME.evtx,Audit success,0,"{""EventData"":{""Data"":[{""@Name"":""SubjectUserSid"",""#text"":""S-1-5-21-4230534742-2542757381-3142984815-1111""},{""@Name"":""SubjectUserName"",""#text"":""admmig""},{""@Name"":""SubjectDomainName"",""#text"":""OFFSEC""},{""@Name"":""SubjectLogonId"",""#text"":""0xAB3C3FC80""},{""@Name"":""ObjectServer"",""#text"":""DS""},{""@Name"":""ObjectType"",""#text"":""%{bf967a9c-0de6-11d0-a285-00aa003049e2}""},{""@Name"":""ObjectName"",""#text"":""%{15463e9f-af6e-4100-9ecf-c963f1aeda87}""},{""@Name"":""OperationType"",""#text"":""Object Access""},{""@Name"":""HandleId"",""#text"":""0x0""},{""@Name"":""AccessList"",""#text"":""%%7688, ""},{""@Name"":""AccessMask"",""#text"":""0x100""},{""@Name"":""Properties"",""#text"":""%%7688, {771727b1-31b8-4cdf-ae62-4fe39fadf89e}, {612cb747-c0e8-4f92-9221-fdd5f15b550d}, {bf967a9c-0de6-11d0-a285-00aa003049e2}, ""},{""@Name"":""AdditionalInfo"",""#text"":""-""},{""@Name"":""AdditionalInfo2""}]}}"
72,229230164,2021-11-25 14:11:11.3486175,4662,LogAlways,Microsoft-Windows-Security-Auditing,Security,592,6916,rootdc1.offsec.lan,1,,Operation performed on an object,OFFSEC\admmig,,ObjectServer: DS,ObjectType: %{bf967a9c-0de6-11d0-a285-00aa003049e2},ObjectName: %{14f2e6dc-299f-4a68-887c-d2fe73daa512},"AccessList: Unknown code (%%7688, )",AccessMask: Unknown code (0x100),,,False,EVTX-to-MITRE-Attack\TA0007-Discovery\T1069-Permission Groups Discovery\ID4662-Domain group enumeration CME.evtx,Audit success,0,"{""EventData"":{""Data"":[{""@Name"":""SubjectUserSid"",""#text"":""S-1-5-21-4230534742-2542757381-3142984815-1111""},{""@Name"":""SubjectUserName"",""#text"":""admmig""},{""@Name"":""SubjectDomainName"",""#text"":""OFFSEC""},{""@Name"":""SubjectLogonId"",""#text"":""0xAB3C3FC80""},{""@Name"":""ObjectServer"",""#text"":""DS""},{""@Name"":""ObjectType"",""#text"":""%{bf967a9c-0de6-11d0-a285-00aa003049e2}""},{""@Name"":""ObjectName"",""#text"":""%{14f2e6dc-299f-4a68-887c-d2fe73daa512}""},{""@Name"":""OperationType"",""#text"":""Object Access""},{""@Name"":""HandleId"",""#text"":""0x0""},{""@Name"":""AccessList"",""#text"":""%%7688, ""},{""@Name"":""AccessMask"",""#text"":""0x100""},{""@Name"":""Properties"",""#text"":""%%7688, {771727b1-31b8-4cdf-ae62-4fe39fadf89e}, {612cb747-c0e8-4f92-9221-fdd5f15b550d}, {bf967a9c-0de6-11d0-a285-00aa003049e2}, ""},{""@Name"":""AdditionalInfo"",""#text"":""-""},{""@Name"":""AdditionalInfo2""}]}}"
73,229230165,2021-11-25 14:11:11.3491329,4662,LogAlways,Microsoft-Windows-Security-Auditing,Security,592,6916,rootdc1.offsec.lan,1,,Operation performed on an object,OFFSEC\admmig,,ObjectServer: DS,ObjectType: %{bf967a9c-0de6-11d0-a285-00aa003049e2},ObjectName: %{b22b2995-6d0c-4a77-97e7-b494eecc413f},"AccessList: Unknown code (%%7688, )",AccessMask: Unknown code (0x100),,,False,EVTX-to-MITRE-Attack\TA0007-Discovery\T1069-Permission Groups Discovery\ID4662-Domain group enumeration CME.evtx,Audit success,0,"{""EventData"":{""Data"":[{""@Name"":""SubjectUserSid"",""#text"":""S-1-5-21-4230534742-2542757381-3142984815-1111""},{""@Name"":""SubjectUserName"",""#text"":""admmig""},{""@Name"":""SubjectDomainName"",""#text"":""OFFSEC""},{""@Name"":""SubjectLogonId"",""#text"":""0xAB3C3FC80""},{""@Name"":""ObjectServer"",""#text"":""DS""},{""@Name"":""ObjectType"",""#text"":""%{bf967a9c-0de6-11d0-a285-00aa003049e2}""},{""@Name"":""ObjectName"",""#text"":""%{b22b2995-6d0c-4a77-97e7-b494eecc413f}""},{""@Name"":""OperationType"",""#text"":""Object Access""},{""@Name"":""HandleId"",""#text"":""0x0""},{""@Name"":""AccessList"",""#text"":""%%7688, ""},{""@Name"":""AccessMask"",""#text"":""0x100""},{""@Name"":""Properties"",""#text"":""%%7688, {771727b1-31b8-4cdf-ae62-4fe39fadf89e}, {612cb747-c0e8-4f92-9221-fdd5f15b550d}, {bf967a9c-0de6-11d0-a285-00aa003049e2}, ""},{""@Name"":""AdditionalInfo"",""#text"":""-""},{""@Name"":""AdditionalInfo2""}]}}"
74,229230166,2021-11-25 14:11:11.3494978,4662,LogAlways,Microsoft-Windows-Security-Auditing,Security,592,6916,rootdc1.offsec.lan,1,,Operation performed on an object,OFFSEC\admmig,,ObjectServer: DS,ObjectType: %{bf967a9c-0de6-11d0-a285-00aa003049e2},ObjectName: %{ecebc37b-170b-4ebf-953a-7a96dbb584c5},"AccessList: Unknown code (%%7688, )",AccessMask: Unknown code (0x100),,,False,EVTX-to-MITRE-Attack\TA0007-Discovery\T1069-Permission Groups Discovery\ID4662-Domain group enumeration CME.evtx,Audit success,0,"{""EventData"":{""Data"":[{""@Name"":""SubjectUserSid"",""#text"":""S-1-5-21-4230534742-2542757381-3142984815-1111""},{""@Name"":""SubjectUserName"",""#text"":""admmig""},{""@Name"":""SubjectDomainName"",""#text"":""OFFSEC""},{""@Name"":""SubjectLogonId"",""#text"":""0xAB3C3FC80""},{""@Name"":""ObjectServer"",""#text"":""DS""},{""@Name"":""ObjectType"",""#text"":""%{bf967a9c-0de6-11d0-a285-00aa003049e2}""},{""@Name"":""ObjectName"",""#text"":""%{ecebc37b-170b-4ebf-953a-7a96dbb584c5}""},{""@Name"":""OperationType"",""#text"":""Object Access""},{""@Name"":""HandleId"",""#text"":""0x0""},{""@Name"":""AccessList"",""#text"":""%%7688, ""},{""@Name"":""AccessMask"",""#text"":""0x100""},{""@Name"":""Properties"",""#text"":""%%7688, {771727b1-31b8-4cdf-ae62-4fe39fadf89e}, {612cb747-c0e8-4f92-9221-fdd5f15b550d}, {bf967a9c-0de6-11d0-a285-00aa003049e2}, ""},{""@Name"":""AdditionalInfo"",""#text"":""-""},{""@Name"":""AdditionalInfo2""}]}}"
75,229230167,2021-11-25 14:11:11.3498697,4662,LogAlways,Microsoft-Windows-Security-Auditing,Security,592,6916,rootdc1.offsec.lan,1,,Operation performed on an object,OFFSEC\admmig,,ObjectServer: DS,ObjectType: %{bf967a9c-0de6-11d0-a285-00aa003049e2},ObjectName: %{759f1e6e-a65d-4e5e-8501-1fcf4f2e1185},"AccessList: Unknown code (%%7688, )",AccessMask: Unknown code (0x100),,,False,EVTX-to-MITRE-Attack\TA0007-Discovery\T1069-Permission Groups Discovery\ID4662-Domain group enumeration CME.evtx,Audit success,0,"{""EventData"":{""Data"":[{""@Name"":""SubjectUserSid"",""#text"":""S-1-5-21-4230534742-2542757381-3142984815-1111""},{""@Name"":""SubjectUserName"",""#text"":""admmig""},{""@Name"":""SubjectDomainName"",""#text"":""OFFSEC""},{""@Name"":""SubjectLogonId"",""#text"":""0xAB3C3FC80""},{""@Name"":""ObjectServer"",""#text"":""DS""},{""@Name"":""ObjectType"",""#text"":""%{bf967a9c-0de6-11d0-a285-00aa003049e2}""},{""@Name"":""ObjectName"",""#text"":""%{759f1e6e-a65d-4e5e-8501-1fcf4f2e1185}""},{""@Name"":""OperationType"",""#text"":""Object Access""},{""@Name"":""HandleId"",""#text"":""0x0""},{""@Name"":""AccessList"",""#text"":""%%7688, ""},{""@Name"":""AccessMask"",""#text"":""0x100""},{""@Name"":""Properties"",""#text"":""%%7688, {771727b1-31b8-4cdf-ae62-4fe39fadf89e}, {612cb747-c0e8-4f92-9221-fdd5f15b550d}, {bf967a9c-0de6-11d0-a285-00aa003049e2}, ""},{""@Name"":""AdditionalInfo"",""#text"":""-""},{""@Name"":""AdditionalInfo2""}]}}"
76,229230168,2021-11-25 14:11:11.3502341,4662,LogAlways,Microsoft-Windows-Security-Auditing,Security,592,6916,rootdc1.offsec.lan,1,,Operation performed on an object,OFFSEC\admmig,,ObjectServer: DS,ObjectType: %{bf967a9c-0de6-11d0-a285-00aa003049e2},ObjectName: %{0a3c681f-a1e2-46da-b418-f5f6a8be67b8},"AccessList: Unknown code (%%7688, )",AccessMask: Unknown code (0x100),,,False,EVTX-to-MITRE-Attack\TA0007-Discovery\T1069-Permission Groups Discovery\ID4662-Domain group enumeration CME.evtx,Audit success,0,"{""EventData"":{""Data"":[{""@Name"":""SubjectUserSid"",""#text"":""S-1-5-21-4230534742-2542757381-3142984815-1111""},{""@Name"":""SubjectUserName"",""#text"":""admmig""},{""@Name"":""SubjectDomainName"",""#text"":""OFFSEC""},{""@Name"":""SubjectLogonId"",""#text"":""0xAB3C3FC80""},{""@Name"":""ObjectServer"",""#text"":""DS""},{""@Name"":""ObjectType"",""#text"":""%{bf967a9c-0de6-11d0-a285-00aa003049e2}""},{""@Name"":""ObjectName"",""#text"":""%{0a3c681f-a1e2-46da-b418-f5f6a8be67b8}""},{""@Name"":""OperationType"",""#text"":""Object Access""},{""@Name"":""HandleId"",""#text"":""0x0""},{""@Name"":""AccessList"",""#text"":""%%7688, ""},{""@Name"":""AccessMask"",""#text"":""0x100""},{""@Name"":""Properties"",""#text"":""%%7688, {771727b1-31b8-4cdf-ae62-4fe39fadf89e}, {612cb747-c0e8-4f92-9221-fdd5f15b550d}, {bf967a9c-0de6-11d0-a285-00aa003049e2}, ""},{""@Name"":""AdditionalInfo"",""#text"":""-""},{""@Name"":""AdditionalInfo2""}]}}"
77,229230169,2021-11-25 14:11:11.3505794,4662,LogAlways,Microsoft-Windows-Security-Auditing,Security,592,6916,rootdc1.offsec.lan,1,,Operation performed on an object,OFFSEC\admmig,,ObjectServer: DS,ObjectType: %{bf967a9c-0de6-11d0-a285-00aa003049e2},ObjectName: %{6f000cec-e9e1-48e0-be41-b6c18ccc0610},"AccessList: Unknown code (%%7688, )",AccessMask: Unknown code (0x100),,,False,EVTX-to-MITRE-Attack\TA0007-Discovery\T1069-Permission Groups Discovery\ID4662-Domain group enumeration CME.evtx,Audit success,0,"{""EventData"":{""Data"":[{""@Name"":""SubjectUserSid"",""#text"":""S-1-5-21-4230534742-2542757381-3142984815-1111""},{""@Name"":""SubjectUserName"",""#text"":""admmig""},{""@Name"":""SubjectDomainName"",""#text"":""OFFSEC""},{""@Name"":""SubjectLogonId"",""#text"":""0xAB3C3FC80""},{""@Name"":""ObjectServer"",""#text"":""DS""},{""@Name"":""ObjectType"",""#text"":""%{bf967a9c-0de6-11d0-a285-00aa003049e2}""},{""@Name"":""ObjectName"",""#text"":""%{6f000cec-e9e1-48e0-be41-b6c18ccc0610}""},{""@Name"":""OperationType"",""#text"":""Object Access""},{""@Name"":""HandleId"",""#text"":""0x0""},{""@Name"":""AccessList"",""#text"":""%%7688, ""},{""@Name"":""AccessMask"",""#text"":""0x100""},{""@Name"":""Properties"",""#text"":""%%7688, {771727b1-31b8-4cdf-ae62-4fe39fadf89e}, {612cb747-c0e8-4f92-9221-fdd5f15b550d}, {bf967a9c-0de6-11d0-a285-00aa003049e2}, ""},{""@Name"":""AdditionalInfo"",""#text"":""-""},{""@Name"":""AdditionalInfo2""}]}}"
78,229230170,2021-11-25 14:11:11.3510272,4662,LogAlways,Microsoft-Windows-Security-Auditing,Security,592,6916,rootdc1.offsec.lan,1,,Operation performed on an object,OFFSEC\admmig,,ObjectServer: DS,ObjectType: %{bf967a9c-0de6-11d0-a285-00aa003049e2},ObjectName: %{223864a3-10f7-4096-8eb7-08cb79216eae},"AccessList: Unknown code (%%7688, )",AccessMask: Unknown code (0x100),,,False,EVTX-to-MITRE-Attack\TA0007-Discovery\T1069-Permission Groups Discovery\ID4662-Domain group enumeration CME.evtx,Audit success,0,"{""EventData"":{""Data"":[{""@Name"":""SubjectUserSid"",""#text"":""S-1-5-21-4230534742-2542757381-3142984815-1111""},{""@Name"":""SubjectUserName"",""#text"":""admmig""},{""@Name"":""SubjectDomainName"",""#text"":""OFFSEC""},{""@Name"":""SubjectLogonId"",""#text"":""0xAB3C3FC80""},{""@Name"":""ObjectServer"",""#text"":""DS""},{""@Name"":""ObjectType"",""#text"":""%{bf967a9c-0de6-11d0-a285-00aa003049e2}""},{""@Name"":""ObjectName"",""#text"":""%{223864a3-10f7-4096-8eb7-08cb79216eae}""},{""@Name"":""OperationType"",""#text"":""Object Access""},{""@Name"":""HandleId"",""#text"":""0x0""},{""@Name"":""AccessList"",""#text"":""%%7688, ""},{""@Name"":""AccessMask"",""#text"":""0x100""},{""@Name"":""Properties"",""#text"":""%%7688, {771727b1-31b8-4cdf-ae62-4fe39fadf89e}, {612cb747-c0e8-4f92-9221-fdd5f15b550d}, {bf967a9c-0de6-11d0-a285-00aa003049e2}, ""},{""@Name"":""AdditionalInfo"",""#text"":""-""},{""@Name"":""AdditionalInfo2""}]}}"
79,229230171,2021-11-25 14:11:11.3514610,4662,LogAlways,Microsoft-Windows-Security-Auditing,Security,592,6916,rootdc1.offsec.lan,1,,Operation performed on an object,OFFSEC\admmig,,ObjectServer: DS,ObjectType: %{bf967a9c-0de6-11d0-a285-00aa003049e2},ObjectName: %{95a78d5e-ed80-426a-a73a-611b39086e74},"AccessList: Unknown code (%%7688, )",AccessMask: Unknown code (0x100),,,False,EVTX-to-MITRE-Attack\TA0007-Discovery\T1069-Permission Groups Discovery\ID4662-Domain group enumeration CME.evtx,Audit success,0,"{""EventData"":{""Data"":[{""@Name"":""SubjectUserSid"",""#text"":""S-1-5-21-4230534742-2542757381-3142984815-1111""},{""@Name"":""SubjectUserName"",""#text"":""admmig""},{""@Name"":""SubjectDomainName"",""#text"":""OFFSEC""},{""@Name"":""SubjectLogonId"",""#text"":""0xAB3C3FC80""},{""@Name"":""ObjectServer"",""#text"":""DS""},{""@Name"":""ObjectType"",""#text"":""%{bf967a9c-0de6-11d0-a285-00aa003049e2}""},{""@Name"":""ObjectName"",""#text"":""%{95a78d5e-ed80-426a-a73a-611b39086e74}""},{""@Name"":""OperationType"",""#text"":""Object Access""},{""@Name"":""HandleId"",""#text"":""0x0""},{""@Name"":""AccessList"",""#text"":""%%7688, ""},{""@Name"":""AccessMask"",""#text"":""0x100""},{""@Name"":""Properties"",""#text"":""%%7688, {771727b1-31b8-4cdf-ae62-4fe39fadf89e}, {612cb747-c0e8-4f92-9221-fdd5f15b550d}, {bf967a9c-0de6-11d0-a285-00aa003049e2}, ""},{""@Name"":""AdditionalInfo"",""#text"":""-""},{""@Name"":""AdditionalInfo2""}]}}"
80,229230172,2021-11-25 14:11:11.3518040,4662,LogAlways,Microsoft-Windows-Security-Auditing,Security,592,6916,rootdc1.offsec.lan,1,,Operation performed on an object,OFFSEC\admmig,,ObjectServer: DS,ObjectType: %{bf967a9c-0de6-11d0-a285-00aa003049e2},ObjectName: %{d6db55e3-8f77-4822-98df-fb22af96948c},"AccessList: Unknown code (%%7688, )",AccessMask: Unknown code (0x100),,,False,EVTX-to-MITRE-Attack\TA0007-Discovery\T1069-Permission Groups Discovery\ID4662-Domain group enumeration CME.evtx,Audit success,0,"{""EventData"":{""Data"":[{""@Name"":""SubjectUserSid"",""#text"":""S-1-5-21-4230534742-2542757381-3142984815-1111""},{""@Name"":""SubjectUserName"",""#text"":""admmig""},{""@Name"":""SubjectDomainName"",""#text"":""OFFSEC""},{""@Name"":""SubjectLogonId"",""#text"":""0xAB3C3FC80""},{""@Name"":""ObjectServer"",""#text"":""DS""},{""@Name"":""ObjectType"",""#text"":""%{bf967a9c-0de6-11d0-a285-00aa003049e2}""},{""@Name"":""ObjectName"",""#text"":""%{d6db55e3-8f77-4822-98df-fb22af96948c}""},{""@Name"":""OperationType"",""#text"":""Object Access""},{""@Name"":""HandleId"",""#text"":""0x0""},{""@Name"":""AccessList"",""#text"":""%%7688, ""},{""@Name"":""AccessMask"",""#text"":""0x100""},{""@Name"":""Properties"",""#text"":""%%7688, {771727b1-31b8-4cdf-ae62-4fe39fadf89e}, {612cb747-c0e8-4f92-9221-fdd5f15b550d}, {bf967a9c-0de6-11d0-a285-00aa003049e2}, ""},{""@Name"":""AdditionalInfo"",""#text"":""-""},{""@Name"":""AdditionalInfo2""}]}}"
