RecordNumber,EventRecordId,TimeCreated,EventId,Level,Provider,Channel,ProcessId,ThreadId,Computer,ChunkNumber,UserId,MapDescription,UserName,RemoteHost,PayloadData1,PayloadData2,PayloadData3,PayloadData4,PayloadData5,PayloadData6,ExecutableInfo,HiddenRecord,SourceFile,Keywords,ExtraDataOffset,Payload
1,1161742,2021-10-06 09:34:50.4833062,800,Info,PowerShell,Windows PowerShell,0,0,win10-02.offsec.lan,0,,Pipeline Execution Details,,,"HostApplication=C:\Windows\System32\WindowsPowerShell\v1.0\powershell.exe
","HostName=ConsoleHost
","HostVersion=5.1.19041.1237
",,,,,False,EVTX-to-MITRE-Attack\TA0005-Defense Evasion\T1562.001-Impair Defenses-Disable or Modify tool\ID800-4103-4104 Defender critical features disabled (PowerShell).evtx,0x80000000000000,0,"{""EventData"":{""Data"":""\tDetailSequence=1\n\tDetailTotal=1\n\n\tSequenceNumber=247\n\n\tUserId=OFFSEC\\admmig\n\tHostName=ConsoleHost\n\tHostVersion=5.1.19041.1237\n\tHostId=cd8cafb9-7c03-4e5e-9d54-914780550df1\n\tHostApplication=C:\\Windows\\System32\\WindowsPowerShell\\v1.0\\powershell.exe\n\tEngineVersion=5.1.19041.1237\n\tRunspaceId=d94c9947-fce3-4f7e-9a49-18ff6724f22b\n\tPipelineId=18\n\tScriptName=\n\tCommandLine=, CommandInvocation(PSConsoleHostReadLine): \""PSConsoleHostReadLine\""\n"",""Binary"":""""}}"
2,1328809,2021-10-06 09:34:50.4873233,4103,Info,Microsoft-Windows-PowerShell,Microsoft-Windows-PowerShell/Operational,1636,9868,win10-02.offsec.lan,0,S-1-5-21-4230534742-2542757381-3142984815-1111,Pipeline executed,OFFSEC\admmig,,Command Name: PSConsoleHostReadLine,Host Application = C:\Windows\System32\WindowsPowerShell\v1.0\powershell.exe,"Script Name: ","ConnectedUser: ",Host Name: ConsoleHost,"Payload: CommandInvocation(PSConsoleHostReadLine): ""PSConsoleHostReadLine"", ",,False,EVTX-to-MITRE-Attack\TA0005-Defense Evasion\T1562.001-Impair Defenses-Disable or Modify tool\ID800-4103-4104 Defender critical features disabled (PowerShell).evtx,0x0,0,"{""EventData"":{""Data"":[{""@Name"":""ContextInfo"",""#text"":""        Severity = Informational,         Host Name = ConsoleHost,         Host Version = 5.1.19041.1237,         Host ID = cd8cafb9-7c03-4e5e-9d54-914780550df1,         Host Application = C:\\Windows\\System32\\WindowsPowerShell\\v1.0\\powershell.exe,         Engine Version = 5.1.19041.1237,         Runspace ID = d94c9947-fce3-4f7e-9a49-18ff6724f22b,         Pipeline ID = 18,         Command Name = PSConsoleHostReadLine,         Command Type = Function,         Script Name = ,         Command Path = ,         Sequence Number = 248,         User = OFFSEC\\admmig,         Connected User = ,         Shell ID = Microsoft.PowerShell, ""},{""@Name"":""UserData""},{""@Name"":""Payload"",""#text"":""CommandInvocation(PSConsoleHostReadLine): \""PSConsoleHostReadLine\"", ""}]}}"
3,1328810,2021-10-06 09:34:50.5132719,4104,Verbose,Microsoft-Windows-PowerShell,Microsoft-Windows-PowerShell/Operational,1636,9868,win10-02.offsec.lan,0,S-1-5-21-4230534742-2542757381-3142984815-1111,Contains contents of scripts run,,,"Path: ",ScriptBlockText: Set-MpPreference -DisableRealtimeMonitoring $true,,,,,,False,EVTX-to-MITRE-Attack\TA0005-Defense Evasion\T1562.001-Impair Defenses-Disable or Modify tool\ID800-4103-4104 Defender critical features disabled (PowerShell).evtx,0x0,0,"{""EventData"":{""Data"":[{""@Name"":""MessageNumber"",""#text"":""1""},{""@Name"":""MessageTotal"",""#text"":""1""},{""@Name"":""ScriptBlockText"",""#text"":""Set-MpPreference -DisableRealtimeMonitoring $true""},{""@Name"":""ScriptBlockId"",""#text"":""f455ad08-4885-470d-8365-0469205fe153""},{""@Name"":""Path""}]}}"
4,1161743,2021-10-06 09:34:50.7801835,800,Info,PowerShell,Windows PowerShell,0,0,win10-02.offsec.lan,0,,Pipeline Execution Details,,,"HostApplication=C:\Windows\System32\WindowsPowerShell\v1.0\powershell.exe
","HostName=ConsoleHost
","HostVersion=5.1.19041.1237
",,,,,False,EVTX-to-MITRE-Attack\TA0005-Defense Evasion\T1562.001-Impair Defenses-Disable or Modify tool\ID800-4103-4104 Defender critical features disabled (PowerShell).evtx,0x80000000000000,0,"{""EventData"":{""Data"":""Set-MpPreference -DisableRealtimeMonitoring $true, \tDetailSequence=1\n\tDetailTotal=1\n\n\tSequenceNumber=255\n\n\tUserId=OFFSEC\\admmig\n\tHostName=ConsoleHost\n\tHostVersion=5.1.19041.1237\n\tHostId=cd8cafb9-7c03-4e5e-9d54-914780550df1\n\tHostApplication=C:\\Windows\\System32\\WindowsPowerShell\\v1.0\\powershell.exe\n\tEngineVersion=5.1.19041.1237\n\tRunspaceId=d94c9947-fce3-4f7e-9a49-18ff6724f22b\n\tPipelineId=19\n\tScriptName=\n\tCommandLine=Set-MpPreference -DisableRealtimeMonitoring $true, CommandInvocation(Set-MpPreference): \""Set-MpPreference\""\nParameterBinding(Set-MpPreference): name=\""DisableRealtimeMonitoring\""; value=\""True\""\nParameterBinding(Set-MpPreference): name=\""QuarantinePurgeItemsAfterDelay\""; value=\""0\""\nParameterBinding(Set-MpPreference): name=\""ReportingAdditionalActionTimeOut\""; value=\""0\""\nParameterBinding(Set-MpPreference): name=\""ReportingCriticalFailureTimeOut\""; value=\""0\""\nParameterBinding(Set-MpPreference): name=\""ReportingNonCriticalTimeOut\""; value=\""0\""\nParameterBinding(Set-MpPreference): name=\""ScanAvgCPULoadFactor\""; value=\""0\""\nParameterBinding(Set-MpPreference): name=\""CheckForSignaturesBeforeRunningScan\""; value=\""False\""\nParameterBinding(Set-MpPreference): name=\""ScanPurgeItemsAfterDelay\""; value=\""0\""\nParameterBinding(Set-MpPreference): name=\""ScanOnlyIfIdleEnabled\""; value=\""False\""\nParameterBinding(Set-MpPreference): name=\""ThrottleForScheduledScanOnly\""; value=\""False\""\nParameterBinding(Set-MpPreference): name=\""SignatureFirstAuGracePeriod\""; value=\""0\""\nParameterBinding(Set-MpPreference): name=\""SignatureAuGracePeriod\""; value=\""0\""\nParameterBinding(Set-MpPreference): name=\""SignatureDefinitionUpdateFileSharesSources\""; value=\""\""\nParameterBinding(Set-MpPreference): name=\""SignatureDisableUpdateOnStartupWithoutEngine\""; value=\""False\""\nParameterBinding(Set-MpPreference): name=\""SignatureFallbackOrder\""; value=\""\""\nParameterBinding(Set-MpPreference): name=\""SharedSignaturesPath\""; value=\""\""\nParameterBinding(Set-MpPreference): name=\""SignatureUpdateCatchupInterval\""; value=\""0\""\nParameterBinding(Set-MpPreference): name=\""SignatureUpdateInterval\""; value=\""0\""\nParameterBinding(Set-MpPreference): name=\""SignatureBlobUpdateInterval\""; value=\""0\""\nParameterBinding(Set-MpPreference): name=\""SignatureBlobFileSharesSources\""; value=\""\""\nParameterBinding(Set-MpPreference): name=\""MeteredConnectionUpdates\""; value=\""False\""\nParameterBinding(Set-MpPreference): name=\""AllowNetworkProtectionOnWinServer\""; value=\""False\""\nParameterBinding(Set-MpPreference): name=\""DisableDatagramProcessing\""; value=\""False\""\nParameterBinding(Set-MpPreference): name=\""DisableCpuThrottleOnIdleScans\""; value=\""False\""\nParameterBinding(Set-MpPreference): name=\""DisableAutoExclusions\""; value=\""False\""\nParameterBinding(Set-MpPreference): name=\""DisablePrivacyMode\""; value=\""False\""\nParameterBinding(Set-MpPreference): name=\""RandomizeScheduleTaskTimes\""; value=\""False\""\nParameterBinding(Set-MpPreference): name=\""SchedulerRandomizationTime\""; value=\""0\""\nParameterBinding(Set-MpPreference): name=\""DisableBehaviorMonitoring\""; value=\""False\""\nParameterBinding(Set-MpPreference): name=\""DisableIntrusionPreventionSystem\""; value=\""False\""\nParameterBinding(Set-MpPreference): name=\""DisableIOAVProtection\""; value=\""False\""\nParameterBinding(Set-MpPreference): name=\""DisableScriptScanning\""; value=\""False\""\nParameterBinding(Set-MpPreference): name=\""DisableArchiveScanning\""; value=\""False\""\nParameterBinding(Set-MpPreference): name=\""DisableCatchupFullScan\""; value=\""False\""\nParameterBinding(Set-MpPreference): name=\""DisableCatchupQuickScan\""; value=\""False\""\nParameterBinding(Set-MpPreference): name=\""DisableEmailScanning\""; value=\""False\""\nParameterBinding(Set-MpPreference): name=\""DisableRemovableDriveScanning\""; value=\""False\""\nParameterBinding(Set-MpPreference): name=\""DisableRestorePoint\""; value=\""False\""\nParameterBinding(Set-MpPreference): name=\""DisableScanningMappedNetworkDrivesForFullScan\""; value=\""False\""\nParameterBinding(Set-MpPreference): name=\""DisableScanningNetworkFiles\""; value=\""False\""\nParameterBinding(Set-MpPreference): name=\""UILockdown\""; value=\""False\""\nParameterBinding(Set-MpPreference): name=\""Force\""; value=\""False\""\nParameterBinding(Set-MpPreference): name=\""DisableBlockAtFirstSeen\""; value=\""False\""\nParameterBinding(Set-MpPreference): name=\""CloudExtendedTimeout\""; value=\""0\""\nParameterBinding(Set-MpPreference): name=\""EnableLowCpuPriority\""; value=\""False\""\nParameterBinding(Set-MpPreference): name=\""EnableFileHashComputation\""; value=\""False\""\nParameterBinding(Set-MpPreference): name=\""EnableFullScanOnBatteryPower\""; value=\""False\""\nParameterBinding(Set-MpPreference): name=\""ProxyPacUrl\""; value=\""\""\nParameterBinding(Set-MpPreference): name=\""ProxyServer\""; value=\""\""\nParameterBinding(Set-MpPreference): name=\""ForceUseProxyOnly\""; value=\""False\""\nParameterBinding(Set-MpPreference): name=\""DisableTlsParsing\""; value=\""False\""\nParameterBinding(Set-MpPreference): name=\""DisableHttpParsing\""; value=\""False\""\nParameterBinding(Set-MpPreference): name=\""DisableDnsParsing\""; value=\""False\""\nParameterBinding(Set-MpPreference): name=\""DisableDnsOverTcpParsing\""; value=\""False\""\nParameterBinding(Set-MpPreference): name=\""DisableSshParsing\""; value=\""False\""\nParameterBinding(Set-MpPreference): name=\""DisableGradualRelease\""; value=\""False\""\nParameterBinding(Set-MpPreference): name=\""AllowNetworkProtectionDownLevel\""; value=\""False\""\nParameterBinding(Set-MpPreference): name=\""AllowDatagramProcessingOnWinServer\""; value=\""False\""\nParameterBinding(Set-MpPreference): name=\""EnableDnsSinkhole\""; value=\""False\""\nParameterBinding(Set-MpPreference): name=\""DisableInboundConnectionFiltering\""; value=\""False\""\nParameterBinding(Set-MpPreference): name=\""DisableRdpParsing\""; value=\""False\""\nParameterBinding(Set-MpPreference): name=\""DisableNetworkProtectionPerfTelemetry\""; value=\""False\""\nParameterBinding(Set-MpPreference): name=\""TrustLabelProtectionStatus\""; value=\""0\""\nParameterBinding(Set-MpPreference): name=\""ThrottleLimit\""; value=\""0\""\nParameterBinding(Set-MpPreference): name=\""AsJob\""; value=\""False\""\n"",""Binary"":""""}}"
5,1161744,2021-10-06 09:34:50.7801835,800,Info,PowerShell,Windows PowerShell,0,0,win10-02.offsec.lan,0,,Pipeline Execution Details,,,"HostApplication=C:\Windows\System32\WindowsPowerShell\v1.0\powershell.exe
","HostName=ConsoleHost
","HostVersion=5.1.19041.1237
",,,,,False,EVTX-to-MITRE-Attack\TA0005-Defense Evasion\T1562.001-Impair Defenses-Disable or Modify tool\ID800-4103-4104 Defender critical features disabled (PowerShell).evtx,0x80000000000000,0,"{""EventData"":{""Data"":""\tDetailSequence=1\n\tDetailTotal=1\n\n\tSequenceNumber=259\n\n\tUserId=OFFSEC\\admmig\n\tHostName=ConsoleHost\n\tHostVersion=5.1.19041.1237\n\tHostId=cd8cafb9-7c03-4e5e-9d54-914780550df1\n\tHostApplication=C:\\Windows\\System32\\WindowsPowerShell\\v1.0\\powershell.exe\n\tEngineVersion=5.1.19041.1237\n\tRunspaceId=d94c9947-fce3-4f7e-9a49-18ff6724f22b\n\tPipelineId=19\n\tScriptName=\n\tCommandLine=, CommandInvocation(Out-Default): \""Out-Default\""\n"",""Binary"":""""}}"
6,1328811,2021-10-06 09:34:50.7875944,4103,Info,Microsoft-Windows-PowerShell,Microsoft-Windows-PowerShell/Operational,1636,9868,win10-02.offsec.lan,0,S-1-5-21-4230534742-2542757381-3142984815-1111,Pipeline executed,OFFSEC\admmig,,Command Name: Set-MpPreference,Host Application = C:\Windows\System32\WindowsPowerShell\v1.0\powershell.exe,"Script Name: ","ConnectedUser: ",Host Name: ConsoleHost,"Payload: CommandInvocation(Set-MpPreference): ""Set-MpPreference"", ParameterBinding(Set-MpPreference): name=""DisableRealtimeMonitoring""; value=""True"", ParameterBinding(Set-MpPreference): name=""QuarantinePurgeItemsAfterDelay""; value=""0"", ParameterBinding(Set-MpPreference): name=""ReportingAdditionalActionTimeOut""; value=""0"", ParameterBinding(Set-MpPreference): name=""ReportingCriticalFailureTimeOut""; value=""0"", ParameterBinding(Set-MpPreference): name=""ReportingNonCriticalTimeOut""; value=""0"", ParameterBinding(Set-MpPreference): name=""ScanAvgCPULoadFactor""; value=""0"", ParameterBinding(Set-MpPreference): name=""CheckForSignaturesBeforeRunningScan""; value=""False"", ParameterBinding(Set-MpPreference): name=""ScanPurgeItemsAfterDelay""; value=""0"", ParameterBinding(Set-MpPreference): name=""ScanOnlyIfIdleEnabled""; value=""False"", ParameterBinding(Set-MpPreference): name=""ThrottleForScheduledScanOnly""; value=""False"", ParameterBinding(Set-MpPreference): name=""SignatureFirstAuGracePeriod""; value=""0"", ParameterBinding(Set-MpPreference): name=""SignatureAuGracePeriod""; value=""0"", ParameterBinding(Set-MpPreference): name=""SignatureDefinitionUpdateFileSharesSources""; value="""", ParameterBinding(Set-MpPreference): name=""SignatureDisableUpdateOnStartupWithoutEngine""; value=""False"", ParameterBinding(Set-MpPreference): name=""SignatureFallbackOrder""; value="""", ParameterBinding(Set-MpPreference): name=""SharedSignaturesPath""; value="""", ParameterBinding(Set-MpPreference): name=""SignatureUpdateCatchupInterval""; value=""0"", ParameterBinding(Set-MpPreference): name=""SignatureUpdateInterval""; value=""0"", ParameterBinding(Set-MpPreference): name=""SignatureBlobUpdateInterval""; value=""0"", ParameterBinding(Set-MpPreference): name=""SignatureBlobFileSharesSources""; value="""", ParameterBinding(Set-MpPreference): name=""MeteredConnectionUpdates""; value=""False"", ParameterBinding(Set-MpPreference): name=""AllowNetworkProtectionOnWinServer""; value=""False"", ParameterBinding(Set-MpPreference): name=""DisableDatagramProcessing""; value=""False"", ParameterBinding(Set-MpPreference): name=""DisableCpuThrottleOnIdleScans""; value=""False"", ParameterBinding(Set-MpPreference): name=""DisableAutoExclusions""; value=""False"", ParameterBinding(Set-MpPreference): name=""DisablePrivacyMode""; value=""False"", ParameterBinding(Set-MpPreference): name=""RandomizeScheduleTaskTimes""; value=""False"", ParameterBinding(Set-MpPreference): name=""SchedulerRandomizationTime""; value=""0"", ParameterBinding(Set-MpPreference): name=""DisableBehaviorMonitoring""; value=""False"", ParameterBinding(Set-MpPreference): name=""DisableIntrusionPreventionSystem""; value=""False"", ParameterBinding(Set-MpPreference): name=""DisableIOAVProtection""; value=""False"", ParameterBinding(Set-MpPreference): name=""DisableScriptScanning""; value=""False"", ParameterBinding(Set-MpPreference): name=""DisableArchiveScanning""; value=""False"", ParameterBinding(Set-MpPreference): name=""DisableCatchupFullScan""; value=""False"", ParameterBinding(Set-MpPreference): name=""DisableCatchupQuickScan""; value=""False"", ParameterBinding(Set-MpPreference): name=""DisableEmailScanning""; value=""False"", ParameterBinding(Set-MpPreference): name=""DisableRemovableDriveScanning""; value=""False"", ParameterBinding(Set-MpPreference): name=""DisableRestorePoint""; value=""False"", ParameterBinding(Set-MpPreference): name=""DisableScanningMappedNetworkDrivesForFullScan""; value=""False"", ParameterBinding(Set-MpPreference): name=""DisableScanningNetworkFiles""; value=""False"", ParameterBinding(Set-MpPreference): name=""UILockdown""; value=""False"", ParameterBinding(Set-MpPreference): name=""Force""; value=""False"", ParameterBinding(Set-MpPreference): name=""DisableBlockAtFirstSeen""; value=""False"", ParameterBinding(Set-MpPreference): name=""CloudExtendedTimeout""; value=""0"", ParameterBinding(Set-MpPreference): name=""EnableLowCpuPriority""; value=""False"", ParameterBinding(Set-MpPreference): name=""EnableFileHashComputation""; value=""False"", ParameterBinding(Set-MpPreference): name=""EnableFullScanOnBatteryPower""; value=""False"", ParameterBinding(Set-MpPreference): name=""ProxyPacUrl""; value="""", ParameterBinding(Set-MpPreference): name=""ProxyServer""; value="""", ParameterBinding(Set-MpPreference): name=""ForceUseProxyOnly""; value=""False"", ParameterBinding(Set-MpPreference): name=""DisableTlsParsing""; value=""False"", ParameterBinding(Set-MpPreference): name=""DisableHttpParsing""; value=""False"", ParameterBinding(Set-MpPreference): name=""DisableDnsParsing""; value=""False"", ParameterBinding(Set-MpPreference): name=""DisableDnsOverTcpParsing""; value=""False"", ParameterBinding(Set-MpPreference): name=""DisableSshParsing""; value=""False"", ParameterBinding(Set-MpPreference): name=""DisableGradualRelease""; value=""False"", ParameterBinding(Set-MpPreference): name=""AllowNetworkProtectionDownLevel""; value=""False"", ParameterBinding(Set-MpPreference): name=""AllowDatagramProcessingOnWinServer""; value=""False"", ParameterBinding(Set-MpPreference): name=""EnableDnsSinkhole""; value=""False"", ParameterBinding(Set-MpPreference): name=""DisableInboundConnectionFiltering""; value=""False"", ParameterBinding(Set-MpPreference): name=""DisableRdpParsing""; value=""False"", ParameterBinding(Set-MpPreference): name=""DisableNetworkProtectionPerfTelemetry""; value=""False"", ParameterBinding(Set-MpPreference): name=""TrustLabelProtectionStatus""; value=""0"", ParameterBinding(Set-MpPreference): name=""ThrottleLimit""; value=""0"", ParameterBinding(Set-MpPreference): name=""AsJob""; value=""False"", ",,False,EVTX-to-MITRE-Attack\TA0005-Defense Evasion\T1562.001-Impair Defenses-Disable or Modify tool\ID800-4103-4104 Defender critical features disabled (PowerShell).evtx,0x0,0,"{""EventData"":{""Data"":[{""@Name"":""ContextInfo"",""#text"":""        Severity = Informational,         Host Name = ConsoleHost,         Host Version = 5.1.19041.1237,         Host ID = cd8cafb9-7c03-4e5e-9d54-914780550df1,         Host Application = C:\\Windows\\System32\\WindowsPowerShell\\v1.0\\powershell.exe,         Engine Version = 5.1.19041.1237,         Runspace ID = d94c9947-fce3-4f7e-9a49-18ff6724f22b,         Pipeline ID = 19,         Command Name = Set-MpPreference,         Command Type = Function,         Script Name = ,         Command Path = ,         Sequence Number = 256,         User = OFFSEC\\admmig,         Connected User = ,         Shell ID = Microsoft.PowerShell, ""},{""@Name"":""UserData""},{""@Name"":""Payload"",""#text"":""CommandInvocation(Set-MpPreference): \""Set-MpPreference\"", ParameterBinding(Set-MpPreference): name=\""DisableRealtimeMonitoring\""; value=\""True\"", ParameterBinding(Set-MpPreference): name=\""QuarantinePurgeItemsAfterDelay\""; value=\""0\"", ParameterBinding(Set-MpPreference): name=\""ReportingAdditionalActionTimeOut\""; value=\""0\"", ParameterBinding(Set-MpPreference): name=\""ReportingCriticalFailureTimeOut\""; value=\""0\"", ParameterBinding(Set-MpPreference): name=\""ReportingNonCriticalTimeOut\""; value=\""0\"", ParameterBinding(Set-MpPreference): name=\""ScanAvgCPULoadFactor\""; value=\""0\"", ParameterBinding(Set-MpPreference): name=\""CheckForSignaturesBeforeRunningScan\""; value=\""False\"", ParameterBinding(Set-MpPreference): name=\""ScanPurgeItemsAfterDelay\""; value=\""0\"", ParameterBinding(Set-MpPreference): name=\""ScanOnlyIfIdleEnabled\""; value=\""False\"", ParameterBinding(Set-MpPreference): name=\""ThrottleForScheduledScanOnly\""; value=\""False\"", ParameterBinding(Set-MpPreference): name=\""SignatureFirstAuGracePeriod\""; value=\""0\"", ParameterBinding(Set-MpPreference): name=\""SignatureAuGracePeriod\""; value=\""0\"", ParameterBinding(Set-MpPreference): name=\""SignatureDefinitionUpdateFileSharesSources\""; value=\""\"", ParameterBinding(Set-MpPreference): name=\""SignatureDisableUpdateOnStartupWithoutEngine\""; value=\""False\"", ParameterBinding(Set-MpPreference): name=\""SignatureFallbackOrder\""; value=\""\"", ParameterBinding(Set-MpPreference): name=\""SharedSignaturesPath\""; value=\""\"", ParameterBinding(Set-MpPreference): name=\""SignatureUpdateCatchupInterval\""; value=\""0\"", ParameterBinding(Set-MpPreference): name=\""SignatureUpdateInterval\""; value=\""0\"", ParameterBinding(Set-MpPreference): name=\""SignatureBlobUpdateInterval\""; value=\""0\"", ParameterBinding(Set-MpPreference): name=\""SignatureBlobFileSharesSources\""; value=\""\"", ParameterBinding(Set-MpPreference): name=\""MeteredConnectionUpdates\""; value=\""False\"", ParameterBinding(Set-MpPreference): name=\""AllowNetworkProtectionOnWinServer\""; value=\""False\"", ParameterBinding(Set-MpPreference): name=\""DisableDatagramProcessing\""; value=\""False\"", ParameterBinding(Set-MpPreference): name=\""DisableCpuThrottleOnIdleScans\""; value=\""False\"", ParameterBinding(Set-MpPreference): name=\""DisableAutoExclusions\""; value=\""False\"", ParameterBinding(Set-MpPreference): name=\""DisablePrivacyMode\""; value=\""False\"", ParameterBinding(Set-MpPreference): name=\""RandomizeScheduleTaskTimes\""; value=\""False\"", ParameterBinding(Set-MpPreference): name=\""SchedulerRandomizationTime\""; value=\""0\"", ParameterBinding(Set-MpPreference): name=\""DisableBehaviorMonitoring\""; value=\""False\"", ParameterBinding(Set-MpPreference): name=\""DisableIntrusionPreventionSystem\""; value=\""False\"", ParameterBinding(Set-MpPreference): name=\""DisableIOAVProtection\""; value=\""False\"", ParameterBinding(Set-MpPreference): name=\""DisableScriptScanning\""; value=\""False\"", ParameterBinding(Set-MpPreference): name=\""DisableArchiveScanning\""; value=\""False\"", ParameterBinding(Set-MpPreference): name=\""DisableCatchupFullScan\""; value=\""False\"", ParameterBinding(Set-MpPreference): name=\""DisableCatchupQuickScan\""; value=\""False\"", ParameterBinding(Set-MpPreference): name=\""DisableEmailScanning\""; value=\""False\"", ParameterBinding(Set-MpPreference): name=\""DisableRemovableDriveScanning\""; value=\""False\"", ParameterBinding(Set-MpPreference): name=\""DisableRestorePoint\""; value=\""False\"", ParameterBinding(Set-MpPreference): name=\""DisableScanningMappedNetworkDrivesForFullScan\""; value=\""False\"", ParameterBinding(Set-MpPreference): name=\""DisableScanningNetworkFiles\""; value=\""False\"", ParameterBinding(Set-MpPreference): name=\""UILockdown\""; value=\""False\"", ParameterBinding(Set-MpPreference): name=\""Force\""; value=\""False\"", ParameterBinding(Set-MpPreference): name=\""DisableBlockAtFirstSeen\""; value=\""False\"", ParameterBinding(Set-MpPreference): name=\""CloudExtendedTimeout\""; value=\""0\"", ParameterBinding(Set-MpPreference): name=\""EnableLowCpuPriority\""; value=\""False\"", ParameterBinding(Set-MpPreference): name=\""EnableFileHashComputation\""; value=\""False\"", ParameterBinding(Set-MpPreference): name=\""EnableFullScanOnBatteryPower\""; value=\""False\"", ParameterBinding(Set-MpPreference): name=\""ProxyPacUrl\""; value=\""\"", ParameterBinding(Set-MpPreference): name=\""ProxyServer\""; value=\""\"", ParameterBinding(Set-MpPreference): name=\""ForceUseProxyOnly\""; value=\""False\"", ParameterBinding(Set-MpPreference): name=\""DisableTlsParsing\""; value=\""False\"", ParameterBinding(Set-MpPreference): name=\""DisableHttpParsing\""; value=\""False\"", ParameterBinding(Set-MpPreference): name=\""DisableDnsParsing\""; value=\""False\"", ParameterBinding(Set-MpPreference): name=\""DisableDnsOverTcpParsing\""; value=\""False\"", ParameterBinding(Set-MpPreference): name=\""DisableSshParsing\""; value=\""False\"", ParameterBinding(Set-MpPreference): name=\""DisableGradualRelease\""; value=\""False\"", ParameterBinding(Set-MpPreference): name=\""AllowNetworkProtectionDownLevel\""; value=\""False\"", ParameterBinding(Set-MpPreference): name=\""AllowDatagramProcessingOnWinServer\""; value=\""False\"", ParameterBinding(Set-MpPreference): name=\""EnableDnsSinkhole\""; value=\""False\"", ParameterBinding(Set-MpPreference): name=\""DisableInboundConnectionFiltering\""; value=\""False\"", ParameterBinding(Set-MpPreference): name=\""DisableRdpParsing\""; value=\""False\"", ParameterBinding(Set-MpPreference): name=\""DisableNetworkProtectionPerfTelemetry\""; value=\""False\"", ParameterBinding(Set-MpPreference): name=\""TrustLabelProtectionStatus\""; value=\""0\"", ParameterBinding(Set-MpPreference): name=\""ThrottleLimit\""; value=\""0\"", ParameterBinding(Set-MpPreference): name=\""AsJob\""; value=\""False\"", ""}]}}"
7,1328812,2021-10-06 09:34:50.7884332,4103,Info,Microsoft-Windows-PowerShell,Microsoft-Windows-PowerShell/Operational,1636,9868,win10-02.offsec.lan,0,S-1-5-21-4230534742-2542757381-3142984815-1111,Pipeline executed,OFFSEC\admmig,,"Command Name: ",Host Application = C:\Windows\System32\WindowsPowerShell\v1.0\powershell.exe,"Script Name: ","ConnectedUser: ",Host Name: ConsoleHost,"Payload: CommandInvocation(Out-Default): ""Out-Default"", ",,False,EVTX-to-MITRE-Attack\TA0005-Defense Evasion\T1562.001-Impair Defenses-Disable or Modify tool\ID800-4103-4104 Defender critical features disabled (PowerShell).evtx,0x0,0,"{""EventData"":{""Data"":[{""@Name"":""ContextInfo"",""#text"":""        Severity = Informational,         Host Name = ConsoleHost,         Host Version = 5.1.19041.1237,         Host ID = cd8cafb9-7c03-4e5e-9d54-914780550df1,         Host Application = C:\\Windows\\System32\\WindowsPowerShell\\v1.0\\powershell.exe,         Engine Version = 5.1.19041.1237,         Runspace ID = d94c9947-fce3-4f7e-9a49-18ff6724f22b,         Pipeline ID = 19,         Command Name = ,         Command Type = Script,         Script Name = ,         Command Path = ,         Sequence Number = 260,         User = OFFSEC\\admmig,         Connected User = ,         Shell ID = Microsoft.PowerShell, ""},{""@Name"":""UserData""},{""@Name"":""Payload"",""#text"":""CommandInvocation(Out-Default): \""Out-Default\"", ""}]}}"
8,1328813,2021-10-06 09:34:50.7949486,4104,Verbose,Microsoft-Windows-PowerShell,Microsoft-Windows-PowerShell/Operational,1636,9868,win10-02.offsec.lan,0,S-1-5-21-4230534742-2542757381-3142984815-1111,Contains contents of scripts run,,,"Path: ",ScriptBlockText: prompt,,,,,,False,EVTX-to-MITRE-Attack\TA0005-Defense Evasion\T1562.001-Impair Defenses-Disable or Modify tool\ID800-4103-4104 Defender critical features disabled (PowerShell).evtx,0x0,0,"{""EventData"":{""Data"":[{""@Name"":""MessageNumber"",""#text"":""1""},{""@Name"":""MessageTotal"",""#text"":""1""},{""@Name"":""ScriptBlockText"",""#text"":""prompt""},{""@Name"":""ScriptBlockId"",""#text"":""700669ca-cfcd-4306-a228-c206e460acb5""},{""@Name"":""Path""}]}}"
9,1161745,2021-10-06 09:34:50.7958101,800,Info,PowerShell,Windows PowerShell,0,0,win10-02.offsec.lan,0,,Pipeline Execution Details,,,"HostApplication=C:\Windows\System32\WindowsPowerShell\v1.0\powershell.exe
","HostName=ConsoleHost
","HostVersion=5.1.19041.1237
",,,,,False,EVTX-to-MITRE-Attack\TA0005-Defense Evasion\T1562.001-Impair Defenses-Disable or Modify tool\ID800-4103-4104 Defender critical features disabled (PowerShell).evtx,0x80000000000000,0,"{""EventData"":{""Data"":""    Microsoft.PowerShell.Core\\Set-StrictMode -Off\n, \tDetailSequence=1\n\tDetailTotal=1\n\n\tSequenceNumber=274\n\n\tUserId=OFFSEC\\admmig\n\tHostName=ConsoleHost\n\tHostVersion=5.1.19041.1237\n\tHostId=cd8cafb9-7c03-4e5e-9d54-914780550df1\n\tHostApplication=C:\\Windows\\System32\\WindowsPowerShell\\v1.0\\powershell.exe\n\tEngineVersion=5.1.19041.1237\n\tRunspaceId=d94c9947-fce3-4f7e-9a49-18ff6724f22b\n\tPipelineId=21\n\tScriptName=C:\\Program Files\\WindowsPowerShell\\Modules\\PSReadline\\2.0.0\\PSReadLine.psm1\n\tCommandLine=    Microsoft.PowerShell.Core\\Set-StrictMode -Off\n, CommandInvocation(Set-StrictMode): \""Set-StrictMode\""\nParameterBinding(Set-StrictMode): name=\""Off\""; value=\""True\""\n"",""Binary"":""""}}"
10,1161746,2021-10-06 09:34:50.7958101,800,Info,PowerShell,Windows PowerShell,0,0,win10-02.offsec.lan,0,,Pipeline Execution Details,,,"HostApplication=C:\Windows\System32\WindowsPowerShell\v1.0\powershell.exe
","HostName=ConsoleHost
","HostVersion=5.1.19041.1237
",,,,,False,EVTX-to-MITRE-Attack\TA0005-Defense Evasion\T1562.001-Impair Defenses-Disable or Modify tool\ID800-4103-4104 Defender critical features disabled (PowerShell).evtx,0x80000000000000,0,"{""EventData"":{""Data"":""\tDetailSequence=1\n\tDetailTotal=1\n\n\tSequenceNumber=277\n\n\tUserId=OFFSEC\\admmig\n\tHostName=ConsoleHost\n\tHostVersion=5.1.19041.1237\n\tHostId=cd8cafb9-7c03-4e5e-9d54-914780550df1\n\tHostApplication=C:\\Windows\\System32\\WindowsPowerShell\\v1.0\\powershell.exe\n\tEngineVersion=5.1.19041.1237\n\tRunspaceId=d94c9947-fce3-4f7e-9a49-18ff6724f22b\n\tPipelineId=21\n\tScriptName=\n\tCommandLine=, CommandInvocation(PSConsoleHostReadLine): \""PSConsoleHostReadLine\""\n"",""Binary"":""""}}"
11,1328814,2021-10-06 09:34:50.7977347,4103,Info,Microsoft-Windows-PowerShell,Microsoft-Windows-PowerShell/Operational,1636,9868,win10-02.offsec.lan,0,S-1-5-21-4230534742-2542757381-3142984815-1111,Pipeline executed,OFFSEC\admmig,,Command Name: Set-StrictMode,Host Application = C:\Windows\System32\WindowsPowerShell\v1.0\powershell.exe,Script Name: C:\Program Files\WindowsPowerShell\Modules\PSReadline\2.0.0\PSReadLine.psm1,"ConnectedUser: ",Host Name: ConsoleHost,"Payload: CommandInvocation(Set-StrictMode): ""Set-StrictMode"", ParameterBinding(Set-StrictMode): name=""Off""; value=""True"", ",,False,EVTX-to-MITRE-Attack\TA0005-Defense Evasion\T1562.001-Impair Defenses-Disable or Modify tool\ID800-4103-4104 Defender critical features disabled (PowerShell).evtx,0x0,0,"{""EventData"":{""Data"":[{""@Name"":""ContextInfo"",""#text"":""        Severity = Informational,         Host Name = ConsoleHost,         Host Version = 5.1.19041.1237,         Host ID = cd8cafb9-7c03-4e5e-9d54-914780550df1,         Host Application = C:\\Windows\\System32\\WindowsPowerShell\\v1.0\\powershell.exe,         Engine Version = 5.1.19041.1237,         Runspace ID = d94c9947-fce3-4f7e-9a49-18ff6724f22b,         Pipeline ID = 21,         Command Name = Set-StrictMode,         Command Type = Cmdlet,         Script Name = C:\\Program Files\\WindowsPowerShell\\Modules\\PSReadline\\2.0.0\\PSReadLine.psm1,         Command Path = ,         Sequence Number = 275,         User = OFFSEC\\admmig,         Connected User = ,         Shell ID = Microsoft.PowerShell, ""},{""@Name"":""UserData""},{""@Name"":""Payload"",""#text"":""CommandInvocation(Set-StrictMode): \""Set-StrictMode\"", ParameterBinding(Set-StrictMode): name=\""Off\""; value=\""True\"", ""}]}}"
12,1328815,2021-10-06 09:34:50.8051637,4103,Info,Microsoft-Windows-PowerShell,Microsoft-Windows-PowerShell/Operational,1636,9868,win10-02.offsec.lan,0,S-1-5-21-4230534742-2542757381-3142984815-1111,Pipeline executed,OFFSEC\admmig,,Command Name: PSConsoleHostReadLine,Host Application = C:\Windows\System32\WindowsPowerShell\v1.0\powershell.exe,"Script Name: ","ConnectedUser: ",Host Name: ConsoleHost,"Payload: CommandInvocation(PSConsoleHostReadLine): ""PSConsoleHostReadLine"", ",,False,EVTX-to-MITRE-Attack\TA0005-Defense Evasion\T1562.001-Impair Defenses-Disable or Modify tool\ID800-4103-4104 Defender critical features disabled (PowerShell).evtx,0x0,0,"{""EventData"":{""Data"":[{""@Name"":""ContextInfo"",""#text"":""        Severity = Informational,         Host Name = ConsoleHost,         Host Version = 5.1.19041.1237,         Host ID = cd8cafb9-7c03-4e5e-9d54-914780550df1,         Host Application = C:\\Windows\\System32\\WindowsPowerShell\\v1.0\\powershell.exe,         Engine Version = 5.1.19041.1237,         Runspace ID = d94c9947-fce3-4f7e-9a49-18ff6724f22b,         Pipeline ID = 21,         Command Name = PSConsoleHostReadLine,         Command Type = Function,         Script Name = ,         Command Path = ,         Sequence Number = 278,         User = OFFSEC\\admmig,         Connected User = ,         Shell ID = Microsoft.PowerShell, ""},{""@Name"":""UserData""},{""@Name"":""Payload"",""#text"":""CommandInvocation(PSConsoleHostReadLine): \""PSConsoleHostReadLine\"", ""}]}}"
13,1328816,2021-10-06 09:34:50.8812229,4104,Verbose,Microsoft-Windows-PowerShell,Microsoft-Windows-PowerShell/Operational,1636,9868,win10-02.offsec.lan,0,S-1-5-21-4230534742-2542757381-3142984815-1111,Contains contents of scripts run,,,"Path: ",ScriptBlockText: Set-MpPreference -DisableIOAVProtection $true,,,,,,False,EVTX-to-MITRE-Attack\TA0005-Defense Evasion\T1562.001-Impair Defenses-Disable or Modify tool\ID800-4103-4104 Defender critical features disabled (PowerShell).evtx,0x0,0,"{""EventData"":{""Data"":[{""@Name"":""MessageNumber"",""#text"":""1""},{""@Name"":""MessageTotal"",""#text"":""1""},{""@Name"":""ScriptBlockText"",""#text"":""Set-MpPreference -DisableIOAVProtection $true""},{""@Name"":""ScriptBlockId"",""#text"":""df8e876c-abd8-42f1-b7c6-e26e8f74c221""},{""@Name"":""Path""}]}}"
14,1161747,2021-10-06 09:34:50.9520458,800,Info,PowerShell,Windows PowerShell,0,0,win10-02.offsec.lan,0,,Pipeline Execution Details,,,"HostApplication=C:\Windows\System32\WindowsPowerShell\v1.0\powershell.exe
","HostName=ConsoleHost
","HostVersion=5.1.19041.1237
",,,,,False,EVTX-to-MITRE-Attack\TA0005-Defense Evasion\T1562.001-Impair Defenses-Disable or Modify tool\ID800-4103-4104 Defender critical features disabled (PowerShell).evtx,0x80000000000000,0,"{""EventData"":{""Data"":""Set-MpPreference -DisableIOAVProtection $true, \tDetailSequence=1\n\tDetailTotal=1\n\n\tSequenceNumber=285\n\n\tUserId=OFFSEC\\admmig\n\tHostName=ConsoleHost\n\tHostVersion=5.1.19041.1237\n\tHostId=cd8cafb9-7c03-4e5e-9d54-914780550df1\n\tHostApplication=C:\\Windows\\System32\\WindowsPowerShell\\v1.0\\powershell.exe\n\tEngineVersion=5.1.19041.1237\n\tRunspaceId=d94c9947-fce3-4f7e-9a49-18ff6724f22b\n\tPipelineId=22\n\tScriptName=\n\tCommandLine=Set-MpPreference -DisableIOAVProtection $true, CommandInvocation(Set-MpPreference): \""Set-MpPreference\""\nParameterBinding(Set-MpPreference): name=\""DisableIOAVProtection\""; value=\""True\""\nParameterBinding(Set-MpPreference): name=\""QuarantinePurgeItemsAfterDelay\""; value=\""0\""\nParameterBinding(Set-MpPreference): name=\""ReportingAdditionalActionTimeOut\""; value=\""0\""\nParameterBinding(Set-MpPreference): name=\""ReportingCriticalFailureTimeOut\""; value=\""0\""\nParameterBinding(Set-MpPreference): name=\""ReportingNonCriticalTimeOut\""; value=\""0\""\nParameterBinding(Set-MpPreference): name=\""ScanAvgCPULoadFactor\""; value=\""0\""\nParameterBinding(Set-MpPreference): name=\""CheckForSignaturesBeforeRunningScan\""; value=\""False\""\nParameterBinding(Set-MpPreference): name=\""ScanPurgeItemsAfterDelay\""; value=\""0\""\nParameterBinding(Set-MpPreference): name=\""ScanOnlyIfIdleEnabled\""; value=\""False\""\nParameterBinding(Set-MpPreference): name=\""ThrottleForScheduledScanOnly\""; value=\""False\""\nParameterBinding(Set-MpPreference): name=\""SignatureFirstAuGracePeriod\""; value=\""0\""\nParameterBinding(Set-MpPreference): name=\""SignatureAuGracePeriod\""; value=\""0\""\nParameterBinding(Set-MpPreference): name=\""SignatureDefinitionUpdateFileSharesSources\""; value=\""\""\nParameterBinding(Set-MpPreference): name=\""SignatureDisableUpdateOnStartupWithoutEngine\""; value=\""False\""\nParameterBinding(Set-MpPreference): name=\""SignatureFallbackOrder\""; value=\""\""\nParameterBinding(Set-MpPreference): name=\""SharedSignaturesPath\""; value=\""\""\nParameterBinding(Set-MpPreference): name=\""SignatureUpdateCatchupInterval\""; value=\""0\""\nParameterBinding(Set-MpPreference): name=\""SignatureUpdateInterval\""; value=\""0\""\nParameterBinding(Set-MpPreference): name=\""SignatureBlobUpdateInterval\""; value=\""0\""\nParameterBinding(Set-MpPreference): name=\""SignatureBlobFileSharesSources\""; value=\""\""\nParameterBinding(Set-MpPreference): name=\""MeteredConnectionUpdates\""; value=\""False\""\nParameterBinding(Set-MpPreference): name=\""AllowNetworkProtectionOnWinServer\""; value=\""False\""\nParameterBinding(Set-MpPreference): name=\""DisableDatagramProcessing\""; value=\""False\""\nParameterBinding(Set-MpPreference): name=\""DisableCpuThrottleOnIdleScans\""; value=\""False\""\nParameterBinding(Set-MpPreference): name=\""DisableAutoExclusions\""; value=\""False\""\nParameterBinding(Set-MpPreference): name=\""DisablePrivacyMode\""; value=\""False\""\nParameterBinding(Set-MpPreference): name=\""RandomizeScheduleTaskTimes\""; value=\""False\""\nParameterBinding(Set-MpPreference): name=\""SchedulerRandomizationTime\""; value=\""0\""\nParameterBinding(Set-MpPreference): name=\""DisableBehaviorMonitoring\""; value=\""False\""\nParameterBinding(Set-MpPreference): name=\""DisableIntrusionPreventionSystem\""; value=\""False\""\nParameterBinding(Set-MpPreference): name=\""DisableRealtimeMonitoring\""; value=\""False\""\nParameterBinding(Set-MpPreference): name=\""DisableScriptScanning\""; value=\""False\""\nParameterBinding(Set-MpPreference): name=\""DisableArchiveScanning\""; value=\""False\""\nParameterBinding(Set-MpPreference): name=\""DisableCatchupFullScan\""; value=\""False\""\nParameterBinding(Set-MpPreference): name=\""DisableCatchupQuickScan\""; value=\""False\""\nParameterBinding(Set-MpPreference): name=\""DisableEmailScanning\""; value=\""False\""\nParameterBinding(Set-MpPreference): name=\""DisableRemovableDriveScanning\""; value=\""False\""\nParameterBinding(Set-MpPreference): name=\""DisableRestorePoint\""; value=\""False\""\nParameterBinding(Set-MpPreference): name=\""DisableScanningMappedNetworkDrivesForFullScan\""; value=\""False\""\nParameterBinding(Set-MpPreference): name=\""DisableScanningNetworkFiles\""; value=\""False\""\nParameterBinding(Set-MpPreference): name=\""UILockdown\""; value=\""False\""\nParameterBinding(Set-MpPreference): name=\""Force\""; value=\""False\""\nParameterBinding(Set-MpPreference): name=\""DisableBlockAtFirstSeen\""; value=\""False\""\nParameterBinding(Set-MpPreference): name=\""CloudExtendedTimeout\""; value=\""0\""\nParameterBinding(Set-MpPreference): name=\""EnableLowCpuPriority\""; value=\""False\""\nParameterBinding(Set-MpPreference): name=\""EnableFileHashComputation\""; value=\""False\""\nParameterBinding(Set-MpPreference): name=\""EnableFullScanOnBatteryPower\""; value=\""False\""\nParameterBinding(Set-MpPreference): name=\""ProxyPacUrl\""; value=\""\""\nParameterBinding(Set-MpPreference): name=\""ProxyServer\""; value=\""\""\nParameterBinding(Set-MpPreference): name=\""ForceUseProxyOnly\""; value=\""False\""\nParameterBinding(Set-MpPreference): name=\""DisableTlsParsing\""; value=\""False\""\nParameterBinding(Set-MpPreference): name=\""DisableHttpParsing\""; value=\""False\""\nParameterBinding(Set-MpPreference): name=\""DisableDnsParsing\""; value=\""False\""\nParameterBinding(Set-MpPreference): name=\""DisableDnsOverTcpParsing\""; value=\""False\""\nParameterBinding(Set-MpPreference): name=\""DisableSshParsing\""; value=\""False\""\nParameterBinding(Set-MpPreference): name=\""DisableGradualRelease\""; value=\""False\""\nParameterBinding(Set-MpPreference): name=\""AllowNetworkProtectionDownLevel\""; value=\""False\""\nParameterBinding(Set-MpPreference): name=\""AllowDatagramProcessingOnWinServer\""; value=\""False\""\nParameterBinding(Set-MpPreference): name=\""EnableDnsSinkhole\""; value=\""False\""\nParameterBinding(Set-MpPreference): name=\""DisableInboundConnectionFiltering\""; value=\""False\""\nParameterBinding(Set-MpPreference): name=\""DisableRdpParsing\""; value=\""False\""\nParameterBinding(Set-MpPreference): name=\""DisableNetworkProtectionPerfTelemetry\""; value=\""False\""\nParameterBinding(Set-MpPreference): name=\""TrustLabelProtectionStatus\""; value=\""0\""\nParameterBinding(Set-MpPreference): name=\""ThrottleLimit\""; value=\""0\""\nParameterBinding(Set-MpPreference): name=\""AsJob\""; value=\""False\""\n"",""Binary"":""""}}"
15,1161748,2021-10-06 09:34:50.9520458,800,Info,PowerShell,Windows PowerShell,0,0,win10-02.offsec.lan,0,,Pipeline Execution Details,,,"HostApplication=C:\Windows\System32\WindowsPowerShell\v1.0\powershell.exe
","HostName=ConsoleHost
","HostVersion=5.1.19041.1237
",,,,,False,EVTX-to-MITRE-Attack\TA0005-Defense Evasion\T1562.001-Impair Defenses-Disable or Modify tool\ID800-4103-4104 Defender critical features disabled (PowerShell).evtx,0x80000000000000,0,"{""EventData"":{""Data"":""\tDetailSequence=1\n\tDetailTotal=1\n\n\tSequenceNumber=289\n\n\tUserId=OFFSEC\\admmig\n\tHostName=ConsoleHost\n\tHostVersion=5.1.19041.1237\n\tHostId=cd8cafb9-7c03-4e5e-9d54-914780550df1\n\tHostApplication=C:\\Windows\\System32\\WindowsPowerShell\\v1.0\\powershell.exe\n\tEngineVersion=5.1.19041.1237\n\tRunspaceId=d94c9947-fce3-4f7e-9a49-18ff6724f22b\n\tPipelineId=22\n\tScriptName=\n\tCommandLine=, CommandInvocation(Out-Default): \""Out-Default\""\n"",""Binary"":""""}}"
16,1328817,2021-10-06 09:34:50.9623652,4103,Info,Microsoft-Windows-PowerShell,Microsoft-Windows-PowerShell/Operational,1636,9868,win10-02.offsec.lan,1,S-1-5-21-4230534742-2542757381-3142984815-1111,Pipeline executed,OFFSEC\admmig,,Command Name: Set-MpPreference,Host Application = C:\Windows\System32\WindowsPowerShell\v1.0\powershell.exe,"Script Name: ","ConnectedUser: ",Host Name: ConsoleHost,"Payload: CommandInvocation(Set-MpPreference): ""Set-MpPreference"", ParameterBinding(Set-MpPreference): name=""DisableIOAVProtection""; value=""True"", ParameterBinding(Set-MpPreference): name=""QuarantinePurgeItemsAfterDelay""; value=""0"", ParameterBinding(Set-MpPreference): name=""ReportingAdditionalActionTimeOut""; value=""0"", ParameterBinding(Set-MpPreference): name=""ReportingCriticalFailureTimeOut""; value=""0"", ParameterBinding(Set-MpPreference): name=""ReportingNonCriticalTimeOut""; value=""0"", ParameterBinding(Set-MpPreference): name=""ScanAvgCPULoadFactor""; value=""0"", ParameterBinding(Set-MpPreference): name=""CheckForSignaturesBeforeRunningScan""; value=""False"", ParameterBinding(Set-MpPreference): name=""ScanPurgeItemsAfterDelay""; value=""0"", ParameterBinding(Set-MpPreference): name=""ScanOnlyIfIdleEnabled""; value=""False"", ParameterBinding(Set-MpPreference): name=""ThrottleForScheduledScanOnly""; value=""False"", ParameterBinding(Set-MpPreference): name=""SignatureFirstAuGracePeriod""; value=""0"", ParameterBinding(Set-MpPreference): name=""SignatureAuGracePeriod""; value=""0"", ParameterBinding(Set-MpPreference): name=""SignatureDefinitionUpdateFileSharesSources""; value="""", ParameterBinding(Set-MpPreference): name=""SignatureDisableUpdateOnStartupWithoutEngine""; value=""False"", ParameterBinding(Set-MpPreference): name=""SignatureFallbackOrder""; value="""", ParameterBinding(Set-MpPreference): name=""SharedSignaturesPath""; value="""", ParameterBinding(Set-MpPreference): name=""SignatureUpdateCatchupInterval""; value=""0"", ParameterBinding(Set-MpPreference): name=""SignatureUpdateInterval""; value=""0"", ParameterBinding(Set-MpPreference): name=""SignatureBlobUpdateInterval""; value=""0"", ParameterBinding(Set-MpPreference): name=""SignatureBlobFileSharesSources""; value="""", ParameterBinding(Set-MpPreference): name=""MeteredConnectionUpdates""; value=""False"", ParameterBinding(Set-MpPreference): name=""AllowNetworkProtectionOnWinServer""; value=""False"", ParameterBinding(Set-MpPreference): name=""DisableDatagramProcessing""; value=""False"", ParameterBinding(Set-MpPreference): name=""DisableCpuThrottleOnIdleScans""; value=""False"", ParameterBinding(Set-MpPreference): name=""DisableAutoExclusions""; value=""False"", ParameterBinding(Set-MpPreference): name=""DisablePrivacyMode""; value=""False"", ParameterBinding(Set-MpPreference): name=""RandomizeScheduleTaskTimes""; value=""False"", ParameterBinding(Set-MpPreference): name=""SchedulerRandomizationTime""; value=""0"", ParameterBinding(Set-MpPreference): name=""DisableBehaviorMonitoring""; value=""False"", ParameterBinding(Set-MpPreference): name=""DisableIntrusionPreventionSystem""; value=""False"", ParameterBinding(Set-MpPreference): name=""DisableRealtimeMonitoring""; value=""False"", ParameterBinding(Set-MpPreference): name=""DisableScriptScanning""; value=""False"", ParameterBinding(Set-MpPreference): name=""DisableArchiveScanning""; value=""False"", ParameterBinding(Set-MpPreference): name=""DisableCatchupFullScan""; value=""False"", ParameterBinding(Set-MpPreference): name=""DisableCatchupQuickScan""; value=""False"", ParameterBinding(Set-MpPreference): name=""DisableEmailScanning""; value=""False"", ParameterBinding(Set-MpPreference): name=""DisableRemovableDriveScanning""; value=""False"", ParameterBinding(Set-MpPreference): name=""DisableRestorePoint""; value=""False"", ParameterBinding(Set-MpPreference): name=""DisableScanningMappedNetworkDrivesForFullScan""; value=""False"", ParameterBinding(Set-MpPreference): name=""DisableScanningNetworkFiles""; value=""False"", ParameterBinding(Set-MpPreference): name=""UILockdown""; value=""False"", ParameterBinding(Set-MpPreference): name=""Force""; value=""False"", ParameterBinding(Set-MpPreference): name=""DisableBlockAtFirstSeen""; value=""False"", ParameterBinding(Set-MpPreference): name=""CloudExtendedTimeout""; value=""0"", ParameterBinding(Set-MpPreference): name=""EnableLowCpuPriority""; value=""False"", ParameterBinding(Set-MpPreference): name=""EnableFileHashComputation""; value=""False"", ParameterBinding(Set-MpPreference): name=""EnableFullScanOnBatteryPower""; value=""False"", ParameterBinding(Set-MpPreference): name=""ProxyPacUrl""; value="""", ParameterBinding(Set-MpPreference): name=""ProxyServer""; value="""", ParameterBinding(Set-MpPreference): name=""ForceUseProxyOnly""; value=""False"", ParameterBinding(Set-MpPreference): name=""DisableTlsParsing""; value=""False"", ParameterBinding(Set-MpPreference): name=""DisableHttpParsing""; value=""False"", ParameterBinding(Set-MpPreference): name=""DisableDnsParsing""; value=""False"", ParameterBinding(Set-MpPreference): name=""DisableDnsOverTcpParsing""; value=""False"", ParameterBinding(Set-MpPreference): name=""DisableSshParsing""; value=""False"", ParameterBinding(Set-MpPreference): name=""DisableGradualRelease""; value=""False"", ParameterBinding(Set-MpPreference): name=""AllowNetworkProtectionDownLevel""; value=""False"", ParameterBinding(Set-MpPreference): name=""AllowDatagramProcessingOnWinServer""; value=""False"", ParameterBinding(Set-MpPreference): name=""EnableDnsSinkhole""; value=""False"", ParameterBinding(Set-MpPreference): name=""DisableInboundConnectionFiltering""; value=""False"", ParameterBinding(Set-MpPreference): name=""DisableRdpParsing""; value=""False"", ParameterBinding(Set-MpPreference): name=""DisableNetworkProtectionPerfTelemetry""; value=""False"", ParameterBinding(Set-MpPreference): name=""TrustLabelProtectionStatus""; value=""0"", ParameterBinding(Set-MpPreference): name=""ThrottleLimit""; value=""0"", ParameterBinding(Set-MpPreference): name=""AsJob""; value=""False"", ",,False,EVTX-to-MITRE-Attack\TA0005-Defense Evasion\T1562.001-Impair Defenses-Disable or Modify tool\ID800-4103-4104 Defender critical features disabled (PowerShell).evtx,0x0,0,"{""EventData"":{""Data"":[{""@Name"":""ContextInfo"",""#text"":""        Severity = Informational,         Host Name = ConsoleHost,         Host Version = 5.1.19041.1237,         Host ID = cd8cafb9-7c03-4e5e-9d54-914780550df1,         Host Application = C:\\Windows\\System32\\WindowsPowerShell\\v1.0\\powershell.exe,         Engine Version = 5.1.19041.1237,         Runspace ID = d94c9947-fce3-4f7e-9a49-18ff6724f22b,         Pipeline ID = 22,         Command Name = Set-MpPreference,         Command Type = Function,         Script Name = ,         Command Path = ,         Sequence Number = 286,         User = OFFSEC\\admmig,         Connected User = ,         Shell ID = Microsoft.PowerShell, ""},{""@Name"":""UserData""},{""@Name"":""Payload"",""#text"":""CommandInvocation(Set-MpPreference): \""Set-MpPreference\"", ParameterBinding(Set-MpPreference): name=\""DisableIOAVProtection\""; value=\""True\"", ParameterBinding(Set-MpPreference): name=\""QuarantinePurgeItemsAfterDelay\""; value=\""0\"", ParameterBinding(Set-MpPreference): name=\""ReportingAdditionalActionTimeOut\""; value=\""0\"", ParameterBinding(Set-MpPreference): name=\""ReportingCriticalFailureTimeOut\""; value=\""0\"", ParameterBinding(Set-MpPreference): name=\""ReportingNonCriticalTimeOut\""; value=\""0\"", ParameterBinding(Set-MpPreference): name=\""ScanAvgCPULoadFactor\""; value=\""0\"", ParameterBinding(Set-MpPreference): name=\""CheckForSignaturesBeforeRunningScan\""; value=\""False\"", ParameterBinding(Set-MpPreference): name=\""ScanPurgeItemsAfterDelay\""; value=\""0\"", ParameterBinding(Set-MpPreference): name=\""ScanOnlyIfIdleEnabled\""; value=\""False\"", ParameterBinding(Set-MpPreference): name=\""ThrottleForScheduledScanOnly\""; value=\""False\"", ParameterBinding(Set-MpPreference): name=\""SignatureFirstAuGracePeriod\""; value=\""0\"", ParameterBinding(Set-MpPreference): name=\""SignatureAuGracePeriod\""; value=\""0\"", ParameterBinding(Set-MpPreference): name=\""SignatureDefinitionUpdateFileSharesSources\""; value=\""\"", ParameterBinding(Set-MpPreference): name=\""SignatureDisableUpdateOnStartupWithoutEngine\""; value=\""False\"", ParameterBinding(Set-MpPreference): name=\""SignatureFallbackOrder\""; value=\""\"", ParameterBinding(Set-MpPreference): name=\""SharedSignaturesPath\""; value=\""\"", ParameterBinding(Set-MpPreference): name=\""SignatureUpdateCatchupInterval\""; value=\""0\"", ParameterBinding(Set-MpPreference): name=\""SignatureUpdateInterval\""; value=\""0\"", ParameterBinding(Set-MpPreference): name=\""SignatureBlobUpdateInterval\""; value=\""0\"", ParameterBinding(Set-MpPreference): name=\""SignatureBlobFileSharesSources\""; value=\""\"", ParameterBinding(Set-MpPreference): name=\""MeteredConnectionUpdates\""; value=\""False\"", ParameterBinding(Set-MpPreference): name=\""AllowNetworkProtectionOnWinServer\""; value=\""False\"", ParameterBinding(Set-MpPreference): name=\""DisableDatagramProcessing\""; value=\""False\"", ParameterBinding(Set-MpPreference): name=\""DisableCpuThrottleOnIdleScans\""; value=\""False\"", ParameterBinding(Set-MpPreference): name=\""DisableAutoExclusions\""; value=\""False\"", ParameterBinding(Set-MpPreference): name=\""DisablePrivacyMode\""; value=\""False\"", ParameterBinding(Set-MpPreference): name=\""RandomizeScheduleTaskTimes\""; value=\""False\"", ParameterBinding(Set-MpPreference): name=\""SchedulerRandomizationTime\""; value=\""0\"", ParameterBinding(Set-MpPreference): name=\""DisableBehaviorMonitoring\""; value=\""False\"", ParameterBinding(Set-MpPreference): name=\""DisableIntrusionPreventionSystem\""; value=\""False\"", ParameterBinding(Set-MpPreference): name=\""DisableRealtimeMonitoring\""; value=\""False\"", ParameterBinding(Set-MpPreference): name=\""DisableScriptScanning\""; value=\""False\"", ParameterBinding(Set-MpPreference): name=\""DisableArchiveScanning\""; value=\""False\"", ParameterBinding(Set-MpPreference): name=\""DisableCatchupFullScan\""; value=\""False\"", ParameterBinding(Set-MpPreference): name=\""DisableCatchupQuickScan\""; value=\""False\"", ParameterBinding(Set-MpPreference): name=\""DisableEmailScanning\""; value=\""False\"", ParameterBinding(Set-MpPreference): name=\""DisableRemovableDriveScanning\""; value=\""False\"", ParameterBinding(Set-MpPreference): name=\""DisableRestorePoint\""; value=\""False\"", ParameterBinding(Set-MpPreference): name=\""DisableScanningMappedNetworkDrivesForFullScan\""; value=\""False\"", ParameterBinding(Set-MpPreference): name=\""DisableScanningNetworkFiles\""; value=\""False\"", ParameterBinding(Set-MpPreference): name=\""UILockdown\""; value=\""False\"", ParameterBinding(Set-MpPreference): name=\""Force\""; value=\""False\"", ParameterBinding(Set-MpPreference): name=\""DisableBlockAtFirstSeen\""; value=\""False\"", ParameterBinding(Set-MpPreference): name=\""CloudExtendedTimeout\""; value=\""0\"", ParameterBinding(Set-MpPreference): name=\""EnableLowCpuPriority\""; value=\""False\"", ParameterBinding(Set-MpPreference): name=\""EnableFileHashComputation\""; value=\""False\"", ParameterBinding(Set-MpPreference): name=\""EnableFullScanOnBatteryPower\""; value=\""False\"", ParameterBinding(Set-MpPreference): name=\""ProxyPacUrl\""; value=\""\"", ParameterBinding(Set-MpPreference): name=\""ProxyServer\""; value=\""\"", ParameterBinding(Set-MpPreference): name=\""ForceUseProxyOnly\""; value=\""False\"", ParameterBinding(Set-MpPreference): name=\""DisableTlsParsing\""; value=\""False\"", ParameterBinding(Set-MpPreference): name=\""DisableHttpParsing\""; value=\""False\"", ParameterBinding(Set-MpPreference): name=\""DisableDnsParsing\""; value=\""False\"", ParameterBinding(Set-MpPreference): name=\""DisableDnsOverTcpParsing\""; value=\""False\"", ParameterBinding(Set-MpPreference): name=\""DisableSshParsing\""; value=\""False\"", ParameterBinding(Set-MpPreference): name=\""DisableGradualRelease\""; value=\""False\"", ParameterBinding(Set-MpPreference): name=\""AllowNetworkProtectionDownLevel\""; value=\""False\"", ParameterBinding(Set-MpPreference): name=\""AllowDatagramProcessingOnWinServer\""; value=\""False\"", ParameterBinding(Set-MpPreference): name=\""EnableDnsSinkhole\""; value=\""False\"", ParameterBinding(Set-MpPreference): name=\""DisableInboundConnectionFiltering\""; value=\""False\"", ParameterBinding(Set-MpPreference): name=\""DisableRdpParsing\""; value=\""False\"", ParameterBinding(Set-MpPreference): name=\""DisableNetworkProtectionPerfTelemetry\""; value=\""False\"", ParameterBinding(Set-MpPreference): name=\""TrustLabelProtectionStatus\""; value=\""0\"", ParameterBinding(Set-MpPreference): name=\""ThrottleLimit\""; value=\""0\"", ParameterBinding(Set-MpPreference): name=\""AsJob\""; value=\""False\"", ""}]}}"
17,1328818,2021-10-06 09:34:50.9627706,4103,Info,Microsoft-Windows-PowerShell,Microsoft-Windows-PowerShell/Operational,1636,9868,win10-02.offsec.lan,1,S-1-5-21-4230534742-2542757381-3142984815-1111,Pipeline executed,OFFSEC\admmig,,"Command Name: ",Host Application = C:\Windows\System32\WindowsPowerShell\v1.0\powershell.exe,"Script Name: ","ConnectedUser: ",Host Name: ConsoleHost,"Payload: CommandInvocation(Out-Default): ""Out-Default"", ",,False,EVTX-to-MITRE-Attack\TA0005-Defense Evasion\T1562.001-Impair Defenses-Disable or Modify tool\ID800-4103-4104 Defender critical features disabled (PowerShell).evtx,0x0,0,"{""EventData"":{""Data"":[{""@Name"":""ContextInfo"",""#text"":""        Severity = Informational,         Host Name = ConsoleHost,         Host Version = 5.1.19041.1237,         Host ID = cd8cafb9-7c03-4e5e-9d54-914780550df1,         Host Application = C:\\Windows\\System32\\WindowsPowerShell\\v1.0\\powershell.exe,         Engine Version = 5.1.19041.1237,         Runspace ID = d94c9947-fce3-4f7e-9a49-18ff6724f22b,         Pipeline ID = 22,         Command Name = ,         Command Type = Script,         Script Name = ,         Command Path = ,         Sequence Number = 290,         User = OFFSEC\\admmig,         Connected User = ,         Shell ID = Microsoft.PowerShell, ""},{""@Name"":""UserData""},{""@Name"":""Payload"",""#text"":""CommandInvocation(Out-Default): \""Out-Default\"", ""}]}}"
18,1161749,2021-10-06 09:34:50.9833013,800,Info,PowerShell,Windows PowerShell,0,0,win10-02.offsec.lan,1,,Pipeline Execution Details,,,"HostApplication=C:\Windows\System32\WindowsPowerShell\v1.0\powershell.exe
","HostName=ConsoleHost
","HostVersion=5.1.19041.1237
",,,,,False,EVTX-to-MITRE-Attack\TA0005-Defense Evasion\T1562.001-Impair Defenses-Disable or Modify tool\ID800-4103-4104 Defender critical features disabled (PowerShell).evtx,0x80000000000000,0,"{""EventData"":{""Data"":""    Microsoft.PowerShell.Core\\Set-StrictMode -Off\n, \tDetailSequence=1\n\tDetailTotal=1\n\n\tSequenceNumber=304\n\n\tUserId=OFFSEC\\admmig\n\tHostName=ConsoleHost\n\tHostVersion=5.1.19041.1237\n\tHostId=cd8cafb9-7c03-4e5e-9d54-914780550df1\n\tHostApplication=C:\\Windows\\System32\\WindowsPowerShell\\v1.0\\powershell.exe\n\tEngineVersion=5.1.19041.1237\n\tRunspaceId=d94c9947-fce3-4f7e-9a49-18ff6724f22b\n\tPipelineId=24\n\tScriptName=C:\\Program Files\\WindowsPowerShell\\Modules\\PSReadline\\2.0.0\\PSReadLine.psm1\n\tCommandLine=    Microsoft.PowerShell.Core\\Set-StrictMode -Off\n, CommandInvocation(Set-StrictMode): \""Set-StrictMode\""\nParameterBinding(Set-StrictMode): name=\""Off\""; value=\""True\""\n"",""Binary"":""""}}"
19,1161750,2021-10-06 09:34:50.9833013,800,Info,PowerShell,Windows PowerShell,0,0,win10-02.offsec.lan,1,,Pipeline Execution Details,,,"HostApplication=C:\Windows\System32\WindowsPowerShell\v1.0\powershell.exe
","HostName=ConsoleHost
","HostVersion=5.1.19041.1237
",,,,,False,EVTX-to-MITRE-Attack\TA0005-Defense Evasion\T1562.001-Impair Defenses-Disable or Modify tool\ID800-4103-4104 Defender critical features disabled (PowerShell).evtx,0x80000000000000,0,"{""EventData"":{""Data"":""\tDetailSequence=1\n\tDetailTotal=1\n\n\tSequenceNumber=307\n\n\tUserId=OFFSEC\\admmig\n\tHostName=ConsoleHost\n\tHostVersion=5.1.19041.1237\n\tHostId=cd8cafb9-7c03-4e5e-9d54-914780550df1\n\tHostApplication=C:\\Windows\\System32\\WindowsPowerShell\\v1.0\\powershell.exe\n\tEngineVersion=5.1.19041.1237\n\tRunspaceId=d94c9947-fce3-4f7e-9a49-18ff6724f22b\n\tPipelineId=24\n\tScriptName=\n\tCommandLine=, CommandInvocation(PSConsoleHostReadLine): \""PSConsoleHostReadLine\""\n"",""Binary"":""""}}"
20,1328819,2021-10-06 09:34:50.9867240,4104,Verbose,Microsoft-Windows-PowerShell,Microsoft-Windows-PowerShell/Operational,1636,9868,win10-02.offsec.lan,1,S-1-5-21-4230534742-2542757381-3142984815-1111,Contains contents of scripts run,,,"Path: ",ScriptBlockText: prompt,,,,,,False,EVTX-to-MITRE-Attack\TA0005-Defense Evasion\T1562.001-Impair Defenses-Disable or Modify tool\ID800-4103-4104 Defender critical features disabled (PowerShell).evtx,0x0,0,"{""EventData"":{""Data"":[{""@Name"":""MessageNumber"",""#text"":""1""},{""@Name"":""MessageTotal"",""#text"":""1""},{""@Name"":""ScriptBlockText"",""#text"":""prompt""},{""@Name"":""ScriptBlockId"",""#text"":""db4ba932-ba26-46eb-8246-09ca1ec25ad1""},{""@Name"":""Path""}]}}"
21,1328820,2021-10-06 09:34:50.9896485,4103,Info,Microsoft-Windows-PowerShell,Microsoft-Windows-PowerShell/Operational,1636,9868,win10-02.offsec.lan,1,S-1-5-21-4230534742-2542757381-3142984815-1111,Pipeline executed,OFFSEC\admmig,,Command Name: Set-StrictMode,Host Application = C:\Windows\System32\WindowsPowerShell\v1.0\powershell.exe,Script Name: C:\Program Files\WindowsPowerShell\Modules\PSReadline\2.0.0\PSReadLine.psm1,"ConnectedUser: ",Host Name: ConsoleHost,"Payload: CommandInvocation(Set-StrictMode): ""Set-StrictMode"", ParameterBinding(Set-StrictMode): name=""Off""; value=""True"", ",,False,EVTX-to-MITRE-Attack\TA0005-Defense Evasion\T1562.001-Impair Defenses-Disable or Modify tool\ID800-4103-4104 Defender critical features disabled (PowerShell).evtx,0x0,0,"{""EventData"":{""Data"":[{""@Name"":""ContextInfo"",""#text"":""        Severity = Informational,         Host Name = ConsoleHost,         Host Version = 5.1.19041.1237,         Host ID = cd8cafb9-7c03-4e5e-9d54-914780550df1,         Host Application = C:\\Windows\\System32\\WindowsPowerShell\\v1.0\\powershell.exe,         Engine Version = 5.1.19041.1237,         Runspace ID = d94c9947-fce3-4f7e-9a49-18ff6724f22b,         Pipeline ID = 24,         Command Name = Set-StrictMode,         Command Type = Cmdlet,         Script Name = C:\\Program Files\\WindowsPowerShell\\Modules\\PSReadline\\2.0.0\\PSReadLine.psm1,         Command Path = ,         Sequence Number = 305,         User = OFFSEC\\admmig,         Connected User = ,         Shell ID = Microsoft.PowerShell, ""},{""@Name"":""UserData""},{""@Name"":""Payload"",""#text"":""CommandInvocation(Set-StrictMode): \""Set-StrictMode\"", ParameterBinding(Set-StrictMode): name=\""Off\""; value=\""True\"", ""}]}}"
22,1328821,2021-10-06 09:34:50.9994231,4103,Info,Microsoft-Windows-PowerShell,Microsoft-Windows-PowerShell/Operational,1636,9868,win10-02.offsec.lan,1,S-1-5-21-4230534742-2542757381-3142984815-1111,Pipeline executed,OFFSEC\admmig,,Command Name: PSConsoleHostReadLine,Host Application = C:\Windows\System32\WindowsPowerShell\v1.0\powershell.exe,"Script Name: ","ConnectedUser: ",Host Name: ConsoleHost,"Payload: CommandInvocation(PSConsoleHostReadLine): ""PSConsoleHostReadLine"", ",,False,EVTX-to-MITRE-Attack\TA0005-Defense Evasion\T1562.001-Impair Defenses-Disable or Modify tool\ID800-4103-4104 Defender critical features disabled (PowerShell).evtx,0x0,0,"{""EventData"":{""Data"":[{""@Name"":""ContextInfo"",""#text"":""        Severity = Informational,         Host Name = ConsoleHost,         Host Version = 5.1.19041.1237,         Host ID = cd8cafb9-7c03-4e5e-9d54-914780550df1,         Host Application = C:\\Windows\\System32\\WindowsPowerShell\\v1.0\\powershell.exe,         Engine Version = 5.1.19041.1237,         Runspace ID = d94c9947-fce3-4f7e-9a49-18ff6724f22b,         Pipeline ID = 24,         Command Name = PSConsoleHostReadLine,         Command Type = Function,         Script Name = ,         Command Path = ,         Sequence Number = 308,         User = OFFSEC\\admmig,         Connected User = ,         Shell ID = Microsoft.PowerShell, ""},{""@Name"":""UserData""},{""@Name"":""Payload"",""#text"":""CommandInvocation(PSConsoleHostReadLine): \""PSConsoleHostReadLine\"", ""}]}}"
23,1328822,2021-10-06 09:34:51.0107716,4104,Verbose,Microsoft-Windows-PowerShell,Microsoft-Windows-PowerShell/Operational,1636,9868,win10-02.offsec.lan,1,S-1-5-21-4230534742-2542757381-3142984815-1111,Contains contents of scripts run,,,"Path: ",ScriptBlockText: Set-MpPreference -DisableBehaviorMonitoring $true,,,,,,False,EVTX-to-MITRE-Attack\TA0005-Defense Evasion\T1562.001-Impair Defenses-Disable or Modify tool\ID800-4103-4104 Defender critical features disabled (PowerShell).evtx,0x0,0,"{""EventData"":{""Data"":[{""@Name"":""MessageNumber"",""#text"":""1""},{""@Name"":""MessageTotal"",""#text"":""1""},{""@Name"":""ScriptBlockText"",""#text"":""Set-MpPreference -DisableBehaviorMonitoring $true""},{""@Name"":""ScriptBlockId"",""#text"":""1738dc77-dbb9-457a-ad3a-f03b03d63a42""},{""@Name"":""Path""}]}}"
24,1161751,2021-10-06 09:34:51.0614285,800,Info,PowerShell,Windows PowerShell,0,0,win10-02.offsec.lan,1,,Pipeline Execution Details,,,"HostApplication=C:\Windows\System32\WindowsPowerShell\v1.0\powershell.exe
","HostName=ConsoleHost
","HostVersion=5.1.19041.1237
",,,,,False,EVTX-to-MITRE-Attack\TA0005-Defense Evasion\T1562.001-Impair Defenses-Disable or Modify tool\ID800-4103-4104 Defender critical features disabled (PowerShell).evtx,0x80000000000000,0,"{""EventData"":{""Data"":""Set-MpPreference -DisableBehaviorMonitoring $true, \tDetailSequence=1\n\tDetailTotal=1\n\n\tSequenceNumber=315\n\n\tUserId=OFFSEC\\admmig\n\tHostName=ConsoleHost\n\tHostVersion=5.1.19041.1237\n\tHostId=cd8cafb9-7c03-4e5e-9d54-914780550df1\n\tHostApplication=C:\\Windows\\System32\\WindowsPowerShell\\v1.0\\powershell.exe\n\tEngineVersion=5.1.19041.1237\n\tRunspaceId=d94c9947-fce3-4f7e-9a49-18ff6724f22b\n\tPipelineId=25\n\tScriptName=\n\tCommandLine=Set-MpPreference -DisableBehaviorMonitoring $true, CommandInvocation(Set-MpPreference): \""Set-MpPreference\""\nParameterBinding(Set-MpPreference): name=\""DisableBehaviorMonitoring\""; value=\""True\""\nParameterBinding(Set-MpPreference): name=\""QuarantinePurgeItemsAfterDelay\""; value=\""0\""\nParameterBinding(Set-MpPreference): name=\""ReportingAdditionalActionTimeOut\""; value=\""0\""\nParameterBinding(Set-MpPreference): name=\""ReportingCriticalFailureTimeOut\""; value=\""0\""\nParameterBinding(Set-MpPreference): name=\""ReportingNonCriticalTimeOut\""; value=\""0\""\nParameterBinding(Set-MpPreference): name=\""ScanAvgCPULoadFactor\""; value=\""0\""\nParameterBinding(Set-MpPreference): name=\""CheckForSignaturesBeforeRunningScan\""; value=\""False\""\nParameterBinding(Set-MpPreference): name=\""ScanPurgeItemsAfterDelay\""; value=\""0\""\nParameterBinding(Set-MpPreference): name=\""ScanOnlyIfIdleEnabled\""; value=\""False\""\nParameterBinding(Set-MpPreference): name=\""ThrottleForScheduledScanOnly\""; value=\""False\""\nParameterBinding(Set-MpPreference): name=\""SignatureFirstAuGracePeriod\""; value=\""0\""\nParameterBinding(Set-MpPreference): name=\""SignatureAuGracePeriod\""; value=\""0\""\nParameterBinding(Set-MpPreference): name=\""SignatureDefinitionUpdateFileSharesSources\""; value=\""\""\nParameterBinding(Set-MpPreference): name=\""SignatureDisableUpdateOnStartupWithoutEngine\""; value=\""False\""\nParameterBinding(Set-MpPreference): name=\""SignatureFallbackOrder\""; value=\""\""\nParameterBinding(Set-MpPreference): name=\""SharedSignaturesPath\""; value=\""\""\nParameterBinding(Set-MpPreference): name=\""SignatureUpdateCatchupInterval\""; value=\""0\""\nParameterBinding(Set-MpPreference): name=\""SignatureUpdateInterval\""; value=\""0\""\nParameterBinding(Set-MpPreference): name=\""SignatureBlobUpdateInterval\""; value=\""0\""\nParameterBinding(Set-MpPreference): name=\""SignatureBlobFileSharesSources\""; value=\""\""\nParameterBinding(Set-MpPreference): name=\""MeteredConnectionUpdates\""; value=\""False\""\nParameterBinding(Set-MpPreference): name=\""AllowNetworkProtectionOnWinServer\""; value=\""False\""\nParameterBinding(Set-MpPreference): name=\""DisableDatagramProcessing\""; value=\""False\""\nParameterBinding(Set-MpPreference): name=\""DisableCpuThrottleOnIdleScans\""; value=\""False\""\nParameterBinding(Set-MpPreference): name=\""DisableAutoExclusions\""; value=\""False\""\nParameterBinding(Set-MpPreference): name=\""DisablePrivacyMode\""; value=\""False\""\nParameterBinding(Set-MpPreference): name=\""RandomizeScheduleTaskTimes\""; value=\""False\""\nParameterBinding(Set-MpPreference): name=\""SchedulerRandomizationTime\""; value=\""0\""\nParameterBinding(Set-MpPreference): name=\""DisableIntrusionPreventionSystem\""; value=\""False\""\nParameterBinding(Set-MpPreference): name=\""DisableIOAVProtection\""; value=\""False\""\nParameterBinding(Set-MpPreference): name=\""DisableRealtimeMonitoring\""; value=\""False\""\nParameterBinding(Set-MpPreference): name=\""DisableScriptScanning\""; value=\""False\""\nParameterBinding(Set-MpPreference): name=\""DisableArchiveScanning\""; value=\""False\""\nParameterBinding(Set-MpPreference): name=\""DisableCatchupFullScan\""; value=\""False\""\nParameterBinding(Set-MpPreference): name=\""DisableCatchupQuickScan\""; value=\""False\""\nParameterBinding(Set-MpPreference): name=\""DisableEmailScanning\""; value=\""False\""\nParameterBinding(Set-MpPreference): name=\""DisableRemovableDriveScanning\""; value=\""False\""\nParameterBinding(Set-MpPreference): name=\""DisableRestorePoint\""; value=\""False\""\nParameterBinding(Set-MpPreference): name=\""DisableScanningMappedNetworkDrivesForFullScan\""; value=\""False\""\nParameterBinding(Set-MpPreference): name=\""DisableScanningNetworkFiles\""; value=\""False\""\nParameterBinding(Set-MpPreference): name=\""UILockdown\""; value=\""False\""\nParameterBinding(Set-MpPreference): name=\""Force\""; value=\""False\""\nParameterBinding(Set-MpPreference): name=\""DisableBlockAtFirstSeen\""; value=\""False\""\nParameterBinding(Set-MpPreference): name=\""CloudExtendedTimeout\""; value=\""0\""\nParameterBinding(Set-MpPreference): name=\""EnableLowCpuPriority\""; value=\""False\""\nParameterBinding(Set-MpPreference): name=\""EnableFileHashComputation\""; value=\""False\""\nParameterBinding(Set-MpPreference): name=\""EnableFullScanOnBatteryPower\""; value=\""False\""\nParameterBinding(Set-MpPreference): name=\""ProxyPacUrl\""; value=\""\""\nParameterBinding(Set-MpPreference): name=\""ProxyServer\""; value=\""\""\nParameterBinding(Set-MpPreference): name=\""ForceUseProxyOnly\""; value=\""False\""\nParameterBinding(Set-MpPreference): name=\""DisableTlsParsing\""; value=\""False\""\nParameterBinding(Set-MpPreference): name=\""DisableHttpParsing\""; value=\""False\""\nParameterBinding(Set-MpPreference): name=\""DisableDnsParsing\""; value=\""False\""\nParameterBinding(Set-MpPreference): name=\""DisableDnsOverTcpParsing\""; value=\""False\""\nParameterBinding(Set-MpPreference): name=\""DisableSshParsing\""; value=\""False\""\nParameterBinding(Set-MpPreference): name=\""DisableGradualRelease\""; value=\""False\""\nParameterBinding(Set-MpPreference): name=\""AllowNetworkProtectionDownLevel\""; value=\""False\""\nParameterBinding(Set-MpPreference): name=\""AllowDatagramProcessingOnWinServer\""; value=\""False\""\nParameterBinding(Set-MpPreference): name=\""EnableDnsSinkhole\""; value=\""False\""\nParameterBinding(Set-MpPreference): name=\""DisableInboundConnectionFiltering\""; value=\""False\""\nParameterBinding(Set-MpPreference): name=\""DisableRdpParsing\""; value=\""False\""\nParameterBinding(Set-MpPreference): name=\""DisableNetworkProtectionPerfTelemetry\""; value=\""False\""\nParameterBinding(Set-MpPreference): name=\""TrustLabelProtectionStatus\""; value=\""0\""\nParameterBinding(Set-MpPreference): name=\""ThrottleLimit\""; value=\""0\""\nParameterBinding(Set-MpPreference): name=\""AsJob\""; value=\""False\""\n"",""Binary"":""""}}"
25,1161752,2021-10-06 09:34:51.0614285,800,Info,PowerShell,Windows PowerShell,0,0,win10-02.offsec.lan,1,,Pipeline Execution Details,,,"HostApplication=C:\Windows\System32\WindowsPowerShell\v1.0\powershell.exe
","HostName=ConsoleHost
","HostVersion=5.1.19041.1237
",,,,,False,EVTX-to-MITRE-Attack\TA0005-Defense Evasion\T1562.001-Impair Defenses-Disable or Modify tool\ID800-4103-4104 Defender critical features disabled (PowerShell).evtx,0x80000000000000,0,"{""EventData"":{""Data"":""\tDetailSequence=1\n\tDetailTotal=1\n\n\tSequenceNumber=319\n\n\tUserId=OFFSEC\\admmig\n\tHostName=ConsoleHost\n\tHostVersion=5.1.19041.1237\n\tHostId=cd8cafb9-7c03-4e5e-9d54-914780550df1\n\tHostApplication=C:\\Windows\\System32\\WindowsPowerShell\\v1.0\\powershell.exe\n\tEngineVersion=5.1.19041.1237\n\tRunspaceId=d94c9947-fce3-4f7e-9a49-18ff6724f22b\n\tPipelineId=25\n\tScriptName=\n\tCommandLine=, CommandInvocation(Out-Default): \""Out-Default\""\n"",""Binary"":""""}}"
26,1328823,2021-10-06 09:34:51.0708444,4103,Info,Microsoft-Windows-PowerShell,Microsoft-Windows-PowerShell/Operational,1636,9868,win10-02.offsec.lan,1,S-1-5-21-4230534742-2542757381-3142984815-1111,Pipeline executed,OFFSEC\admmig,,Command Name: Set-MpPreference,Host Application = C:\Windows\System32\WindowsPowerShell\v1.0\powershell.exe,"Script Name: ","ConnectedUser: ",Host Name: ConsoleHost,"Payload: CommandInvocation(Set-MpPreference): ""Set-MpPreference"", ParameterBinding(Set-MpPreference): name=""DisableBehaviorMonitoring""; value=""True"", ParameterBinding(Set-MpPreference): name=""QuarantinePurgeItemsAfterDelay""; value=""0"", ParameterBinding(Set-MpPreference): name=""ReportingAdditionalActionTimeOut""; value=""0"", ParameterBinding(Set-MpPreference): name=""ReportingCriticalFailureTimeOut""; value=""0"", ParameterBinding(Set-MpPreference): name=""ReportingNonCriticalTimeOut""; value=""0"", ParameterBinding(Set-MpPreference): name=""ScanAvgCPULoadFactor""; value=""0"", ParameterBinding(Set-MpPreference): name=""CheckForSignaturesBeforeRunningScan""; value=""False"", ParameterBinding(Set-MpPreference): name=""ScanPurgeItemsAfterDelay""; value=""0"", ParameterBinding(Set-MpPreference): name=""ScanOnlyIfIdleEnabled""; value=""False"", ParameterBinding(Set-MpPreference): name=""ThrottleForScheduledScanOnly""; value=""False"", ParameterBinding(Set-MpPreference): name=""SignatureFirstAuGracePeriod""; value=""0"", ParameterBinding(Set-MpPreference): name=""SignatureAuGracePeriod""; value=""0"", ParameterBinding(Set-MpPreference): name=""SignatureDefinitionUpdateFileSharesSources""; value="""", ParameterBinding(Set-MpPreference): name=""SignatureDisableUpdateOnStartupWithoutEngine""; value=""False"", ParameterBinding(Set-MpPreference): name=""SignatureFallbackOrder""; value="""", ParameterBinding(Set-MpPreference): name=""SharedSignaturesPath""; value="""", ParameterBinding(Set-MpPreference): name=""SignatureUpdateCatchupInterval""; value=""0"", ParameterBinding(Set-MpPreference): name=""SignatureUpdateInterval""; value=""0"", ParameterBinding(Set-MpPreference): name=""SignatureBlobUpdateInterval""; value=""0"", ParameterBinding(Set-MpPreference): name=""SignatureBlobFileSharesSources""; value="""", ParameterBinding(Set-MpPreference): name=""MeteredConnectionUpdates""; value=""False"", ParameterBinding(Set-MpPreference): name=""AllowNetworkProtectionOnWinServer""; value=""False"", ParameterBinding(Set-MpPreference): name=""DisableDatagramProcessing""; value=""False"", ParameterBinding(Set-MpPreference): name=""DisableCpuThrottleOnIdleScans""; value=""False"", ParameterBinding(Set-MpPreference): name=""DisableAutoExclusions""; value=""False"", ParameterBinding(Set-MpPreference): name=""DisablePrivacyMode""; value=""False"", ParameterBinding(Set-MpPreference): name=""RandomizeScheduleTaskTimes""; value=""False"", ParameterBinding(Set-MpPreference): name=""SchedulerRandomizationTime""; value=""0"", ParameterBinding(Set-MpPreference): name=""DisableIntrusionPreventionSystem""; value=""False"", ParameterBinding(Set-MpPreference): name=""DisableIOAVProtection""; value=""False"", ParameterBinding(Set-MpPreference): name=""DisableRealtimeMonitoring""; value=""False"", ParameterBinding(Set-MpPreference): name=""DisableScriptScanning""; value=""False"", ParameterBinding(Set-MpPreference): name=""DisableArchiveScanning""; value=""False"", ParameterBinding(Set-MpPreference): name=""DisableCatchupFullScan""; value=""False"", ParameterBinding(Set-MpPreference): name=""DisableCatchupQuickScan""; value=""False"", ParameterBinding(Set-MpPreference): name=""DisableEmailScanning""; value=""False"", ParameterBinding(Set-MpPreference): name=""DisableRemovableDriveScanning""; value=""False"", ParameterBinding(Set-MpPreference): name=""DisableRestorePoint""; value=""False"", ParameterBinding(Set-MpPreference): name=""DisableScanningMappedNetworkDrivesForFullScan""; value=""False"", ParameterBinding(Set-MpPreference): name=""DisableScanningNetworkFiles""; value=""False"", ParameterBinding(Set-MpPreference): name=""UILockdown""; value=""False"", ParameterBinding(Set-MpPreference): name=""Force""; value=""False"", ParameterBinding(Set-MpPreference): name=""DisableBlockAtFirstSeen""; value=""False"", ParameterBinding(Set-MpPreference): name=""CloudExtendedTimeout""; value=""0"", ParameterBinding(Set-MpPreference): name=""EnableLowCpuPriority""; value=""False"", ParameterBinding(Set-MpPreference): name=""EnableFileHashComputation""; value=""False"", ParameterBinding(Set-MpPreference): name=""EnableFullScanOnBatteryPower""; value=""False"", ParameterBinding(Set-MpPreference): name=""ProxyPacUrl""; value="""", ParameterBinding(Set-MpPreference): name=""ProxyServer""; value="""", ParameterBinding(Set-MpPreference): name=""ForceUseProxyOnly""; value=""False"", ParameterBinding(Set-MpPreference): name=""DisableTlsParsing""; value=""False"", ParameterBinding(Set-MpPreference): name=""DisableHttpParsing""; value=""False"", ParameterBinding(Set-MpPreference): name=""DisableDnsParsing""; value=""False"", ParameterBinding(Set-MpPreference): name=""DisableDnsOverTcpParsing""; value=""False"", ParameterBinding(Set-MpPreference): name=""DisableSshParsing""; value=""False"", ParameterBinding(Set-MpPreference): name=""DisableGradualRelease""; value=""False"", ParameterBinding(Set-MpPreference): name=""AllowNetworkProtectionDownLevel""; value=""False"", ParameterBinding(Set-MpPreference): name=""AllowDatagramProcessingOnWinServer""; value=""False"", ParameterBinding(Set-MpPreference): name=""EnableDnsSinkhole""; value=""False"", ParameterBinding(Set-MpPreference): name=""DisableInboundConnectionFiltering""; value=""False"", ParameterBinding(Set-MpPreference): name=""DisableRdpParsing""; value=""False"", ParameterBinding(Set-MpPreference): name=""DisableNetworkProtectionPerfTelemetry""; value=""False"", ParameterBinding(Set-MpPreference): name=""TrustLabelProtectionStatus""; value=""0"", ParameterBinding(Set-MpPreference): name=""ThrottleLimit""; value=""0"", ParameterBinding(Set-MpPreference): name=""AsJob""; value=""False"", ",,False,EVTX-to-MITRE-Attack\TA0005-Defense Evasion\T1562.001-Impair Defenses-Disable or Modify tool\ID800-4103-4104 Defender critical features disabled (PowerShell).evtx,0x0,0,"{""EventData"":{""Data"":[{""@Name"":""ContextInfo"",""#text"":""        Severity = Informational,         Host Name = ConsoleHost,         Host Version = 5.1.19041.1237,         Host ID = cd8cafb9-7c03-4e5e-9d54-914780550df1,         Host Application = C:\\Windows\\System32\\WindowsPowerShell\\v1.0\\powershell.exe,         Engine Version = 5.1.19041.1237,         Runspace ID = d94c9947-fce3-4f7e-9a49-18ff6724f22b,         Pipeline ID = 25,         Command Name = Set-MpPreference,         Command Type = Function,         Script Name = ,         Command Path = ,         Sequence Number = 316,         User = OFFSEC\\admmig,         Connected User = ,         Shell ID = Microsoft.PowerShell, ""},{""@Name"":""UserData""},{""@Name"":""Payload"",""#text"":""CommandInvocation(Set-MpPreference): \""Set-MpPreference\"", ParameterBinding(Set-MpPreference): name=\""DisableBehaviorMonitoring\""; value=\""True\"", ParameterBinding(Set-MpPreference): name=\""QuarantinePurgeItemsAfterDelay\""; value=\""0\"", ParameterBinding(Set-MpPreference): name=\""ReportingAdditionalActionTimeOut\""; value=\""0\"", ParameterBinding(Set-MpPreference): name=\""ReportingCriticalFailureTimeOut\""; value=\""0\"", ParameterBinding(Set-MpPreference): name=\""ReportingNonCriticalTimeOut\""; value=\""0\"", ParameterBinding(Set-MpPreference): name=\""ScanAvgCPULoadFactor\""; value=\""0\"", ParameterBinding(Set-MpPreference): name=\""CheckForSignaturesBeforeRunningScan\""; value=\""False\"", ParameterBinding(Set-MpPreference): name=\""ScanPurgeItemsAfterDelay\""; value=\""0\"", ParameterBinding(Set-MpPreference): name=\""ScanOnlyIfIdleEnabled\""; value=\""False\"", ParameterBinding(Set-MpPreference): name=\""ThrottleForScheduledScanOnly\""; value=\""False\"", ParameterBinding(Set-MpPreference): name=\""SignatureFirstAuGracePeriod\""; value=\""0\"", ParameterBinding(Set-MpPreference): name=\""SignatureAuGracePeriod\""; value=\""0\"", ParameterBinding(Set-MpPreference): name=\""SignatureDefinitionUpdateFileSharesSources\""; value=\""\"", ParameterBinding(Set-MpPreference): name=\""SignatureDisableUpdateOnStartupWithoutEngine\""; value=\""False\"", ParameterBinding(Set-MpPreference): name=\""SignatureFallbackOrder\""; value=\""\"", ParameterBinding(Set-MpPreference): name=\""SharedSignaturesPath\""; value=\""\"", ParameterBinding(Set-MpPreference): name=\""SignatureUpdateCatchupInterval\""; value=\""0\"", ParameterBinding(Set-MpPreference): name=\""SignatureUpdateInterval\""; value=\""0\"", ParameterBinding(Set-MpPreference): name=\""SignatureBlobUpdateInterval\""; value=\""0\"", ParameterBinding(Set-MpPreference): name=\""SignatureBlobFileSharesSources\""; value=\""\"", ParameterBinding(Set-MpPreference): name=\""MeteredConnectionUpdates\""; value=\""False\"", ParameterBinding(Set-MpPreference): name=\""AllowNetworkProtectionOnWinServer\""; value=\""False\"", ParameterBinding(Set-MpPreference): name=\""DisableDatagramProcessing\""; value=\""False\"", ParameterBinding(Set-MpPreference): name=\""DisableCpuThrottleOnIdleScans\""; value=\""False\"", ParameterBinding(Set-MpPreference): name=\""DisableAutoExclusions\""; value=\""False\"", ParameterBinding(Set-MpPreference): name=\""DisablePrivacyMode\""; value=\""False\"", ParameterBinding(Set-MpPreference): name=\""RandomizeScheduleTaskTimes\""; value=\""False\"", ParameterBinding(Set-MpPreference): name=\""SchedulerRandomizationTime\""; value=\""0\"", ParameterBinding(Set-MpPreference): name=\""DisableIntrusionPreventionSystem\""; value=\""False\"", ParameterBinding(Set-MpPreference): name=\""DisableIOAVProtection\""; value=\""False\"", ParameterBinding(Set-MpPreference): name=\""DisableRealtimeMonitoring\""; value=\""False\"", ParameterBinding(Set-MpPreference): name=\""DisableScriptScanning\""; value=\""False\"", ParameterBinding(Set-MpPreference): name=\""DisableArchiveScanning\""; value=\""False\"", ParameterBinding(Set-MpPreference): name=\""DisableCatchupFullScan\""; value=\""False\"", ParameterBinding(Set-MpPreference): name=\""DisableCatchupQuickScan\""; value=\""False\"", ParameterBinding(Set-MpPreference): name=\""DisableEmailScanning\""; value=\""False\"", ParameterBinding(Set-MpPreference): name=\""DisableRemovableDriveScanning\""; value=\""False\"", ParameterBinding(Set-MpPreference): name=\""DisableRestorePoint\""; value=\""False\"", ParameterBinding(Set-MpPreference): name=\""DisableScanningMappedNetworkDrivesForFullScan\""; value=\""False\"", ParameterBinding(Set-MpPreference): name=\""DisableScanningNetworkFiles\""; value=\""False\"", ParameterBinding(Set-MpPreference): name=\""UILockdown\""; value=\""False\"", ParameterBinding(Set-MpPreference): name=\""Force\""; value=\""False\"", ParameterBinding(Set-MpPreference): name=\""DisableBlockAtFirstSeen\""; value=\""False\"", ParameterBinding(Set-MpPreference): name=\""CloudExtendedTimeout\""; value=\""0\"", ParameterBinding(Set-MpPreference): name=\""EnableLowCpuPriority\""; value=\""False\"", ParameterBinding(Set-MpPreference): name=\""EnableFileHashComputation\""; value=\""False\"", ParameterBinding(Set-MpPreference): name=\""EnableFullScanOnBatteryPower\""; value=\""False\"", ParameterBinding(Set-MpPreference): name=\""ProxyPacUrl\""; value=\""\"", ParameterBinding(Set-MpPreference): name=\""ProxyServer\""; value=\""\"", ParameterBinding(Set-MpPreference): name=\""ForceUseProxyOnly\""; value=\""False\"", ParameterBinding(Set-MpPreference): name=\""DisableTlsParsing\""; value=\""False\"", ParameterBinding(Set-MpPreference): name=\""DisableHttpParsing\""; value=\""False\"", ParameterBinding(Set-MpPreference): name=\""DisableDnsParsing\""; value=\""False\"", ParameterBinding(Set-MpPreference): name=\""DisableDnsOverTcpParsing\""; value=\""False\"", ParameterBinding(Set-MpPreference): name=\""DisableSshParsing\""; value=\""False\"", ParameterBinding(Set-MpPreference): name=\""DisableGradualRelease\""; value=\""False\"", ParameterBinding(Set-MpPreference): name=\""AllowNetworkProtectionDownLevel\""; value=\""False\"", ParameterBinding(Set-MpPreference): name=\""AllowDatagramProcessingOnWinServer\""; value=\""False\"", ParameterBinding(Set-MpPreference): name=\""EnableDnsSinkhole\""; value=\""False\"", ParameterBinding(Set-MpPreference): name=\""DisableInboundConnectionFiltering\""; value=\""False\"", ParameterBinding(Set-MpPreference): name=\""DisableRdpParsing\""; value=\""False\"", ParameterBinding(Set-MpPreference): name=\""DisableNetworkProtectionPerfTelemetry\""; value=\""False\"", ParameterBinding(Set-MpPreference): name=\""TrustLabelProtectionStatus\""; value=\""0\"", ParameterBinding(Set-MpPreference): name=\""ThrottleLimit\""; value=\""0\"", ParameterBinding(Set-MpPreference): name=\""AsJob\""; value=\""False\"", ""}]}}"
27,1328824,2021-10-06 09:34:51.0712190,4103,Info,Microsoft-Windows-PowerShell,Microsoft-Windows-PowerShell/Operational,1636,9868,win10-02.offsec.lan,1,S-1-5-21-4230534742-2542757381-3142984815-1111,Pipeline executed,OFFSEC\admmig,,"Command Name: ",Host Application = C:\Windows\System32\WindowsPowerShell\v1.0\powershell.exe,"Script Name: ","ConnectedUser: ",Host Name: ConsoleHost,"Payload: CommandInvocation(Out-Default): ""Out-Default"", ",,False,EVTX-to-MITRE-Attack\TA0005-Defense Evasion\T1562.001-Impair Defenses-Disable or Modify tool\ID800-4103-4104 Defender critical features disabled (PowerShell).evtx,0x0,0,"{""EventData"":{""Data"":[{""@Name"":""ContextInfo"",""#text"":""        Severity = Informational,         Host Name = ConsoleHost,         Host Version = 5.1.19041.1237,         Host ID = cd8cafb9-7c03-4e5e-9d54-914780550df1,         Host Application = C:\\Windows\\System32\\WindowsPowerShell\\v1.0\\powershell.exe,         Engine Version = 5.1.19041.1237,         Runspace ID = d94c9947-fce3-4f7e-9a49-18ff6724f22b,         Pipeline ID = 25,         Command Name = ,         Command Type = Script,         Script Name = ,         Command Path = ,         Sequence Number = 320,         User = OFFSEC\\admmig,         Connected User = ,         Shell ID = Microsoft.PowerShell, ""},{""@Name"":""UserData""},{""@Name"":""Payload"",""#text"":""CommandInvocation(Out-Default): \""Out-Default\"", ""}]}}"
28,1161753,2021-10-06 09:34:51.0837527,800,Info,PowerShell,Windows PowerShell,0,0,win10-02.offsec.lan,1,,Pipeline Execution Details,,,"HostApplication=C:\Windows\System32\WindowsPowerShell\v1.0\powershell.exe
","HostName=ConsoleHost
","HostVersion=5.1.19041.1237
",,,,,False,EVTX-to-MITRE-Attack\TA0005-Defense Evasion\T1562.001-Impair Defenses-Disable or Modify tool\ID800-4103-4104 Defender critical features disabled (PowerShell).evtx,0x80000000000000,0,"{""EventData"":{""Data"":""    Microsoft.PowerShell.Core\\Set-StrictMode -Off\n, \tDetailSequence=1\n\tDetailTotal=1\n\n\tSequenceNumber=334\n\n\tUserId=OFFSEC\\admmig\n\tHostName=ConsoleHost\n\tHostVersion=5.1.19041.1237\n\tHostId=cd8cafb9-7c03-4e5e-9d54-914780550df1\n\tHostApplication=C:\\Windows\\System32\\WindowsPowerShell\\v1.0\\powershell.exe\n\tEngineVersion=5.1.19041.1237\n\tRunspaceId=d94c9947-fce3-4f7e-9a49-18ff6724f22b\n\tPipelineId=27\n\tScriptName=C:\\Program Files\\WindowsPowerShell\\Modules\\PSReadline\\2.0.0\\PSReadLine.psm1\n\tCommandLine=    Microsoft.PowerShell.Core\\Set-StrictMode -Off\n, CommandInvocation(Set-StrictMode): \""Set-StrictMode\""\nParameterBinding(Set-StrictMode): name=\""Off\""; value=\""True\""\n"",""Binary"":""""}}"
29,1328825,2021-10-06 09:34:51.0889693,4104,Verbose,Microsoft-Windows-PowerShell,Microsoft-Windows-PowerShell/Operational,1636,9868,win10-02.offsec.lan,1,S-1-5-21-4230534742-2542757381-3142984815-1111,Contains contents of scripts run,,,"Path: ",ScriptBlockText: prompt,,,,,,False,EVTX-to-MITRE-Attack\TA0005-Defense Evasion\T1562.001-Impair Defenses-Disable or Modify tool\ID800-4103-4104 Defender critical features disabled (PowerShell).evtx,0x0,0,"{""EventData"":{""Data"":[{""@Name"":""MessageNumber"",""#text"":""1""},{""@Name"":""MessageTotal"",""#text"":""1""},{""@Name"":""ScriptBlockText"",""#text"":""prompt""},{""@Name"":""ScriptBlockId"",""#text"":""5365a941-a82a-44f5-acd8-3d5ccd004688""},{""@Name"":""Path""}]}}"
30,1328826,2021-10-06 09:34:51.0915124,4103,Info,Microsoft-Windows-PowerShell,Microsoft-Windows-PowerShell/Operational,1636,9868,win10-02.offsec.lan,1,S-1-5-21-4230534742-2542757381-3142984815-1111,Pipeline executed,OFFSEC\admmig,,Command Name: Set-StrictMode,Host Application = C:\Windows\System32\WindowsPowerShell\v1.0\powershell.exe,Script Name: C:\Program Files\WindowsPowerShell\Modules\PSReadline\2.0.0\PSReadLine.psm1,"ConnectedUser: ",Host Name: ConsoleHost,"Payload: CommandInvocation(Set-StrictMode): ""Set-StrictMode"", ParameterBinding(Set-StrictMode): name=""Off""; value=""True"", ",,False,EVTX-to-MITRE-Attack\TA0005-Defense Evasion\T1562.001-Impair Defenses-Disable or Modify tool\ID800-4103-4104 Defender critical features disabled (PowerShell).evtx,0x0,0,"{""EventData"":{""Data"":[{""@Name"":""ContextInfo"",""#text"":""        Severity = Informational,         Host Name = ConsoleHost,         Host Version = 5.1.19041.1237,         Host ID = cd8cafb9-7c03-4e5e-9d54-914780550df1,         Host Application = C:\\Windows\\System32\\WindowsPowerShell\\v1.0\\powershell.exe,         Engine Version = 5.1.19041.1237,         Runspace ID = d94c9947-fce3-4f7e-9a49-18ff6724f22b,         Pipeline ID = 27,         Command Name = Set-StrictMode,         Command Type = Cmdlet,         Script Name = C:\\Program Files\\WindowsPowerShell\\Modules\\PSReadline\\2.0.0\\PSReadLine.psm1,         Command Path = ,         Sequence Number = 335,         User = OFFSEC\\admmig,         Connected User = ,         Shell ID = Microsoft.PowerShell, ""},{""@Name"":""UserData""},{""@Name"":""Payload"",""#text"":""CommandInvocation(Set-StrictMode): \""Set-StrictMode\"", ParameterBinding(Set-StrictMode): name=\""Off\""; value=\""True\"", ""}]}}"
31,1161754,2021-10-06 09:34:51.0927753,800,Info,PowerShell,Windows PowerShell,0,0,win10-02.offsec.lan,1,,Pipeline Execution Details,,,"HostApplication=C:\Windows\System32\WindowsPowerShell\v1.0\powershell.exe
","HostName=ConsoleHost
","HostVersion=5.1.19041.1237
",,,,,False,EVTX-to-MITRE-Attack\TA0005-Defense Evasion\T1562.001-Impair Defenses-Disable or Modify tool\ID800-4103-4104 Defender critical features disabled (PowerShell).evtx,0x80000000000000,0,"{""EventData"":{""Data"":""\tDetailSequence=1\n\tDetailTotal=1\n\n\tSequenceNumber=337\n\n\tUserId=OFFSEC\\admmig\n\tHostName=ConsoleHost\n\tHostVersion=5.1.19041.1237\n\tHostId=cd8cafb9-7c03-4e5e-9d54-914780550df1\n\tHostApplication=C:\\Windows\\System32\\WindowsPowerShell\\v1.0\\powershell.exe\n\tEngineVersion=5.1.19041.1237\n\tRunspaceId=d94c9947-fce3-4f7e-9a49-18ff6724f22b\n\tPipelineId=27\n\tScriptName=\n\tCommandLine=, CommandInvocation(PSConsoleHostReadLine): \""PSConsoleHostReadLine\""\n"",""Binary"":""""}}"
32,1328827,2021-10-06 09:34:51.1063062,4103,Info,Microsoft-Windows-PowerShell,Microsoft-Windows-PowerShell/Operational,1636,9868,win10-02.offsec.lan,1,S-1-5-21-4230534742-2542757381-3142984815-1111,Pipeline executed,OFFSEC\admmig,,Command Name: PSConsoleHostReadLine,Host Application = C:\Windows\System32\WindowsPowerShell\v1.0\powershell.exe,"Script Name: ","ConnectedUser: ",Host Name: ConsoleHost,"Payload: CommandInvocation(PSConsoleHostReadLine): ""PSConsoleHostReadLine"", ",,False,EVTX-to-MITRE-Attack\TA0005-Defense Evasion\T1562.001-Impair Defenses-Disable or Modify tool\ID800-4103-4104 Defender critical features disabled (PowerShell).evtx,0x0,0,"{""EventData"":{""Data"":[{""@Name"":""ContextInfo"",""#text"":""        Severity = Informational,         Host Name = ConsoleHost,         Host Version = 5.1.19041.1237,         Host ID = cd8cafb9-7c03-4e5e-9d54-914780550df1,         Host Application = C:\\Windows\\System32\\WindowsPowerShell\\v1.0\\powershell.exe,         Engine Version = 5.1.19041.1237,         Runspace ID = d94c9947-fce3-4f7e-9a49-18ff6724f22b,         Pipeline ID = 27,         Command Name = PSConsoleHostReadLine,         Command Type = Function,         Script Name = ,         Command Path = ,         Sequence Number = 338,         User = OFFSEC\\admmig,         Connected User = ,         Shell ID = Microsoft.PowerShell, ""},{""@Name"":""UserData""},{""@Name"":""Payload"",""#text"":""CommandInvocation(PSConsoleHostReadLine): \""PSConsoleHostReadLine\"", ""}]}}"
33,1161755,2021-10-06 09:34:51.1084294,800,Info,PowerShell,Windows PowerShell,0,0,win10-02.offsec.lan,2,,Pipeline Execution Details,,,"HostApplication=C:\Windows\System32\WindowsPowerShell\v1.0\powershell.exe
","HostName=ConsoleHost
","HostVersion=5.1.19041.1237
",,,,,False,EVTX-to-MITRE-Attack\TA0005-Defense Evasion\T1562.001-Impair Defenses-Disable or Modify tool\ID800-4103-4104 Defender critical features disabled (PowerShell).evtx,0x80000000000000,0,"{""EventData"":{""Data"":""Set-MpPreference -DisableIntrusionPreventionSystem $true, \tDetailSequence=1\n\tDetailTotal=1\n\n\tSequenceNumber=345\n\n\tUserId=OFFSEC\\admmig\n\tHostName=ConsoleHost\n\tHostVersion=5.1.19041.1237\n\tHostId=cd8cafb9-7c03-4e5e-9d54-914780550df1\n\tHostApplication=C:\\Windows\\System32\\WindowsPowerShell\\v1.0\\powershell.exe\n\tEngineVersion=5.1.19041.1237\n\tRunspaceId=d94c9947-fce3-4f7e-9a49-18ff6724f22b\n\tPipelineId=28\n\tScriptName=\n\tCommandLine=Set-MpPreference -DisableIntrusionPreventionSystem $true, CommandInvocation(Set-MpPreference): \""Set-MpPreference\""\nParameterBinding(Set-MpPreference): name=\""DisableIntrusionPreventionSystem\""; value=\""True\""\nParameterBinding(Set-MpPreference): name=\""QuarantinePurgeItemsAfterDelay\""; value=\""0\""\nParameterBinding(Set-MpPreference): name=\""ReportingAdditionalActionTimeOut\""; value=\""0\""\nParameterBinding(Set-MpPreference): name=\""ReportingCriticalFailureTimeOut\""; value=\""0\""\nParameterBinding(Set-MpPreference): name=\""ReportingNonCriticalTimeOut\""; value=\""0\""\nParameterBinding(Set-MpPreference): name=\""ScanAvgCPULoadFactor\""; value=\""0\""\nParameterBinding(Set-MpPreference): name=\""CheckForSignaturesBeforeRunningScan\""; value=\""False\""\nParameterBinding(Set-MpPreference): name=\""ScanPurgeItemsAfterDelay\""; value=\""0\""\nParameterBinding(Set-MpPreference): name=\""ScanOnlyIfIdleEnabled\""; value=\""False\""\nParameterBinding(Set-MpPreference): name=\""ThrottleForScheduledScanOnly\""; value=\""False\""\nParameterBinding(Set-MpPreference): name=\""SignatureFirstAuGracePeriod\""; value=\""0\""\nParameterBinding(Set-MpPreference): name=\""SignatureAuGracePeriod\""; value=\""0\""\nParameterBinding(Set-MpPreference): name=\""SignatureDefinitionUpdateFileSharesSources\""; value=\""\""\nParameterBinding(Set-MpPreference): name=\""SignatureDisableUpdateOnStartupWithoutEngine\""; value=\""False\""\nParameterBinding(Set-MpPreference): name=\""SignatureFallbackOrder\""; value=\""\""\nParameterBinding(Set-MpPreference): name=\""SharedSignaturesPath\""; value=\""\""\nParameterBinding(Set-MpPreference): name=\""SignatureUpdateCatchupInterval\""; value=\""0\""\nParameterBinding(Set-MpPreference): name=\""SignatureUpdateInterval\""; value=\""0\""\nParameterBinding(Set-MpPreference): name=\""SignatureBlobUpdateInterval\""; value=\""0\""\nParameterBinding(Set-MpPreference): name=\""SignatureBlobFileSharesSources\""; value=\""\""\nParameterBinding(Set-MpPreference): name=\""MeteredConnectionUpdates\""; value=\""False\""\nParameterBinding(Set-MpPreference): name=\""AllowNetworkProtectionOnWinServer\""; value=\""False\""\nParameterBinding(Set-MpPreference): name=\""DisableDatagramProcessing\""; value=\""False\""\nParameterBinding(Set-MpPreference): name=\""DisableCpuThrottleOnIdleScans\""; value=\""False\""\nParameterBinding(Set-MpPreference): name=\""DisableAutoExclusions\""; value=\""False\""\nParameterBinding(Set-MpPreference): name=\""DisablePrivacyMode\""; value=\""False\""\nParameterBinding(Set-MpPreference): name=\""RandomizeScheduleTaskTimes\""; value=\""False\""\nParameterBinding(Set-MpPreference): name=\""SchedulerRandomizationTime\""; value=\""0\""\nParameterBinding(Set-MpPreference): name=\""DisableBehaviorMonitoring\""; value=\""False\""\nParameterBinding(Set-MpPreference): name=\""DisableIOAVProtection\""; value=\""False\""\nParameterBinding(Set-MpPreference): name=\""DisableRealtimeMonitoring\""; value=\""False\""\nParameterBinding(Set-MpPreference): name=\""DisableScriptScanning\""; value=\""False\""\nParameterBinding(Set-MpPreference): name=\""DisableArchiveScanning\""; value=\""False\""\nParameterBinding(Set-MpPreference): name=\""DisableCatchupFullScan\""; value=\""False\""\nParameterBinding(Set-MpPreference): name=\""DisableCatchupQuickScan\""; value=\""False\""\nParameterBinding(Set-MpPreference): name=\""DisableEmailScanning\""; value=\""False\""\nParameterBinding(Set-MpPreference): name=\""DisableRemovableDriveScanning\""; value=\""False\""\nParameterBinding(Set-MpPreference): name=\""DisableRestorePoint\""; value=\""False\""\nParameterBinding(Set-MpPreference): name=\""DisableScanningMappedNetworkDrivesForFullScan\""; value=\""False\""\nParameterBinding(Set-MpPreference): name=\""DisableScanningNetworkFiles\""; value=\""False\""\nParameterBinding(Set-MpPreference): name=\""UILockdown\""; value=\""False\""\nParameterBinding(Set-MpPreference): name=\""Force\""; value=\""False\""\nParameterBinding(Set-MpPreference): name=\""DisableBlockAtFirstSeen\""; value=\""False\""\nParameterBinding(Set-MpPreference): name=\""CloudExtendedTimeout\""; value=\""0\""\nParameterBinding(Set-MpPreference): name=\""EnableLowCpuPriority\""; value=\""False\""\nParameterBinding(Set-MpPreference): name=\""EnableFileHashComputation\""; value=\""False\""\nParameterBinding(Set-MpPreference): name=\""EnableFullScanOnBatteryPower\""; value=\""False\""\nParameterBinding(Set-MpPreference): name=\""ProxyPacUrl\""; value=\""\""\nParameterBinding(Set-MpPreference): name=\""ProxyServer\""; value=\""\""\nParameterBinding(Set-MpPreference): name=\""ForceUseProxyOnly\""; value=\""False\""\nParameterBinding(Set-MpPreference): name=\""DisableTlsParsing\""; value=\""False\""\nParameterBinding(Set-MpPreference): name=\""DisableHttpParsing\""; value=\""False\""\nParameterBinding(Set-MpPreference): name=\""DisableDnsParsing\""; value=\""False\""\nParameterBinding(Set-MpPreference): name=\""DisableDnsOverTcpParsing\""; value=\""False\""\nParameterBinding(Set-MpPreference): name=\""DisableSshParsing\""; value=\""False\""\nParameterBinding(Set-MpPreference): name=\""DisableGradualRelease\""; value=\""False\""\nParameterBinding(Set-MpPreference): name=\""AllowNetworkProtectionDownLevel\""; value=\""False\""\nParameterBinding(Set-MpPreference): name=\""AllowDatagramProcessingOnWinServer\""; value=\""False\""\nParameterBinding(Set-MpPreference): name=\""EnableDnsSinkhole\""; value=\""False\""\nParameterBinding(Set-MpPreference): name=\""DisableInboundConnectionFiltering\""; value=\""False\""\nParameterBinding(Set-MpPreference): name=\""DisableRdpParsing\""; value=\""False\""\nParameterBinding(Set-MpPreference): name=\""DisableNetworkProtectionPerfTelemetry\""; value=\""False\""\nParameterBinding(Set-MpPreference): name=\""TrustLabelProtectionStatus\""; value=\""0\""\nParameterBinding(Set-MpPreference): name=\""ThrottleLimit\""; value=\""0\""\nParameterBinding(Set-MpPreference): name=\""AsJob\""; value=\""False\""\n"",""Binary"":""""}}"
34,1161756,2021-10-06 09:34:51.1084294,800,Info,PowerShell,Windows PowerShell,0,0,win10-02.offsec.lan,2,,Pipeline Execution Details,,,"HostApplication=C:\Windows\System32\WindowsPowerShell\v1.0\powershell.exe
","HostName=ConsoleHost
","HostVersion=5.1.19041.1237
",,,,,False,EVTX-to-MITRE-Attack\TA0005-Defense Evasion\T1562.001-Impair Defenses-Disable or Modify tool\ID800-4103-4104 Defender critical features disabled (PowerShell).evtx,0x80000000000000,0,"{""EventData"":{""Data"":""\tDetailSequence=1\n\tDetailTotal=1\n\n\tSequenceNumber=349\n\n\tUserId=OFFSEC\\admmig\n\tHostName=ConsoleHost\n\tHostVersion=5.1.19041.1237\n\tHostId=cd8cafb9-7c03-4e5e-9d54-914780550df1\n\tHostApplication=C:\\Windows\\System32\\WindowsPowerShell\\v1.0\\powershell.exe\n\tEngineVersion=5.1.19041.1237\n\tRunspaceId=d94c9947-fce3-4f7e-9a49-18ff6724f22b\n\tPipelineId=28\n\tScriptName=\n\tCommandLine=, CommandInvocation(Out-Default): \""Out-Default\""\n"",""Binary"":""""}}"
35,1328828,2021-10-06 09:34:51.1183497,4104,Verbose,Microsoft-Windows-PowerShell,Microsoft-Windows-PowerShell/Operational,1636,9868,win10-02.offsec.lan,2,S-1-5-21-4230534742-2542757381-3142984815-1111,Contains contents of scripts run,,,"Path: ",ScriptBlockText: Set-MpPreference -DisableIntrusionPreventionSystem $true,,,,,,False,EVTX-to-MITRE-Attack\TA0005-Defense Evasion\T1562.001-Impair Defenses-Disable or Modify tool\ID800-4103-4104 Defender critical features disabled (PowerShell).evtx,0x0,0,"{""EventData"":{""Data"":[{""@Name"":""MessageNumber"",""#text"":""1""},{""@Name"":""MessageTotal"",""#text"":""1""},{""@Name"":""ScriptBlockText"",""#text"":""Set-MpPreference -DisableIntrusionPreventionSystem $true""},{""@Name"":""ScriptBlockId"",""#text"":""8e52c5f3-5b28-4e67-966c-e0a02af1f69c""},{""@Name"":""Path""}]}}"
36,1328829,2021-10-06 09:34:51.1347446,4103,Info,Microsoft-Windows-PowerShell,Microsoft-Windows-PowerShell/Operational,1636,9868,win10-02.offsec.lan,2,S-1-5-21-4230534742-2542757381-3142984815-1111,Pipeline executed,OFFSEC\admmig,,Command Name: Set-MpPreference,Host Application = C:\Windows\System32\WindowsPowerShell\v1.0\powershell.exe,"Script Name: ","ConnectedUser: ",Host Name: ConsoleHost,"Payload: CommandInvocation(Set-MpPreference): ""Set-MpPreference"", ParameterBinding(Set-MpPreference): name=""DisableIntrusionPreventionSystem""; value=""True"", ParameterBinding(Set-MpPreference): name=""QuarantinePurgeItemsAfterDelay""; value=""0"", ParameterBinding(Set-MpPreference): name=""ReportingAdditionalActionTimeOut""; value=""0"", ParameterBinding(Set-MpPreference): name=""ReportingCriticalFailureTimeOut""; value=""0"", ParameterBinding(Set-MpPreference): name=""ReportingNonCriticalTimeOut""; value=""0"", ParameterBinding(Set-MpPreference): name=""ScanAvgCPULoadFactor""; value=""0"", ParameterBinding(Set-MpPreference): name=""CheckForSignaturesBeforeRunningScan""; value=""False"", ParameterBinding(Set-MpPreference): name=""ScanPurgeItemsAfterDelay""; value=""0"", ParameterBinding(Set-MpPreference): name=""ScanOnlyIfIdleEnabled""; value=""False"", ParameterBinding(Set-MpPreference): name=""ThrottleForScheduledScanOnly""; value=""False"", ParameterBinding(Set-MpPreference): name=""SignatureFirstAuGracePeriod""; value=""0"", ParameterBinding(Set-MpPreference): name=""SignatureAuGracePeriod""; value=""0"", ParameterBinding(Set-MpPreference): name=""SignatureDefinitionUpdateFileSharesSources""; value="""", ParameterBinding(Set-MpPreference): name=""SignatureDisableUpdateOnStartupWithoutEngine""; value=""False"", ParameterBinding(Set-MpPreference): name=""SignatureFallbackOrder""; value="""", ParameterBinding(Set-MpPreference): name=""SharedSignaturesPath""; value="""", ParameterBinding(Set-MpPreference): name=""SignatureUpdateCatchupInterval""; value=""0"", ParameterBinding(Set-MpPreference): name=""SignatureUpdateInterval""; value=""0"", ParameterBinding(Set-MpPreference): name=""SignatureBlobUpdateInterval""; value=""0"", ParameterBinding(Set-MpPreference): name=""SignatureBlobFileSharesSources""; value="""", ParameterBinding(Set-MpPreference): name=""MeteredConnectionUpdates""; value=""False"", ParameterBinding(Set-MpPreference): name=""AllowNetworkProtectionOnWinServer""; value=""False"", ParameterBinding(Set-MpPreference): name=""DisableDatagramProcessing""; value=""False"", ParameterBinding(Set-MpPreference): name=""DisableCpuThrottleOnIdleScans""; value=""False"", ParameterBinding(Set-MpPreference): name=""DisableAutoExclusions""; value=""False"", ParameterBinding(Set-MpPreference): name=""DisablePrivacyMode""; value=""False"", ParameterBinding(Set-MpPreference): name=""RandomizeScheduleTaskTimes""; value=""False"", ParameterBinding(Set-MpPreference): name=""SchedulerRandomizationTime""; value=""0"", ParameterBinding(Set-MpPreference): name=""DisableBehaviorMonitoring""; value=""False"", ParameterBinding(Set-MpPreference): name=""DisableIOAVProtection""; value=""False"", ParameterBinding(Set-MpPreference): name=""DisableRealtimeMonitoring""; value=""False"", ParameterBinding(Set-MpPreference): name=""DisableScriptScanning""; value=""False"", ParameterBinding(Set-MpPreference): name=""DisableArchiveScanning""; value=""False"", ParameterBinding(Set-MpPreference): name=""DisableCatchupFullScan""; value=""False"", ParameterBinding(Set-MpPreference): name=""DisableCatchupQuickScan""; value=""False"", ParameterBinding(Set-MpPreference): name=""DisableEmailScanning""; value=""False"", ParameterBinding(Set-MpPreference): name=""DisableRemovableDriveScanning""; value=""False"", ParameterBinding(Set-MpPreference): name=""DisableRestorePoint""; value=""False"", ParameterBinding(Set-MpPreference): name=""DisableScanningMappedNetworkDrivesForFullScan""; value=""False"", ParameterBinding(Set-MpPreference): name=""DisableScanningNetworkFiles""; value=""False"", ParameterBinding(Set-MpPreference): name=""UILockdown""; value=""False"", ParameterBinding(Set-MpPreference): name=""Force""; value=""False"", ParameterBinding(Set-MpPreference): name=""DisableBlockAtFirstSeen""; value=""False"", ParameterBinding(Set-MpPreference): name=""CloudExtendedTimeout""; value=""0"", ParameterBinding(Set-MpPreference): name=""EnableLowCpuPriority""; value=""False"", ParameterBinding(Set-MpPreference): name=""EnableFileHashComputation""; value=""False"", ParameterBinding(Set-MpPreference): name=""EnableFullScanOnBatteryPower""; value=""False"", ParameterBinding(Set-MpPreference): name=""ProxyPacUrl""; value="""", ParameterBinding(Set-MpPreference): name=""ProxyServer""; value="""", ParameterBinding(Set-MpPreference): name=""ForceUseProxyOnly""; value=""False"", ParameterBinding(Set-MpPreference): name=""DisableTlsParsing""; value=""False"", ParameterBinding(Set-MpPreference): name=""DisableHttpParsing""; value=""False"", ParameterBinding(Set-MpPreference): name=""DisableDnsParsing""; value=""False"", ParameterBinding(Set-MpPreference): name=""DisableDnsOverTcpParsing""; value=""False"", ParameterBinding(Set-MpPreference): name=""DisableSshParsing""; value=""False"", ParameterBinding(Set-MpPreference): name=""DisableGradualRelease""; value=""False"", ParameterBinding(Set-MpPreference): name=""AllowNetworkProtectionDownLevel""; value=""False"", ParameterBinding(Set-MpPreference): name=""AllowDatagramProcessingOnWinServer""; value=""False"", ParameterBinding(Set-MpPreference): name=""EnableDnsSinkhole""; value=""False"", ParameterBinding(Set-MpPreference): name=""DisableInboundConnectionFiltering""; value=""False"", ParameterBinding(Set-MpPreference): name=""DisableRdpParsing""; value=""False"", ParameterBinding(Set-MpPreference): name=""DisableNetworkProtectionPerfTelemetry""; value=""False"", ParameterBinding(Set-MpPreference): name=""TrustLabelProtectionStatus""; value=""0"", ParameterBinding(Set-MpPreference): name=""ThrottleLimit""; value=""0"", ParameterBinding(Set-MpPreference): name=""AsJob""; value=""False"", ",,False,EVTX-to-MITRE-Attack\TA0005-Defense Evasion\T1562.001-Impair Defenses-Disable or Modify tool\ID800-4103-4104 Defender critical features disabled (PowerShell).evtx,0x0,0,"{""EventData"":{""Data"":[{""@Name"":""ContextInfo"",""#text"":""        Severity = Informational,         Host Name = ConsoleHost,         Host Version = 5.1.19041.1237,         Host ID = cd8cafb9-7c03-4e5e-9d54-914780550df1,         Host Application = C:\\Windows\\System32\\WindowsPowerShell\\v1.0\\powershell.exe,         Engine Version = 5.1.19041.1237,         Runspace ID = d94c9947-fce3-4f7e-9a49-18ff6724f22b,         Pipeline ID = 28,         Command Name = Set-MpPreference,         Command Type = Function,         Script Name = ,         Command Path = ,         Sequence Number = 346,         User = OFFSEC\\admmig,         Connected User = ,         Shell ID = Microsoft.PowerShell, ""},{""@Name"":""UserData""},{""@Name"":""Payload"",""#text"":""CommandInvocation(Set-MpPreference): \""Set-MpPreference\"", ParameterBinding(Set-MpPreference): name=\""DisableIntrusionPreventionSystem\""; value=\""True\"", ParameterBinding(Set-MpPreference): name=\""QuarantinePurgeItemsAfterDelay\""; value=\""0\"", ParameterBinding(Set-MpPreference): name=\""ReportingAdditionalActionTimeOut\""; value=\""0\"", ParameterBinding(Set-MpPreference): name=\""ReportingCriticalFailureTimeOut\""; value=\""0\"", ParameterBinding(Set-MpPreference): name=\""ReportingNonCriticalTimeOut\""; value=\""0\"", ParameterBinding(Set-MpPreference): name=\""ScanAvgCPULoadFactor\""; value=\""0\"", ParameterBinding(Set-MpPreference): name=\""CheckForSignaturesBeforeRunningScan\""; value=\""False\"", ParameterBinding(Set-MpPreference): name=\""ScanPurgeItemsAfterDelay\""; value=\""0\"", ParameterBinding(Set-MpPreference): name=\""ScanOnlyIfIdleEnabled\""; value=\""False\"", ParameterBinding(Set-MpPreference): name=\""ThrottleForScheduledScanOnly\""; value=\""False\"", ParameterBinding(Set-MpPreference): name=\""SignatureFirstAuGracePeriod\""; value=\""0\"", ParameterBinding(Set-MpPreference): name=\""SignatureAuGracePeriod\""; value=\""0\"", ParameterBinding(Set-MpPreference): name=\""SignatureDefinitionUpdateFileSharesSources\""; value=\""\"", ParameterBinding(Set-MpPreference): name=\""SignatureDisableUpdateOnStartupWithoutEngine\""; value=\""False\"", ParameterBinding(Set-MpPreference): name=\""SignatureFallbackOrder\""; value=\""\"", ParameterBinding(Set-MpPreference): name=\""SharedSignaturesPath\""; value=\""\"", ParameterBinding(Set-MpPreference): name=\""SignatureUpdateCatchupInterval\""; value=\""0\"", ParameterBinding(Set-MpPreference): name=\""SignatureUpdateInterval\""; value=\""0\"", ParameterBinding(Set-MpPreference): name=\""SignatureBlobUpdateInterval\""; value=\""0\"", ParameterBinding(Set-MpPreference): name=\""SignatureBlobFileSharesSources\""; value=\""\"", ParameterBinding(Set-MpPreference): name=\""MeteredConnectionUpdates\""; value=\""False\"", ParameterBinding(Set-MpPreference): name=\""AllowNetworkProtectionOnWinServer\""; value=\""False\"", ParameterBinding(Set-MpPreference): name=\""DisableDatagramProcessing\""; value=\""False\"", ParameterBinding(Set-MpPreference): name=\""DisableCpuThrottleOnIdleScans\""; value=\""False\"", ParameterBinding(Set-MpPreference): name=\""DisableAutoExclusions\""; value=\""False\"", ParameterBinding(Set-MpPreference): name=\""DisablePrivacyMode\""; value=\""False\"", ParameterBinding(Set-MpPreference): name=\""RandomizeScheduleTaskTimes\""; value=\""False\"", ParameterBinding(Set-MpPreference): name=\""SchedulerRandomizationTime\""; value=\""0\"", ParameterBinding(Set-MpPreference): name=\""DisableBehaviorMonitoring\""; value=\""False\"", ParameterBinding(Set-MpPreference): name=\""DisableIOAVProtection\""; value=\""False\"", ParameterBinding(Set-MpPreference): name=\""DisableRealtimeMonitoring\""; value=\""False\"", ParameterBinding(Set-MpPreference): name=\""DisableScriptScanning\""; value=\""False\"", ParameterBinding(Set-MpPreference): name=\""DisableArchiveScanning\""; value=\""False\"", ParameterBinding(Set-MpPreference): name=\""DisableCatchupFullScan\""; value=\""False\"", ParameterBinding(Set-MpPreference): name=\""DisableCatchupQuickScan\""; value=\""False\"", ParameterBinding(Set-MpPreference): name=\""DisableEmailScanning\""; value=\""False\"", ParameterBinding(Set-MpPreference): name=\""DisableRemovableDriveScanning\""; value=\""False\"", ParameterBinding(Set-MpPreference): name=\""DisableRestorePoint\""; value=\""False\"", ParameterBinding(Set-MpPreference): name=\""DisableScanningMappedNetworkDrivesForFullScan\""; value=\""False\"", ParameterBinding(Set-MpPreference): name=\""DisableScanningNetworkFiles\""; value=\""False\"", ParameterBinding(Set-MpPreference): name=\""UILockdown\""; value=\""False\"", ParameterBinding(Set-MpPreference): name=\""Force\""; value=\""False\"", ParameterBinding(Set-MpPreference): name=\""DisableBlockAtFirstSeen\""; value=\""False\"", ParameterBinding(Set-MpPreference): name=\""CloudExtendedTimeout\""; value=\""0\"", ParameterBinding(Set-MpPreference): name=\""EnableLowCpuPriority\""; value=\""False\"", ParameterBinding(Set-MpPreference): name=\""EnableFileHashComputation\""; value=\""False\"", ParameterBinding(Set-MpPreference): name=\""EnableFullScanOnBatteryPower\""; value=\""False\"", ParameterBinding(Set-MpPreference): name=\""ProxyPacUrl\""; value=\""\"", ParameterBinding(Set-MpPreference): name=\""ProxyServer\""; value=\""\"", ParameterBinding(Set-MpPreference): name=\""ForceUseProxyOnly\""; value=\""False\"", ParameterBinding(Set-MpPreference): name=\""DisableTlsParsing\""; value=\""False\"", ParameterBinding(Set-MpPreference): name=\""DisableHttpParsing\""; value=\""False\"", ParameterBinding(Set-MpPreference): name=\""DisableDnsParsing\""; value=\""False\"", ParameterBinding(Set-MpPreference): name=\""DisableDnsOverTcpParsing\""; value=\""False\"", ParameterBinding(Set-MpPreference): name=\""DisableSshParsing\""; value=\""False\"", ParameterBinding(Set-MpPreference): name=\""DisableGradualRelease\""; value=\""False\"", ParameterBinding(Set-MpPreference): name=\""AllowNetworkProtectionDownLevel\""; value=\""False\"", ParameterBinding(Set-MpPreference): name=\""AllowDatagramProcessingOnWinServer\""; value=\""False\"", ParameterBinding(Set-MpPreference): name=\""EnableDnsSinkhole\""; value=\""False\"", ParameterBinding(Set-MpPreference): name=\""DisableInboundConnectionFiltering\""; value=\""False\"", ParameterBinding(Set-MpPreference): name=\""DisableRdpParsing\""; value=\""False\"", ParameterBinding(Set-MpPreference): name=\""DisableNetworkProtectionPerfTelemetry\""; value=\""False\"", ParameterBinding(Set-MpPreference): name=\""TrustLabelProtectionStatus\""; value=\""0\"", ParameterBinding(Set-MpPreference): name=\""ThrottleLimit\""; value=\""0\"", ParameterBinding(Set-MpPreference): name=\""AsJob\""; value=\""False\"", ""}]}}"
37,1328830,2021-10-06 09:34:51.1347446,4103,Info,Microsoft-Windows-PowerShell,Microsoft-Windows-PowerShell/Operational,1636,9868,win10-02.offsec.lan,2,S-1-5-21-4230534742-2542757381-3142984815-1111,Pipeline executed,OFFSEC\admmig,,"Command Name: ",Host Application = C:\Windows\System32\WindowsPowerShell\v1.0\powershell.exe,"Script Name: ","ConnectedUser: ",Host Name: ConsoleHost,"Payload: CommandInvocation(Out-Default): ""Out-Default"", ",,False,EVTX-to-MITRE-Attack\TA0005-Defense Evasion\T1562.001-Impair Defenses-Disable or Modify tool\ID800-4103-4104 Defender critical features disabled (PowerShell).evtx,0x0,0,"{""EventData"":{""Data"":[{""@Name"":""ContextInfo"",""#text"":""        Severity = Informational,         Host Name = ConsoleHost,         Host Version = 5.1.19041.1237,         Host ID = cd8cafb9-7c03-4e5e-9d54-914780550df1,         Host Application = C:\\Windows\\System32\\WindowsPowerShell\\v1.0\\powershell.exe,         Engine Version = 5.1.19041.1237,         Runspace ID = d94c9947-fce3-4f7e-9a49-18ff6724f22b,         Pipeline ID = 28,         Command Name = ,         Command Type = Script,         Script Name = ,         Command Path = ,         Sequence Number = 350,         User = OFFSEC\\admmig,         Connected User = ,         Shell ID = Microsoft.PowerShell, ""},{""@Name"":""UserData""},{""@Name"":""Payload"",""#text"":""CommandInvocation(Out-Default): \""Out-Default\"", ""}]}}"
38,1161757,2021-10-06 09:34:51.1394368,800,Info,PowerShell,Windows PowerShell,0,0,win10-02.offsec.lan,2,,Pipeline Execution Details,,,"HostApplication=C:\Windows\System32\WindowsPowerShell\v1.0\powershell.exe
","HostName=ConsoleHost
","HostVersion=5.1.19041.1237
",,,,,False,EVTX-to-MITRE-Attack\TA0005-Defense Evasion\T1562.001-Impair Defenses-Disable or Modify tool\ID800-4103-4104 Defender critical features disabled (PowerShell).evtx,0x80000000000000,0,"{""EventData"":{""Data"":""    Microsoft.PowerShell.Core\\Set-StrictMode -Off\n, \tDetailSequence=1\n\tDetailTotal=1\n\n\tSequenceNumber=364\n\n\tUserId=OFFSEC\\admmig\n\tHostName=ConsoleHost\n\tHostVersion=5.1.19041.1237\n\tHostId=cd8cafb9-7c03-4e5e-9d54-914780550df1\n\tHostApplication=C:\\Windows\\System32\\WindowsPowerShell\\v1.0\\powershell.exe\n\tEngineVersion=5.1.19041.1237\n\tRunspaceId=d94c9947-fce3-4f7e-9a49-18ff6724f22b\n\tPipelineId=30\n\tScriptName=C:\\Program Files\\WindowsPowerShell\\Modules\\PSReadline\\2.0.0\\PSReadLine.psm1\n\tCommandLine=    Microsoft.PowerShell.Core\\Set-StrictMode -Off\n, CommandInvocation(Set-StrictMode): \""Set-StrictMode\""\nParameterBinding(Set-StrictMode): name=\""Off\""; value=\""True\""\n"",""Binary"":""""}}"
39,1328831,2021-10-06 09:34:51.1519041,4104,Verbose,Microsoft-Windows-PowerShell,Microsoft-Windows-PowerShell/Operational,1636,9868,win10-02.offsec.lan,2,S-1-5-21-4230534742-2542757381-3142984815-1111,Contains contents of scripts run,,,"Path: ",ScriptBlockText: prompt,,,,,,False,EVTX-to-MITRE-Attack\TA0005-Defense Evasion\T1562.001-Impair Defenses-Disable or Modify tool\ID800-4103-4104 Defender critical features disabled (PowerShell).evtx,0x0,0,"{""EventData"":{""Data"":[{""@Name"":""MessageNumber"",""#text"":""1""},{""@Name"":""MessageTotal"",""#text"":""1""},{""@Name"":""ScriptBlockText"",""#text"":""prompt""},{""@Name"":""ScriptBlockId"",""#text"":""46111745-5dfb-4c37-b8ae-bffa2dbad4a2""},{""@Name"":""Path""}]}}"
40,1328832,2021-10-06 09:34:51.1550157,4103,Info,Microsoft-Windows-PowerShell,Microsoft-Windows-PowerShell/Operational,1636,9868,win10-02.offsec.lan,2,S-1-5-21-4230534742-2542757381-3142984815-1111,Pipeline executed,OFFSEC\admmig,,Command Name: Set-StrictMode,Host Application = C:\Windows\System32\WindowsPowerShell\v1.0\powershell.exe,Script Name: C:\Program Files\WindowsPowerShell\Modules\PSReadline\2.0.0\PSReadLine.psm1,"ConnectedUser: ",Host Name: ConsoleHost,"Payload: CommandInvocation(Set-StrictMode): ""Set-StrictMode"", ParameterBinding(Set-StrictMode): name=""Off""; value=""True"", ",,False,EVTX-to-MITRE-Attack\TA0005-Defense Evasion\T1562.001-Impair Defenses-Disable or Modify tool\ID800-4103-4104 Defender critical features disabled (PowerShell).evtx,0x0,0,"{""EventData"":{""Data"":[{""@Name"":""ContextInfo"",""#text"":""        Severity = Informational,         Host Name = ConsoleHost,         Host Version = 5.1.19041.1237,         Host ID = cd8cafb9-7c03-4e5e-9d54-914780550df1,         Host Application = C:\\Windows\\System32\\WindowsPowerShell\\v1.0\\powershell.exe,         Engine Version = 5.1.19041.1237,         Runspace ID = d94c9947-fce3-4f7e-9a49-18ff6724f22b,         Pipeline ID = 30,         Command Name = Set-StrictMode,         Command Type = Cmdlet,         Script Name = C:\\Program Files\\WindowsPowerShell\\Modules\\PSReadline\\2.0.0\\PSReadLine.psm1,         Command Path = ,         Sequence Number = 365,         User = OFFSEC\\admmig,         Connected User = ,         Shell ID = Microsoft.PowerShell, ""},{""@Name"":""UserData""},{""@Name"":""Payload"",""#text"":""CommandInvocation(Set-StrictMode): \""Set-StrictMode\"", ParameterBinding(Set-StrictMode): name=\""Off\""; value=\""True\"", ""}]}}"
41,1161758,2021-10-06 09:34:52.3271154,800,Info,PowerShell,Windows PowerShell,0,0,win10-02.offsec.lan,2,,Pipeline Execution Details,,,"HostApplication=C:\Windows\System32\WindowsPowerShell\v1.0\powershell.exe
","HostName=ConsoleHost
","HostVersion=5.1.19041.1237
",,,,,False,EVTX-to-MITRE-Attack\TA0005-Defense Evasion\T1562.001-Impair Defenses-Disable or Modify tool\ID800-4103-4104 Defender critical features disabled (PowerShell).evtx,0x80000000000000,0,"{""EventData"":{""Data"":""\tDetailSequence=1\n\tDetailTotal=1\n\n\tSequenceNumber=367\n\n\tUserId=OFFSEC\\admmig\n\tHostName=ConsoleHost\n\tHostVersion=5.1.19041.1237\n\tHostId=cd8cafb9-7c03-4e5e-9d54-914780550df1\n\tHostApplication=C:\\Windows\\System32\\WindowsPowerShell\\v1.0\\powershell.exe\n\tEngineVersion=5.1.19041.1237\n\tRunspaceId=d94c9947-fce3-4f7e-9a49-18ff6724f22b\n\tPipelineId=30\n\tScriptName=\n\tCommandLine=, CommandInvocation(PSConsoleHostReadLine): \""PSConsoleHostReadLine\""\n"",""Binary"":""""}}"
42,1328833,2021-10-06 09:34:52.3395242,4103,Info,Microsoft-Windows-PowerShell,Microsoft-Windows-PowerShell/Operational,1636,9868,win10-02.offsec.lan,2,S-1-5-21-4230534742-2542757381-3142984815-1111,Pipeline executed,OFFSEC\admmig,,Command Name: PSConsoleHostReadLine,Host Application = C:\Windows\System32\WindowsPowerShell\v1.0\powershell.exe,"Script Name: ","ConnectedUser: ",Host Name: ConsoleHost,"Payload: CommandInvocation(PSConsoleHostReadLine): ""PSConsoleHostReadLine"", ",,False,EVTX-to-MITRE-Attack\TA0005-Defense Evasion\T1562.001-Impair Defenses-Disable or Modify tool\ID800-4103-4104 Defender critical features disabled (PowerShell).evtx,0x0,0,"{""EventData"":{""Data"":[{""@Name"":""ContextInfo"",""#text"":""        Severity = Informational,         Host Name = ConsoleHost,         Host Version = 5.1.19041.1237,         Host ID = cd8cafb9-7c03-4e5e-9d54-914780550df1,         Host Application = C:\\Windows\\System32\\WindowsPowerShell\\v1.0\\powershell.exe,         Engine Version = 5.1.19041.1237,         Runspace ID = d94c9947-fce3-4f7e-9a49-18ff6724f22b,         Pipeline ID = 30,         Command Name = PSConsoleHostReadLine,         Command Type = Function,         Script Name = ,         Command Path = ,         Sequence Number = 368,         User = OFFSEC\\admmig,         Connected User = ,         Shell ID = Microsoft.PowerShell, ""},{""@Name"":""UserData""},{""@Name"":""Payload"",""#text"":""CommandInvocation(PSConsoleHostReadLine): \""PSConsoleHostReadLine\"", ""}]}}"
43,1328834,2021-10-06 09:34:52.3555304,4104,Verbose,Microsoft-Windows-PowerShell,Microsoft-Windows-PowerShell/Operational,1636,9868,win10-02.offsec.lan,2,S-1-5-21-4230534742-2542757381-3142984815-1111,Contains contents of scripts run,,,"Path: ",ScriptBlockText: Set-MpPreference -DisableInboundConnectionFiltering $true,,,,,,False,EVTX-to-MITRE-Attack\TA0005-Defense Evasion\T1562.001-Impair Defenses-Disable or Modify tool\ID800-4103-4104 Defender critical features disabled (PowerShell).evtx,0x0,0,"{""EventData"":{""Data"":[{""@Name"":""MessageNumber"",""#text"":""1""},{""@Name"":""MessageTotal"",""#text"":""1""},{""@Name"":""ScriptBlockText"",""#text"":""Set-MpPreference -DisableInboundConnectionFiltering $true""},{""@Name"":""ScriptBlockId"",""#text"":""8e60a591-10b7-4636-96f1-1fe818cc1081""},{""@Name"":""Path""}]}}"
44,1161759,2021-10-06 09:34:52.4208480,800,Info,PowerShell,Windows PowerShell,0,0,win10-02.offsec.lan,2,,Pipeline Execution Details,,,"HostApplication=C:\Windows\System32\WindowsPowerShell\v1.0\powershell.exe
","HostName=ConsoleHost
","HostVersion=5.1.19041.1237
",,,,,False,EVTX-to-MITRE-Attack\TA0005-Defense Evasion\T1562.001-Impair Defenses-Disable or Modify tool\ID800-4103-4104 Defender critical features disabled (PowerShell).evtx,0x80000000000000,0,"{""EventData"":{""Data"":""Set-MpPreference -DisableInboundConnectionFiltering $true, \tDetailSequence=1\n\tDetailTotal=1\n\n\tSequenceNumber=375\n\n\tUserId=OFFSEC\\admmig\n\tHostName=ConsoleHost\n\tHostVersion=5.1.19041.1237\n\tHostId=cd8cafb9-7c03-4e5e-9d54-914780550df1\n\tHostApplication=C:\\Windows\\System32\\WindowsPowerShell\\v1.0\\powershell.exe\n\tEngineVersion=5.1.19041.1237\n\tRunspaceId=d94c9947-fce3-4f7e-9a49-18ff6724f22b\n\tPipelineId=31\n\tScriptName=\n\tCommandLine=Set-MpPreference -DisableInboundConnectionFiltering $true, CommandInvocation(Set-MpPreference): \""Set-MpPreference\""\nParameterBinding(Set-MpPreference): name=\""DisableInboundConnectionFiltering\""; value=\""True\""\nParameterBinding(Set-MpPreference): name=\""QuarantinePurgeItemsAfterDelay\""; value=\""0\""\nParameterBinding(Set-MpPreference): name=\""ReportingAdditionalActionTimeOut\""; value=\""0\""\nParameterBinding(Set-MpPreference): name=\""ReportingCriticalFailureTimeOut\""; value=\""0\""\nParameterBinding(Set-MpPreference): name=\""ReportingNonCriticalTimeOut\""; value=\""0\""\nParameterBinding(Set-MpPreference): name=\""ScanAvgCPULoadFactor\""; value=\""0\""\nParameterBinding(Set-MpPreference): name=\""CheckForSignaturesBeforeRunningScan\""; value=\""False\""\nParameterBinding(Set-MpPreference): name=\""ScanPurgeItemsAfterDelay\""; value=\""0\""\nParameterBinding(Set-MpPreference): name=\""ScanOnlyIfIdleEnabled\""; value=\""False\""\nParameterBinding(Set-MpPreference): name=\""ThrottleForScheduledScanOnly\""; value=\""False\""\nParameterBinding(Set-MpPreference): name=\""SignatureFirstAuGracePeriod\""; value=\""0\""\nParameterBinding(Set-MpPreference): name=\""SignatureAuGracePeriod\""; value=\""0\""\nParameterBinding(Set-MpPreference): name=\""SignatureDefinitionUpdateFileSharesSources\""; value=\""\""\nParameterBinding(Set-MpPreference): name=\""SignatureDisableUpdateOnStartupWithoutEngine\""; value=\""False\""\nParameterBinding(Set-MpPreference): name=\""SignatureFallbackOrder\""; value=\""\""\nParameterBinding(Set-MpPreference): name=\""SharedSignaturesPath\""; value=\""\""\nParameterBinding(Set-MpPreference): name=\""SignatureUpdateCatchupInterval\""; value=\""0\""\nParameterBinding(Set-MpPreference): name=\""SignatureUpdateInterval\""; value=\""0\""\nParameterBinding(Set-MpPreference): name=\""SignatureBlobUpdateInterval\""; value=\""0\""\nParameterBinding(Set-MpPreference): name=\""SignatureBlobFileSharesSources\""; value=\""\""\nParameterBinding(Set-MpPreference): name=\""MeteredConnectionUpdates\""; value=\""False\""\nParameterBinding(Set-MpPreference): name=\""AllowNetworkProtectionOnWinServer\""; value=\""False\""\nParameterBinding(Set-MpPreference): name=\""DisableDatagramProcessing\""; value=\""False\""\nParameterBinding(Set-MpPreference): name=\""DisableCpuThrottleOnIdleScans\""; value=\""False\""\nParameterBinding(Set-MpPreference): name=\""DisableAutoExclusions\""; value=\""False\""\nParameterBinding(Set-MpPreference): name=\""DisablePrivacyMode\""; value=\""False\""\nParameterBinding(Set-MpPreference): name=\""RandomizeScheduleTaskTimes\""; value=\""False\""\nParameterBinding(Set-MpPreference): name=\""SchedulerRandomizationTime\""; value=\""0\""\nParameterBinding(Set-MpPreference): name=\""DisableBehaviorMonitoring\""; value=\""False\""\nParameterBinding(Set-MpPreference): name=\""DisableIntrusionPreventionSystem\""; value=\""False\""\nParameterBinding(Set-MpPreference): name=\""DisableIOAVProtection\""; value=\""False\""\nParameterBinding(Set-MpPreference): name=\""DisableRealtimeMonitoring\""; value=\""False\""\nParameterBinding(Set-MpPreference): name=\""DisableScriptScanning\""; value=\""False\""\nParameterBinding(Set-MpPreference): name=\""DisableArchiveScanning\""; value=\""False\""\nParameterBinding(Set-MpPreference): name=\""DisableCatchupFullScan\""; value=\""False\""\nParameterBinding(Set-MpPreference): name=\""DisableCatchupQuickScan\""; value=\""False\""\nParameterBinding(Set-MpPreference): name=\""DisableEmailScanning\""; value=\""False\""\nParameterBinding(Set-MpPreference): name=\""DisableRemovableDriveScanning\""; value=\""False\""\nParameterBinding(Set-MpPreference): name=\""DisableRestorePoint\""; value=\""False\""\nParameterBinding(Set-MpPreference): name=\""DisableScanningMappedNetworkDrivesForFullScan\""; value=\""False\""\nParameterBinding(Set-MpPreference): name=\""DisableScanningNetworkFiles\""; value=\""False\""\nParameterBinding(Set-MpPreference): name=\""UILockdown\""; value=\""False\""\nParameterBinding(Set-MpPreference): name=\""Force\""; value=\""False\""\nParameterBinding(Set-MpPreference): name=\""DisableBlockAtFirstSeen\""; value=\""False\""\nParameterBinding(Set-MpPreference): name=\""CloudExtendedTimeout\""; value=\""0\""\nParameterBinding(Set-MpPreference): name=\""EnableLowCpuPriority\""; value=\""False\""\nParameterBinding(Set-MpPreference): name=\""EnableFileHashComputation\""; value=\""False\""\nParameterBinding(Set-MpPreference): name=\""EnableFullScanOnBatteryPower\""; value=\""False\""\nParameterBinding(Set-MpPreference): name=\""ProxyPacUrl\""; value=\""\""\nParameterBinding(Set-MpPreference): name=\""ProxyServer\""; value=\""\""\nParameterBinding(Set-MpPreference): name=\""ForceUseProxyOnly\""; value=\""False\""\nParameterBinding(Set-MpPreference): name=\""DisableTlsParsing\""; value=\""False\""\nParameterBinding(Set-MpPreference): name=\""DisableHttpParsing\""; value=\""False\""\nParameterBinding(Set-MpPreference): name=\""DisableDnsParsing\""; value=\""False\""\nParameterBinding(Set-MpPreference): name=\""DisableDnsOverTcpParsing\""; value=\""False\""\nParameterBinding(Set-MpPreference): name=\""DisableSshParsing\""; value=\""False\""\nParameterBinding(Set-MpPreference): name=\""DisableGradualRelease\""; value=\""False\""\nParameterBinding(Set-MpPreference): name=\""AllowNetworkProtectionDownLevel\""; value=\""False\""\nParameterBinding(Set-MpPreference): name=\""AllowDatagramProcessingOnWinServer\""; value=\""False\""\nParameterBinding(Set-MpPreference): name=\""EnableDnsSinkhole\""; value=\""False\""\nParameterBinding(Set-MpPreference): name=\""DisableRdpParsing\""; value=\""False\""\nParameterBinding(Set-MpPreference): name=\""DisableNetworkProtectionPerfTelemetry\""; value=\""False\""\nParameterBinding(Set-MpPreference): name=\""TrustLabelProtectionStatus\""; value=\""0\""\nParameterBinding(Set-MpPreference): name=\""ThrottleLimit\""; value=\""0\""\nParameterBinding(Set-MpPreference): name=\""AsJob\""; value=\""False\""\n"",""Binary"":""""}}"
45,1161760,2021-10-06 09:34:52.4208480,800,Info,PowerShell,Windows PowerShell,0,0,win10-02.offsec.lan,2,,Pipeline Execution Details,,,"HostApplication=C:\Windows\System32\WindowsPowerShell\v1.0\powershell.exe
","HostName=ConsoleHost
","HostVersion=5.1.19041.1237
",,,,,False,EVTX-to-MITRE-Attack\TA0005-Defense Evasion\T1562.001-Impair Defenses-Disable or Modify tool\ID800-4103-4104 Defender critical features disabled (PowerShell).evtx,0x80000000000000,0,"{""EventData"":{""Data"":""\tDetailSequence=1\n\tDetailTotal=1\n\n\tSequenceNumber=379\n\n\tUserId=OFFSEC\\admmig\n\tHostName=ConsoleHost\n\tHostVersion=5.1.19041.1237\n\tHostId=cd8cafb9-7c03-4e5e-9d54-914780550df1\n\tHostApplication=C:\\Windows\\System32\\WindowsPowerShell\\v1.0\\powershell.exe\n\tEngineVersion=5.1.19041.1237\n\tRunspaceId=d94c9947-fce3-4f7e-9a49-18ff6724f22b\n\tPipelineId=31\n\tScriptName=\n\tCommandLine=, CommandInvocation(Out-Default): \""Out-Default\""\n"",""Binary"":""""}}"
46,1161761,2021-10-06 09:34:52.4208480,800,Info,PowerShell,Windows PowerShell,0,0,win10-02.offsec.lan,2,,Pipeline Execution Details,,,"HostApplication=C:\Windows\System32\WindowsPowerShell\v1.0\powershell.exe
","HostName=ConsoleHost
","HostVersion=5.1.19041.1237
",,,,,False,EVTX-to-MITRE-Attack\TA0005-Defense Evasion\T1562.001-Impair Defenses-Disable or Modify tool\ID800-4103-4104 Defender critical features disabled (PowerShell).evtx,0x80000000000000,0,"{""EventData"":{""Data"":""    Microsoft.PowerShell.Core\\Set-StrictMode -Off\n, \tDetailSequence=1\n\tDetailTotal=1\n\n\tSequenceNumber=394\n\n\tUserId=OFFSEC\\admmig\n\tHostName=ConsoleHost\n\tHostVersion=5.1.19041.1237\n\tHostId=cd8cafb9-7c03-4e5e-9d54-914780550df1\n\tHostApplication=C:\\Windows\\System32\\WindowsPowerShell\\v1.0\\powershell.exe\n\tEngineVersion=5.1.19041.1237\n\tRunspaceId=d94c9947-fce3-4f7e-9a49-18ff6724f22b\n\tPipelineId=33\n\tScriptName=C:\\Program Files\\WindowsPowerShell\\Modules\\PSReadline\\2.0.0\\PSReadLine.psm1\n\tCommandLine=    Microsoft.PowerShell.Core\\Set-StrictMode -Off\n, CommandInvocation(Set-StrictMode): \""Set-StrictMode\""\nParameterBinding(Set-StrictMode): name=\""Off\""; value=\""True\""\n"",""Binary"":""""}}"
47,1328835,2021-10-06 09:34:52.4232334,4103,Info,Microsoft-Windows-PowerShell,Microsoft-Windows-PowerShell/Operational,1636,9868,win10-02.offsec.lan,3,S-1-5-21-4230534742-2542757381-3142984815-1111,Pipeline executed,OFFSEC\admmig,,Command Name: Set-MpPreference,Host Application = C:\Windows\System32\WindowsPowerShell\v1.0\powershell.exe,"Script Name: ","ConnectedUser: ",Host Name: ConsoleHost,"Payload: CommandInvocation(Set-MpPreference): ""Set-MpPreference"", ParameterBinding(Set-MpPreference): name=""DisableInboundConnectionFiltering""; value=""True"", ParameterBinding(Set-MpPreference): name=""QuarantinePurgeItemsAfterDelay""; value=""0"", ParameterBinding(Set-MpPreference): name=""ReportingAdditionalActionTimeOut""; value=""0"", ParameterBinding(Set-MpPreference): name=""ReportingCriticalFailureTimeOut""; value=""0"", ParameterBinding(Set-MpPreference): name=""ReportingNonCriticalTimeOut""; value=""0"", ParameterBinding(Set-MpPreference): name=""ScanAvgCPULoadFactor""; value=""0"", ParameterBinding(Set-MpPreference): name=""CheckForSignaturesBeforeRunningScan""; value=""False"", ParameterBinding(Set-MpPreference): name=""ScanPurgeItemsAfterDelay""; value=""0"", ParameterBinding(Set-MpPreference): name=""ScanOnlyIfIdleEnabled""; value=""False"", ParameterBinding(Set-MpPreference): name=""ThrottleForScheduledScanOnly""; value=""False"", ParameterBinding(Set-MpPreference): name=""SignatureFirstAuGracePeriod""; value=""0"", ParameterBinding(Set-MpPreference): name=""SignatureAuGracePeriod""; value=""0"", ParameterBinding(Set-MpPreference): name=""SignatureDefinitionUpdateFileSharesSources""; value="""", ParameterBinding(Set-MpPreference): name=""SignatureDisableUpdateOnStartupWithoutEngine""; value=""False"", ParameterBinding(Set-MpPreference): name=""SignatureFallbackOrder""; value="""", ParameterBinding(Set-MpPreference): name=""SharedSignaturesPath""; value="""", ParameterBinding(Set-MpPreference): name=""SignatureUpdateCatchupInterval""; value=""0"", ParameterBinding(Set-MpPreference): name=""SignatureUpdateInterval""; value=""0"", ParameterBinding(Set-MpPreference): name=""SignatureBlobUpdateInterval""; value=""0"", ParameterBinding(Set-MpPreference): name=""SignatureBlobFileSharesSources""; value="""", ParameterBinding(Set-MpPreference): name=""MeteredConnectionUpdates""; value=""False"", ParameterBinding(Set-MpPreference): name=""AllowNetworkProtectionOnWinServer""; value=""False"", ParameterBinding(Set-MpPreference): name=""DisableDatagramProcessing""; value=""False"", ParameterBinding(Set-MpPreference): name=""DisableCpuThrottleOnIdleScans""; value=""False"", ParameterBinding(Set-MpPreference): name=""DisableAutoExclusions""; value=""False"", ParameterBinding(Set-MpPreference): name=""DisablePrivacyMode""; value=""False"", ParameterBinding(Set-MpPreference): name=""RandomizeScheduleTaskTimes""; value=""False"", ParameterBinding(Set-MpPreference): name=""SchedulerRandomizationTime""; value=""0"", ParameterBinding(Set-MpPreference): name=""DisableBehaviorMonitoring""; value=""False"", ParameterBinding(Set-MpPreference): name=""DisableIntrusionPreventionSystem""; value=""False"", ParameterBinding(Set-MpPreference): name=""DisableIOAVProtection""; value=""False"", ParameterBinding(Set-MpPreference): name=""DisableRealtimeMonitoring""; value=""False"", ParameterBinding(Set-MpPreference): name=""DisableScriptScanning""; value=""False"", ParameterBinding(Set-MpPreference): name=""DisableArchiveScanning""; value=""False"", ParameterBinding(Set-MpPreference): name=""DisableCatchupFullScan""; value=""False"", ParameterBinding(Set-MpPreference): name=""DisableCatchupQuickScan""; value=""False"", ParameterBinding(Set-MpPreference): name=""DisableEmailScanning""; value=""False"", ParameterBinding(Set-MpPreference): name=""DisableRemovableDriveScanning""; value=""False"", ParameterBinding(Set-MpPreference): name=""DisableRestorePoint""; value=""False"", ParameterBinding(Set-MpPreference): name=""DisableScanningMappedNetworkDrivesForFullScan""; value=""False"", ParameterBinding(Set-MpPreference): name=""DisableScanningNetworkFiles""; value=""False"", ParameterBinding(Set-MpPreference): name=""UILockdown""; value=""False"", ParameterBinding(Set-MpPreference): name=""Force""; value=""False"", ParameterBinding(Set-MpPreference): name=""DisableBlockAtFirstSeen""; value=""False"", ParameterBinding(Set-MpPreference): name=""CloudExtendedTimeout""; value=""0"", ParameterBinding(Set-MpPreference): name=""EnableLowCpuPriority""; value=""False"", ParameterBinding(Set-MpPreference): name=""EnableFileHashComputation""; value=""False"", ParameterBinding(Set-MpPreference): name=""EnableFullScanOnBatteryPower""; value=""False"", ParameterBinding(Set-MpPreference): name=""ProxyPacUrl""; value="""", ParameterBinding(Set-MpPreference): name=""ProxyServer""; value="""", ParameterBinding(Set-MpPreference): name=""ForceUseProxyOnly""; value=""False"", ParameterBinding(Set-MpPreference): name=""DisableTlsParsing""; value=""False"", ParameterBinding(Set-MpPreference): name=""DisableHttpParsing""; value=""False"", ParameterBinding(Set-MpPreference): name=""DisableDnsParsing""; value=""False"", ParameterBinding(Set-MpPreference): name=""DisableDnsOverTcpParsing""; value=""False"", ParameterBinding(Set-MpPreference): name=""DisableSshParsing""; value=""False"", ParameterBinding(Set-MpPreference): name=""DisableGradualRelease""; value=""False"", ParameterBinding(Set-MpPreference): name=""AllowNetworkProtectionDownLevel""; value=""False"", ParameterBinding(Set-MpPreference): name=""AllowDatagramProcessingOnWinServer""; value=""False"", ParameterBinding(Set-MpPreference): name=""EnableDnsSinkhole""; value=""False"", ParameterBinding(Set-MpPreference): name=""DisableRdpParsing""; value=""False"", ParameterBinding(Set-MpPreference): name=""DisableNetworkProtectionPerfTelemetry""; value=""False"", ParameterBinding(Set-MpPreference): name=""TrustLabelProtectionStatus""; value=""0"", ParameterBinding(Set-MpPreference): name=""ThrottleLimit""; value=""0"", ParameterBinding(Set-MpPreference): name=""AsJob""; value=""False"", ",,False,EVTX-to-MITRE-Attack\TA0005-Defense Evasion\T1562.001-Impair Defenses-Disable or Modify tool\ID800-4103-4104 Defender critical features disabled (PowerShell).evtx,0x0,0,"{""EventData"":{""Data"":[{""@Name"":""ContextInfo"",""#text"":""        Severity = Informational,         Host Name = ConsoleHost,         Host Version = 5.1.19041.1237,         Host ID = cd8cafb9-7c03-4e5e-9d54-914780550df1,         Host Application = C:\\Windows\\System32\\WindowsPowerShell\\v1.0\\powershell.exe,         Engine Version = 5.1.19041.1237,         Runspace ID = d94c9947-fce3-4f7e-9a49-18ff6724f22b,         Pipeline ID = 31,         Command Name = Set-MpPreference,         Command Type = Function,         Script Name = ,         Command Path = ,         Sequence Number = 376,         User = OFFSEC\\admmig,         Connected User = ,         Shell ID = Microsoft.PowerShell, ""},{""@Name"":""UserData""},{""@Name"":""Payload"",""#text"":""CommandInvocation(Set-MpPreference): \""Set-MpPreference\"", ParameterBinding(Set-MpPreference): name=\""DisableInboundConnectionFiltering\""; value=\""True\"", ParameterBinding(Set-MpPreference): name=\""QuarantinePurgeItemsAfterDelay\""; value=\""0\"", ParameterBinding(Set-MpPreference): name=\""ReportingAdditionalActionTimeOut\""; value=\""0\"", ParameterBinding(Set-MpPreference): name=\""ReportingCriticalFailureTimeOut\""; value=\""0\"", ParameterBinding(Set-MpPreference): name=\""ReportingNonCriticalTimeOut\""; value=\""0\"", ParameterBinding(Set-MpPreference): name=\""ScanAvgCPULoadFactor\""; value=\""0\"", ParameterBinding(Set-MpPreference): name=\""CheckForSignaturesBeforeRunningScan\""; value=\""False\"", ParameterBinding(Set-MpPreference): name=\""ScanPurgeItemsAfterDelay\""; value=\""0\"", ParameterBinding(Set-MpPreference): name=\""ScanOnlyIfIdleEnabled\""; value=\""False\"", ParameterBinding(Set-MpPreference): name=\""ThrottleForScheduledScanOnly\""; value=\""False\"", ParameterBinding(Set-MpPreference): name=\""SignatureFirstAuGracePeriod\""; value=\""0\"", ParameterBinding(Set-MpPreference): name=\""SignatureAuGracePeriod\""; value=\""0\"", ParameterBinding(Set-MpPreference): name=\""SignatureDefinitionUpdateFileSharesSources\""; value=\""\"", ParameterBinding(Set-MpPreference): name=\""SignatureDisableUpdateOnStartupWithoutEngine\""; value=\""False\"", ParameterBinding(Set-MpPreference): name=\""SignatureFallbackOrder\""; value=\""\"", ParameterBinding(Set-MpPreference): name=\""SharedSignaturesPath\""; value=\""\"", ParameterBinding(Set-MpPreference): name=\""SignatureUpdateCatchupInterval\""; value=\""0\"", ParameterBinding(Set-MpPreference): name=\""SignatureUpdateInterval\""; value=\""0\"", ParameterBinding(Set-MpPreference): name=\""SignatureBlobUpdateInterval\""; value=\""0\"", ParameterBinding(Set-MpPreference): name=\""SignatureBlobFileSharesSources\""; value=\""\"", ParameterBinding(Set-MpPreference): name=\""MeteredConnectionUpdates\""; value=\""False\"", ParameterBinding(Set-MpPreference): name=\""AllowNetworkProtectionOnWinServer\""; value=\""False\"", ParameterBinding(Set-MpPreference): name=\""DisableDatagramProcessing\""; value=\""False\"", ParameterBinding(Set-MpPreference): name=\""DisableCpuThrottleOnIdleScans\""; value=\""False\"", ParameterBinding(Set-MpPreference): name=\""DisableAutoExclusions\""; value=\""False\"", ParameterBinding(Set-MpPreference): name=\""DisablePrivacyMode\""; value=\""False\"", ParameterBinding(Set-MpPreference): name=\""RandomizeScheduleTaskTimes\""; value=\""False\"", ParameterBinding(Set-MpPreference): name=\""SchedulerRandomizationTime\""; value=\""0\"", ParameterBinding(Set-MpPreference): name=\""DisableBehaviorMonitoring\""; value=\""False\"", ParameterBinding(Set-MpPreference): name=\""DisableIntrusionPreventionSystem\""; value=\""False\"", ParameterBinding(Set-MpPreference): name=\""DisableIOAVProtection\""; value=\""False\"", ParameterBinding(Set-MpPreference): name=\""DisableRealtimeMonitoring\""; value=\""False\"", ParameterBinding(Set-MpPreference): name=\""DisableScriptScanning\""; value=\""False\"", ParameterBinding(Set-MpPreference): name=\""DisableArchiveScanning\""; value=\""False\"", ParameterBinding(Set-MpPreference): name=\""DisableCatchupFullScan\""; value=\""False\"", ParameterBinding(Set-MpPreference): name=\""DisableCatchupQuickScan\""; value=\""False\"", ParameterBinding(Set-MpPreference): name=\""DisableEmailScanning\""; value=\""False\"", ParameterBinding(Set-MpPreference): name=\""DisableRemovableDriveScanning\""; value=\""False\"", ParameterBinding(Set-MpPreference): name=\""DisableRestorePoint\""; value=\""False\"", ParameterBinding(Set-MpPreference): name=\""DisableScanningMappedNetworkDrivesForFullScan\""; value=\""False\"", ParameterBinding(Set-MpPreference): name=\""DisableScanningNetworkFiles\""; value=\""False\"", ParameterBinding(Set-MpPreference): name=\""UILockdown\""; value=\""False\"", ParameterBinding(Set-MpPreference): name=\""Force\""; value=\""False\"", ParameterBinding(Set-MpPreference): name=\""DisableBlockAtFirstSeen\""; value=\""False\"", ParameterBinding(Set-MpPreference): name=\""CloudExtendedTimeout\""; value=\""0\"", ParameterBinding(Set-MpPreference): name=\""EnableLowCpuPriority\""; value=\""False\"", ParameterBinding(Set-MpPreference): name=\""EnableFileHashComputation\""; value=\""False\"", ParameterBinding(Set-MpPreference): name=\""EnableFullScanOnBatteryPower\""; value=\""False\"", ParameterBinding(Set-MpPreference): name=\""ProxyPacUrl\""; value=\""\"", ParameterBinding(Set-MpPreference): name=\""ProxyServer\""; value=\""\"", ParameterBinding(Set-MpPreference): name=\""ForceUseProxyOnly\""; value=\""False\"", ParameterBinding(Set-MpPreference): name=\""DisableTlsParsing\""; value=\""False\"", ParameterBinding(Set-MpPreference): name=\""DisableHttpParsing\""; value=\""False\"", ParameterBinding(Set-MpPreference): name=\""DisableDnsParsing\""; value=\""False\"", ParameterBinding(Set-MpPreference): name=\""DisableDnsOverTcpParsing\""; value=\""False\"", ParameterBinding(Set-MpPreference): name=\""DisableSshParsing\""; value=\""False\"", ParameterBinding(Set-MpPreference): name=\""DisableGradualRelease\""; value=\""False\"", ParameterBinding(Set-MpPreference): name=\""AllowNetworkProtectionDownLevel\""; value=\""False\"", ParameterBinding(Set-MpPreference): name=\""AllowDatagramProcessingOnWinServer\""; value=\""False\"", ParameterBinding(Set-MpPreference): name=\""EnableDnsSinkhole\""; value=\""False\"", ParameterBinding(Set-MpPreference): name=\""DisableRdpParsing\""; value=\""False\"", ParameterBinding(Set-MpPreference): name=\""DisableNetworkProtectionPerfTelemetry\""; value=\""False\"", ParameterBinding(Set-MpPreference): name=\""TrustLabelProtectionStatus\""; value=\""0\"", ParameterBinding(Set-MpPreference): name=\""ThrottleLimit\""; value=\""0\"", ParameterBinding(Set-MpPreference): name=\""AsJob\""; value=\""False\"", ""}]}}"
48,1328836,2021-10-06 09:34:52.4236008,4103,Info,Microsoft-Windows-PowerShell,Microsoft-Windows-PowerShell/Operational,1636,9868,win10-02.offsec.lan,3,S-1-5-21-4230534742-2542757381-3142984815-1111,Pipeline executed,OFFSEC\admmig,,"Command Name: ",Host Application = C:\Windows\System32\WindowsPowerShell\v1.0\powershell.exe,"Script Name: ","ConnectedUser: ",Host Name: ConsoleHost,"Payload: CommandInvocation(Out-Default): ""Out-Default"", ",,False,EVTX-to-MITRE-Attack\TA0005-Defense Evasion\T1562.001-Impair Defenses-Disable or Modify tool\ID800-4103-4104 Defender critical features disabled (PowerShell).evtx,0x0,0,"{""EventData"":{""Data"":[{""@Name"":""ContextInfo"",""#text"":""        Severity = Informational,         Host Name = ConsoleHost,         Host Version = 5.1.19041.1237,         Host ID = cd8cafb9-7c03-4e5e-9d54-914780550df1,         Host Application = C:\\Windows\\System32\\WindowsPowerShell\\v1.0\\powershell.exe,         Engine Version = 5.1.19041.1237,         Runspace ID = d94c9947-fce3-4f7e-9a49-18ff6724f22b,         Pipeline ID = 31,         Command Name = ,         Command Type = Script,         Script Name = ,         Command Path = ,         Sequence Number = 380,         User = OFFSEC\\admmig,         Connected User = ,         Shell ID = Microsoft.PowerShell, ""},{""@Name"":""UserData""},{""@Name"":""Payload"",""#text"":""CommandInvocation(Out-Default): \""Out-Default\"", ""}]}}"
49,1328837,2021-10-06 09:34:52.4300334,4104,Verbose,Microsoft-Windows-PowerShell,Microsoft-Windows-PowerShell/Operational,1636,9868,win10-02.offsec.lan,3,S-1-5-21-4230534742-2542757381-3142984815-1111,Contains contents of scripts run,,,"Path: ",ScriptBlockText: prompt,,,,,,False,EVTX-to-MITRE-Attack\TA0005-Defense Evasion\T1562.001-Impair Defenses-Disable or Modify tool\ID800-4103-4104 Defender critical features disabled (PowerShell).evtx,0x0,0,"{""EventData"":{""Data"":[{""@Name"":""MessageNumber"",""#text"":""1""},{""@Name"":""MessageTotal"",""#text"":""1""},{""@Name"":""ScriptBlockText"",""#text"":""prompt""},{""@Name"":""ScriptBlockId"",""#text"":""03931fa6-8ff8-4a61-9e3d-7c1721ef2b53""},{""@Name"":""Path""}]}}"
50,1328838,2021-10-06 09:34:52.4322544,4103,Info,Microsoft-Windows-PowerShell,Microsoft-Windows-PowerShell/Operational,1636,9868,win10-02.offsec.lan,3,S-1-5-21-4230534742-2542757381-3142984815-1111,Pipeline executed,OFFSEC\admmig,,Command Name: Set-StrictMode,Host Application = C:\Windows\System32\WindowsPowerShell\v1.0\powershell.exe,Script Name: C:\Program Files\WindowsPowerShell\Modules\PSReadline\2.0.0\PSReadLine.psm1,"ConnectedUser: ",Host Name: ConsoleHost,"Payload: CommandInvocation(Set-StrictMode): ""Set-StrictMode"", ParameterBinding(Set-StrictMode): name=""Off""; value=""True"", ",,False,EVTX-to-MITRE-Attack\TA0005-Defense Evasion\T1562.001-Impair Defenses-Disable or Modify tool\ID800-4103-4104 Defender critical features disabled (PowerShell).evtx,0x0,0,"{""EventData"":{""Data"":[{""@Name"":""ContextInfo"",""#text"":""        Severity = Informational,         Host Name = ConsoleHost,         Host Version = 5.1.19041.1237,         Host ID = cd8cafb9-7c03-4e5e-9d54-914780550df1,         Host Application = C:\\Windows\\System32\\WindowsPowerShell\\v1.0\\powershell.exe,         Engine Version = 5.1.19041.1237,         Runspace ID = d94c9947-fce3-4f7e-9a49-18ff6724f22b,         Pipeline ID = 33,         Command Name = Set-StrictMode,         Command Type = Cmdlet,         Script Name = C:\\Program Files\\WindowsPowerShell\\Modules\\PSReadline\\2.0.0\\PSReadLine.psm1,         Command Path = ,         Sequence Number = 395,         User = OFFSEC\\admmig,         Connected User = ,         Shell ID = Microsoft.PowerShell, ""},{""@Name"":""UserData""},{""@Name"":""Payload"",""#text"":""CommandInvocation(Set-StrictMode): \""Set-StrictMode\"", ParameterBinding(Set-StrictMode): name=\""Off\""; value=\""True\"", ""}]}}"
